customer_id,segment,score,score_source,action,recency_days,frequency,monetary,promo_share
108729,Khách giá trị cao,0.9174,model,"Membership, ưu đãi đặc quyền, đặt vé sớm phim hot",0,34,163.4,0.0
226886,Khách giá trị cao,0.9105,model,"Membership, ưu đãi đặc quyền, đặt vé sớm phim hot",1,33,159.16,0.0303
222641,Khách giá trị cao,0.9067,model,"Membership, ưu đãi đặc quyền, đặt vé sớm phim hot",12,51,238.53,0.0588
153588,Khách giá trị cao,0.8806,model,"Membership, ưu đãi đặc quyền, đặt vé sớm phim hot",1,106,433.85,0.0
122962,Khách giá trị cao,0.861,model,"Membership, ưu đãi đặc quyền, đặt vé sớm phim hot",0,72,424.48,0.0417
226527,Khách giá trị cao,0.856,model,"Membership, ưu đãi đặc quyền, đặt vé sớm phim hot",0,46,302.72,0.1087
108110,Khách giá trị cao,0.8285,model,"Membership, ưu đãi đặc quyền, đặt vé sớm phim hot",13,41,183.41,0.0488
168132,Khách giá trị cao,0.828,model,"Membership, ưu đãi đặc quyền, đặt vé sớm phim hot",1,62,204.98,0.0
102948,Khách giá trị cao,0.8182,model,"Membership, ưu đãi đặc quyền, đặt vé sớm phim hot",0,253,1234.55,0.004
179471,Khách giá trị cao,0.8166,model,"Membership, ưu đãi đặc quyền, đặt vé sớm phim hot",18,68,368.77,0.0588
117693,Khách giá trị cao,0.8096,model,"Membership, ưu đãi đặc quyền, đặt vé sớm phim hot",55,24,93.86,0.0417
227990,Khách giá trị cao,0.8074,model,"Membership, ưu đãi đặc quyền, đặt vé sớm phim hot",7,11,62.32,0.0909
177516,Khách giá trị cao,0.799,model,"Membership, ưu đãi đặc quyền, đặt vé sớm phim hot",1,29,108.48,0.0
157184,Khách giá trị cao,0.7984,model,"Membership, ưu đãi đặc quyền, đặt vé sớm phim hot",8,27,134.68,0.037
208827,Khách giá trị cao,0.7964,model,"Membership, ưu đãi đặc quyền, đặt vé sớm phim hot",3,14,63.0,0.0
107123,Khách giá trị cao,0.7883,model,"Membership, ưu đãi đặc quyền, đặt vé sớm phim hot",5,13,89.77,0.0
131905,Khách giá trị cao,0.7716,model,"Membership, ưu đãi đặc quyền, đặt vé sớm phim hot",1,38,242.7,0.0
106453,Khách giá trị cao,0.7684,model,"Membership, ưu đãi đặc quyền, đặt vé sớm phim hot",46,14,117.86,0.2143
186560,Khách giá trị cao,0.7616,model,"Membership, ưu đãi đặc quyền, đặt vé sớm phim hot",3,22,139.86,0.0455
172903,Khách giá trị cao,0.7366,model,"Membership, ưu đãi đặc quyền, đặt vé sớm phim hot",4,11,63.05,0.0
160452,Khách giá trị cao,0.7248,model,"Membership, ưu đãi đặc quyền, đặt vé sớm phim hot",5,19,158.69,0.1579
188098,Khách giá trị cao,0.7166,model,"Membership, ưu đãi đặc quyền, đặt vé sớm phim hot",82,16,79.88,0.1875
111644,Khách giá trị cao,0.6974,model,"Membership, ưu đãi đặc quyền, đặt vé sớm phim hot",0,99,529.63,0.0909
188607,Khách giá trị cao,0.6926,model,"Membership, ưu đãi đặc quyền, đặt vé sớm phim hot",19,8,83.91,0.125
214576,Khách giá trị cao,0.6811,model,"Membership, ưu đãi đặc quyền, đặt vé sớm phim hot",25,6,29.72,0.0
117362,Khách giá trị cao,0.6788,model,"Membership, ưu đãi đặc quyền, đặt vé sớm phim hot",62,103,736.24,0.0583
103347,Khách giá trị cao,0.6716,model,"Membership, ưu đãi đặc quyền, đặt vé sớm phim hot",14,30,120.55,0.1333
106319,Khách giá trị cao,0.6676,model,"Membership, ưu đãi đặc quyền, đặt vé sớm phim hot",9,21,144.14,0.2381
166722,Khách giá trị cao,0.6605,model,"Membership, ưu đãi đặc quyền, đặt vé sớm phim hot",2,11,97.77,0.0
126501,Khách giá trị cao,0.6505,model,"Membership, ưu đãi đặc quyền, đặt vé sớm phim hot",41,18,102.82,0.0556
117475,Khách giá trị cao,0.6449,model,"Membership, ưu đãi đặc quyền, đặt vé sớm phim hot",1,47,285.68,0.0213
107329,Khách giá trị cao,0.627,model,"Membership, ưu đãi đặc quyền, đặt vé sớm phim hot",7,4,15.35,0.0
129680,Khách giá trị cao,0.626,model,"Membership, ưu đãi đặc quyền, đặt vé sớm phim hot",88,10,80.88,0.1
105729,Khách giá trị cao,0.6062,model,"Membership, ưu đãi đặc quyền, đặt vé sớm phim hot",34,11,88.62,0.5455
100125,Khách giá trị cao,0.6048,model,"Membership, ưu đãi đặc quyền, đặt vé sớm phim hot",106,10,90.3,0.2
192726,Khách giá trị cao,0.6042,model,"Membership, ưu đãi đặc quyền, đặt vé sớm phim hot",14,6,26.05,0.0
172683,Khách giá trị cao,0.593,model,"Membership, ưu đãi đặc quyền, đặt vé sớm phim hot",27,8,69.26,0.125
118349,Khách giá trị cao,0.5877,model,"Membership, ưu đãi đặc quyền, đặt vé sớm phim hot",0,80,340.35,0.0125
145018,Khách giá trị cao,0.5817,model,"Membership, ưu đãi đặc quyền, đặt vé sớm phim hot",36,7,140.09,0.0
164063,Khách giá trị cao,0.5741,model,"Membership, ưu đãi đặc quyền, đặt vé sớm phim hot",14,5,73.8,0.2
110649,Khách giá trị cao,0.5726,model,"Membership, ưu đãi đặc quyền, đặt vé sớm phim hot",93,15,21.47,0.0
119388,Khách giá trị cao,0.5647,model,"Membership, ưu đãi đặc quyền, đặt vé sớm phim hot",107,20,136.38,0.25
103035,Khách giá trị cao,0.562,model,"Membership, ưu đãi đặc quyền, đặt vé sớm phim hot",2,28,264.08,0.0
133577,Khách giá trị cao,0.5502,model,"Membership, ưu đãi đặc quyền, đặt vé sớm phim hot",7,4,86.7,0.0
128133,Khách giá trị cao,0.5434,model,"Membership, ưu đãi đặc quyền, đặt vé sớm phim hot",14,4,98.75,0.0
207379,Khách giá trị cao,0.5425,model,"Membership, ưu đãi đặc quyền, đặt vé sớm phim hot",85,4,78.49,0.0
147527,Khách giá trị cao,0.5386,model,"Membership, ưu đãi đặc quyền, đặt vé sớm phim hot",4,4,80.62,0.25
197109,Khách giá trị cao,0.5363,model,"Membership, ưu đãi đặc quyền, đặt vé sớm phim hot",41,4,21.87,0.0
222164,Khách giá trị cao,0.5278,model,"Membership, ưu đãi đặc quyền, đặt vé sớm phim hot",84,4,122.15,0.0
104392,Khách giá trị cao,0.526,model,"Membership, ưu đãi đặc quyền, đặt vé sớm phim hot",92,5,96.05,0.2
150748,Khách giá trị cao,0.5259,model,"Membership, ưu đãi đặc quyền, đặt vé sớm phim hot",12,7,87.72,0.2857
139005,Khách giá trị cao,0.5203,model,"Membership, ưu đãi đặc quyền, đặt vé sớm phim hot",46,10,77.57,0.3
117140,Khách giá trị cao,0.5113,model,"Membership, ưu đãi đặc quyền, đặt vé sớm phim hot",20,36,137.62,0.1389
190017,Khách giá trị cao,0.5099,model,"Membership, ưu đãi đặc quyền, đặt vé sớm phim hot",118,6,84.25,0.1667
187243,Khách giá trị cao,0.5098,model,"Membership, ưu đãi đặc quyền, đặt vé sớm phim hot",11,8,40.27,0.125
139719,Khách giá trị cao,0.5084,model,"Membership, ưu đãi đặc quyền, đặt vé sớm phim hot",90,10,89.73,0.2
154178,Khách giá trị cao,0.5066,model,"Membership, ưu đãi đặc quyền, đặt vé sớm phim hot",10,9,88.15,0.2222
202193,Khách giá trị cao,0.5036,model,"Membership, ưu đãi đặc quyền, đặt vé sớm phim hot",14,7,107.87,0.1429
172408,Khách giá trị cao,0.4991,model,"Membership, ưu đãi đặc quyền, đặt vé sớm phim hot",48,9,61.64,0.0
111824,Khách giá trị cao,0.4944,model,"Membership, ưu đãi đặc quyền, đặt vé sớm phim hot",60,6,79.59,0.1667
106424,Khách giá trị cao,0.4906,model,"Membership, ưu đãi đặc quyền, đặt vé sớm phim hot",8,8,55.83,0.125
167981,Khách giá trị cao,0.4889,model,"Membership, ưu đãi đặc quyền, đặt vé sớm phim hot",54,4,15.02,0.25
107748,Khách giá trị cao,0.4813,model,"Membership, ưu đãi đặc quyền, đặt vé sớm phim hot",143,5,94.2,0.2
114205,Khách giá trị cao,0.479,model,"Membership, ưu đãi đặc quyền, đặt vé sớm phim hot",36,32,187.68,0.2188
135743,Khách giá trị cao,0.4772,model,"Membership, ưu đãi đặc quyền, đặt vé sớm phim hot",76,6,76.76,0.5
106654,Khách giá trị cao,0.4746,model,"Membership, ưu đãi đặc quyền, đặt vé sớm phim hot",113,4,12.05,0.0
104730,Khách giá trị cao,0.4733,model,"Membership, ưu đãi đặc quyền, đặt vé sớm phim hot",174,10,81.66,0.5
106556,Khách giá trị cao,0.4696,model,"Membership, ưu đãi đặc quyền, đặt vé sớm phim hot",114,17,75.29,0.2353
150725,Khách giá trị cao,0.467,model,"Membership, ưu đãi đặc quyền, đặt vé sớm phim hot",53,4,16.42,0.5
110483,Khách giá trị cao,0.4624,model,"Membership, ưu đãi đặc quyền, đặt vé sớm phim hot",113,25,80.68,0.0
123106,Khách lâu chưa quay lại,0.455,model,"Kéo lại bằng phim mới, voucher quay lại, thông báo cá nhân hóa",234,9,69.42,0.4444
141795,Khách giá trị cao,0.4526,model,"Membership, ưu đãi đặc quyền, đặt vé sớm phim hot",43,6,89.01,0.3333
128772,Khách giá trị cao,0.4512,model,"Membership, ưu đãi đặc quyền, đặt vé sớm phim hot",0,10,70.5,0.2
209448,Khách giá trị cao,0.4512,model,"Membership, ưu đãi đặc quyền, đặt vé sớm phim hot",22,5,87.98,0.2
177181,Khách giá trị cao,0.4498,model,"Membership, ưu đãi đặc quyền, đặt vé sớm phim hot",0,13,128.36,0.3077
164114,Khách giá trị cao,0.4463,model,"Membership, ưu đãi đặc quyền, đặt vé sớm phim hot",19,12,54.59,0.0833
211576,Khách giá trị cao,0.4458,model,"Membership, ưu đãi đặc quyền, đặt vé sớm phim hot",28,7,64.71,0.0
110604,Khách giá trị cao,0.4449,model,"Membership, ưu đãi đặc quyền, đặt vé sớm phim hot",27,4,80.37,0.0
120052,Khách giá trị cao,0.443,model,"Membership, ưu đãi đặc quyền, đặt vé sớm phim hot",1,4,11.18,0.0
101858,Khách giá trị cao,0.4423,model,"Membership, ưu đãi đặc quyền, đặt vé sớm phim hot",72,3,143.72,0.0
117556,Khách giá trị cao,0.4414,model,"Membership, ưu đãi đặc quyền, đặt vé sớm phim hot",4,5,23.88,0.4
127738,Khách giá trị cao,0.4393,model,"Membership, ưu đãi đặc quyền, đặt vé sớm phim hot",57,4,73.04,0.25
201563,Khách giá trị cao,0.4351,model,"Membership, ưu đãi đặc quyền, đặt vé sớm phim hot",46,6,30.69,0.3333
173077,Khách giá trị cao,0.4341,model,"Membership, ưu đãi đặc quyền, đặt vé sớm phim hot",115,8,34.63,0.125
132092,Khách giá trị cao,0.4337,model,"Membership, ưu đãi đặc quyền, đặt vé sớm phim hot",38,9,58.81,0.3333
191331,Khách giá trị cao,0.4329,model,"Membership, ưu đãi đặc quyền, đặt vé sớm phim hot",58,4,28.63,0.0
131542,Khách giá trị cao,0.4303,model,"Membership, ưu đãi đặc quyền, đặt vé sớm phim hot",63,8,61.83,0.375
137665,Khách giá trị cao,0.4264,model,"Membership, ưu đãi đặc quyền, đặt vé sớm phim hot",115,5,82.07,0.4
218927,Khách giá trị cao,0.4204,model,"Membership, ưu đãi đặc quyền, đặt vé sớm phim hot",40,4,16.58,0.5
164231,Khách giá trị cao,0.4193,model,"Membership, ưu đãi đặc quyền, đặt vé sớm phim hot",31,6,25.05,0.1667
148837,Khách giá trị cao,0.419,model,"Membership, ưu đãi đặc quyền, đặt vé sớm phim hot",133,5,81.76,0.0
118467,Khách giá trị cao,0.4183,model,"Membership, ưu đãi đặc quyền, đặt vé sớm phim hot",5,5,85.62,0.4
111450,Khách giá trị cao,0.4164,model,"Membership, ưu đãi đặc quyền, đặt vé sớm phim hot",161,24,92.77,0.0
157103,Khách giá trị cao,0.4123,model,"Membership, ưu đãi đặc quyền, đặt vé sớm phim hot",45,4,19.76,0.25
129846,Khách giá trị cao,0.4122,model,"Membership, ưu đãi đặc quyền, đặt vé sớm phim hot",1,4,35.53,0.25
118190,Khách giá trị cao,0.4118,model,"Membership, ưu đãi đặc quyền, đặt vé sớm phim hot",45,8,96.87,0.25
107928,Khách giá trị cao,0.411,model,"Membership, ưu đãi đặc quyền, đặt vé sớm phim hot",33,9,110.53,0.2222
165389,Khách giá trị cao,0.4075,model,"Membership, ưu đãi đặc quyền, đặt vé sớm phim hot",14,4,21.45,0.0
150311,Khách giá trị cao,0.4054,model,"Membership, ưu đãi đặc quyền, đặt vé sớm phim hot",66,4,14.89,0.25
114114,Khách giá trị cao,0.4051,model,"Membership, ưu đãi đặc quyền, đặt vé sớm phim hot",17,8,75.63,0.0
101413,Khách giá trị cao,0.4043,model,"Membership, ưu đãi đặc quyền, đặt vé sớm phim hot",8,8,87.18,0.25
129295,Khách giá trị cao,0.4043,model,"Membership, ưu đãi đặc quyền, đặt vé sớm phim hot",8,6,32.18,0.5
118159,Khách giá trị cao,0.4024,model,"Membership, ưu đãi đặc quyền, đặt vé sớm phim hot",29,6,52.16,0.1667
200068,Khách giá trị cao,0.4016,model,"Membership, ưu đãi đặc quyền, đặt vé sớm phim hot",0,4,66.37,0.25
195755,Khách giá trị cao,0.3996,model,"Membership, ưu đãi đặc quyền, đặt vé sớm phim hot",45,4,15.52,0.25
106256,Khách giá trị cao,0.3994,model,"Membership, ưu đãi đặc quyền, đặt vé sớm phim hot",40,4,18.56,0.0
100159,Khách lâu chưa quay lại,0.3955,model,"Kéo lại bằng phim mới, voucher quay lại, thông báo cá nhân hóa",231,8,82.21,0.125
101307,Khách giá trị cao,0.3947,model,"Membership, ưu đãi đặc quyền, đặt vé sớm phim hot",56,9,82.23,0.3333
147635,Khách giá trị cao,0.3927,model,"Membership, ưu đãi đặc quyền, đặt vé sớm phim hot",28,8,88.51,0.25
118374,Khách giá trị cao,0.392,model,"Membership, ưu đãi đặc quyền, đặt vé sớm phim hot",32,5,80.96,0.0
153124,Khách lâu chưa quay lại,0.3902,model,"Kéo lại bằng phim mới, voucher quay lại, thông báo cá nhân hóa",198,46,310.86,0.1522
140054,Khách giá trị cao,0.3893,model,"Membership, ưu đãi đặc quyền, đặt vé sớm phim hot",99,5,28.58,0.2
203422,Khách giá trị cao,0.3887,model,"Membership, ưu đãi đặc quyền, đặt vé sớm phim hot",106,5,34.27,0.4
199963,Khách giá trị cao,0.3826,model,"Membership, ưu đãi đặc quyền, đặt vé sớm phim hot",5,4,17.17,0.75
154880,Khách giá trị cao,0.3808,model,"Membership, ưu đãi đặc quyền, đặt vé sớm phim hot",2,5,88.4,0.0
111630,Khách giá trị cao,0.3802,model,"Membership, ưu đãi đặc quyền, đặt vé sớm phim hot",48,5,24.28,0.4
139162,Khách giá trị cao,0.3789,model,"Membership, ưu đãi đặc quyền, đặt vé sớm phim hot",43,8,77.08,0.25
153437,Khách giá trị cao,0.3789,model,"Membership, ưu đãi đặc quyền, đặt vé sớm phim hot",85,4,15.13,0.75
191118,Khách giá trị cao,0.3785,model,"Membership, ưu đãi đặc quyền, đặt vé sớm phim hot",51,4,23.59,0.0
108162,Khách lâu chưa quay lại,0.3778,model,"Kéo lại bằng phim mới, voucher quay lại, thông báo cá nhân hóa",188,43,265.4,0.0465
127891,Khách giá trị cao,0.3768,model,"Membership, ưu đãi đặc quyền, đặt vé sớm phim hot",45,4,31.22,0.0
100205,Khách giá trị cao,0.3766,model,"Membership, ưu đãi đặc quyền, đặt vé sớm phim hot",65,10,94.81,0.3
178388,Khách giá trị cao,0.3756,model,"Membership, ưu đãi đặc quyền, đặt vé sớm phim hot",55,5,70.28,0.2
135571,Khách giá trị cao,0.3747,model,"Membership, ưu đãi đặc quyền, đặt vé sớm phim hot",3,6,88.99,0.3333
101028,Khách lâu chưa quay lại,0.3746,model,"Kéo lại bằng phim mới, voucher quay lại, thông báo cá nhân hóa",261,9,138.4,0.1111
167068,Khách giá trị cao,0.3742,model,"Membership, ưu đãi đặc quyền, đặt vé sớm phim hot",27,4,33.53,0.0
110118,Khách giá trị cao,0.3724,model,"Membership, ưu đãi đặc quyền, đặt vé sớm phim hot",36,10,40.9,0.7
215017,Khách giá trị cao,0.3719,model,"Membership, ưu đãi đặc quyền, đặt vé sớm phim hot",76,3,20.66,0.0
211636,Khách giá trị cao,0.3718,model,"Membership, ưu đãi đặc quyền, đặt vé sớm phim hot",16,4,30.31,0.25
177018,Khách giá trị cao,0.3697,model,"Membership, ưu đãi đặc quyền, đặt vé sớm phim hot",50,7,29.37,0.2857
158089,Khách giá trị cao,0.3682,model,"Membership, ưu đãi đặc quyền, đặt vé sớm phim hot",172,51,243.45,0.0392
128915,Khách giá trị cao,0.3668,model,"Membership, ưu đãi đặc quyền, đặt vé sớm phim hot",66,11,96.18,0.3636
124551,Khách giá trị cao,0.3667,model,"Membership, ưu đãi đặc quyền, đặt vé sớm phim hot",18,7,72.91,0.0
151836,Khách giá trị cao,0.3663,model,"Membership, ưu đãi đặc quyền, đặt vé sớm phim hot",45,4,13.28,0.75
111965,Khách giá trị cao,0.3658,model,"Membership, ưu đãi đặc quyền, đặt vé sớm phim hot",1,6,47.64,0.3333
208326,Khách giá trị cao,0.365,model,"Membership, ưu đãi đặc quyền, đặt vé sớm phim hot",10,3,11.75,0.0
191463,Khách giá trị cao,0.3644,model,"Membership, ưu đãi đặc quyền, đặt vé sớm phim hot",8,5,25.74,0.0
130392,Khách giá trị cao,0.3639,model,"Membership, ưu đãi đặc quyền, đặt vé sớm phim hot",5,9,120.66,0.0
123312,Khách giá trị cao,0.3628,model,"Membership, ưu đãi đặc quyền, đặt vé sớm phim hot",67,4,65.69,0.25
138748,Khách giá trị cao,0.3628,model,"Membership, ưu đãi đặc quyền, đặt vé sớm phim hot",0,4,44.7,0.5
110140,Khách giá trị cao,0.3618,model,"Membership, ưu đãi đặc quyền, đặt vé sớm phim hot",0,16,71.08,0.25
221618,Khách giá trị cao,0.3614,model,"Membership, ưu đãi đặc quyền, đặt vé sớm phim hot",53,4,28.33,0.5
161482,Khách giá trị cao,0.3605,model,"Membership, ưu đãi đặc quyền, đặt vé sớm phim hot",61,3,26.68,0.0
109217,Khách giá trị cao,0.3605,model,"Membership, ưu đãi đặc quyền, đặt vé sớm phim hot",3,7,46.68,0.7143
100226,Khách lâu chưa quay lại,0.3605,model,"Kéo lại bằng phim mới, voucher quay lại, thông báo cá nhân hóa",344,6,88.89,0.3333
213392,Khách giá trị cao,0.3592,model,"Membership, ưu đãi đặc quyền, đặt vé sớm phim hot",55,3,16.48,0.0
151397,Khách giá trị cao,0.3582,model,"Membership, ưu đãi đặc quyền, đặt vé sớm phim hot",27,4,13.58,0.5
214005,Khách giá trị cao,0.358,model,"Membership, ưu đãi đặc quyền, đặt vé sớm phim hot",11,5,17.08,0.4
164917,Khách giá trị cao,0.3562,model,"Membership, ưu đãi đặc quyền, đặt vé sớm phim hot",14,9,93.71,0.4444
214515,Khách giá trị cao,0.3514,model,"Membership, ưu đãi đặc quyền, đặt vé sớm phim hot",49,5,27.15,0.2
123090,Khách giá trị cao,0.3505,model,"Membership, ưu đãi đặc quyền, đặt vé sớm phim hot",83,5,17.56,0.8
225268,Khách giá trị cao,0.3498,model,"Membership, ưu đãi đặc quyền, đặt vé sớm phim hot",18,5,33.28,0.4
201263,Khách giá trị cao,0.3485,model,"Membership, ưu đãi đặc quyền, đặt vé sớm phim hot",11,4,63.76,0.25
103820,Khách lâu chưa quay lại,0.348,model,"Kéo lại bằng phim mới, voucher quay lại, thông báo cá nhân hóa",251,4,105.82,0.25
225889,Khách giá trị cao,0.3471,model,"Membership, ưu đãi đặc quyền, đặt vé sớm phim hot",138,4,17.11,0.25
162330,Khách giá trị cao,0.3468,model,"Membership, ưu đãi đặc quyền, đặt vé sớm phim hot",44,6,43.53,0.8333
105628,Khách giá trị cao,0.3466,model,"Membership, ưu đãi đặc quyền, đặt vé sớm phim hot",73,5,27.15,0.2
107775,Khách giá trị cao,0.346,model,"Membership, ưu đãi đặc quyền, đặt vé sớm phim hot",27,4,33.61,0.0
199173,Khách giá trị cao,0.3459,model,"Membership, ưu đãi đặc quyền, đặt vé sớm phim hot",60,3,15.86,0.0
177990,Khách giá trị cao,0.3443,model,"Membership, ưu đãi đặc quyền, đặt vé sớm phim hot",58,9,111.52,0.3333
101725,Khách giá trị cao,0.3422,model,"Membership, ưu đãi đặc quyền, đặt vé sớm phim hot",12,7,47.83,0.2857
108680,Khách giá trị cao,0.3421,model,"Membership, ưu đãi đặc quyền, đặt vé sớm phim hot",23,12,69.2,0.6667
103427,Khách giá trị cao,0.3421,model,"Membership, ưu đãi đặc quyền, đặt vé sớm phim hot",8,5,52.68,0.0
156892,Khách giá trị cao,0.3416,model,"Membership, ưu đãi đặc quyền, đặt vé sớm phim hot",75,3,13.82,0.0
156115,Khách giá trị cao,0.3414,model,"Membership, ưu đãi đặc quyền, đặt vé sớm phim hot",7,6,49.89,0.3333
172421,Khách giá trị cao,0.3411,model,"Membership, ưu đãi đặc quyền, đặt vé sớm phim hot",18,4,30.02,0.25
111382,Khách giá trị cao,0.3405,model,"Membership, ưu đãi đặc quyền, đặt vé sớm phim hot",27,8,93.13,0.0
176135,Khách giá trị cao,0.3404,model,"Membership, ưu đãi đặc quyền, đặt vé sớm phim hot",48,5,42.56,0.2
194066,Khách giá trị cao,0.3386,model,"Membership, ưu đãi đặc quyền, đặt vé sớm phim hot",2,7,60.13,0.2857
129080,Khách giá trị cao,0.3381,model,"Membership, ưu đãi đặc quyền, đặt vé sớm phim hot",27,8,67.25,0.5
200896,Khách giá trị cao,0.3364,model,"Membership, ưu đãi đặc quyền, đặt vé sớm phim hot",5,4,51.92,0.0
136179,Khách giá trị cao,0.3348,model,"Membership, ưu đãi đặc quyền, đặt vé sớm phim hot",18,5,82.47,0.0
108123,Khách giá trị cao,0.331,model,"Membership, ưu đãi đặc quyền, đặt vé sớm phim hot",99,4,19.13,0.0
166375,Khách giá trị cao,0.3304,model,"Membership, ưu đãi đặc quyền, đặt vé sớm phim hot",5,3,75.46,0.3333
202387,Khách giá trị cao,0.3303,model,"Membership, ưu đãi đặc quyền, đặt vé sớm phim hot",0,4,19.67,0.25
193774,Khách giá trị cao,0.3288,model,"Membership, ưu đãi đặc quyền, đặt vé sớm phim hot",171,9,27.71,0.2222
192382,Khách giá trị cao,0.3283,model,"Membership, ưu đãi đặc quyền, đặt vé sớm phim hot",54,4,35.05,0.0
100818,Khách giá trị cao,0.3279,model,"Membership, ưu đãi đặc quyền, đặt vé sớm phim hot",25,14,55.05,0.3571
171520,Khách giá trị cao,0.3278,model,"Membership, ưu đãi đặc quyền, đặt vé sớm phim hot",39,4,35.23,0.25
147833,Khách giá trị cao,0.3276,model,"Membership, ưu đãi đặc quyền, đặt vé sớm phim hot",11,4,64.67,0.0
165562,Khách giá trị cao,0.3224,model,"Membership, ưu đãi đặc quyền, đặt vé sớm phim hot",49,5,63.46,0.4
124449,Khách giá trị cao,0.3221,model,"Membership, ưu đãi đặc quyền, đặt vé sớm phim hot",91,4,33.38,0.0
111746,Khách giá trị cao,0.322,model,"Membership, ưu đãi đặc quyền, đặt vé sớm phim hot",64,4,78.11,0.25
125335,Khách giá trị cao,0.3211,model,"Membership, ưu đãi đặc quyền, đặt vé sớm phim hot",7,6,49.12,0.8333
129031,Khách giá trị cao,0.3208,model,"Membership, ưu đãi đặc quyền, đặt vé sớm phim hot",115,4,48.64,0.25
195537,Khách giá trị cao,0.3206,model,"Membership, ưu đãi đặc quyền, đặt vé sớm phim hot",37,5,63.69,0.4
119433,Khách giá trị cao,0.3197,model,"Membership, ưu đãi đặc quyền, đặt vé sớm phim hot",143,5,43.7,0.0
123342,Khách giá trị cao,0.3194,model,"Membership, ưu đãi đặc quyền, đặt vé sớm phim hot",41,5,38.72,0.2
189655,Khách giá trị cao,0.3191,model,"Membership, ưu đãi đặc quyền, đặt vé sớm phim hot",49,4,15.47,0.5
112537,Khách giá trị cao,0.3186,model,"Membership, ưu đãi đặc quyền, đặt vé sớm phim hot",3,3,66.21,0.0
145194,Khách giá trị cao,0.3177,model,"Membership, ưu đãi đặc quyền, đặt vé sớm phim hot",18,6,20.83,0.5
181755,Khách giá trị cao,0.3167,model,"Membership, ưu đãi đặc quyền, đặt vé sớm phim hot",91,4,23.67,0.0
175207,Khách giá trị cao,0.3164,model,"Membership, ưu đãi đặc quyền, đặt vé sớm phim hot",128,5,133.22,0.4
100435,Khách giá trị cao,0.3163,model,"Membership, ưu đãi đặc quyền, đặt vé sớm phim hot",90,6,93.41,0.1667
126406,Khách giá trị cao,0.316,model,"Membership, ưu đãi đặc quyền, đặt vé sớm phim hot",2,6,84.43,0.1667
174375,Khách giá trị cao,0.3159,model,"Membership, ưu đãi đặc quyền, đặt vé sớm phim hot",71,7,73.7,0.0
171606,Khách giá trị cao,0.3153,model,"Membership, ưu đãi đặc quyền, đặt vé sớm phim hot",18,3,73.28,0.3333
116382,Khách giá trị cao,0.3152,model,"Membership, ưu đãi đặc quyền, đặt vé sớm phim hot",6,5,39.5,0.8
123485,Khách giá trị cao,0.3129,model,"Membership, ưu đãi đặc quyền, đặt vé sớm phim hot",171,5,77.99,0.4
156772,Khách giá trị cao,0.3126,model,"Membership, ưu đãi đặc quyền, đặt vé sớm phim hot",38,3,17.04,0.3333
170476,Khách thường xuyên,0.3113,model,"Duy trì, không cần giảm giá sâu",44,2,75.25,0.0
103616,Khách lâu chưa quay lại,0.311,model,"Kéo lại bằng phim mới, voucher quay lại, thông báo cá nhân hóa",190,7,63.43,0.7143
140616,Khách giá trị cao,0.3109,model,"Membership, ưu đãi đặc quyền, đặt vé sớm phim hot",113,3,10.89,0.6667
124831,Khách giá trị cao,0.3104,model,"Membership, ưu đãi đặc quyền, đặt vé sớm phim hot",46,6,22.69,0.6667
120671,Khách lâu chưa quay lại,0.3101,model,"Kéo lại bằng phim mới, voucher quay lại, thông báo cá nhân hóa",246,5,32.26,0.2
209832,Khách giá trị cao,0.3086,model,"Membership, ưu đãi đặc quyền, đặt vé sớm phim hot",70,3,28.51,0.3333
172084,Khách giá trị cao,0.3084,model,"Membership, ưu đãi đặc quyền, đặt vé sớm phim hot",70,10,94.48,0.0
152551,Khách lâu chưa quay lại,0.3083,model,"Kéo lại bằng phim mới, voucher quay lại, thông báo cá nhân hóa",266,3,60.91,0.6667
218304,Khách giá trị cao,0.3057,model,"Membership, ưu đãi đặc quyền, đặt vé sớm phim hot",13,4,17.78,1.0
213310,Khách giá trị cao,0.3051,model,"Membership, ưu đãi đặc quyền, đặt vé sớm phim hot",43,4,16.83,0.25
107419,Khách lâu chưa quay lại,0.3045,model,"Kéo lại bằng phim mới, voucher quay lại, thông báo cá nhân hóa",200,6,71.52,0.0
116015,Khách giá trị cao,0.3038,model,"Membership, ưu đãi đặc quyền, đặt vé sớm phim hot",42,6,44.94,0.8333
195533,Khách giá trị cao,0.3038,model,"Membership, ưu đãi đặc quyền, đặt vé sớm phim hot",72,3,27.81,0.0
143821,Khách giá trị cao,0.3037,model,"Membership, ưu đãi đặc quyền, đặt vé sớm phim hot",41,6,82.6,0.0
104201,Khách giá trị cao,0.3032,model,"Membership, ưu đãi đặc quyền, đặt vé sớm phim hot",14,6,57.24,0.3333
110831,Khách giá trị cao,0.303,model,"Membership, ưu đãi đặc quyền, đặt vé sớm phim hot",106,9,86.96,0.0
181017,Khách giá trị cao,0.3027,model,"Membership, ưu đãi đặc quyền, đặt vé sớm phim hot",67,3,16.24,0.0
210396,Khách giá trị cao,0.3025,model,"Membership, ưu đãi đặc quyền, đặt vé sớm phim hot",11,3,11.06,0.6667
166619,Khách giá trị cao,0.3019,model,"Membership, ưu đãi đặc quyền, đặt vé sớm phim hot",0,3,63.89,0.3333
186449,Khách giá trị cao,0.3014,model,"Membership, ưu đãi đặc quyền, đặt vé sớm phim hot",7,3,66.89,0.3333
132832,Khách giá trị cao,0.301,model,"Membership, ưu đãi đặc quyền, đặt vé sớm phim hot",51,4,15.76,0.75
154651,Khách giá trị cao,0.301,model,"Membership, ưu đãi đặc quyền, đặt vé sớm phim hot",7,4,46.27,0.75
202903,Khách giá trị cao,0.3007,model,"Membership, ưu đãi đặc quyền, đặt vé sớm phim hot",121,4,36.26,0.25
200748,Khách giá trị cao,0.3001,model,"Membership, ưu đãi đặc quyền, đặt vé sớm phim hot",9,5,59.86,0.0
209197,Khách giá trị cao,0.2999,model,"Membership, ưu đãi đặc quyền, đặt vé sớm phim hot",38,4,18.03,0.75
166228,Khách giá trị cao,0.2987,model,"Membership, ưu đãi đặc quyền, đặt vé sớm phim hot",2,5,30.52,0.2
152688,Khách giá trị cao,0.2986,model,"Membership, ưu đãi đặc quyền, đặt vé sớm phim hot",46,6,65.36,0.5
139875,Khách giá trị cao,0.2984,model,"Membership, ưu đãi đặc quyền, đặt vé sớm phim hot",39,3,56.58,0.0
115612,Khách lâu chưa quay lại,0.2981,model,"Kéo lại bằng phim mới, voucher quay lại, thông báo cá nhân hóa",162,2,10.64,0.0
123646,Khách giá trị cao,0.298,model,"Membership, ưu đãi đặc quyền, đặt vé sớm phim hot",42,7,81.85,0.0
186762,Khách giá trị cao,0.2979,model,"Membership, ưu đãi đặc quyền, đặt vé sớm phim hot",17,4,18.61,0.5
130184,Khách giá trị cao,0.2975,model,"Membership, ưu đãi đặc quyền, đặt vé sớm phim hot",58,4,48.29,0.25
109232,Khách giá trị cao,0.2965,model,"Membership, ưu đãi đặc quyền, đặt vé sớm phim hot",82,7,54.12,0.1429
197665,Khách giá trị cao,0.2964,model,"Membership, ưu đãi đặc quyền, đặt vé sớm phim hot",41,4,14.12,0.75
222837,Khách giá trị cao,0.2952,model,"Membership, ưu đãi đặc quyền, đặt vé sớm phim hot",10,3,62.86,0.0
105733,Khách giá trị cao,0.2949,model,"Membership, ưu đãi đặc quyền, đặt vé sớm phim hot",13,4,23.09,0.5
128793,Khách giá trị cao,0.2947,model,"Membership, ưu đãi đặc quyền, đặt vé sớm phim hot",7,4,49.86,0.5
194381,Khách giá trị cao,0.2945,model,"Membership, ưu đãi đặc quyền, đặt vé sớm phim hot",90,3,11.21,0.3333
121892,Khách giá trị cao,0.2944,model,"Membership, ưu đãi đặc quyền, đặt vé sớm phim hot",175,3,61.08,0.3333
115477,Khách giá trị cao,0.2938,model,"Membership, ưu đãi đặc quyền, đặt vé sớm phim hot",80,3,70.81,0.6667
152424,Khách giá trị cao,0.2928,model,"Membership, ưu đãi đặc quyền, đặt vé sớm phim hot",41,5,70.31,0.2
142290,Khách lâu chưa quay lại,0.2925,model,"Kéo lại bằng phim mới, voucher quay lại, thông báo cá nhân hóa",205,5,30.4,0.0
206231,Khách giá trị cao,0.2922,model,"Membership, ưu đãi đặc quyền, đặt vé sớm phim hot",52,3,23.92,0.0
131335,Khách giá trị cao,0.292,model,"Membership, ưu đãi đặc quyền, đặt vé sớm phim hot",43,4,40.95,0.0
113610,Khách giá trị cao,0.292,model,"Membership, ưu đãi đặc quyền, đặt vé sớm phim hot",10,5,27.26,0.4
219667,Khách giá trị cao,0.2913,model,"Membership, ưu đãi đặc quyền, đặt vé sớm phim hot",170,4,20.53,0.5
109143,Khách giá trị cao,0.291,model,"Membership, ưu đãi đặc quyền, đặt vé sớm phim hot",175,9,77.43,0.4444
186175,Khách giá trị cao,0.2904,model,"Membership, ưu đãi đặc quyền, đặt vé sớm phim hot",22,4,26.85,0.25
120867,Khách giá trị cao,0.2902,model,"Membership, ưu đãi đặc quyền, đặt vé sớm phim hot",66,5,19.15,0.8
146341,Khách giá trị cao,0.2888,model,"Membership, ưu đãi đặc quyền, đặt vé sớm phim hot",90,7,44.18,0.1429
208347,Khách giá trị cao,0.2885,model,"Membership, ưu đãi đặc quyền, đặt vé sớm phim hot",138,4,20.42,0.0
126466,Khách giá trị cao,0.2878,model,"Membership, ưu đãi đặc quyền, đặt vé sớm phim hot",93,5,56.42,0.0
142564,Khách giá trị cao,0.2874,model,"Membership, ưu đãi đặc quyền, đặt vé sớm phim hot",85,6,92.52,0.0
140453,Khách giá trị cao,0.2869,model,"Membership, ưu đãi đặc quyền, đặt vé sớm phim hot",49,4,55.11,0.0
212535,Khách giá trị cao,0.2868,model,"Membership, ưu đãi đặc quyền, đặt vé sớm phim hot",70,4,43.56,0.0
119858,Khách giá trị cao,0.2867,model,"Membership, ưu đãi đặc quyền, đặt vé sớm phim hot",175,5,68.38,0.2
121326,Khách giá trị cao,0.2866,model,"Membership, ưu đãi đặc quyền, đặt vé sớm phim hot",176,27,110.58,0.1852
128666,Khách giá trị cao,0.2864,model,"Membership, ưu đãi đặc quyền, đặt vé sớm phim hot",51,4,45.15,0.25
225780,Khách giá trị cao,0.2861,model,"Membership, ưu đãi đặc quyền, đặt vé sớm phim hot",87,4,60.54,0.5
105865,Khách lâu chưa quay lại,0.2861,model,"Kéo lại bằng phim mới, voucher quay lại, thông báo cá nhân hóa",258,5,36.18,0.2
157943,Khách giá trị cao,0.2859,model,"Membership, ưu đãi đặc quyền, đặt vé sớm phim hot",86,6,65.98,0.3333
137728,Khách giá trị cao,0.285,model,"Membership, ưu đãi đặc quyền, đặt vé sớm phim hot",158,4,35.01,0.0
193553,Khách giá trị cao,0.2848,model,"Membership, ưu đãi đặc quyền, đặt vé sớm phim hot",48,5,39.64,0.2
174192,Khách giá trị cao,0.2846,model,"Membership, ưu đãi đặc quyền, đặt vé sớm phim hot",144,4,49.82,0.25
180314,Khách giá trị cao,0.2842,model,"Membership, ưu đãi đặc quyền, đặt vé sớm phim hot",58,4,51.02,0.25
207204,Khách giá trị cao,0.2837,model,"Membership, ưu đãi đặc quyền, đặt vé sớm phim hot",39,4,40.63,0.0
164187,Khách lâu chưa quay lại,0.2834,model,"Kéo lại bằng phim mới, voucher quay lại, thông báo cá nhân hóa",198,4,22.92,0.5
218067,Khách giá trị cao,0.283,model,"Membership, ưu đãi đặc quyền, đặt vé sớm phim hot",22,3,28.63,0.0
187722,Khách giá trị cao,0.2829,model,"Membership, ưu đãi đặc quyền, đặt vé sớm phim hot",58,3,11.68,0.0
195881,Khách giá trị cao,0.2829,model,"Membership, ưu đãi đặc quyền, đặt vé sớm phim hot",62,5,49.3,0.0
186828,Khách giá trị cao,0.2827,model,"Membership, ưu đãi đặc quyền, đặt vé sớm phim hot",168,4,32.71,0.25
190959,Khách giá trị cao,0.2825,model,"Membership, ưu đãi đặc quyền, đặt vé sớm phim hot",55,5,64.92,0.4
125224,Khách giá trị cao,0.2825,model,"Membership, ưu đãi đặc quyền, đặt vé sớm phim hot",98,5,38.3,0.0
104998,Khách giá trị cao,0.2824,model,"Membership, ưu đãi đặc quyền, đặt vé sớm phim hot",31,3,28.03,0.0
149203,Khách giá trị cao,0.2824,model,"Membership, ưu đãi đặc quyền, đặt vé sớm phim hot",65,3,10.65,0.6667
189430,Khách giá trị cao,0.2824,model,"Membership, ưu đãi đặc quyền, đặt vé sớm phim hot",53,4,29.77,0.5
170315,Khách giá trị cao,0.2823,model,"Membership, ưu đãi đặc quyền, đặt vé sớm phim hot",39,6,84.07,0.6667
186171,Khách giá trị cao,0.2823,model,"Membership, ưu đãi đặc quyền, đặt vé sớm phim hot",0,3,12.3,0.6667
129592,Khách giá trị cao,0.2822,model,"Membership, ưu đãi đặc quyền, đặt vé sớm phim hot",172,3,25.81,0.3333
142544,Khách giá trị cao,0.2822,model,"Membership, ưu đãi đặc quyền, đặt vé sớm phim hot",79,3,10.86,0.6667
179266,Khách giá trị cao,0.282,model,"Membership, ưu đãi đặc quyền, đặt vé sớm phim hot",72,3,67.39,0.3333
127744,Khách giá trị cao,0.2814,model,"Membership, ưu đãi đặc quyền, đặt vé sớm phim hot",141,7,78.53,0.7143
138381,Khách giá trị cao,0.281,model,"Membership, ưu đãi đặc quyền, đặt vé sớm phim hot",14,6,36.38,0.3333
119246,Khách giá trị cao,0.2807,model,"Membership, ưu đãi đặc quyền, đặt vé sớm phim hot",21,9,53.03,0.7778
200848,Khách giá trị cao,0.2806,model,"Membership, ưu đãi đặc quyền, đặt vé sớm phim hot",99,4,26.19,0.25
200094,Khách giá trị cao,0.2806,model,"Membership, ưu đãi đặc quyền, đặt vé sớm phim hot",56,3,16.95,0.0
184881,Khách giá trị cao,0.2805,model,"Membership, ưu đãi đặc quyền, đặt vé sớm phim hot",5,4,54.57,0.0
190497,Khách giá trị cao,0.2802,model,"Membership, ưu đãi đặc quyền, đặt vé sớm phim hot",177,9,95.16,0.2222
110712,Khách lâu chưa quay lại,0.2801,model,"Kéo lại bằng phim mới, voucher quay lại, thông báo cá nhân hóa",238,4,19.49,0.25
219441,Khách giá trị cao,0.28,model,"Membership, ưu đãi đặc quyền, đặt vé sớm phim hot",36,4,22.28,0.25
211753,Khách giá trị cao,0.2795,model,"Membership, ưu đãi đặc quyền, đặt vé sớm phim hot",8,6,44.72,0.8333
198111,Khách giá trị cao,0.2793,model,"Membership, ưu đãi đặc quyền, đặt vé sớm phim hot",11,3,19.67,0.0
100877,Khách giá trị cao,0.2782,model,"Membership, ưu đãi đặc quyền, đặt vé sớm phim hot",64,3,13.86,0.6667
217365,Khách giá trị cao,0.2781,model,"Membership, ưu đãi đặc quyền, đặt vé sớm phim hot",29,5,36.78,0.4
129689,Khách giá trị cao,0.2778,model,"Membership, ưu đãi đặc quyền, đặt vé sớm phim hot",169,6,34.58,1.0
130638,Khách giá trị cao,0.2776,model,"Membership, ưu đãi đặc quyền, đặt vé sớm phim hot",2,7,70.43,0.2857
104586,Khách giá trị cao,0.2772,model,"Membership, ưu đãi đặc quyền, đặt vé sớm phim hot",173,7,40.73,0.2857
115050,Khách giá trị cao,0.2767,model,"Membership, ưu đãi đặc quyền, đặt vé sớm phim hot",43,5,35.53,1.0
193863,Khách giá trị cao,0.2763,model,"Membership, ưu đãi đặc quyền, đặt vé sớm phim hot",38,3,10.51,0.0
168161,Khách giá trị cao,0.2762,model,"Membership, ưu đãi đặc quyền, đặt vé sớm phim hot",134,12,29.6,0.1667
129825,Khách thường xuyên,0.2762,model,"Duy trì, không cần giảm giá sâu",14,2,27.22,0.0
119467,Khách thường xuyên,0.2757,model,"Duy trì, không cần giảm giá sâu",66,2,16.42,0.0
143375,Khách giá trị cao,0.2755,model,"Membership, ưu đãi đặc quyền, đặt vé sớm phim hot",144,3,13.62,0.0
171496,Khách giá trị cao,0.2744,model,"Membership, ưu đãi đặc quyền, đặt vé sớm phim hot",12,5,42.27,0.4
213350,Khách giá trị cao,0.2738,model,"Membership, ưu đãi đặc quyền, đặt vé sớm phim hot",27,4,35.8,0.0
170298,Khách giá trị cao,0.2737,model,"Membership, ưu đãi đặc quyền, đặt vé sớm phim hot",28,4,18.24,0.75
221205,Khách lâu chưa quay lại,0.2736,model,"Kéo lại bằng phim mới, voucher quay lại, thông báo cá nhân hóa",221,5,73.35,0.0
129569,Khách giá trị cao,0.2728,model,"Membership, ưu đãi đặc quyền, đặt vé sớm phim hot",17,5,42.44,0.2
175795,Khách giá trị cao,0.2727,model,"Membership, ưu đãi đặc quyền, đặt vé sớm phim hot",14,9,40.2,0.2222
132831,Khách giá trị cao,0.2723,model,"Membership, ưu đãi đặc quyền, đặt vé sớm phim hot",104,3,15.5,0.0
190403,Khách giá trị cao,0.2719,model,"Membership, ưu đãi đặc quyền, đặt vé sớm phim hot",136,3,25.78,0.0
134057,Khách giá trị cao,0.2715,model,"Membership, ưu đãi đặc quyền, đặt vé sớm phim hot",16,3,17.28,0.3333
109190,Khách giá trị cao,0.2714,model,"Membership, ưu đãi đặc quyền, đặt vé sớm phim hot",9,4,64.81,0.25
223506,Khách giá trị cao,0.271,model,"Membership, ưu đãi đặc quyền, đặt vé sớm phim hot",77,3,11.96,0.6667
196544,Khách giá trị cao,0.2709,model,"Membership, ưu đãi đặc quyền, đặt vé sớm phim hot",3,4,34.36,0.5
182512,Khách giá trị cao,0.2709,model,"Membership, ưu đãi đặc quyền, đặt vé sớm phim hot",93,5,59.03,0.2
166931,Khách giá trị cao,0.2702,model,"Membership, ưu đãi đặc quyền, đặt vé sớm phim hot",157,6,69.4,0.0
187017,Khách giá trị cao,0.2698,model,"Membership, ưu đãi đặc quyền, đặt vé sớm phim hot",106,4,64.68,0.25
156905,Khách giá trị cao,0.2692,model,"Membership, ưu đãi đặc quyền, đặt vé sớm phim hot",7,3,10.43,0.6667
191175,Khách giá trị cao,0.2689,model,"Membership, ưu đãi đặc quyền, đặt vé sớm phim hot",37,3,15.22,0.3333
188017,Khách giá trị cao,0.2688,model,"Membership, ưu đãi đặc quyền, đặt vé sớm phim hot",10,3,89.86,0.3333
170513,Khách giá trị cao,0.2688,model,"Membership, ưu đãi đặc quyền, đặt vé sớm phim hot",52,3,12.45,0.3333
126492,Khách giá trị cao,0.2687,model,"Membership, ưu đãi đặc quyền, đặt vé sớm phim hot",4,3,32.92,0.0
152554,Khách giá trị cao,0.2686,model,"Membership, ưu đãi đặc quyền, đặt vé sớm phim hot",13,5,27.18,0.4
100009,Khách giá trị cao,0.2679,model,"Membership, ưu đãi đặc quyền, đặt vé sớm phim hot",1,7,46.88,1.0
111173,Khách giá trị cao,0.2674,model,"Membership, ưu đãi đặc quyền, đặt vé sớm phim hot",58,7,112.87,0.1429
174291,Khách giá trị cao,0.2672,model,"Membership, ưu đãi đặc quyền, đặt vé sớm phim hot",89,3,53.44,0.0
160531,Khách giá trị cao,0.2668,model,"Membership, ưu đãi đặc quyền, đặt vé sớm phim hot",65,3,12.34,0.3333
131048,Khách giá trị cao,0.2667,model,"Membership, ưu đãi đặc quyền, đặt vé sớm phim hot",65,3,16.39,0.0
120334,Khách giá trị cao,0.2662,model,"Membership, ưu đãi đặc quyền, đặt vé sớm phim hot",44,7,40.59,0.0
105970,Khách giá trị cao,0.2659,model,"Membership, ưu đãi đặc quyền, đặt vé sớm phim hot",153,29,155.64,0.3103
115075,Khách giá trị cao,0.2658,model,"Membership, ưu đãi đặc quyền, đặt vé sớm phim hot",125,6,53.64,0.3333
208531,Khách giá trị cao,0.2657,model,"Membership, ưu đãi đặc quyền, đặt vé sớm phim hot",25,3,24.27,0.0
129860,Khách giá trị cao,0.2657,model,"Membership, ưu đãi đặc quyền, đặt vé sớm phim hot",2,3,25.9,0.3333
143413,Khách giá trị cao,0.2657,model,"Membership, ưu đãi đặc quyền, đặt vé sớm phim hot",113,3,11.26,0.6667
138674,Khách giá trị cao,0.2656,model,"Membership, ưu đãi đặc quyền, đặt vé sớm phim hot",115,3,13.6,0.3333
103311,Khách giá trị cao,0.2656,model,"Membership, ưu đãi đặc quyền, đặt vé sớm phim hot",123,5,37.04,0.2
137675,Khách giá trị cao,0.2655,model,"Membership, ưu đãi đặc quyền, đặt vé sớm phim hot",1,4,11.81,1.0
140746,Khách giá trị cao,0.2654,model,"Membership, ưu đãi đặc quyền, đặt vé sớm phim hot",89,4,26.85,0.5
132001,Khách giá trị cao,0.2651,model,"Membership, ưu đãi đặc quyền, đặt vé sớm phim hot",1,5,42.14,0.4
197545,Khách giá trị cao,0.265,model,"Membership, ưu đãi đặc quyền, đặt vé sớm phim hot",27,3,11.01,0.6667
125274,Khách giá trị cao,0.2644,model,"Membership, ưu đãi đặc quyền, đặt vé sớm phim hot",8,7,48.86,0.0
111191,Khách giá trị cao,0.2641,model,"Membership, ưu đãi đặc quyền, đặt vé sớm phim hot",1,4,71.09,0.75
145689,Khách giá trị cao,0.2639,model,"Membership, ưu đãi đặc quyền, đặt vé sớm phim hot",25,3,12.95,0.0
130418,Khách giá trị cao,0.2636,model,"Membership, ưu đãi đặc quyền, đặt vé sớm phim hot",38,4,50.06,0.25
119064,Khách giá trị cao,0.2632,model,"Membership, ưu đãi đặc quyền, đặt vé sớm phim hot",165,4,26.72,0.0
142711,Khách giá trị cao,0.2631,model,"Membership, ưu đãi đặc quyền, đặt vé sớm phim hot",8,4,48.79,0.25
121697,Khách giá trị cao,0.2628,model,"Membership, ưu đãi đặc quyền, đặt vé sớm phim hot",22,9,60.63,0.5556
195930,Khách giá trị cao,0.2622,model,"Membership, ưu đãi đặc quyền, đặt vé sớm phim hot",62,4,51.4,0.5
114209,Khách giá trị cao,0.2619,model,"Membership, ưu đãi đặc quyền, đặt vé sớm phim hot",65,3,15.72,0.0
166001,Khách nhạy khuyến mãi,0.2617,model,"Chuyển từ giảm giá trực tiếp sang tích điểm, voucher cá nhân hóa",86,2,17.65,0.5
152322,Khách giá trị cao,0.2605,model,"Membership, ưu đãi đặc quyền, đặt vé sớm phim hot",122,4,56.22,0.5
131364,Khách giá trị cao,0.2602,model,"Membership, ưu đãi đặc quyền, đặt vé sớm phim hot",90,4,31.88,0.25
147922,Khách giá trị cao,0.2595,model,"Membership, ưu đãi đặc quyền, đặt vé sớm phim hot",3,7,57.54,0.1429
137324,Khách giá trị cao,0.2594,model,"Membership, ưu đãi đặc quyền, đặt vé sớm phim hot",66,3,25.92,0.0
198428,Khách giá trị cao,0.259,model,"Membership, ưu đãi đặc quyền, đặt vé sớm phim hot",3,4,36.02,0.25
118025,Khách giá trị cao,0.259,model,"Membership, ưu đãi đặc quyền, đặt vé sớm phim hot",38,3,28.78,0.3333
173730,Khách giá trị cao,0.2589,model,"Membership, ưu đãi đặc quyền, đặt vé sớm phim hot",41,4,38.97,0.5
101654,Khách lâu chưa quay lại,0.2588,model,"Kéo lại bằng phim mới, voucher quay lại, thông báo cá nhân hóa",211,6,78.84,0.5
166652,Khách giá trị cao,0.2588,model,"Membership, ưu đãi đặc quyền, đặt vé sớm phim hot",77,6,84.5,0.0
176081,Khách giá trị cao,0.2586,model,"Membership, ưu đãi đặc quyền, đặt vé sớm phim hot",45,3,15.19,0.6667
141180,Khách giá trị cao,0.2584,model,"Membership, ưu đãi đặc quyền, đặt vé sớm phim hot",37,3,12.3,0.6667
168242,Khách giá trị cao,0.2583,model,"Membership, ưu đãi đặc quyền, đặt vé sớm phim hot",172,5,52.9,0.4
156481,Khách giá trị cao,0.2579,model,"Membership, ưu đãi đặc quyền, đặt vé sớm phim hot",8,3,52.71,0.0
112138,Khách giá trị cao,0.2579,model,"Membership, ưu đãi đặc quyền, đặt vé sớm phim hot",8,5,51.81,0.6
167484,Khách giá trị cao,0.2576,model,"Membership, ưu đãi đặc quyền, đặt vé sớm phim hot",37,3,12.16,0.6667
131912,Khách giá trị cao,0.256,model,"Membership, ưu đãi đặc quyền, đặt vé sớm phim hot",2,6,31.34,0.1667
171625,Khách giá trị cao,0.2558,model,"Membership, ưu đãi đặc quyền, đặt vé sớm phim hot",71,3,11.27,0.6667
183953,Khách giá trị cao,0.2557,model,"Membership, ưu đãi đặc quyền, đặt vé sớm phim hot",48,3,12.21,0.6667
222939,Khách giá trị cao,0.2551,model,"Membership, ưu đãi đặc quyền, đặt vé sớm phim hot",135,4,67.0,0.0
126294,Khách giá trị cao,0.2548,model,"Membership, ưu đãi đặc quyền, đặt vé sớm phim hot",1,7,93.27,0.4286
182823,Khách giá trị cao,0.2545,model,"Membership, ưu đãi đặc quyền, đặt vé sớm phim hot",24,3,29.45,0.0
164001,Khách giá trị cao,0.2541,model,"Membership, ưu đãi đặc quyền, đặt vé sớm phim hot",15,3,33.2,0.3333
167418,Khách giá trị cao,0.2534,model,"Membership, ưu đãi đặc quyền, đặt vé sớm phim hot",38,4,14.74,1.0
215254,Khách giá trị cao,0.2525,model,"Membership, ưu đãi đặc quyền, đặt vé sớm phim hot",25,3,11.5,0.0
151901,Khách giá trị cao,0.252,model,"Membership, ưu đãi đặc quyền, đặt vé sớm phim hot",64,3,10.86,0.3333
194934,Khách giá trị cao,0.2518,model,"Membership, ưu đãi đặc quyền, đặt vé sớm phim hot",35,3,13.61,0.0
123947,Khách giá trị cao,0.2518,model,"Membership, ưu đãi đặc quyền, đặt vé sớm phim hot",11,3,14.18,0.6667
163575,Khách giá trị cao,0.2517,model,"Membership, ưu đãi đặc quyền, đặt vé sớm phim hot",17,4,40.5,0.25
204959,Khách giá trị cao,0.2516,model,"Membership, ưu đãi đặc quyền, đặt vé sớm phim hot",27,3,12.58,0.3333
150962,Khách giá trị cao,0.2513,model,"Membership, ưu đãi đặc quyền, đặt vé sớm phim hot",63,3,64.79,0.0
183249,Khách giá trị cao,0.2513,model,"Membership, ưu đãi đặc quyền, đặt vé sớm phim hot",39,4,36.74,0.25
129027,Khách giá trị cao,0.2511,model,"Membership, ưu đãi đặc quyền, đặt vé sớm phim hot",13,6,23.15,0.1667
146742,Khách nhạy khuyến mãi,0.2511,model,"Chuyển từ giảm giá trực tiếp sang tích điểm, voucher cá nhân hóa",37,2,11.1,0.5
144338,Khách giá trị cao,0.2508,model,"Membership, ưu đãi đặc quyền, đặt vé sớm phim hot",60,3,15.23,0.3333
204528,Khách giá trị cao,0.2508,model,"Membership, ưu đãi đặc quyền, đặt vé sớm phim hot",64,3,12.59,0.0
139021,Khách giá trị cao,0.2507,model,"Membership, ưu đãi đặc quyền, đặt vé sớm phim hot",18,8,49.99,0.375
210988,Khách giá trị cao,0.2507,model,"Membership, ưu đãi đặc quyền, đặt vé sớm phim hot",167,5,31.72,0.2
128355,Khách giá trị cao,0.2506,model,"Membership, ưu đãi đặc quyền, đặt vé sớm phim hot",16,3,16.29,0.3333
172855,Khách giá trị cao,0.2506,model,"Membership, ưu đãi đặc quyền, đặt vé sớm phim hot",56,3,15.46,0.3333
149695,Khách nhạy khuyến mãi,0.2504,model,"Chuyển từ giảm giá trực tiếp sang tích điểm, voucher cá nhân hóa",7,2,17.69,0.5
129038,Khách giá trị cao,0.2503,model,"Membership, ưu đãi đặc quyền, đặt vé sớm phim hot",62,3,21.74,0.0
189706,Khách thường xuyên,0.2503,model,"Duy trì, không cần giảm giá sâu",71,2,25.98,0.0
112902,Khách giá trị cao,0.25,model,"Membership, ưu đãi đặc quyền, đặt vé sớm phim hot",79,3,13.41,0.6667
142296,Khách giá trị cao,0.25,model,"Membership, ưu đãi đặc quyền, đặt vé sớm phim hot",41,3,25.63,0.3333
100566,Khách giá trị cao,0.2498,model,"Membership, ưu đãi đặc quyền, đặt vé sớm phim hot",58,4,32.41,0.25
167166,Khách giá trị cao,0.2497,model,"Membership, ưu đãi đặc quyền, đặt vé sớm phim hot",0,3,15.01,0.0
182225,Khách giá trị cao,0.2494,model,"Membership, ưu đãi đặc quyền, đặt vé sớm phim hot",64,3,12.65,0.6667
203923,Khách giá trị cao,0.2492,model,"Membership, ưu đãi đặc quyền, đặt vé sớm phim hot",70,3,36.27,0.0
146700,Khách giá trị cao,0.2492,model,"Membership, ưu đãi đặc quyền, đặt vé sớm phim hot",109,4,97.08,0.25
109440,Khách giá trị cao,0.2488,model,"Membership, ưu đãi đặc quyền, đặt vé sớm phim hot",79,7,38.65,0.4286
110941,Khách giá trị cao,0.2488,model,"Membership, ưu đãi đặc quyền, đặt vé sớm phim hot",108,3,36.18,0.3333
112618,Khách giá trị cao,0.2485,model,"Membership, ưu đãi đặc quyền, đặt vé sớm phim hot",97,8,58.23,0.25
144163,Khách giá trị cao,0.2483,model,"Membership, ưu đãi đặc quyền, đặt vé sớm phim hot",9,4,66.52,0.0
154993,Khách giá trị cao,0.2478,model,"Membership, ưu đãi đặc quyền, đặt vé sớm phim hot",20,4,19.19,0.75
161286,Khách lâu chưa quay lại,0.2476,model,"Kéo lại bằng phim mới, voucher quay lại, thông báo cá nhân hóa",200,7,61.39,0.0
210652,Khách giá trị cao,0.2476,model,"Membership, ưu đãi đặc quyền, đặt vé sớm phim hot",65,4,36.14,0.25
220008,Khách giá trị cao,0.2476,model,"Membership, ưu đãi đặc quyền, đặt vé sớm phim hot",22,3,20.05,0.0
129165,Khách giá trị cao,0.2473,model,"Membership, ưu đãi đặc quyền, đặt vé sớm phim hot",50,5,44.21,0.8
120313,Khách giá trị cao,0.2471,model,"Membership, ưu đãi đặc quyền, đặt vé sớm phim hot",90,5,30.98,0.6
171205,Khách giá trị cao,0.247,model,"Membership, ưu đãi đặc quyền, đặt vé sớm phim hot",103,3,12.54,0.3333
202161,Khách giá trị cao,0.2463,model,"Membership, ưu đãi đặc quyền, đặt vé sớm phim hot",45,3,12.95,0.6667
222771,Khách giá trị cao,0.2461,model,"Membership, ưu đãi đặc quyền, đặt vé sớm phim hot",102,5,32.83,0.2
108886,Khách giá trị cao,0.2455,model,"Membership, ưu đãi đặc quyền, đặt vé sớm phim hot",0,3,32.38,0.3333
158506,Khách giá trị cao,0.2451,model,"Membership, ưu đãi đặc quyền, đặt vé sớm phim hot",170,4,60.75,0.5
154566,Khách giá trị cao,0.2448,model,"Membership, ưu đãi đặc quyền, đặt vé sớm phim hot",168,6,81.74,0.0
144819,Khách giá trị cao,0.2447,model,"Membership, ưu đãi đặc quyền, đặt vé sớm phim hot",50,5,44.42,0.8
150775,Khách lâu chưa quay lại,0.2443,model,"Kéo lại bằng phim mới, voucher quay lại, thông báo cá nhân hóa",188,3,13.07,0.0
192231,Khách giá trị cao,0.2441,model,"Membership, ưu đãi đặc quyền, đặt vé sớm phim hot",4,3,13.61,0.0
185228,Khách giá trị cao,0.2441,model,"Membership, ưu đãi đặc quyền, đặt vé sớm phim hot",14,4,34.56,0.75
101732,Khách giá trị cao,0.244,model,"Membership, ưu đãi đặc quyền, đặt vé sớm phim hot",7,3,55.92,0.6667
198863,Khách giá trị cao,0.2438,model,"Membership, ưu đãi đặc quyền, đặt vé sớm phim hot",85,4,27.72,0.5
195959,Khách giá trị cao,0.2438,model,"Membership, ưu đãi đặc quyền, đặt vé sớm phim hot",10,4,31.18,1.0
192018,Khách lâu chưa quay lại,0.2437,model,"Kéo lại bằng phim mới, voucher quay lại, thông báo cá nhân hóa",318,4,47.97,0.0
159629,Khách giá trị cao,0.2437,model,"Membership, ưu đãi đặc quyền, đặt vé sớm phim hot",0,6,35.38,0.6667
156536,Khách giá trị cao,0.2436,model,"Membership, ưu đãi đặc quyền, đặt vé sớm phim hot",174,3,60.78,0.0
202662,Khách giá trị cao,0.2433,model,"Membership, ưu đãi đặc quyền, đặt vé sớm phim hot",29,4,59.4,0.0
107388,Khách giá trị cao,0.2433,model,"Membership, ưu đãi đặc quyền, đặt vé sớm phim hot",40,5,32.29,0.4
161453,Khách giá trị cao,0.2432,model,"Membership, ưu đãi đặc quyền, đặt vé sớm phim hot",84,3,17.53,0.0
176896,Khách giá trị cao,0.2429,model,"Membership, ưu đãi đặc quyền, đặt vé sớm phim hot",8,4,54.36,0.25
171911,Khách giá trị cao,0.2428,model,"Membership, ưu đãi đặc quyền, đặt vé sớm phim hot",64,4,19.43,0.5
104772,Khách giá trị cao,0.2428,model,"Membership, ưu đãi đặc quyền, đặt vé sớm phim hot",115,3,52.48,0.3333
224844,Khách giá trị cao,0.2427,model,"Membership, ưu đãi đặc quyền, đặt vé sớm phim hot",81,3,13.95,0.6667
215718,Khách giá trị cao,0.2427,model,"Membership, ưu đãi đặc quyền, đặt vé sớm phim hot",27,3,8.17,0.6667
208505,Khách giá trị cao,0.2425,model,"Membership, ưu đãi đặc quyền, đặt vé sớm phim hot",2,3,23.6,0.0
105696,Khách giá trị cao,0.2424,model,"Membership, ưu đãi đặc quyền, đặt vé sớm phim hot",77,7,69.5,0.0
180470,Khách giá trị cao,0.2423,model,"Membership, ưu đãi đặc quyền, đặt vé sớm phim hot",153,3,10.27,0.3333
119191,Khách lâu chưa quay lại,0.242,model,"Kéo lại bằng phim mới, voucher quay lại, thông báo cá nhân hóa",288,8,88.21,0.0
194224,Khách giá trị cao,0.2419,model,"Membership, ưu đãi đặc quyền, đặt vé sớm phim hot",13,5,26.93,1.0
101377,Khách giá trị cao,0.2419,model,"Membership, ưu đãi đặc quyền, đặt vé sớm phim hot",30,4,17.49,1.0
146607,Khách nhạy khuyến mãi,0.2416,model,"Chuyển từ giảm giá trực tiếp sang tích điểm, voucher cá nhân hóa",32,2,7.43,0.5
134429,Khách giá trị cao,0.2414,model,"Membership, ưu đãi đặc quyền, đặt vé sớm phim hot",173,9,74.2,0.6667
160606,Khách giá trị cao,0.2413,model,"Membership, ưu đãi đặc quyền, đặt vé sớm phim hot",8,3,14.24,0.3333
137468,Khách giá trị cao,0.2413,model,"Membership, ưu đãi đặc quyền, đặt vé sớm phim hot",57,3,65.38,0.6667
101158,Khách giá trị cao,0.2412,model,"Membership, ưu đãi đặc quyền, đặt vé sớm phim hot",39,4,71.06,0.25
130848,Khách giá trị cao,0.2411,model,"Membership, ưu đãi đặc quyền, đặt vé sớm phim hot",44,5,60.02,0.0
104000,Khách giá trị cao,0.241,model,"Membership, ưu đãi đặc quyền, đặt vé sớm phim hot",89,5,59.72,0.4
120113,Khách giá trị cao,0.2408,model,"Membership, ưu đãi đặc quyền, đặt vé sớm phim hot",94,6,64.24,0.3333
168156,Khách giá trị cao,0.2408,model,"Membership, ưu đãi đặc quyền, đặt vé sớm phim hot",5,5,23.26,0.2
126905,Khách giá trị cao,0.2408,model,"Membership, ưu đãi đặc quyền, đặt vé sớm phim hot",0,4,61.21,0.5
143355,Khách giá trị cao,0.2406,model,"Membership, ưu đãi đặc quyền, đặt vé sớm phim hot",82,3,11.39,0.6667
122796,Khách giá trị cao,0.2404,model,"Membership, ưu đãi đặc quyền, đặt vé sớm phim hot",49,4,33.49,0.75
171632,Khách giá trị cao,0.2403,model,"Membership, ưu đãi đặc quyền, đặt vé sớm phim hot",89,3,52.06,0.0
114964,Khách giá trị cao,0.24,model,"Membership, ưu đãi đặc quyền, đặt vé sớm phim hot",112,3,11.27,0.6667
227476,Khách nhạy khuyến mãi,0.2394,model,"Chuyển từ giảm giá trực tiếp sang tích điểm, voucher cá nhân hóa",4,2,11.05,0.5
173721,Khách giá trị cao,0.2392,model,"Membership, ưu đãi đặc quyền, đặt vé sớm phim hot",129,3,56.39,0.0
176069,Khách giá trị cao,0.2391,model,"Membership, ưu đãi đặc quyền, đặt vé sớm phim hot",10,4,58.67,0.25
153419,Khách giá trị cao,0.239,model,"Membership, ưu đãi đặc quyền, đặt vé sớm phim hot",77,3,10.27,0.6667
215277,Khách giá trị cao,0.2385,model,"Membership, ưu đãi đặc quyền, đặt vé sớm phim hot",92,3,11.95,0.3333
152853,Khách lâu chưa quay lại,0.2384,model,"Kéo lại bằng phim mới, voucher quay lại, thông báo cá nhân hóa",290,3,54.56,0.0
214418,Khách giá trị cao,0.2383,model,"Membership, ưu đãi đặc quyền, đặt vé sớm phim hot",90,4,19.06,0.75
124829,Khách giá trị cao,0.2381,model,"Membership, ưu đãi đặc quyền, đặt vé sớm phim hot",13,6,36.28,0.5
215673,Khách giá trị cao,0.2378,model,"Membership, ưu đãi đặc quyền, đặt vé sớm phim hot",48,3,22.4,0.0
195581,Khách giá trị cao,0.2376,model,"Membership, ưu đãi đặc quyền, đặt vé sớm phim hot",42,3,26.48,0.6667
124793,Khách giá trị cao,0.2374,model,"Membership, ưu đãi đặc quyền, đặt vé sớm phim hot",136,7,39.53,0.7143
206423,Khách giá trị cao,0.2361,model,"Membership, ưu đãi đặc quyền, đặt vé sớm phim hot",6,3,15.25,0.0
155649,Khách giá trị cao,0.236,model,"Membership, ưu đãi đặc quyền, đặt vé sớm phim hot",145,4,35.51,0.5
161509,Khách giá trị cao,0.236,model,"Membership, ưu đãi đặc quyền, đặt vé sớm phim hot",44,4,20.26,0.75
160775,Khách giá trị cao,0.2359,model,"Membership, ưu đãi đặc quyền, đặt vé sớm phim hot",23,6,41.62,0.8333
116505,Khách giá trị cao,0.2358,model,"Membership, ưu đãi đặc quyền, đặt vé sớm phim hot",55,3,18.73,0.3333
207551,Khách giá trị cao,0.2356,model,"Membership, ưu đãi đặc quyền, đặt vé sớm phim hot",13,4,72.19,0.5
141566,Khách giá trị cao,0.2352,model,"Membership, ưu đãi đặc quyền, đặt vé sớm phim hot",172,8,113.51,0.125
203358,Khách giá trị cao,0.2352,model,"Membership, ưu đãi đặc quyền, đặt vé sớm phim hot",66,3,60.05,0.0
157282,Khách giá trị cao,0.2352,model,"Membership, ưu đãi đặc quyền, đặt vé sớm phim hot",134,4,53.62,0.75
134511,Khách giá trị cao,0.2351,model,"Membership, ưu đãi đặc quyền, đặt vé sớm phim hot",0,7,11.07,0.2857
124764,Khách lâu chưa quay lại,0.2348,model,"Kéo lại bằng phim mới, voucher quay lại, thông báo cá nhân hóa",184,4,21.45,0.0
103170,Khách lâu chưa quay lại,0.2346,model,"Kéo lại bằng phim mới, voucher quay lại, thông báo cá nhân hóa",267,8,76.44,0.625
197386,Khách giá trị cao,0.2345,model,"Membership, ưu đãi đặc quyền, đặt vé sớm phim hot",166,6,66.73,0.5
135706,Khách giá trị cao,0.2345,model,"Membership, ưu đãi đặc quyền, đặt vé sớm phim hot",6,5,68.95,0.6
190245,Khách giá trị cao,0.2343,model,"Membership, ưu đãi đặc quyền, đặt vé sớm phim hot",41,3,25.99,0.3333
163749,Khách giá trị cao,0.2336,model,"Membership, ưu đãi đặc quyền, đặt vé sớm phim hot",148,3,22.69,0.0
125296,Khách giá trị cao,0.2336,model,"Membership, ưu đãi đặc quyền, đặt vé sớm phim hot",117,3,52.62,0.6667
219410,Khách thường xuyên,0.2334,model,"Duy trì, không cần giảm giá sâu",27,2,15.22,0.0
137885,Khách giá trị cao,0.2334,model,"Membership, ưu đãi đặc quyền, đặt vé sớm phim hot",2,6,30.91,0.1667
208426,Khách giá trị cao,0.2333,model,"Membership, ưu đãi đặc quyền, đặt vé sớm phim hot",44,3,13.78,0.3333
101751,Khách giá trị cao,0.2326,model,"Membership, ưu đãi đặc quyền, đặt vé sớm phim hot",147,5,73.38,0.4
172639,Khách lâu chưa quay lại,0.2321,model,"Kéo lại bằng phim mới, voucher quay lại, thông báo cá nhân hóa",207,3,51.51,1.0
161865,Khách lâu chưa quay lại,0.232,model,"Kéo lại bằng phim mới, voucher quay lại, thông báo cá nhân hóa",311,4,34.6,0.0
174345,Khách giá trị cao,0.2319,model,"Membership, ưu đãi đặc quyền, đặt vé sớm phim hot",56,4,40.95,0.25
139279,Khách giá trị cao,0.2319,model,"Membership, ưu đãi đặc quyền, đặt vé sớm phim hot",86,3,40.09,0.3333
163258,Khách giá trị cao,0.2318,model,"Membership, ưu đãi đặc quyền, đặt vé sớm phim hot",166,3,56.17,0.3333
167617,Khách giá trị cao,0.2318,model,"Membership, ưu đãi đặc quyền, đặt vé sớm phim hot",164,3,53.45,0.3333
193014,Khách giá trị cao,0.2317,model,"Membership, ưu đãi đặc quyền, đặt vé sớm phim hot",80,3,26.48,0.6667
108884,Khách giá trị cao,0.2315,model,"Membership, ưu đãi đặc quyền, đặt vé sớm phim hot",85,5,27.39,0.6
105004,Khách giá trị cao,0.2315,model,"Membership, ưu đãi đặc quyền, đặt vé sớm phim hot",43,5,43.46,0.2
156238,Khách giá trị cao,0.2314,model,"Membership, ưu đãi đặc quyền, đặt vé sớm phim hot",79,7,98.44,0.4286
103763,Khách giá trị cao,0.2312,model,"Membership, ưu đãi đặc quyền, đặt vé sớm phim hot",8,6,62.31,0.3333
155033,Khách giá trị cao,0.2311,model,"Membership, ưu đãi đặc quyền, đặt vé sớm phim hot",15,6,44.68,0.5
139309,Khách giá trị cao,0.231,model,"Membership, ưu đãi đặc quyền, đặt vé sớm phim hot",5,4,29.99,0.5
217273,Khách giá trị cao,0.2309,model,"Membership, ưu đãi đặc quyền, đặt vé sớm phim hot",30,4,12.22,0.5
142488,Khách thường xuyên,0.2308,model,"Duy trì, không cần giảm giá sâu",22,2,11.13,0.0
154351,Khách giá trị cao,0.2307,model,"Membership, ưu đãi đặc quyền, đặt vé sớm phim hot",35,9,48.07,0.4444
167121,Khách lâu chưa quay lại,0.2306,model,"Kéo lại bằng phim mới, voucher quay lại, thông báo cá nhân hóa",217,4,25.56,0.0
115292,Khách giá trị cao,0.2306,model,"Membership, ưu đãi đặc quyền, đặt vé sớm phim hot",21,6,41.98,0.1667
112397,Khách giá trị cao,0.2304,model,"Membership, ưu đãi đặc quyền, đặt vé sớm phim hot",8,3,26.31,0.6667
225715,Khách giá trị cao,0.2304,model,"Membership, ưu đãi đặc quyền, đặt vé sớm phim hot",4,3,26.77,0.3333
132948,Khách giá trị cao,0.2301,model,"Membership, ưu đãi đặc quyền, đặt vé sớm phim hot",4,3,22.24,0.0
133158,Khách nhạy khuyến mãi,0.2298,model,"Chuyển từ giảm giá trực tiếp sang tích điểm, voucher cá nhân hóa",50,2,15.8,0.5
111126,Khách giá trị cao,0.2297,model,"Membership, ưu đãi đặc quyền, đặt vé sớm phim hot",84,3,14.11,0.6667
202820,Khách thường xuyên,0.2296,model,"Duy trì, không cần giảm giá sâu",0,2,11.26,0.0
135519,Khách giá trị cao,0.2296,model,"Membership, ưu đãi đặc quyền, đặt vé sớm phim hot",5,3,26.18,0.6667
187953,Khách giá trị cao,0.2295,model,"Membership, ưu đãi đặc quyền, đặt vé sớm phim hot",11,3,35.04,0.3333
140100,Khách giá trị cao,0.2294,model,"Membership, ưu đãi đặc quyền, đặt vé sớm phim hot",56,3,25.98,0.0
129171,Khách giá trị cao,0.2289,model,"Membership, ưu đãi đặc quyền, đặt vé sớm phim hot",56,4,49.2,0.5
196037,Khách giá trị cao,0.2289,model,"Membership, ưu đãi đặc quyền, đặt vé sớm phim hot",89,4,21.24,0.5
200946,Khách giá trị cao,0.2286,model,"Membership, ưu đãi đặc quyền, đặt vé sớm phim hot",80,3,59.5,0.0
173485,Khách giá trị cao,0.2284,model,"Membership, ưu đãi đặc quyền, đặt vé sớm phim hot",84,5,29.15,1.0
184159,Khách giá trị cao,0.2284,model,"Membership, ưu đãi đặc quyền, đặt vé sớm phim hot",28,4,32.09,1.0
125453,Khách lâu chưa quay lại,0.2283,model,"Kéo lại bằng phim mới, voucher quay lại, thông báo cá nhân hóa",1346,1,18.15,0.0
129435,Khách giá trị cao,0.2283,model,"Membership, ưu đãi đặc quyền, đặt vé sớm phim hot",15,3,26.1,0.6667
227055,Khách giá trị cao,0.2281,model,"Membership, ưu đãi đặc quyền, đặt vé sớm phim hot",131,3,13.62,0.0
101292,Khách giá trị cao,0.2278,model,"Membership, ưu đãi đặc quyền, đặt vé sớm phim hot",10,5,34.12,0.8
128346,Khách giá trị cao,0.2277,model,"Membership, ưu đãi đặc quyền, đặt vé sớm phim hot",120,4,18.73,0.25
118258,Khách giá trị cao,0.2276,model,"Membership, ưu đãi đặc quyền, đặt vé sớm phim hot",168,7,56.17,0.2857
112812,Khách giá trị cao,0.2276,model,"Membership, ưu đãi đặc quyền, đặt vé sớm phim hot",1,7,74.69,0.4286
212788,Khách nhạy khuyến mãi,0.2275,model,"Chuyển từ giảm giá trực tiếp sang tích điểm, voucher cá nhân hóa",85,2,20.05,0.5
142744,Khách lâu chưa quay lại,0.2275,model,"Kéo lại bằng phim mới, voucher quay lại, thông báo cá nhân hóa",250,4,44.16,0.0
149772,Khách lâu chưa quay lại,0.2273,model,"Kéo lại bằng phim mới, voucher quay lại, thông báo cá nhân hóa",270,6,36.29,0.0
115599,Khách lâu chưa quay lại,0.2272,model,"Kéo lại bằng phim mới, voucher quay lại, thông báo cá nhân hóa",191,4,17.9,1.0
117491,Khách giá trị cao,0.2271,model,"Membership, ưu đãi đặc quyền, đặt vé sớm phim hot",73,3,11.39,0.6667
171779,Khách giá trị cao,0.227,model,"Membership, ưu đãi đặc quyền, đặt vé sớm phim hot",58,5,41.29,0.2
143935,Khách giá trị cao,0.2269,model,"Membership, ưu đãi đặc quyền, đặt vé sớm phim hot",2,4,29.7,0.5
166343,Khách giá trị cao,0.2268,model,"Membership, ưu đãi đặc quyền, đặt vé sớm phim hot",9,4,26.56,0.5
105251,Khách lâu chưa quay lại,0.2268,model,"Kéo lại bằng phim mới, voucher quay lại, thông báo cá nhân hóa",263,3,36.31,0.0
225961,Khách giá trị cao,0.2267,model,"Membership, ưu đãi đặc quyền, đặt vé sớm phim hot",82,3,12.88,0.0
132108,Khách giá trị cao,0.2266,model,"Membership, ưu đãi đặc quyền, đặt vé sớm phim hot",83,6,150.1,0.3333
107532,Khách thường xuyên,0.2261,model,"Duy trì, không cần giảm giá sâu",26,2,25.9,0.0
178908,Khách giá trị cao,0.2258,model,"Membership, ưu đãi đặc quyền, đặt vé sớm phim hot",51,3,13.36,0.6667
123869,Khách thường xuyên,0.2256,model,"Duy trì, không cần giảm giá sâu",59,2,14.91,0.0
217855,Khách giá trị cao,0.2253,model,"Membership, ưu đãi đặc quyền, đặt vé sớm phim hot",3,3,12.3,1.0
136443,Khách lâu chưa quay lại,0.2253,model,"Kéo lại bằng phim mới, voucher quay lại, thông báo cá nhân hóa",246,5,70.78,0.2
180513,Khách giá trị cao,0.2251,model,"Membership, ưu đãi đặc quyền, đặt vé sớm phim hot",84,3,15.39,0.6667
152777,Khách nhạy khuyến mãi,0.2247,model,"Chuyển từ giảm giá trực tiếp sang tích điểm, voucher cá nhân hóa",67,2,15.55,0.5
169857,Khách giá trị cao,0.2246,model,"Membership, ưu đãi đặc quyền, đặt vé sớm phim hot",89,3,34.15,0.3333
109899,Khách giá trị cao,0.2245,model,"Membership, ưu đãi đặc quyền, đặt vé sớm phim hot",71,3,55.03,0.0
141200,Khách giá trị cao,0.2244,model,"Membership, ưu đãi đặc quyền, đặt vé sớm phim hot",0,3,103.13,0.6667
105771,Khách lâu chưa quay lại,0.2244,model,"Kéo lại bằng phim mới, voucher quay lại, thông báo cá nhân hóa",204,7,20.96,0.2857
153752,Khách nhạy khuyến mãi,0.2243,model,"Chuyển từ giảm giá trực tiếp sang tích điểm, voucher cá nhân hóa",11,2,17.61,0.5
127719,Khách nhạy khuyến mãi,0.2242,model,"Chuyển từ giảm giá trực tiếp sang tích điểm, voucher cá nhân hóa",9,2,17.28,0.5
107107,Khách giá trị cao,0.2239,model,"Membership, ưu đãi đặc quyền, đặt vé sớm phim hot",67,6,39.08,0.1667
140050,Khách giá trị cao,0.2238,model,"Membership, ưu đãi đặc quyền, đặt vé sớm phim hot",129,8,93.04,0.375
112051,Khách giá trị cao,0.2237,model,"Membership, ưu đãi đặc quyền, đặt vé sớm phim hot",62,3,16.33,0.3333
191861,Khách giá trị cao,0.2237,model,"Membership, ưu đãi đặc quyền, đặt vé sớm phim hot",50,3,30.65,0.3333
117061,Khách thường xuyên,0.2232,model,"Duy trì, không cần giảm giá sâu",43,2,13.19,0.0
203476,Khách giá trị cao,0.223,model,"Membership, ưu đãi đặc quyền, đặt vé sớm phim hot",43,3,32.39,0.3333
150183,Khách giá trị cao,0.223,model,"Membership, ưu đãi đặc quyền, đặt vé sớm phim hot",81,4,29.45,0.0
107021,Khách giá trị cao,0.2229,model,"Membership, ưu đãi đặc quyền, đặt vé sớm phim hot",153,3,13.57,0.3333
147967,Khách giá trị cao,0.2226,model,"Membership, ưu đãi đặc quyền, đặt vé sớm phim hot",71,5,38.11,0.0
104127,Khách giá trị cao,0.2226,model,"Membership, ưu đãi đặc quyền, đặt vé sớm phim hot",164,6,40.38,0.1667
100605,Khách giá trị cao,0.2224,model,"Membership, ưu đãi đặc quyền, đặt vé sớm phim hot",14,8,42.4,0.25
123703,Khách lâu chưa quay lại,0.2223,model,"Kéo lại bằng phim mới, voucher quay lại, thông báo cá nhân hóa",254,4,28.21,0.25
125314,Khách giá trị cao,0.2221,model,"Membership, ưu đãi đặc quyền, đặt vé sớm phim hot",65,3,12.79,1.0
150385,Khách lâu chưa quay lại,0.2218,model,"Kéo lại bằng phim mới, voucher quay lại, thông báo cá nhân hóa",191,7,59.22,0.5714
119439,Khách giá trị cao,0.2216,model,"Membership, ưu đãi đặc quyền, đặt vé sớm phim hot",93,5,26.68,0.6
124351,Khách lâu chưa quay lại,0.2216,model,"Kéo lại bằng phim mới, voucher quay lại, thông báo cá nhân hóa",201,4,17.15,0.75
222602,Khách thường xuyên,0.2215,model,"Duy trì, không cần giảm giá sâu",37,2,10.32,0.0
189347,Khách giá trị cao,0.2214,model,"Membership, ưu đãi đặc quyền, đặt vé sớm phim hot",38,3,16.0,0.3333
167292,Khách giá trị cao,0.2213,model,"Membership, ưu đãi đặc quyền, đặt vé sớm phim hot",98,4,56.21,0.75
152879,Khách giá trị cao,0.2213,model,"Membership, ưu đãi đặc quyền, đặt vé sớm phim hot",49,3,16.66,0.0
154128,Khách giá trị cao,0.2206,model,"Membership, ưu đãi đặc quyền, đặt vé sớm phim hot",42,3,56.26,0.6667
135686,Khách giá trị cao,0.2203,model,"Membership, ưu đãi đặc quyền, đặt vé sớm phim hot",90,3,14.43,0.0
112867,Khách giá trị cao,0.2201,model,"Membership, ưu đãi đặc quyền, đặt vé sớm phim hot",2,4,77.6,0.25
116430,Khách giá trị cao,0.22,model,"Membership, ưu đãi đặc quyền, đặt vé sớm phim hot",43,5,28.27,1.0
107727,Khách giá trị cao,0.2199,model,"Membership, ưu đãi đặc quyền, đặt vé sớm phim hot",43,3,41.62,0.3333
124132,Khách giá trị cao,0.2198,model,"Membership, ưu đãi đặc quyền, đặt vé sớm phim hot",9,3,31.3,0.6667
139011,Khách giá trị cao,0.2198,model,"Membership, ưu đãi đặc quyền, đặt vé sớm phim hot",55,3,17.65,0.6667
216346,Khách giá trị cao,0.2198,model,"Membership, ưu đãi đặc quyền, đặt vé sớm phim hot",1,3,60.29,0.3333
101308,Khách giá trị cao,0.2198,model,"Membership, ưu đãi đặc quyền, đặt vé sớm phim hot",4,3,12.71,0.3333
167980,Khách giá trị cao,0.2198,model,"Membership, ưu đãi đặc quyền, đặt vé sớm phim hot",30,3,7.67,0.3333
192893,Khách nhạy khuyến mãi,0.2198,model,"Chuyển từ giảm giá trực tiếp sang tích điểm, voucher cá nhân hóa",90,2,25.49,0.5
156319,Khách lâu chưa quay lại,0.2196,model,"Kéo lại bằng phim mới, voucher quay lại, thông báo cá nhân hóa",315,6,80.37,0.3333
124409,Khách lâu chưa quay lại,0.2194,model,"Kéo lại bằng phim mới, voucher quay lại, thông báo cá nhân hóa",310,6,77.82,0.1667
172649,Khách giá trị cao,0.2194,model,"Membership, ưu đãi đặc quyền, đặt vé sớm phim hot",3,3,47.88,0.3333
181943,Khách giá trị cao,0.2194,model,"Membership, ưu đãi đặc quyền, đặt vé sớm phim hot",43,4,31.25,0.5
106666,Khách giá trị cao,0.2191,model,"Membership, ưu đãi đặc quyền, đặt vé sớm phim hot",50,3,26.6,0.6667
107282,Khách giá trị cao,0.219,model,"Membership, ưu đãi đặc quyền, đặt vé sớm phim hot",114,5,28.95,0.8
133031,Khách giá trị cao,0.2189,model,"Membership, ưu đãi đặc quyền, đặt vé sớm phim hot",101,3,37.62,0.0
103046,Khách lâu chưa quay lại,0.2189,model,"Kéo lại bằng phim mới, voucher quay lại, thông báo cá nhân hóa",233,3,7.3,0.0
173820,Khách giá trị cao,0.2188,model,"Membership, ưu đãi đặc quyền, đặt vé sớm phim hot",2,3,17.49,0.3333
161931,Khách giá trị cao,0.2186,model,"Membership, ưu đãi đặc quyền, đặt vé sớm phim hot",71,5,42.55,0.4
101097,Khách giá trị cao,0.2185,model,"Membership, ưu đãi đặc quyền, đặt vé sớm phim hot",89,3,12.54,0.3333
118187,Khách giá trị cao,0.2185,model,"Membership, ưu đãi đặc quyền, đặt vé sớm phim hot",82,8,51.39,0.75
163243,Khách giá trị cao,0.2183,model,"Membership, ưu đãi đặc quyền, đặt vé sớm phim hot",170,3,17.53,0.3333
165817,Khách giá trị cao,0.2183,model,"Membership, ưu đãi đặc quyền, đặt vé sớm phim hot",42,6,30.93,1.0
166326,Khách giá trị cao,0.2183,model,"Membership, ưu đãi đặc quyền, đặt vé sớm phim hot",154,7,58.67,0.2857
199959,Khách giá trị cao,0.2183,model,"Membership, ưu đãi đặc quyền, đặt vé sớm phim hot",125,3,9.2,0.3333
113231,Khách giá trị cao,0.2182,model,"Membership, ưu đãi đặc quyền, đặt vé sớm phim hot",55,4,47.38,0.5
149656,Khách giá trị cao,0.218,model,"Membership, ưu đãi đặc quyền, đặt vé sớm phim hot",6,8,52.8,0.25
129734,Khách giá trị cao,0.2179,model,"Membership, ưu đãi đặc quyền, đặt vé sớm phim hot",112,3,15.8,0.3333
167162,Khách giá trị cao,0.2179,model,"Membership, ưu đãi đặc quyền, đặt vé sớm phim hot",106,9,59.04,0.5556
183349,Khách giá trị cao,0.2177,model,"Membership, ưu đãi đặc quyền, đặt vé sớm phim hot",116,3,8.96,0.6667
217157,Khách giá trị cao,0.2176,model,"Membership, ưu đãi đặc quyền, đặt vé sớm phim hot",117,5,44.84,0.2
141581,Khách giá trị cao,0.2175,model,"Membership, ưu đãi đặc quyền, đặt vé sớm phim hot",70,4,23.22,0.25
135664,Khách giá trị cao,0.2174,model,"Membership, ưu đãi đặc quyền, đặt vé sớm phim hot",136,6,44.85,0.6667
208052,Khách lâu chưa quay lại,0.2174,model,"Kéo lại bằng phim mới, voucher quay lại, thông báo cá nhân hóa",319,4,23.84,0.0
108470,Khách giá trị cao,0.2173,model,"Membership, ưu đãi đặc quyền, đặt vé sớm phim hot",58,6,45.73,0.8333
115870,Khách giá trị cao,0.2172,model,"Membership, ưu đãi đặc quyền, đặt vé sớm phim hot",62,3,35.77,0.0
116482,Khách nhạy khuyến mãi,0.2171,model,"Chuyển từ giảm giá trực tiếp sang tích điểm, voucher cá nhân hóa",55,2,17.69,0.5
172173,Khách giá trị cao,0.217,model,"Membership, ưu đãi đặc quyền, đặt vé sớm phim hot",69,5,96.47,0.2
156785,Khách thường xuyên,0.217,model,"Duy trì, không cần giảm giá sâu",52,2,15.54,0.0
101270,Khách giá trị cao,0.2166,model,"Membership, ưu đãi đặc quyền, đặt vé sớm phim hot",175,3,35.51,0.3333
127364,Khách giá trị cao,0.2163,model,"Membership, ưu đãi đặc quyền, đặt vé sớm phim hot",97,3,12.86,1.0
181612,Khách lâu chưa quay lại,0.2162,model,"Kéo lại bằng phim mới, voucher quay lại, thông báo cá nhân hóa",196,4,54.98,0.25
195149,Khách giá trị cao,0.2162,model,"Membership, ưu đãi đặc quyền, đặt vé sớm phim hot",2,5,38.31,0.2
209033,Khách giá trị cao,0.2162,model,"Membership, ưu đãi đặc quyền, đặt vé sớm phim hot",64,3,13.19,0.6667
102059,Khách giá trị cao,0.2161,model,"Membership, ưu đãi đặc quyền, đặt vé sớm phim hot",12,4,31.11,0.75
196408,Khách giá trị cao,0.216,model,"Membership, ưu đãi đặc quyền, đặt vé sớm phim hot",85,3,13.78,0.3333
106866,Khách giá trị cao,0.2159,model,"Membership, ưu đãi đặc quyền, đặt vé sớm phim hot",98,4,67.85,0.75
153171,Khách giá trị cao,0.2159,model,"Membership, ưu đãi đặc quyền, đặt vé sớm phim hot",7,3,26.23,0.6667
120605,Khách nhạy khuyến mãi,0.2158,model,"Chuyển từ giảm giá trực tiếp sang tích điểm, voucher cá nhân hóa",66,2,15.97,0.5
150329,Khách lâu chưa quay lại,0.2155,model,"Kéo lại bằng phim mới, voucher quay lại, thông báo cá nhân hóa",165,2,13.73,0.0
100470,Khách giá trị cao,0.2155,model,"Membership, ưu đãi đặc quyền, đặt vé sớm phim hot",0,4,34.85,0.25
207597,Khách giá trị cao,0.2155,model,"Membership, ưu đãi đặc quyền, đặt vé sớm phim hot",46,3,52.92,0.3333
190299,Khách lâu chưa quay lại,0.2152,model,"Kéo lại bằng phim mới, voucher quay lại, thông báo cá nhân hóa",193,5,70.64,0.0
126225,Khách giá trị cao,0.215,model,"Membership, ưu đãi đặc quyền, đặt vé sớm phim hot",103,6,47.63,0.1667
142892,Khách thường xuyên,0.215,model,"Duy trì, không cần giảm giá sâu",60,2,15.13,0.0
103892,Khách giá trị cao,0.2149,model,"Membership, ưu đãi đặc quyền, đặt vé sớm phim hot",24,4,37.85,0.25
106207,Khách giá trị cao,0.2148,model,"Membership, ưu đãi đặc quyền, đặt vé sớm phim hot",168,9,84.35,0.3333
107919,Khách giá trị cao,0.2147,model,"Membership, ưu đãi đặc quyền, đặt vé sớm phim hot",98,3,11.89,1.0
123229,Khách lâu chưa quay lại,0.2147,model,"Kéo lại bằng phim mới, voucher quay lại, thông báo cá nhân hóa",265,2,26.43,0.5
165169,Khách giá trị cao,0.2146,model,"Membership, ưu đãi đặc quyền, đặt vé sớm phim hot",4,3,34.11,0.6667
119708,Khách giá trị cao,0.2145,model,"Membership, ưu đãi đặc quyền, đặt vé sớm phim hot",65,3,30.51,0.0
172652,Khách giá trị cao,0.2145,model,"Membership, ưu đãi đặc quyền, đặt vé sớm phim hot",77,4,48.75,0.0
219361,Khách giá trị cao,0.2145,model,"Membership, ưu đãi đặc quyền, đặt vé sớm phim hot",1,4,39.93,0.5
204441,Khách giá trị cao,0.2144,model,"Membership, ưu đãi đặc quyền, đặt vé sớm phim hot",47,5,21.85,1.0
187909,Khách lâu chưa quay lại,0.2143,model,"Kéo lại bằng phim mới, voucher quay lại, thông báo cá nhân hóa",100,2,16.82,0.0
140010,Khách giá trị cao,0.2142,model,"Membership, ưu đãi đặc quyền, đặt vé sớm phim hot",30,4,40.47,0.25
166007,Khách giá trị cao,0.2142,model,"Membership, ưu đãi đặc quyền, đặt vé sớm phim hot",85,4,17.21,1.0
127143,Khách lâu chưa quay lại,0.2141,model,"Kéo lại bằng phim mới, voucher quay lại, thông báo cá nhân hóa",234,3,28.41,0.0
140804,Khách giá trị cao,0.214,model,"Membership, ưu đãi đặc quyền, đặt vé sớm phim hot",49,5,33.11,0.0
154197,Khách giá trị cao,0.214,model,"Membership, ưu đãi đặc quyền, đặt vé sớm phim hot",43,3,8.55,0.6667
105435,Khách giá trị cao,0.2139,model,"Membership, ưu đãi đặc quyền, đặt vé sớm phim hot",54,4,50.54,0.0
137386,Khách giá trị cao,0.2136,model,"Membership, ưu đãi đặc quyền, đặt vé sớm phim hot",92,7,58.11,0.2857
150719,Khách nhạy khuyến mãi,0.2134,model,"Chuyển từ giảm giá trực tiếp sang tích điểm, voucher cá nhân hóa",82,2,13.12,0.5
211427,Khách giá trị cao,0.2133,model,"Membership, ưu đãi đặc quyền, đặt vé sớm phim hot",67,4,38.01,0.0
108377,Khách nhạy khuyến mãi,0.2132,model,"Chuyển từ giảm giá trực tiếp sang tích điểm, voucher cá nhân hóa",46,2,8.95,0.5
123277,Khách giá trị cao,0.2131,model,"Membership, ưu đãi đặc quyền, đặt vé sớm phim hot",90,3,17.86,0.3333
222689,Khách lâu chưa quay lại,0.2129,model,"Kéo lại bằng phim mới, voucher quay lại, thông báo cá nhân hóa",193,2,17.62,0.5
116623,Khách giá trị cao,0.2126,model,"Membership, ưu đãi đặc quyền, đặt vé sớm phim hot",24,3,17.3,0.3333
121815,Khách giá trị cao,0.2126,model,"Membership, ưu đãi đặc quyền, đặt vé sớm phim hot",175,24,125.56,0.4167
103875,Khách lâu chưa quay lại,0.2125,model,"Kéo lại bằng phim mới, voucher quay lại, thông báo cá nhân hóa",650,3,63.76,0.0
205933,Khách lâu chưa quay lại,0.2125,model,"Kéo lại bằng phim mới, voucher quay lại, thông báo cá nhân hóa",190,3,47.19,0.0
127565,Khách giá trị cao,0.2125,model,"Membership, ưu đãi đặc quyền, đặt vé sớm phim hot",58,7,35.05,0.8571
132910,Khách giá trị cao,0.2124,model,"Membership, ưu đãi đặc quyền, đặt vé sớm phim hot",9,3,20.94,0.3333
124625,Khách giá trị cao,0.2122,model,"Membership, ưu đãi đặc quyền, đặt vé sớm phim hot",126,6,61.08,0.5
197873,Khách giá trị cao,0.2121,model,"Membership, ưu đãi đặc quyền, đặt vé sớm phim hot",100,3,36.46,0.3333
125006,Khách giá trị cao,0.2121,model,"Membership, ưu đãi đặc quyền, đặt vé sớm phim hot",135,6,34.97,0.6667
135629,Khách thường xuyên,0.212,model,"Duy trì, không cần giảm giá sâu",79,1,10.72,0.0
126813,Khách lâu chưa quay lại,0.212,model,"Kéo lại bằng phim mới, voucher quay lại, thông báo cá nhân hóa",198,3,47.92,0.3333
172381,Khách giá trị cao,0.212,model,"Membership, ưu đãi đặc quyền, đặt vé sớm phim hot",149,3,11.31,0.6667
100257,Khách giá trị cao,0.2119,model,"Membership, ưu đãi đặc quyền, đặt vé sớm phim hot",43,4,52.09,0.5
149484,Khách giá trị cao,0.2116,model,"Membership, ưu đãi đặc quyền, đặt vé sớm phim hot",43,3,14.39,0.6667
137548,Khách giá trị cao,0.2115,model,"Membership, ưu đãi đặc quyền, đặt vé sớm phim hot",97,3,46.25,0.0
129392,Khách lâu chưa quay lại,0.2114,model,"Kéo lại bằng phim mới, voucher quay lại, thông báo cá nhân hóa",267,5,30.1,1.0
133974,Khách giá trị cao,0.2114,model,"Membership, ưu đãi đặc quyền, đặt vé sớm phim hot",27,3,29.11,0.0
215479,Khách giá trị cao,0.2113,model,"Membership, ưu đãi đặc quyền, đặt vé sớm phim hot",56,4,39.23,0.25
200821,Khách nhạy khuyến mãi,0.2113,model,"Chuyển từ giảm giá trực tiếp sang tích điểm, voucher cá nhân hóa",33,2,12.99,0.5
208820,Khách thường xuyên,0.2112,model,"Duy trì, không cần giảm giá sâu",3,2,16.37,0.0
183512,Khách giá trị cao,0.2112,model,"Membership, ưu đãi đặc quyền, đặt vé sớm phim hot",93,5,51.63,0.4
137561,Khách giá trị cao,0.2112,model,"Membership, ưu đãi đặc quyền, đặt vé sớm phim hot",91,3,16.91,0.0
210531,Khách giá trị cao,0.2111,model,"Membership, ưu đãi đặc quyền, đặt vé sớm phim hot",53,3,26.18,0.3333
130568,Khách giá trị cao,0.211,model,"Membership, ưu đãi đặc quyền, đặt vé sớm phim hot",41,3,8.58,0.3333
125870,Khách giá trị cao,0.211,model,"Membership, ưu đãi đặc quyền, đặt vé sớm phim hot",63,3,50.48,0.3333
109564,Khách giá trị cao,0.2107,model,"Membership, ưu đãi đặc quyền, đặt vé sớm phim hot",50,3,8.55,1.0
138433,Khách giá trị cao,0.2105,model,"Membership, ưu đãi đặc quyền, đặt vé sớm phim hot",39,3,18.4,0.0
109093,Khách giá trị cao,0.2105,model,"Membership, ưu đãi đặc quyền, đặt vé sớm phim hot",89,5,29.61,0.4
161821,Khách lâu chưa quay lại,0.2102,model,"Kéo lại bằng phim mới, voucher quay lại, thông báo cá nhân hóa",199,6,45.07,0.6667
199849,Khách giá trị cao,0.2101,model,"Membership, ưu đãi đặc quyền, đặt vé sớm phim hot",13,3,26.6,0.6667
154353,Khách thường xuyên,0.21,model,"Duy trì, không cần giảm giá sâu",88,2,13.37,0.0
149906,Khách giá trị cao,0.21,model,"Membership, ưu đãi đặc quyền, đặt vé sớm phim hot",51,3,15.26,0.3333
195289,Khách giá trị cao,0.2098,model,"Membership, ưu đãi đặc quyền, đặt vé sớm phim hot",168,4,33.07,0.5
126980,Khách lâu chưa quay lại,0.2097,model,"Kéo lại bằng phim mới, voucher quay lại, thông báo cá nhân hóa",239,3,54.13,0.6667
200017,Khách giá trị cao,0.2096,model,"Membership, ưu đãi đặc quyền, đặt vé sớm phim hot",8,3,30.2,0.3333
128729,Khách giá trị cao,0.2096,model,"Membership, ưu đãi đặc quyền, đặt vé sớm phim hot",4,4,44.9,0.5
101453,Khách giá trị cao,0.2095,model,"Membership, ưu đãi đặc quyền, đặt vé sớm phim hot",6,3,10.85,0.6667
185523,Khách lâu chưa quay lại,0.2095,model,"Kéo lại bằng phim mới, voucher quay lại, thông báo cá nhân hóa",220,4,22.23,0.25
100709,Khách lâu chưa quay lại,0.2095,model,"Kéo lại bằng phim mới, voucher quay lại, thông báo cá nhân hóa",210,5,37.81,0.4
146693,Khách lâu chưa quay lại,0.2095,model,"Kéo lại bằng phim mới, voucher quay lại, thông báo cá nhân hóa",356,5,65.27,0.4
126817,Khách giá trị cao,0.2094,model,"Membership, ưu đãi đặc quyền, đặt vé sớm phim hot",91,3,16.12,0.6667
146614,Khách lâu chưa quay lại,0.2094,model,"Kéo lại bằng phim mới, voucher quay lại, thông báo cá nhân hóa",92,2,14.11,0.5
103519,Khách lâu chưa quay lại,0.2093,model,"Kéo lại bằng phim mới, voucher quay lại, thông báo cá nhân hóa",212,16,80.91,0.375
119800,Khách thường xuyên,0.2093,model,"Duy trì, không cần giảm giá sâu",64,2,17.69,0.0
113272,Khách nhạy khuyến mãi,0.2093,model,"Chuyển từ giảm giá trực tiếp sang tích điểm, voucher cá nhân hóa",39,2,10.68,0.5
147165,Khách lâu chưa quay lại,0.2092,model,"Kéo lại bằng phim mới, voucher quay lại, thông báo cá nhân hóa",190,5,35.33,0.6
117514,Khách giá trị cao,0.2091,model,"Membership, ưu đãi đặc quyền, đặt vé sớm phim hot",25,3,13.08,0.6667
189397,Khách giá trị cao,0.209,model,"Membership, ưu đãi đặc quyền, đặt vé sớm phim hot",55,3,21.36,0.0
105350,Khách giá trị cao,0.2087,model,"Membership, ưu đãi đặc quyền, đặt vé sớm phim hot",4,5,18.2,0.4
221716,Khách giá trị cao,0.2087,model,"Membership, ưu đãi đặc quyền, đặt vé sớm phim hot",140,3,46.22,0.3333
118676,Khách giá trị cao,0.2086,model,"Membership, ưu đãi đặc quyền, đặt vé sớm phim hot",165,5,58.38,0.2
122005,Khách giá trị cao,0.2086,model,"Membership, ưu đãi đặc quyền, đặt vé sớm phim hot",48,4,43.12,0.25
163048,Khách nhạy khuyến mãi,0.2085,model,"Chuyển từ giảm giá trực tiếp sang tích điểm, voucher cá nhân hóa",30,2,10.47,0.5
156975,Khách lâu chưa quay lại,0.2085,model,"Kéo lại bằng phim mới, voucher quay lại, thông báo cá nhân hóa",220,3,76.45,0.6667
168873,Khách giá trị cao,0.2085,model,"Membership, ưu đãi đặc quyền, đặt vé sớm phim hot",10,3,51.92,0.3333
148428,Khách lâu chưa quay lại,0.2083,model,"Kéo lại bằng phim mới, voucher quay lại, thông báo cá nhân hóa",131,2,17.41,0.0
181331,Khách giá trị cao,0.2082,model,"Membership, ưu đãi đặc quyền, đặt vé sớm phim hot",93,3,17.3,0.0
135177,Khách giá trị cao,0.2081,model,"Membership, ưu đãi đặc quyền, đặt vé sớm phim hot",154,4,76.5,0.75
214955,Khách giá trị cao,0.2081,model,"Membership, ưu đãi đặc quyền, đặt vé sớm phim hot",38,3,13.78,0.3333
213884,Khách giá trị cao,0.2081,model,"Membership, ưu đãi đặc quyền, đặt vé sớm phim hot",60,3,20.74,0.0
116271,Khách giá trị cao,0.208,model,"Membership, ưu đãi đặc quyền, đặt vé sớm phim hot",170,4,22.88,0.75
131037,Khách thường xuyên,0.2079,model,"Duy trì, không cần giảm giá sâu",13,2,17.45,0.0
125112,Khách giá trị cao,0.2079,model,"Membership, ưu đãi đặc quyền, đặt vé sớm phim hot",78,4,31.43,0.5
224563,Khách giá trị cao,0.2079,model,"Membership, ưu đãi đặc quyền, đặt vé sớm phim hot",41,3,13.78,0.6667
209320,Khách giá trị cao,0.2079,model,"Membership, ưu đãi đặc quyền, đặt vé sớm phim hot",60,4,43.78,0.75
225680,Khách giá trị cao,0.2076,model,"Membership, ưu đãi đặc quyền, đặt vé sớm phim hot",50,3,27.8,0.3333
105344,Khách giá trị cao,0.2076,model,"Membership, ưu đãi đặc quyền, đặt vé sớm phim hot",1,3,50.14,0.0
166578,Khách giá trị cao,0.2074,model,"Membership, ưu đãi đặc quyền, đặt vé sớm phim hot",132,3,36.62,0.3333
217857,Khách giá trị cao,0.2072,model,"Membership, ưu đãi đặc quyền, đặt vé sớm phim hot",16,3,20.99,0.0
125125,Khách giá trị cao,0.2072,model,"Membership, ưu đãi đặc quyền, đặt vé sớm phim hot",46,9,123.75,0.5556
193732,Khách giá trị cao,0.207,model,"Membership, ưu đãi đặc quyền, đặt vé sớm phim hot",13,3,32.5,0.0
106291,Khách giá trị cao,0.2069,model,"Membership, ưu đãi đặc quyền, đặt vé sớm phim hot",1,4,17.15,1.0
155760,Khách thường xuyên,0.2068,model,"Duy trì, không cần giảm giá sâu",88,2,17.16,0.0
113123,Khách giá trị cao,0.2068,model,"Membership, ưu đãi đặc quyền, đặt vé sớm phim hot",63,4,23.88,0.75
192259,Khách giá trị cao,0.2067,model,"Membership, ưu đãi đặc quyền, đặt vé sớm phim hot",85,3,21.07,0.6667
154803,Khách giá trị cao,0.2067,model,"Membership, ưu đãi đặc quyền, đặt vé sớm phim hot",55,3,11.84,0.6667
121172,Khách giá trị cao,0.2067,model,"Membership, ưu đãi đặc quyền, đặt vé sớm phim hot",101,3,16.91,0.0
146351,Khách giá trị cao,0.2066,model,"Membership, ưu đãi đặc quyền, đặt vé sớm phim hot",118,6,46.69,0.0
202287,Khách giá trị cao,0.2066,model,"Membership, ưu đãi đặc quyền, đặt vé sớm phim hot",60,3,27.93,0.6667
127382,Khách giá trị cao,0.2065,model,"Membership, ưu đãi đặc quyền, đặt vé sớm phim hot",45,3,25.94,0.3333
227548,Khách nhạy khuyến mãi,0.2064,model,"Chuyển từ giảm giá trực tiếp sang tích điểm, voucher cá nhân hóa",2,2,11.3,0.5
138101,Khách giá trị cao,0.2062,model,"Membership, ưu đãi đặc quyền, đặt vé sớm phim hot",9,3,38.52,0.0
140825,Khách giá trị cao,0.206,model,"Membership, ưu đãi đặc quyền, đặt vé sớm phim hot",6,3,27.18,0.0
121040,Khách giá trị cao,0.206,model,"Membership, ưu đãi đặc quyền, đặt vé sớm phim hot",78,3,50.81,0.3333
186169,Khách giá trị cao,0.2058,model,"Membership, ưu đãi đặc quyền, đặt vé sớm phim hot",57,3,50.31,0.6667
142682,Khách giá trị cao,0.2058,model,"Membership, ưu đãi đặc quyền, đặt vé sớm phim hot",55,3,22.66,0.0
149273,Khách giá trị cao,0.2058,model,"Membership, ưu đãi đặc quyền, đặt vé sớm phim hot",91,3,58.17,0.0
130241,Khách nhạy khuyến mãi,0.2058,model,"Chuyển từ giảm giá trực tiếp sang tích điểm, voucher cá nhân hóa",22,2,17.37,0.5
109277,Khách giá trị cao,0.2058,model,"Membership, ưu đãi đặc quyền, đặt vé sớm phim hot",8,7,54.68,0.5714
127968,Khách giá trị cao,0.2058,model,"Membership, ưu đãi đặc quyền, đặt vé sớm phim hot",153,4,31.92,0.5
222453,Khách giá trị cao,0.2057,model,"Membership, ưu đãi đặc quyền, đặt vé sớm phim hot",21,3,11.89,0.6667
127930,Khách giá trị cao,0.2057,model,"Membership, ưu đãi đặc quyền, đặt vé sớm phim hot",55,4,13.73,0.0
169142,Khách lâu chưa quay lại,0.2056,model,"Kéo lại bằng phim mới, voucher quay lại, thông báo cá nhân hóa",372,5,29.3,0.8
159690,Khách giá trị cao,0.2055,model,"Membership, ưu đãi đặc quyền, đặt vé sớm phim hot",50,4,26.45,0.25
152804,Khách giá trị cao,0.2053,model,"Membership, ưu đãi đặc quyền, đặt vé sớm phim hot",41,5,36.03,0.6
136811,Khách giá trị cao,0.2053,model,"Membership, ưu đãi đặc quyền, đặt vé sớm phim hot",45,6,66.31,0.5
224109,Khách nhạy khuyến mãi,0.2053,model,"Chuyển từ giảm giá trực tiếp sang tích điểm, voucher cá nhân hóa",51,2,10.64,0.5
176489,Khách giá trị cao,0.2053,model,"Membership, ưu đãi đặc quyền, đặt vé sớm phim hot",25,3,9.82,0.6667
143275,Khách giá trị cao,0.2052,model,"Membership, ưu đãi đặc quyền, đặt vé sớm phim hot",43,6,44.18,0.6667
192171,Khách thường xuyên,0.205,model,"Duy trì, không cần giảm giá sâu",90,2,16.37,0.0
181870,Khách lâu chưa quay lại,0.205,model,"Kéo lại bằng phim mới, voucher quay lại, thông báo cá nhân hóa",147,1,13.73,0.0
119100,Khách giá trị cao,0.205,model,"Membership, ưu đãi đặc quyền, đặt vé sớm phim hot",149,3,14.18,0.0
166877,Khách thường xuyên,0.205,model,"Duy trì, không cần giảm giá sâu",46,2,17.08,0.0
192232,Khách nhạy khuyến mãi,0.2049,model,"Chuyển từ giảm giá trực tiếp sang tích điểm, voucher cá nhân hóa",90,2,10.64,0.5
142367,Khách nhạy khuyến mãi,0.2048,model,"Chuyển từ giảm giá trực tiếp sang tích điểm, voucher cá nhân hóa",27,2,17.19,0.5
101624,Khách thường xuyên,0.2048,model,"Duy trì, không cần giảm giá sâu",0,2,69.05,0.0
122072,Khách lâu chưa quay lại,0.2045,model,"Kéo lại bằng phim mới, voucher quay lại, thông báo cá nhân hóa",239,3,37.03,0.3333
120506,Khách thường xuyên,0.2044,model,"Duy trì, không cần giảm giá sâu",90,2,17.7,0.0
108310,Khách giá trị cao,0.2044,model,"Membership, ưu đãi đặc quyền, đặt vé sớm phim hot",65,3,12.38,1.0
103166,Khách giá trị cao,0.2043,model,"Membership, ưu đãi đặc quyền, đặt vé sớm phim hot",63,3,17.9,0.6667
109721,Khách giá trị cao,0.2039,model,"Membership, ưu đãi đặc quyền, đặt vé sớm phim hot",77,3,58.29,0.3333
153324,Khách lâu chưa quay lại,0.2039,model,"Kéo lại bằng phim mới, voucher quay lại, thông báo cá nhân hóa",324,2,17.17,0.5
198789,Khách lâu chưa quay lại,0.2039,model,"Kéo lại bằng phim mới, voucher quay lại, thông báo cá nhân hóa",167,2,10.93,0.0
128301,Khách thường xuyên,0.2035,model,"Duy trì, không cần giảm giá sâu",45,2,25.57,0.0
133455,Khách giá trị cao,0.2035,model,"Membership, ưu đãi đặc quyền, đặt vé sớm phim hot",23,3,14.69,0.6667
195216,Khách lâu chưa quay lại,0.2035,model,"Kéo lại bằng phim mới, voucher quay lại, thông báo cá nhân hóa",119,2,19.18,0.0
204367,Khách giá trị cao,0.2033,model,"Membership, ưu đãi đặc quyền, đặt vé sớm phim hot",56,3,10.45,0.3333
118987,Khách giá trị cao,0.2033,model,"Membership, ưu đãi đặc quyền, đặt vé sớm phim hot",0,7,69.98,0.2857
115571,Khách giá trị cao,0.2031,model,"Membership, ưu đãi đặc quyền, đặt vé sớm phim hot",10,3,31.51,0.6667
188219,Khách giá trị cao,0.2031,model,"Membership, ưu đãi đặc quyền, đặt vé sớm phim hot",8,3,8.14,0.6667
188948,Khách giá trị cao,0.203,model,"Membership, ưu đãi đặc quyền, đặt vé sớm phim hot",13,3,13.99,0.6667
119420,Khách lâu chưa quay lại,0.203,model,"Kéo lại bằng phim mới, voucher quay lại, thông báo cá nhân hóa",238,5,41.4,0.8
224179,Khách giá trị cao,0.2029,model,"Membership, ưu đãi đặc quyền, đặt vé sớm phim hot",45,3,12.75,1.0
111963,Khách giá trị cao,0.2029,model,"Membership, ưu đãi đặc quyền, đặt vé sớm phim hot",26,4,25.03,0.25
160513,Khách lâu chưa quay lại,0.2028,model,"Kéo lại bằng phim mới, voucher quay lại, thông báo cá nhân hóa",202,6,50.96,0.1667
138002,Khách giá trị cao,0.2027,model,"Membership, ưu đãi đặc quyền, đặt vé sớm phim hot",58,5,24.86,0.6
128857,Khách nhạy khuyến mãi,0.2026,model,"Chuyển từ giảm giá trực tiếp sang tích điểm, voucher cá nhân hóa",48,2,20.09,0.5
113294,Khách lâu chưa quay lại,0.2022,model,"Kéo lại bằng phim mới, voucher quay lại, thông báo cá nhân hóa",236,6,42.29,0.6667
137487,Khách giá trị cao,0.2022,model,"Membership, ưu đãi đặc quyền, đặt vé sớm phim hot",110,3,27.2,0.0
153340,Khách lâu chưa quay lại,0.2022,model,"Kéo lại bằng phim mới, voucher quay lại, thông báo cá nhân hóa",640,4,128.68,0.0
135665,Khách giá trị cao,0.202,model,"Membership, ưu đãi đặc quyền, đặt vé sớm phim hot",63,3,41.73,0.3333
204638,Khách thường xuyên,0.202,model,"Duy trì, không cần giảm giá sâu",19,2,10.68,0.0
119839,Khách giá trị cao,0.202,model,"Membership, ưu đãi đặc quyền, đặt vé sớm phim hot",57,6,41.59,0.1667
169405,Khách giá trị cao,0.2019,model,"Membership, ưu đãi đặc quyền, đặt vé sớm phim hot",82,3,26.19,0.6667
107270,Khách lâu chưa quay lại,0.2018,model,"Kéo lại bằng phim mới, voucher quay lại, thông báo cá nhân hóa",350,5,38.49,0.8
115447,Khách giá trị cao,0.2018,model,"Membership, ưu đãi đặc quyền, đặt vé sớm phim hot",8,6,42.71,0.3333
135683,Khách giá trị cao,0.2017,model,"Membership, ưu đãi đặc quyền, đặt vé sớm phim hot",49,3,26.31,0.6667
108510,Khách giá trị cao,0.2016,model,"Membership, ưu đãi đặc quyền, đặt vé sớm phim hot",72,3,56.9,0.0
121967,Khách nhạy khuyến mãi,0.2016,model,"Chuyển từ giảm giá trực tiếp sang tích điểm, voucher cá nhân hóa",2,2,17.19,0.5
114919,Khách giá trị cao,0.2016,model,"Membership, ưu đãi đặc quyền, đặt vé sớm phim hot",11,4,65.28,1.0
228411,Khách thường xuyên,0.2015,model,"Duy trì, không cần giảm giá sâu",4,2,10.52,0.0
132612,Khách lâu chưa quay lại,0.2013,model,"Kéo lại bằng phim mới, voucher quay lại, thông báo cá nhân hóa",187,3,10.48,0.3333
149652,Khách giá trị cao,0.2012,model,"Membership, ưu đãi đặc quyền, đặt vé sớm phim hot",148,3,26.71,0.3333
162030,Khách giá trị cao,0.2012,model,"Membership, ưu đãi đặc quyền, đặt vé sớm phim hot",94,3,44.42,0.3333
198080,Khách giá trị cao,0.2011,model,"Membership, ưu đãi đặc quyền, đặt vé sớm phim hot",1,4,26.31,0.5
161146,Khách giá trị cao,0.2011,model,"Membership, ưu đãi đặc quyền, đặt vé sớm phim hot",135,3,46.68,0.6667
135349,Khách giá trị cao,0.201,model,"Membership, ưu đãi đặc quyền, đặt vé sớm phim hot",41,3,26.98,0.6667
162493,Khách giá trị cao,0.2008,model,"Membership, ưu đãi đặc quyền, đặt vé sớm phim hot",89,4,33.83,0.5
100252,Khách giá trị cao,0.2007,model,"Membership, ưu đãi đặc quyền, đặt vé sớm phim hot",0,3,40.36,0.0
189889,Khách giá trị cao,0.2007,model,"Membership, ưu đãi đặc quyền, đặt vé sớm phim hot",72,3,35.83,0.3333
203344,Khách giá trị cao,0.2006,model,"Membership, ưu đãi đặc quyền, đặt vé sớm phim hot",149,4,44.43,0.25
118771,Khách giá trị cao,0.2005,model,"Membership, ưu đãi đặc quyền, đặt vé sớm phim hot",44,5,35.08,0.6
202138,Khách lâu chưa quay lại,0.2003,model,"Kéo lại bằng phim mới, voucher quay lại, thông báo cá nhân hóa",137,2,15.26,0.0
188083,Khách giá trị cao,0.2002,model,"Membership, ưu đãi đặc quyền, đặt vé sớm phim hot",164,3,30.6,0.3333
153091,Khách giá trị cao,0.2,model,"Membership, ưu đãi đặc quyền, đặt vé sớm phim hot",46,5,24.9,0.2
101920,Khách giá trị cao,0.1999,model,"Membership, ưu đãi đặc quyền, đặt vé sớm phim hot",61,6,43.51,0.5
113632,Khách giá trị cao,0.1998,model,"Membership, ưu đãi đặc quyền, đặt vé sớm phim hot",27,4,27.23,0.75
115584,Khách giá trị cao,0.1994,model,"Membership, ưu đãi đặc quyền, đặt vé sớm phim hot",176,6,79.18,0.0
157585,Khách giá trị cao,0.1994,model,"Membership, ưu đãi đặc quyền, đặt vé sớm phim hot",168,4,25.97,0.5
155813,Khách thường xuyên,0.1994,model,"Duy trì, không cần giảm giá sâu",49,2,15.55,0.0
140209,Khách giá trị cao,0.1994,model,"Membership, ưu đãi đặc quyền, đặt vé sớm phim hot",56,3,8.95,0.6667
147356,Khách thường xuyên,0.1993,model,"Duy trì, không cần giảm giá sâu",90,2,35.31,0.0
203461,Khách lâu chưa quay lại,0.1991,model,"Kéo lại bằng phim mới, voucher quay lại, thông báo cá nhân hóa",269,4,38.77,0.25
197788,Khách giá trị cao,0.1991,model,"Membership, ưu đãi đặc quyền, đặt vé sớm phim hot",154,4,27.59,0.5
200474,Khách giá trị cao,0.199,model,"Membership, ưu đãi đặc quyền, đặt vé sớm phim hot",92,3,21.35,0.6667
129436,Khách giá trị cao,0.1988,model,"Membership, ưu đãi đặc quyền, đặt vé sớm phim hot",120,3,22.35,0.3333
133854,Khách giá trị cao,0.1987,model,"Membership, ưu đãi đặc quyền, đặt vé sớm phim hot",45,4,51.81,0.75
175529,Khách giá trị cao,0.1986,model,"Membership, ưu đãi đặc quyền, đặt vé sớm phim hot",17,4,31.63,0.75
172109,Khách giá trị cao,0.1986,model,"Membership, ưu đãi đặc quyền, đặt vé sớm phim hot",79,3,15.35,0.3333
132882,Khách giá trị cao,0.1986,model,"Membership, ưu đãi đặc quyền, đặt vé sớm phim hot",15,6,42.85,0.5
108090,Khách giá trị cao,0.1986,model,"Membership, ưu đãi đặc quyền, đặt vé sớm phim hot",42,4,17.08,1.0
118134,Khách giá trị cao,0.1985,model,"Membership, ưu đãi đặc quyền, đặt vé sớm phim hot",19,3,15.42,1.0
185348,Khách giá trị cao,0.1984,model,"Membership, ưu đãi đặc quyền, đặt vé sớm phim hot",57,3,15.34,0.6667
221411,Khách giá trị cao,0.1984,model,"Membership, ưu đãi đặc quyền, đặt vé sớm phim hot",41,3,7.83,0.3333
130193,Khách giá trị cao,0.1983,model,"Membership, ưu đãi đặc quyền, đặt vé sớm phim hot",68,4,18.53,0.75
102923,Khách lâu chưa quay lại,0.1983,model,"Kéo lại bằng phim mới, voucher quay lại, thông báo cá nhân hóa",231,2,28.19,0.0
224432,Khách giá trị cao,0.1982,model,"Membership, ưu đãi đặc quyền, đặt vé sớm phim hot",178,3,64.78,0.6667
110192,Khách lâu chưa quay lại,0.1982,model,"Kéo lại bằng phim mới, voucher quay lại, thông báo cá nhân hóa",270,3,48.09,0.3333
108039,Khách lâu chưa quay lại,0.198,model,"Kéo lại bằng phim mới, voucher quay lại, thông báo cá nhân hóa",172,2,15.45,0.5
168731,Khách giá trị cao,0.198,model,"Membership, ưu đãi đặc quyền, đặt vé sớm phim hot",9,3,34.35,0.6667
212601,Khách giá trị cao,0.198,model,"Membership, ưu đãi đặc quyền, đặt vé sớm phim hot",8,4,55.14,0.5
194745,Khách lâu chưa quay lại,0.1978,model,"Kéo lại bằng phim mới, voucher quay lại, thông báo cá nhân hóa",155,2,17.86,0.0
121291,Khách giá trị cao,0.1977,model,"Membership, ưu đãi đặc quyền, đặt vé sớm phim hot",44,3,33.77,0.3333
147536,Khách giá trị cao,0.1976,model,"Membership, ưu đãi đặc quyền, đặt vé sớm phim hot",41,4,28.94,0.75
181881,Khách lâu chưa quay lại,0.1974,model,"Kéo lại bằng phim mới, voucher quay lại, thông báo cá nhân hóa",301,4,67.77,0.5
195545,Khách giá trị cao,0.1974,model,"Membership, ưu đãi đặc quyền, đặt vé sớm phim hot",10,4,40.89,0.5
125213,Khách giá trị cao,0.1973,model,"Membership, ưu đãi đặc quyền, đặt vé sớm phim hot",65,4,36.13,0.5
191739,Khách lâu chưa quay lại,0.1972,model,"Kéo lại bằng phim mới, voucher quay lại, thông báo cá nhân hóa",92,2,19.32,0.5
137719,Khách giá trị cao,0.1971,model,"Membership, ưu đãi đặc quyền, đặt vé sớm phim hot",64,3,33.9,0.6667
226853,Khách giá trị cao,0.1971,model,"Membership, ưu đãi đặc quyền, đặt vé sớm phim hot",45,3,18.76,0.0
189121,Khách thường xuyên,0.197,model,"Duy trì, không cần giảm giá sâu",65,2,15.85,0.0
222313,Khách lâu chưa quay lại,0.1969,model,"Kéo lại bằng phim mới, voucher quay lại, thông báo cá nhân hóa",208,5,19.04,0.6
126973,Khách thường xuyên,0.1969,model,"Duy trì, không cần giảm giá sâu",66,1,12.37,0.0
193785,Khách thường xuyên,0.1969,model,"Duy trì, không cần giảm giá sâu",55,2,17.82,0.0
225981,Khách lâu chưa quay lại,0.1968,model,"Kéo lại bằng phim mới, voucher quay lại, thông báo cá nhân hóa",144,2,22.19,0.5
111229,Khách giá trị cao,0.1968,model,"Membership, ưu đãi đặc quyền, đặt vé sớm phim hot",9,3,25.98,0.3333
121323,Khách giá trị cao,0.1967,model,"Membership, ưu đãi đặc quyền, đặt vé sớm phim hot",8,3,11.27,0.3333
164987,Khách giá trị cao,0.1967,model,"Membership, ưu đãi đặc quyền, đặt vé sớm phim hot",133,6,43.68,0.3333
216117,Khách giá trị cao,0.1967,model,"Membership, ưu đãi đặc quyền, đặt vé sớm phim hot",24,3,32.37,0.3333
113602,Khách giá trị cao,0.1967,model,"Membership, ưu đãi đặc quyền, đặt vé sớm phim hot",21,3,30.96,0.6667
147205,Khách giá trị cao,0.1967,model,"Membership, ưu đãi đặc quyền, đặt vé sớm phim hot",50,3,12.38,1.0
179875,Khách giá trị cao,0.1965,model,"Membership, ưu đãi đặc quyền, đặt vé sớm phim hot",28,3,30.44,0.6667
215757,Khách giá trị cao,0.1964,model,"Membership, ưu đãi đặc quyền, đặt vé sớm phim hot",56,3,16.16,0.6667
134114,Khách giá trị cao,0.1961,model,"Membership, ưu đãi đặc quyền, đặt vé sớm phim hot",171,3,38.31,0.6667
170493,Khách nhạy khuyến mãi,0.196,model,"Chuyển từ giảm giá trực tiếp sang tích điểm, voucher cá nhân hóa",10,2,10.6,0.5
146140,Khách giá trị cao,0.196,model,"Membership, ưu đãi đặc quyền, đặt vé sớm phim hot",106,4,50.55,1.0
101540,Khách lâu chưa quay lại,0.196,model,"Kéo lại bằng phim mới, voucher quay lại, thông báo cá nhân hóa",289,8,53.03,0.375
220375,Khách giá trị cao,0.1959,model,"Membership, ưu đãi đặc quyền, đặt vé sớm phim hot",105,3,14.12,0.6667
205490,Khách giá trị cao,0.1958,model,"Membership, ưu đãi đặc quyền, đặt vé sớm phim hot",5,3,22.19,0.3333
181813,Khách giá trị cao,0.1958,model,"Membership, ưu đãi đặc quyền, đặt vé sớm phim hot",3,4,32.11,0.75
181924,Khách giá trị cao,0.1957,model,"Membership, ưu đãi đặc quyền, đặt vé sớm phim hot",106,3,17.9,0.3333
149718,Khách giá trị cao,0.1957,model,"Membership, ưu đãi đặc quyền, đặt vé sớm phim hot",139,7,60.01,0.1429
158598,Khách giá trị cao,0.1957,model,"Membership, ưu đãi đặc quyền, đặt vé sớm phim hot",0,5,40.68,0.6
121539,Khách lâu chưa quay lại,0.1957,model,"Kéo lại bằng phim mới, voucher quay lại, thông báo cá nhân hóa",266,4,27.04,0.5
188460,Khách giá trị cao,0.1955,model,"Membership, ưu đãi đặc quyền, đặt vé sớm phim hot",5,3,41.07,0.0
187507,Khách giá trị cao,0.1954,model,"Membership, ưu đãi đặc quyền, đặt vé sớm phim hot",51,3,30.25,0.0
123710,Khách giá trị cao,0.1954,model,"Membership, ưu đãi đặc quyền, đặt vé sớm phim hot",57,5,37.38,0.6
197191,Khách lâu chưa quay lại,0.1953,model,"Kéo lại bằng phim mới, voucher quay lại, thông báo cá nhân hóa",100,2,15.84,0.5
172228,Khách giá trị cao,0.1953,model,"Membership, ưu đãi đặc quyền, đặt vé sớm phim hot",49,3,14.6,0.6667
129107,Khách giá trị cao,0.1953,model,"Membership, ưu đãi đặc quyền, đặt vé sớm phim hot",11,4,20.87,0.75
137916,Khách giá trị cao,0.1952,model,"Membership, ưu đãi đặc quyền, đặt vé sớm phim hot",102,4,27.26,0.75
199915,Khách giá trị cao,0.1952,model,"Membership, ưu đãi đặc quyền, đặt vé sớm phim hot",174,4,42.31,0.5
104133,Khách giá trị cao,0.1952,model,"Membership, ưu đãi đặc quyền, đặt vé sớm phim hot",52,4,47.25,0.5
101387,Khách giá trị cao,0.1951,model,"Membership, ưu đãi đặc quyền, đặt vé sớm phim hot",131,4,30.52,1.0
132389,Khách giá trị cao,0.1949,model,"Membership, ưu đãi đặc quyền, đặt vé sớm phim hot",134,4,58.4,0.5
128361,Khách giá trị cao,0.1949,model,"Membership, ưu đãi đặc quyền, đặt vé sớm phim hot",30,3,20.34,0.3333
120548,Khách nhạy khuyến mãi,0.1947,model,"Chuyển từ giảm giá trực tiếp sang tích điểm, voucher cá nhân hóa",63,2,6.85,0.5
205751,Khách lâu chưa quay lại,0.1947,model,"Kéo lại bằng phim mới, voucher quay lại, thông báo cá nhân hóa",140,2,13.36,0.5
105896,Khách giá trị cao,0.1945,model,"Membership, ưu đãi đặc quyền, đặt vé sớm phim hot",86,5,25.44,0.0
188255,Khách giá trị cao,0.1945,model,"Membership, ưu đãi đặc quyền, đặt vé sớm phim hot",85,3,31.67,0.6667
118387,Khách giá trị cao,0.1944,model,"Membership, ưu đãi đặc quyền, đặt vé sớm phim hot",80,3,10.85,0.3333
227875,Khách giá trị cao,0.1943,model,"Membership, ưu đãi đặc quyền, đặt vé sớm phim hot",39,4,18.16,0.5
139792,Khách giá trị cao,0.1943,model,"Membership, ưu đãi đặc quyền, đặt vé sớm phim hot",6,4,28.46,1.0
217071,Khách lâu chưa quay lại,0.1943,model,"Kéo lại bằng phim mới, voucher quay lại, thông báo cá nhân hóa",217,3,56.09,0.3333
140392,Khách giá trị cao,0.1942,model,"Membership, ưu đãi đặc quyền, đặt vé sớm phim hot",65,4,34.02,0.75
157698,Khách giá trị cao,0.1942,model,"Membership, ưu đãi đặc quyền, đặt vé sớm phim hot",61,3,33.37,0.0
112624,Khách lâu chưa quay lại,0.1941,model,"Kéo lại bằng phim mới, voucher quay lại, thông báo cá nhân hóa",171,2,14.31,0.5
101371,Khách giá trị cao,0.1941,model,"Membership, ưu đãi đặc quyền, đặt vé sớm phim hot",29,3,30.89,0.0
116050,Khách giá trị cao,0.1941,model,"Membership, ưu đãi đặc quyền, đặt vé sớm phim hot",43,4,25.36,0.75
135646,Khách giá trị cao,0.194,model,"Membership, ưu đãi đặc quyền, đặt vé sớm phim hot",88,3,36.04,0.3333
116916,Khách thường xuyên,0.194,model,"Duy trì, không cần giảm giá sâu",63,2,10.39,0.0
153532,Khách nhạy khuyến mãi,0.1939,model,"Chuyển từ giảm giá trực tiếp sang tích điểm, voucher cá nhân hóa",49,2,12.21,0.5
107373,Khách giá trị cao,0.1938,model,"Membership, ưu đãi đặc quyền, đặt vé sớm phim hot",3,3,54.56,0.3333
153238,Khách lâu chưa quay lại,0.1938,model,"Kéo lại bằng phim mới, voucher quay lại, thông báo cá nhân hóa",183,4,23.58,1.0
121396,Khách giá trị cao,0.1937,model,"Membership, ưu đãi đặc quyền, đặt vé sớm phim hot",23,3,15.31,0.3333
158775,Khách nhạy khuyến mãi,0.1937,model,"Chuyển từ giảm giá trực tiếp sang tích điểm, voucher cá nhân hóa",68,2,20.54,0.5
171090,Khách giá trị cao,0.1937,model,"Membership, ưu đãi đặc quyền, đặt vé sớm phim hot",48,3,30.44,0.6667
164605,Khách giá trị cao,0.1936,model,"Membership, ưu đãi đặc quyền, đặt vé sớm phim hot",170,4,39.44,0.0
142797,Khách giá trị cao,0.1936,model,"Membership, ưu đãi đặc quyền, đặt vé sớm phim hot",63,3,27.68,0.6667
116230,Khách lâu chưa quay lại,0.1935,model,"Kéo lại bằng phim mới, voucher quay lại, thông báo cá nhân hóa",153,2,15.26,0.0
129789,Khách giá trị cao,0.1934,model,"Membership, ưu đãi đặc quyền, đặt vé sớm phim hot",35,3,46.52,0.3333
192724,Khách giá trị cao,0.1934,model,"Membership, ưu đãi đặc quyền, đặt vé sớm phim hot",14,3,14.11,0.6667
115680,Khách giá trị cao,0.1933,model,"Membership, ưu đãi đặc quyền, đặt vé sớm phim hot",6,4,26.48,0.75
185412,Khách giá trị cao,0.1931,model,"Membership, ưu đãi đặc quyền, đặt vé sớm phim hot",76,3,17.7,0.3333
112649,Khách nhạy khuyến mãi,0.193,model,"Chuyển từ giảm giá trực tiếp sang tích điểm, voucher cá nhân hóa",61,2,6.11,0.5
151772,Khách giá trị cao,0.193,model,"Membership, ưu đãi đặc quyền, đặt vé sớm phim hot",26,6,51.38,0.8333
203910,Khách lâu chưa quay lại,0.1929,model,"Kéo lại bằng phim mới, voucher quay lại, thông báo cá nhân hóa",114,1,14.75,1.0
153075,Khách thường xuyên,0.1929,model,"Duy trì, không cần giảm giá sâu",53,2,10.49,0.0
133673,Khách thường xuyên,0.1929,model,"Duy trì, không cần giảm giá sâu",74,2,15.09,0.0
175660,Khách giá trị cao,0.1927,model,"Membership, ưu đãi đặc quyền, đặt vé sớm phim hot",118,3,28.79,0.0
115483,Khách giá trị cao,0.1926,model,"Membership, ưu đãi đặc quyền, đặt vé sớm phim hot",46,5,35.88,0.8
136137,Khách lâu chưa quay lại,0.1924,model,"Kéo lại bằng phim mới, voucher quay lại, thông báo cá nhân hóa",183,4,47.66,0.5
124890,Khách giá trị cao,0.1924,model,"Membership, ưu đãi đặc quyền, đặt vé sớm phim hot",8,3,24.0,0.3333
119152,Khách giá trị cao,0.1923,model,"Membership, ưu đãi đặc quyền, đặt vé sớm phim hot",43,4,23.79,0.5
222844,Khách thường xuyên,0.1923,model,"Duy trì, không cần giảm giá sâu",56,2,11.1,0.0
154223,Khách giá trị cao,0.1923,model,"Membership, ưu đãi đặc quyền, đặt vé sớm phim hot",169,10,41.9,0.1
209889,Khách nhạy khuyến mãi,0.1923,model,"Chuyển từ giảm giá trực tiếp sang tích điểm, voucher cá nhân hóa",45,2,11.09,0.5
145001,Khách lâu chưa quay lại,0.1922,model,"Kéo lại bằng phim mới, voucher quay lại, thông báo cá nhân hóa",152,2,18.19,0.5
179339,Khách nhạy khuyến mãi,0.1921,model,"Chuyển từ giảm giá trực tiếp sang tích điểm, voucher cá nhân hóa",21,2,11.3,0.5
125637,Khách nhạy khuyến mãi,0.1921,model,"Chuyển từ giảm giá trực tiếp sang tích điểm, voucher cá nhân hóa",90,2,11.22,0.5
156459,Khách thường xuyên,0.1921,model,"Duy trì, không cần giảm giá sâu",56,1,15.47,0.0
137875,Khách giá trị cao,0.1921,model,"Membership, ưu đãi đặc quyền, đặt vé sớm phim hot",156,4,12.88,0.75
207077,Khách lâu chưa quay lại,0.192,model,"Kéo lại bằng phim mới, voucher quay lại, thông báo cá nhân hóa",186,3,11.88,0.6667
112405,Khách giá trị cao,0.192,model,"Membership, ưu đãi đặc quyền, đặt vé sớm phim hot",85,3,33.54,0.6667
157404,Khách lâu chưa quay lại,0.1919,model,"Kéo lại bằng phim mới, voucher quay lại, thông báo cá nhân hóa",108,2,16.57,0.5
137781,Khách giá trị cao,0.1919,model,"Membership, ưu đãi đặc quyền, đặt vé sớm phim hot",67,3,28.5,0.0
151338,Khách giá trị cao,0.1919,model,"Membership, ưu đãi đặc quyền, đặt vé sớm phim hot",67,3,10.65,0.6667
157035,Khách lâu chưa quay lại,0.1918,model,"Kéo lại bằng phim mới, voucher quay lại, thông báo cá nhân hóa",258,5,61.09,0.8
114172,Khách giá trị cao,0.1917,model,"Membership, ưu đãi đặc quyền, đặt vé sớm phim hot",13,5,47.86,0.2
101425,Khách nhạy khuyến mãi,0.1917,model,"Chuyển từ giảm giá trực tiếp sang tích điểm, voucher cá nhân hóa",76,2,14.35,0.5
140202,Khách giá trị cao,0.1916,model,"Membership, ưu đãi đặc quyền, đặt vé sớm phim hot",90,3,17.82,0.6667
188093,Khách giá trị cao,0.1914,model,"Membership, ưu đãi đặc quyền, đặt vé sớm phim hot",3,4,35.48,0.5
124074,Khách giá trị cao,0.1912,model,"Membership, ưu đãi đặc quyền, đặt vé sớm phim hot",84,5,33.5,1.0
144991,Khách giá trị cao,0.1912,model,"Membership, ưu đãi đặc quyền, đặt vé sớm phim hot",43,4,20.92,1.0
127097,Khách lâu chưa quay lại,0.191,model,"Kéo lại bằng phim mới, voucher quay lại, thông báo cá nhân hóa",169,2,9.95,0.5
210020,Khách giá trị cao,0.1909,model,"Membership, ưu đãi đặc quyền, đặt vé sớm phim hot",114,4,23.17,0.25
225376,Khách nhạy khuyến mãi,0.1909,model,"Chuyển từ giảm giá trực tiếp sang tích điểm, voucher cá nhân hóa",71,2,9.04,0.5
219904,Khách nhạy khuyến mãi,0.1908,model,"Chuyển từ giảm giá trực tiếp sang tích điểm, voucher cá nhân hóa",48,2,10.68,0.5
227354,Khách giá trị cao,0.1908,model,"Membership, ưu đãi đặc quyền, đặt vé sớm phim hot",71,3,52.68,0.3333
166291,Khách giá trị cao,0.1908,model,"Membership, ưu đãi đặc quyền, đặt vé sớm phim hot",53,3,19.35,0.0
111439,Khách giá trị cao,0.1908,model,"Membership, ưu đãi đặc quyền, đặt vé sớm phim hot",78,4,25.98,0.5
103542,Khách thường xuyên,0.1907,model,"Duy trì, không cần giảm giá sâu",44,2,24.3,0.0
206698,Khách giá trị cao,0.1907,model,"Membership, ưu đãi đặc quyền, đặt vé sớm phim hot",86,3,22.1,0.3333
121562,Khách giá trị cao,0.1907,model,"Membership, ưu đãi đặc quyền, đặt vé sớm phim hot",160,3,35.34,0.0
102414,Khách giá trị cao,0.1906,model,"Membership, ưu đãi đặc quyền, đặt vé sớm phim hot",111,3,13.36,0.6667
188413,Khách nhạy khuyến mãi,0.1906,model,"Chuyển từ giảm giá trực tiếp sang tích điểm, voucher cá nhân hóa",44,2,10.6,0.5
148599,Khách giá trị cao,0.1906,model,"Membership, ưu đãi đặc quyền, đặt vé sớm phim hot",43,3,15.47,1.0
129157,Khách giá trị cao,0.1906,model,"Membership, ưu đãi đặc quyền, đặt vé sớm phim hot",44,3,72.9,0.3333
131507,Khách thường xuyên,0.1905,model,"Duy trì, không cần giảm giá sâu",40,2,13.61,0.0
143728,Khách giá trị cao,0.1905,model,"Membership, ưu đãi đặc quyền, đặt vé sớm phim hot",53,3,9.03,0.3333
121964,Khách lâu chưa quay lại,0.1904,model,"Kéo lại bằng phim mới, voucher quay lại, thông báo cá nhân hóa",259,3,29.47,0.3333
146628,Khách lâu chưa quay lại,0.1903,model,"Kéo lại bằng phim mới, voucher quay lại, thông báo cá nhân hóa",228,3,33.77,0.6667
139943,Khách giá trị cao,0.1903,model,"Membership, ưu đãi đặc quyền, đặt vé sớm phim hot",92,4,58.85,0.25
163906,Khách lâu chưa quay lại,0.1903,model,"Kéo lại bằng phim mới, voucher quay lại, thông báo cá nhân hóa",204,5,34.41,0.8
161692,Khách giá trị cao,0.1903,model,"Membership, ưu đãi đặc quyền, đặt vé sớm phim hot",58,4,34.88,0.75
226497,Khách giá trị cao,0.1902,model,"Membership, ưu đãi đặc quyền, đặt vé sớm phim hot",16,3,16.01,0.6667
131296,Khách giá trị cao,0.1902,model,"Membership, ưu đãi đặc quyền, đặt vé sớm phim hot",119,3,45.24,0.0
121369,Khách giá trị cao,0.1902,model,"Membership, ưu đãi đặc quyền, đặt vé sớm phim hot",15,3,44.92,0.0
111832,Khách giá trị cao,0.1902,model,"Membership, ưu đãi đặc quyền, đặt vé sớm phim hot",131,4,35.1,0.75
184605,Khách giá trị cao,0.1901,model,"Membership, ưu đãi đặc quyền, đặt vé sớm phim hot",3,3,20.58,0.3333
209059,Khách giá trị cao,0.1901,model,"Membership, ưu đãi đặc quyền, đặt vé sớm phim hot",27,3,9.89,0.0
219472,Khách nhạy khuyến mãi,0.19,model,"Chuyển từ giảm giá trực tiếp sang tích điểm, voucher cá nhân hóa",51,2,12.82,0.5
154730,Khách giá trị cao,0.19,model,"Membership, ưu đãi đặc quyền, đặt vé sớm phim hot",17,3,26.19,0.3333
192375,Khách lâu chưa quay lại,0.1899,model,"Kéo lại bằng phim mới, voucher quay lại, thông báo cá nhân hóa",230,3,54.44,0.6667
172927,Khách lâu chưa quay lại,0.1899,model,"Kéo lại bằng phim mới, voucher quay lại, thông báo cá nhân hóa",273,3,47.5,0.3333
120902,Khách giá trị cao,0.1898,model,"Membership, ưu đãi đặc quyền, đặt vé sớm phim hot",102,3,46.92,0.0
138005,Khách lâu chưa quay lại,0.1898,model,"Kéo lại bằng phim mới, voucher quay lại, thông báo cá nhân hóa",92,2,23.01,0.5
216261,Khách thường xuyên,0.1898,model,"Duy trì, không cần giảm giá sâu",0,2,7.63,0.0
115112,Khách giá trị cao,0.1895,model,"Membership, ưu đãi đặc quyền, đặt vé sớm phim hot",2,4,30.51,0.75
188992,Khách nhạy khuyến mãi,0.1895,model,"Chuyển từ giảm giá trực tiếp sang tích điểm, voucher cá nhân hóa",69,2,17.77,0.5
157059,Khách giá trị cao,0.1893,model,"Membership, ưu đãi đặc quyền, đặt vé sớm phim hot",10,3,20.3,0.3333
104645,Khách giá trị cao,0.1892,model,"Membership, ưu đãi đặc quyền, đặt vé sớm phim hot",91,7,117.41,0.5714
134526,Khách giá trị cao,0.1891,model,"Membership, ưu đãi đặc quyền, đặt vé sớm phim hot",76,4,33.1,0.5
139857,Khách giá trị cao,0.1891,model,"Membership, ưu đãi đặc quyền, đặt vé sớm phim hot",105,3,8.79,0.6667
105785,Khách giá trị cao,0.1891,model,"Membership, ưu đãi đặc quyền, đặt vé sớm phim hot",98,3,22.26,0.3333
111478,Khách lâu chưa quay lại,0.1889,model,"Kéo lại bằng phim mới, voucher quay lại, thông báo cá nhân hóa",295,3,40.5,0.0
100727,Khách giá trị cao,0.1887,model,"Membership, ưu đãi đặc quyền, đặt vé sớm phim hot",82,6,39.49,0.6667
149181,Khách lâu chưa quay lại,0.1887,model,"Kéo lại bằng phim mới, voucher quay lại, thông báo cá nhân hóa",314,5,27.95,0.2
130232,Khách giá trị cao,0.1887,model,"Membership, ưu đãi đặc quyền, đặt vé sớm phim hot",64,3,24.75,0.0
155046,Khách giá trị cao,0.1886,model,"Membership, ưu đãi đặc quyền, đặt vé sớm phim hot",32,3,12.34,1.0
138172,Khách lâu chưa quay lại,0.1884,model,"Kéo lại bằng phim mới, voucher quay lại, thông báo cá nhân hóa",267,4,27.68,1.0
121460,Khách lâu chưa quay lại,0.1884,model,"Kéo lại bằng phim mới, voucher quay lại, thông báo cá nhân hóa",148,2,13.69,0.5
106400,Khách lâu chưa quay lại,0.1884,model,"Kéo lại bằng phim mới, voucher quay lại, thông báo cá nhân hóa",188,6,56.47,0.0
127740,Khách giá trị cao,0.1883,model,"Membership, ưu đãi đặc quyền, đặt vé sớm phim hot",154,3,13.07,0.3333
102358,Khách giá trị cao,0.1882,model,"Membership, ưu đãi đặc quyền, đặt vé sớm phim hot",57,5,47.64,0.4
179179,Khách lâu chưa quay lại,0.1882,model,"Kéo lại bằng phim mới, voucher quay lại, thông báo cá nhân hóa",361,3,31.59,0.3333
155462,Khách giá trị cao,0.1882,model,"Membership, ưu đãi đặc quyền, đặt vé sớm phim hot",36,3,8.05,0.3333
132075,Khách lâu chưa quay lại,0.1882,model,"Kéo lại bằng phim mới, voucher quay lại, thông báo cá nhân hóa",296,3,17.56,0.6667
161651,Khách giá trị cao,0.1882,model,"Membership, ưu đãi đặc quyền, đặt vé sớm phim hot",38,3,32.12,0.3333
106499,Khách nhạy khuyến mãi,0.1881,model,"Chuyển từ giảm giá trực tiếp sang tích điểm, voucher cá nhân hóa",21,2,10.19,0.5
109315,Khách giá trị cao,0.1881,model,"Membership, ưu đãi đặc quyền, đặt vé sớm phim hot",11,5,66.28,0.2
137581,Khách giá trị cao,0.1881,model,"Membership, ưu đãi đặc quyền, đặt vé sớm phim hot",169,3,36.25,0.3333
125548,Khách lâu chưa quay lại,0.1881,model,"Kéo lại bằng phim mới, voucher quay lại, thông báo cá nhân hóa",138,2,20.21,0.0
123311,Khách giá trị cao,0.1881,model,"Membership, ưu đãi đặc quyền, đặt vé sớm phim hot",18,3,20.45,0.3333
145468,Khách lâu chưa quay lại,0.1879,model,"Kéo lại bằng phim mới, voucher quay lại, thông báo cá nhân hóa",91,2,14.93,0.5
143994,Khách giá trị cao,0.1879,model,"Membership, ưu đãi đặc quyền, đặt vé sớm phim hot",99,3,9.37,0.3333
122010,Khách giá trị cao,0.1879,model,"Membership, ưu đãi đặc quyền, đặt vé sớm phim hot",56,5,42.23,0.6
125600,Khách giá trị cao,0.1878,model,"Membership, ưu đãi đặc quyền, đặt vé sớm phim hot",12,3,24.46,0.6667
142603,Khách lâu chưa quay lại,0.1878,model,"Kéo lại bằng phim mới, voucher quay lại, thông báo cá nhân hóa",235,5,39.04,0.6
129183,Khách giá trị cao,0.1878,model,"Membership, ưu đãi đặc quyền, đặt vé sớm phim hot",114,3,46.24,1.0
112381,Khách lâu chưa quay lại,0.1877,model,"Kéo lại bằng phim mới, voucher quay lại, thông báo cá nhân hóa",230,4,23.46,0.75
127577,Khách giá trị cao,0.1876,model,"Membership, ưu đãi đặc quyền, đặt vé sớm phim hot",91,5,36.75,0.0
103213,Khách giá trị cao,0.1876,model,"Membership, ưu đãi đặc quyền, đặt vé sớm phim hot",44,5,46.19,0.6
211146,Khách thường xuyên,0.1876,model,"Duy trì, không cần giảm giá sâu",62,2,21.53,0.0
184677,Khách giá trị cao,0.1876,model,"Membership, ưu đãi đặc quyền, đặt vé sớm phim hot",6,3,29.65,0.0
135433,Khách nhạy khuyến mãi,0.1875,model,"Chuyển từ giảm giá trực tiếp sang tích điểm, voucher cá nhân hóa",8,2,8.01,0.5
100302,Khách giá trị cao,0.1874,model,"Membership, ưu đãi đặc quyền, đặt vé sớm phim hot",125,4,38.22,0.25
197167,Khách nhạy khuyến mãi,0.1874,model,"Chuyển từ giảm giá trực tiếp sang tích điểm, voucher cá nhân hóa",37,2,10.39,0.5
178661,Khách giá trị cao,0.1874,model,"Membership, ưu đãi đặc quyền, đặt vé sớm phim hot",91,3,22.19,0.0
133564,Khách lâu chưa quay lại,0.1874,model,"Kéo lại bằng phim mới, voucher quay lại, thông báo cá nhân hóa",234,7,44.21,0.7143
166553,Khách giá trị cao,0.1873,model,"Membership, ưu đãi đặc quyền, đặt vé sớm phim hot",3,3,23.63,0.6667
143914,Khách giá trị cao,0.1873,model,"Membership, ưu đãi đặc quyền, đặt vé sớm phim hot",4,3,20.75,0.0
198883,Khách nhạy khuyến mãi,0.1873,model,"Chuyển từ giảm giá trực tiếp sang tích điểm, voucher cá nhân hóa",42,2,21.61,0.5
173197,Khách giá trị cao,0.1873,model,"Membership, ưu đãi đặc quyền, đặt vé sớm phim hot",15,4,12.22,1.0
192559,Khách giá trị cao,0.1872,model,"Membership, ưu đãi đặc quyền, đặt vé sớm phim hot",121,3,47.6,0.0
120994,Khách giá trị cao,0.1872,model,"Membership, ưu đãi đặc quyền, đặt vé sớm phim hot",7,3,27.26,0.0
207059,Khách nhạy khuyến mãi,0.1872,model,"Chuyển từ giảm giá trực tiếp sang tích điểm, voucher cá nhân hóa",3,2,9.94,0.5
132730,Khách giá trị cao,0.1871,model,"Membership, ưu đãi đặc quyền, đặt vé sớm phim hot",148,3,16.22,0.3333
169886,Khách giá trị cao,0.1869,model,"Membership, ưu đãi đặc quyền, đặt vé sớm phim hot",167,3,17.49,0.0
133013,Khách giá trị cao,0.1869,model,"Membership, ưu đãi đặc quyền, đặt vé sớm phim hot",79,6,54.59,0.1667
100810,Khách giá trị cao,0.1868,model,"Membership, ưu đãi đặc quyền, đặt vé sớm phim hot",77,4,31.04,0.5
112250,Khách giá trị cao,0.1868,model,"Membership, ưu đãi đặc quyền, đặt vé sớm phim hot",55,5,43.15,0.0
198807,Khách giá trị cao,0.1867,model,"Membership, ưu đãi đặc quyền, đặt vé sớm phim hot",70,3,16.47,0.3333
213128,Khách lâu chưa quay lại,0.1867,model,"Kéo lại bằng phim mới, voucher quay lại, thông báo cá nhân hóa",111,2,10.73,0.0
172419,Khách giá trị cao,0.1867,model,"Membership, ưu đãi đặc quyền, đặt vé sớm phim hot",164,3,54.07,0.6667
150109,Khách giá trị cao,0.1866,model,"Membership, ưu đãi đặc quyền, đặt vé sớm phim hot",36,4,61.41,0.25
151487,Khách giá trị cao,0.1866,model,"Membership, ưu đãi đặc quyền, đặt vé sớm phim hot",42,3,18.32,0.3333
117558,Khách lâu chưa quay lại,0.1866,model,"Kéo lại bằng phim mới, voucher quay lại, thông báo cá nhân hóa",263,7,60.01,0.2857
130342,Khách giá trị cao,0.1865,model,"Membership, ưu đãi đặc quyền, đặt vé sớm phim hot",163,6,73.11,0.6667
188203,Khách lâu chưa quay lại,0.1864,model,"Kéo lại bằng phim mới, voucher quay lại, thông báo cá nhân hóa",279,3,39.14,0.0
127266,Khách lâu chưa quay lại,0.1864,model,"Kéo lại bằng phim mới, voucher quay lại, thông báo cá nhân hóa",183,3,40.01,0.0
137145,Khách giá trị cao,0.1864,model,"Membership, ưu đãi đặc quyền, đặt vé sớm phim hot",42,3,24.09,0.6667
174813,Khách giá trị cao,0.1863,model,"Membership, ưu đãi đặc quyền, đặt vé sớm phim hot",90,4,23.35,0.75
190150,Khách giá trị cao,0.1863,model,"Membership, ưu đãi đặc quyền, đặt vé sớm phim hot",135,4,35.11,0.75
103674,Khách giá trị cao,0.1862,model,"Membership, ưu đãi đặc quyền, đặt vé sớm phim hot",30,3,24.25,0.3333
195678,Khách giá trị cao,0.186,model,"Membership, ưu đãi đặc quyền, đặt vé sớm phim hot",35,3,8.55,1.0
175059,Khách giá trị cao,0.1859,model,"Membership, ưu đãi đặc quyền, đặt vé sớm phim hot",11,4,34.19,0.0
194387,Khách thường xuyên,0.1859,model,"Duy trì, không cần giảm giá sâu",4,2,16.74,0.0
186183,Khách giá trị cao,0.1859,model,"Membership, ưu đãi đặc quyền, đặt vé sớm phim hot",133,3,57.57,1.0
161499,Khách giá trị cao,0.1859,model,"Membership, ưu đãi đặc quyền, đặt vé sớm phim hot",2,3,24.06,0.3333
133482,Khách thường xuyên,0.1858,model,"Duy trì, không cần giảm giá sâu",28,2,16.0,0.0
118358,Khách giá trị cao,0.1858,model,"Membership, ưu đãi đặc quyền, đặt vé sớm phim hot",44,3,35.8,0.3333
101677,Khách lâu chưa quay lại,0.1858,model,"Kéo lại bằng phim mới, voucher quay lại, thông báo cá nhân hóa",194,2,11.92,0.5
160465,Khách nhạy khuyến mãi,0.1857,model,"Chuyển từ giảm giá trực tiếp sang tích điểm, voucher cá nhân hóa",49,2,13.66,0.5
148768,Khách thường xuyên,0.1857,model,"Duy trì, không cần giảm giá sâu",6,2,17.9,0.0
208293,Khách giá trị cao,0.1856,model,"Membership, ưu đãi đặc quyền, đặt vé sớm phim hot",79,5,31.73,0.6
138306,Khách giá trị cao,0.1856,model,"Membership, ưu đãi đặc quyền, đặt vé sớm phim hot",6,3,23.56,0.3333
137296,Khách thường xuyên,0.1855,model,"Duy trì, không cần giảm giá sâu",72,1,10.31,0.0
107428,Khách lâu chưa quay lại,0.1854,model,"Kéo lại bằng phim mới, voucher quay lại, thông báo cá nhân hóa",229,3,35.01,0.0
184169,Khách giá trị cao,0.1854,model,"Membership, ưu đãi đặc quyền, đặt vé sớm phim hot",42,3,10.86,0.3333
106075,Khách giá trị cao,0.1853,model,"Membership, ưu đãi đặc quyền, đặt vé sớm phim hot",9,3,14.11,0.6667
215683,Khách giá trị cao,0.1851,model,"Membership, ưu đãi đặc quyền, đặt vé sớm phim hot",2,3,61.57,1.0
116345,Khách giá trị cao,0.1851,model,"Membership, ưu đãi đặc quyền, đặt vé sớm phim hot",68,3,17.68,0.3333
125417,Khách giá trị cao,0.1851,model,"Membership, ưu đãi đặc quyền, đặt vé sớm phim hot",60,3,34.4,0.6667
198015,Khách giá trị cao,0.185,model,"Membership, ưu đãi đặc quyền, đặt vé sớm phim hot",2,3,8.96,1.0
154973,Khách thường xuyên,0.185,model,"Duy trì, không cần giảm giá sâu",83,2,10.91,0.0
116640,Khách giá trị cao,0.185,model,"Membership, ưu đãi đặc quyền, đặt vé sớm phim hot",76,3,16.55,1.0
192469,Khách giá trị cao,0.185,model,"Membership, ưu đãi đặc quyền, đặt vé sớm phim hot",45,4,26.43,0.75
123836,Khách giá trị cao,0.1849,model,"Membership, ưu đãi đặc quyền, đặt vé sớm phim hot",47,3,36.8,0.6667
217079,Khách thường xuyên,0.1849,model,"Duy trì, không cần giảm giá sâu",1,2,11.91,0.0
117365,Khách giá trị cao,0.1848,model,"Membership, ưu đãi đặc quyền, đặt vé sớm phim hot",62,3,67.64,0.3333
109051,Khách giá trị cao,0.1848,model,"Membership, ưu đãi đặc quyền, đặt vé sớm phim hot",57,3,25.4,0.3333
135455,Khách lâu chưa quay lại,0.1848,model,"Kéo lại bằng phim mới, voucher quay lại, thông báo cá nhân hóa",613,7,69.51,0.2857
115238,Khách giá trị cao,0.1847,model,"Membership, ưu đãi đặc quyền, đặt vé sớm phim hot",45,4,28.25,0.75
127576,Khách giá trị cao,0.1847,model,"Membership, ưu đãi đặc quyền, đặt vé sớm phim hot",69,5,49.07,0.0
121097,Khách lâu chưa quay lại,0.1847,model,"Kéo lại bằng phim mới, voucher quay lại, thông báo cá nhân hóa",631,1,21.36,0.0
113167,Khách giá trị cao,0.1846,model,"Membership, ưu đãi đặc quyền, đặt vé sớm phim hot",41,3,24.51,0.0
128018,Khách nhạy khuyến mãi,0.1846,model,"Chuyển từ giảm giá trực tiếp sang tích điểm, voucher cá nhân hóa",14,2,11.92,0.5
119461,Khách giá trị cao,0.1846,model,"Membership, ưu đãi đặc quyền, đặt vé sớm phim hot",39,3,11.63,1.0
153948,Khách giá trị cao,0.1846,model,"Membership, ưu đãi đặc quyền, đặt vé sớm phim hot",120,7,49.8,0.1429
153074,Khách giá trị cao,0.1845,model,"Membership, ưu đãi đặc quyền, đặt vé sớm phim hot",58,3,34.91,0.0
130079,Khách giá trị cao,0.1845,model,"Membership, ưu đãi đặc quyền, đặt vé sớm phim hot",68,3,23.01,0.3333
112889,Khách lâu chưa quay lại,0.1845,model,"Kéo lại bằng phim mới, voucher quay lại, thông báo cá nhân hóa",236,4,16.53,0.25
175536,Khách giá trị cao,0.1844,model,"Membership, ưu đãi đặc quyền, đặt vé sớm phim hot",168,3,47.8,0.3333
211307,Khách giá trị cao,0.1844,model,"Membership, ưu đãi đặc quyền, đặt vé sớm phim hot",36,3,25.09,0.3333
121360,Khách giá trị cao,0.1842,model,"Membership, ưu đãi đặc quyền, đặt vé sớm phim hot",135,6,45.53,0.3333
123971,Khách nhạy khuyến mãi,0.1841,model,"Chuyển từ giảm giá trực tiếp sang tích điểm, voucher cá nhân hóa",7,2,16.99,0.5
122986,Khách giá trị cao,0.1841,model,"Membership, ưu đãi đặc quyền, đặt vé sớm phim hot",169,3,16.54,0.6667
219968,Khách giá trị cao,0.1841,model,"Membership, ưu đãi đặc quyền, đặt vé sớm phim hot",10,3,26.94,0.3333
212302,Khách giá trị cao,0.184,model,"Membership, ưu đãi đặc quyền, đặt vé sớm phim hot",24,3,49.37,0.3333
141039,Khách lâu chưa quay lại,0.1839,model,"Kéo lại bằng phim mới, voucher quay lại, thông báo cá nhân hóa",175,2,14.1,0.5
167415,Khách lâu chưa quay lại,0.1839,model,"Kéo lại bằng phim mới, voucher quay lại, thông báo cá nhân hóa",91,2,10.89,0.5
206193,Khách lâu chưa quay lại,0.1838,model,"Kéo lại bằng phim mới, voucher quay lại, thông báo cá nhân hóa",144,2,10.27,0.5
149496,Khách lâu chưa quay lại,0.1836,model,"Kéo lại bằng phim mới, voucher quay lại, thông báo cá nhân hóa",205,4,19.31,0.25
173457,Khách nhạy khuyến mãi,0.1836,model,"Chuyển từ giảm giá trực tiếp sang tích điểm, voucher cá nhân hóa",9,2,17.07,0.5
195869,Khách giá trị cao,0.1834,model,"Membership, ưu đãi đặc quyền, đặt vé sớm phim hot",67,3,21.53,0.0
137765,Khách giá trị cao,0.1834,model,"Membership, ưu đãi đặc quyền, đặt vé sớm phim hot",22,3,22.2,0.3333
174709,Khách thường xuyên,0.1834,model,"Duy trì, không cần giảm giá sâu",1,2,17.16,0.0
161103,Khách lâu chưa quay lại,0.1834,model,"Kéo lại bằng phim mới, voucher quay lại, thông báo cá nhân hóa",212,6,64.51,0.8333
222595,Khách giá trị cao,0.1833,model,"Membership, ưu đãi đặc quyền, đặt vé sớm phim hot",14,3,20.7,0.3333
121424,Khách giá trị cao,0.1833,model,"Membership, ưu đãi đặc quyền, đặt vé sớm phim hot",143,5,46.72,0.4
121478,Khách giá trị cao,0.1831,model,"Membership, ưu đãi đặc quyền, đặt vé sớm phim hot",169,4,29.89,0.5
147121,Khách giá trị cao,0.1829,model,"Membership, ưu đãi đặc quyền, đặt vé sớm phim hot",39,4,26.39,0.5
143332,Khách giá trị cao,0.1829,model,"Membership, ưu đãi đặc quyền, đặt vé sớm phim hot",42,5,45.76,0.8
121682,Khách giá trị cao,0.1829,model,"Membership, ưu đãi đặc quyền, đặt vé sớm phim hot",21,4,32.05,0.75
136105,Khách giá trị cao,0.1828,model,"Membership, ưu đãi đặc quyền, đặt vé sớm phim hot",48,5,20.45,0.8
206810,Khách giá trị cao,0.1828,model,"Membership, ưu đãi đặc quyền, đặt vé sớm phim hot",163,3,9.36,1.0
223060,Khách lâu chưa quay lại,0.1827,model,"Kéo lại bằng phim mới, voucher quay lại, thông báo cá nhân hóa",163,2,85.45,0.5
136034,Khách giá trị cao,0.1827,model,"Membership, ưu đãi đặc quyền, đặt vé sớm phim hot",8,3,33.9,0.0
110243,Khách giá trị cao,0.1827,model,"Membership, ưu đãi đặc quyền, đặt vé sớm phim hot",129,5,36.86,0.2
172021,Khách lâu chưa quay lại,0.1826,model,"Kéo lại bằng phim mới, voucher quay lại, thông báo cá nhân hóa",168,2,27.27,0.0
132776,Khách giá trị cao,0.1826,model,"Membership, ưu đãi đặc quyền, đặt vé sớm phim hot",142,7,72.54,0.1429
168464,Khách giá trị cao,0.1826,model,"Membership, ưu đãi đặc quyền, đặt vé sớm phim hot",5,5,75.26,0.4
184596,Khách thường xuyên,0.1826,model,"Duy trì, không cần giảm giá sâu",25,2,12.38,0.0
135021,Khách giá trị cao,0.1825,model,"Membership, ưu đãi đặc quyền, đặt vé sớm phim hot",158,3,37.82,0.3333
158384,Khách thường xuyên,0.1825,model,"Duy trì, không cần giảm giá sâu",77,2,24.74,0.0
209586,Khách lâu chưa quay lại,0.1825,model,"Kéo lại bằng phim mới, voucher quay lại, thông báo cá nhân hóa",105,1,12.5,0.0
146466,Khách nhạy khuyến mãi,0.1824,model,"Chuyển từ giảm giá trực tiếp sang tích điểm, voucher cá nhân hóa",42,2,14.19,0.5
101356,Khách giá trị cao,0.1824,model,"Membership, ưu đãi đặc quyền, đặt vé sớm phim hot",84,7,41.59,0.7143
121260,Khách giá trị cao,0.1823,model,"Membership, ưu đãi đặc quyền, đặt vé sớm phim hot",89,4,36.8,0.25
114619,Khách nhạy khuyến mãi,0.1823,model,"Chuyển từ giảm giá trực tiếp sang tích điểm, voucher cá nhân hóa",87,2,17.87,0.5
125017,Khách giá trị cao,0.1823,model,"Membership, ưu đãi đặc quyền, đặt vé sớm phim hot",65,4,29.83,0.5
101972,Khách giá trị cao,0.1822,model,"Membership, ưu đãi đặc quyền, đặt vé sớm phim hot",168,4,27.56,1.0
101007,Khách nhạy khuyến mãi,0.1822,model,"Chuyển từ giảm giá trực tiếp sang tích điểm, voucher cá nhân hóa",10,2,11.84,0.5
163536,Khách thường xuyên,0.1821,model,"Duy trì, không cần giảm giá sâu",60,2,16.66,0.0
225220,Khách lâu chưa quay lại,0.182,model,"Kéo lại bằng phim mới, voucher quay lại, thông báo cá nhân hóa",165,2,17.49,0.5
134136,Khách giá trị cao,0.182,model,"Membership, ưu đãi đặc quyền, đặt vé sớm phim hot",9,4,12.22,0.5
120002,Khách giá trị cao,0.1819,model,"Membership, ưu đãi đặc quyền, đặt vé sớm phim hot",140,6,45.13,0.0
105006,Khách lâu chưa quay lại,0.1819,model,"Kéo lại bằng phim mới, voucher quay lại, thông báo cá nhân hóa",188,5,35.85,0.0
130753,Khách lâu chưa quay lại,0.1819,model,"Kéo lại bằng phim mới, voucher quay lại, thông báo cá nhân hóa",225,4,60.76,0.5
152309,Khách giá trị cao,0.1819,model,"Membership, ưu đãi đặc quyền, đặt vé sớm phim hot",9,4,65.67,0.25
181704,Khách giá trị cao,0.1817,model,"Membership, ưu đãi đặc quyền, đặt vé sớm phim hot",0,3,28.9,0.3333
100885,Khách lâu chưa quay lại,0.1817,model,"Kéo lại bằng phim mới, voucher quay lại, thông báo cá nhân hóa",233,4,68.42,0.0
194525,Khách giá trị cao,0.1816,model,"Membership, ưu đãi đặc quyền, đặt vé sớm phim hot",116,3,36.3,0.3333
139798,Khách thường xuyên,0.1813,model,"Duy trì, không cần giảm giá sâu",66,2,70.94,0.0
135608,Khách giá trị cao,0.1813,model,"Membership, ưu đãi đặc quyền, đặt vé sớm phim hot",66,3,33.45,0.0
172922,Khách nhạy khuyến mãi,0.1813,model,"Chuyển từ giảm giá trực tiếp sang tích điểm, voucher cá nhân hóa",8,2,11.01,0.5
166547,Khách giá trị cao,0.1811,model,"Membership, ưu đãi đặc quyền, đặt vé sớm phim hot",36,4,35.22,0.25
124240,Khách lâu chưa quay lại,0.1811,model,"Kéo lại bằng phim mới, voucher quay lại, thông báo cá nhân hóa",262,3,22.76,0.0
185312,Khách thường xuyên,0.181,model,"Duy trì, không cần giảm giá sâu",6,2,17.01,0.0
169172,Khách nhạy khuyến mãi,0.1809,model,"Chuyển từ giảm giá trực tiếp sang tích điểm, voucher cá nhân hóa",8,2,10.68,0.5
142020,Khách giá trị cao,0.1808,model,"Membership, ưu đãi đặc quyền, đặt vé sớm phim hot",84,3,40.25,0.3333
140518,Khách nhạy khuyến mãi,0.1808,model,"Chuyển từ giảm giá trực tiếp sang tích điểm, voucher cá nhân hóa",45,2,18.27,0.5
142095,Khách giá trị cao,0.1806,model,"Membership, ưu đãi đặc quyền, đặt vé sớm phim hot",80,3,16.34,1.0
171545,Khách giá trị cao,0.1806,model,"Membership, ưu đãi đặc quyền, đặt vé sớm phim hot",6,3,45.62,0.3333
104981,Khách lâu chưa quay lại,0.1806,model,"Kéo lại bằng phim mới, voucher quay lại, thông báo cá nhân hóa",182,4,22.93,0.5
104750,Khách nhạy khuyến mãi,0.1806,model,"Chuyển từ giảm giá trực tiếp sang tích điểm, voucher cá nhân hóa",66,2,11.31,0.5
178151,Khách lâu chưa quay lại,0.1806,model,"Kéo lại bằng phim mới, voucher quay lại, thông báo cá nhân hóa",230,2,16.42,0.5
130809,Khách giá trị cao,0.1805,model,"Membership, ưu đãi đặc quyền, đặt vé sớm phim hot",133,3,26.4,0.3333
106682,Khách lâu chưa quay lại,0.1805,model,"Kéo lại bằng phim mới, voucher quay lại, thông báo cá nhân hóa",182,4,29.57,0.5
120378,Khách lâu chưa quay lại,0.1805,model,"Kéo lại bằng phim mới, voucher quay lại, thông báo cá nhân hóa",190,4,27.51,0.25
127482,Khách giá trị cao,0.1804,model,"Membership, ưu đãi đặc quyền, đặt vé sớm phim hot",63,3,25.9,0.6667
139560,Khách lâu chưa quay lại,0.1804,model,"Kéo lại bằng phim mới, voucher quay lại, thông báo cá nhân hóa",327,5,42.92,0.2
198664,Khách giá trị cao,0.1804,model,"Membership, ưu đãi đặc quyền, đặt vé sớm phim hot",28,3,23.44,0.3333
131280,Khách giá trị cao,0.1804,model,"Membership, ưu đãi đặc quyền, đặt vé sớm phim hot",88,7,40.79,0.5714
219523,Khách nhạy khuyến mãi,0.1804,model,"Chuyển từ giảm giá trực tiếp sang tích điểm, voucher cá nhân hóa",48,2,10.88,0.5
106625,Khách thường xuyên,0.1803,model,"Duy trì, không cần giảm giá sâu",7,2,3.84,0.0
104802,Khách giá trị cao,0.1803,model,"Membership, ưu đãi đặc quyền, đặt vé sớm phim hot",154,3,56.33,0.3333
111061,Khách lâu chưa quay lại,0.1803,model,"Kéo lại bằng phim mới, voucher quay lại, thông báo cá nhân hóa",311,4,31.66,0.5
163780,Khách nhạy khuyến mãi,0.1803,model,"Chuyển từ giảm giá trực tiếp sang tích điểm, voucher cá nhân hóa",45,2,13.15,0.5
224211,Khách nhạy khuyến mãi,0.1802,model,"Chuyển từ giảm giá trực tiếp sang tích điểm, voucher cá nhân hóa",45,2,17.07,0.5
113615,Khách giá trị cao,0.1801,model,"Membership, ưu đãi đặc quyền, đặt vé sớm phim hot",73,3,17.4,0.3333
179646,Khách giá trị cao,0.1801,model,"Membership, ưu đãi đặc quyền, đặt vé sớm phim hot",85,3,11.8,1.0
138959,Khách giá trị cao,0.1801,model,"Membership, ưu đãi đặc quyền, đặt vé sớm phim hot",117,3,11.8,1.0
176659,Khách lâu chưa quay lại,0.18,model,"Kéo lại bằng phim mới, voucher quay lại, thông báo cá nhân hóa",252,4,23.97,0.5
123552,Khách giá trị cao,0.18,model,"Membership, ưu đãi đặc quyền, đặt vé sớm phim hot",6,4,63.97,0.5
185782,Khách lâu chưa quay lại,0.18,model,"Kéo lại bằng phim mới, voucher quay lại, thông báo cá nhân hóa",190,3,17.89,1.0
117132,Khách giá trị cao,0.1798,model,"Membership, ưu đãi đặc quyền, đặt vé sớm phim hot",6,3,20.29,0.3333
180484,Khách thường xuyên,0.1798,model,"Duy trì, không cần giảm giá sâu",9,2,27.17,0.0
185872,Khách giá trị cao,0.1798,model,"Membership, ưu đãi đặc quyền, đặt vé sớm phim hot",67,3,30.5,0.0
130696,Khách giá trị cao,0.1798,model,"Membership, ưu đãi đặc quyền, đặt vé sớm phim hot",10,4,49.65,0.75
211334,Khách giá trị cao,0.1798,model,"Membership, ưu đãi đặc quyền, đặt vé sớm phim hot",38,3,24.75,0.3333
172028,Khách lâu chưa quay lại,0.1798,model,"Kéo lại bằng phim mới, voucher quay lại, thông báo cá nhân hóa",204,3,27.33,0.3333
213275,Khách giá trị cao,0.1798,model,"Membership, ưu đãi đặc quyền, đặt vé sớm phim hot",15,3,38.08,0.3333
117474,Khách lâu chưa quay lại,0.1797,model,"Kéo lại bằng phim mới, voucher quay lại, thông báo cá nhân hóa",116,2,15.63,0.0
168861,Khách lâu chưa quay lại,0.1797,model,"Kéo lại bằng phim mới, voucher quay lại, thông báo cá nhân hóa",198,3,32.5,0.3333
141437,Khách giá trị cao,0.1796,model,"Membership, ưu đãi đặc quyền, đặt vé sớm phim hot",69,4,34.11,0.75
150662,Khách giá trị cao,0.1796,model,"Membership, ưu đãi đặc quyền, đặt vé sớm phim hot",100,4,65.12,0.25
149524,Khách nhạy khuyến mãi,0.1796,model,"Chuyển từ giảm giá trực tiếp sang tích điểm, voucher cá nhân hóa",57,2,14.27,1.0
165429,Khách giá trị cao,0.1795,model,"Membership, ưu đãi đặc quyền, đặt vé sớm phim hot",44,3,15.47,1.0
174473,Khách giá trị cao,0.1795,model,"Membership, ưu đãi đặc quyền, đặt vé sớm phim hot",85,3,21.16,0.0
157575,Khách lâu chưa quay lại,0.1794,model,"Kéo lại bằng phim mới, voucher quay lại, thông báo cá nhân hóa",103,2,11.84,0.5
175927,Khách lâu chưa quay lại,0.1794,model,"Kéo lại bằng phim mới, voucher quay lại, thông báo cá nhân hóa",205,3,38.23,0.3333
103140,Khách giá trị cao,0.1793,model,"Membership, ưu đãi đặc quyền, đặt vé sớm phim hot",64,3,26.73,0.3333
141196,Khách thường xuyên,0.1793,model,"Duy trì, không cần giảm giá sâu",39,2,16.8,0.0
118029,Khách giá trị cao,0.1792,model,"Membership, ưu đãi đặc quyền, đặt vé sớm phim hot",40,3,15.05,1.0
127743,Khách thường xuyên,0.1792,model,"Duy trì, không cần giảm giá sâu",84,2,10.93,0.0
139397,Khách lâu chưa quay lại,0.1791,model,"Kéo lại bằng phim mới, voucher quay lại, thông báo cá nhân hóa",270,5,34.88,0.6
144585,Khách giá trị cao,0.1791,model,"Membership, ưu đãi đặc quyền, đặt vé sớm phim hot",59,3,25.62,0.6667
107060,Khách lâu chưa quay lại,0.179,model,"Kéo lại bằng phim mới, voucher quay lại, thông báo cá nhân hóa",232,5,40.57,0.6
112793,Khách giá trị cao,0.179,model,"Membership, ưu đãi đặc quyền, đặt vé sớm phim hot",91,4,33.85,0.75
205494,Khách giá trị cao,0.179,model,"Membership, ưu đãi đặc quyền, đặt vé sớm phim hot",179,4,28.62,0.75
108145,Khách giá trị cao,0.179,model,"Membership, ưu đãi đặc quyền, đặt vé sớm phim hot",8,3,32.13,0.0
170236,Khách giá trị cao,0.179,model,"Membership, ưu đãi đặc quyền, đặt vé sớm phim hot",41,3,17.66,0.6667
129707,Khách giá trị cao,0.1788,model,"Membership, ưu đãi đặc quyền, đặt vé sớm phim hot",48,3,24.91,0.3333
126783,Khách giá trị cao,0.1787,model,"Membership, ưu đãi đặc quyền, đặt vé sớm phim hot",73,3,11.96,1.0
130973,Khách giá trị cao,0.1787,model,"Membership, ưu đãi đặc quyền, đặt vé sớm phim hot",84,3,63.19,0.0
140363,Khách giá trị cao,0.1787,model,"Membership, ưu đãi đặc quyền, đặt vé sớm phim hot",24,3,37.54,0.0
111526,Khách lâu chưa quay lại,0.1787,model,"Kéo lại bằng phim mới, voucher quay lại, thông báo cá nhân hóa",259,3,46.56,1.0
105399,Khách giá trị cao,0.1787,model,"Membership, ưu đãi đặc quyền, đặt vé sớm phim hot",178,6,77.16,0.8333
134461,Khách giá trị cao,0.1786,model,"Membership, ưu đãi đặc quyền, đặt vé sớm phim hot",10,3,14.76,0.6667
100759,Khách giá trị cao,0.1786,model,"Membership, ưu đãi đặc quyền, đặt vé sớm phim hot",57,3,36.15,0.3333
212076,Khách lâu chưa quay lại,0.1786,model,"Kéo lại bằng phim mới, voucher quay lại, thông báo cá nhân hóa",184,2,15.05,0.5
143249,Khách giá trị cao,0.1786,model,"Membership, ưu đãi đặc quyền, đặt vé sớm phim hot",104,3,19.38,0.3333
190949,Khách giá trị cao,0.1785,model,"Membership, ưu đãi đặc quyền, đặt vé sớm phim hot",70,3,19.34,0.3333
119302,Khách giá trị cao,0.1785,model,"Membership, ưu đãi đặc quyền, đặt vé sớm phim hot",94,6,69.62,0.1667
170537,Khách giá trị cao,0.1784,model,"Membership, ưu đãi đặc quyền, đặt vé sớm phim hot",4,3,11.89,0.3333
130820,Khách giá trị cao,0.1784,model,"Membership, ưu đãi đặc quyền, đặt vé sớm phim hot",176,4,15.33,0.5
107485,Khách giá trị cao,0.1783,model,"Membership, ưu đãi đặc quyền, đặt vé sớm phim hot",154,4,34.61,0.75
113909,Khách lâu chưa quay lại,0.1782,model,"Kéo lại bằng phim mới, voucher quay lại, thông báo cá nhân hóa",209,3,26.23,0.6667
132723,Khách nhạy khuyến mãi,0.1782,model,"Chuyển từ giảm giá trực tiếp sang tích điểm, voucher cá nhân hóa",6,2,10.6,0.5
187196,Khách giá trị cao,0.1782,model,"Membership, ưu đãi đặc quyền, đặt vé sớm phim hot",23,3,22.23,0.3333
109376,Khách giá trị cao,0.1781,model,"Membership, ưu đãi đặc quyền, đặt vé sớm phim hot",106,3,27.54,1.0
103136,Khách giá trị cao,0.1781,model,"Membership, ưu đãi đặc quyền, đặt vé sớm phim hot",172,4,22.89,1.0
134062,Khách giá trị cao,0.178,model,"Membership, ưu đãi đặc quyền, đặt vé sớm phim hot",13,3,63.6,0.6667
209924,Khách lâu chưa quay lại,0.178,model,"Kéo lại bằng phim mới, voucher quay lại, thông báo cá nhân hóa",155,1,21.69,0.0
158257,Khách nhạy khuyến mãi,0.1779,model,"Chuyển từ giảm giá trực tiếp sang tích điểm, voucher cá nhân hóa",27,2,17.77,0.5
225070,Khách giá trị cao,0.1779,model,"Membership, ưu đãi đặc quyền, đặt vé sớm phim hot",171,3,10.27,0.6667
179771,Khách giá trị cao,0.1778,model,"Membership, ưu đãi đặc quyền, đặt vé sớm phim hot",29,3,35.47,0.3333
151468,Khách lâu chưa quay lại,0.1778,model,"Kéo lại bằng phim mới, voucher quay lại, thông báo cá nhân hóa",185,2,9.81,0.5
168653,Khách giá trị cao,0.1778,model,"Membership, ưu đãi đặc quyền, đặt vé sớm phim hot",45,3,8.79,1.0
144981,Khách lâu chưa quay lại,0.1778,model,"Kéo lại bằng phim mới, voucher quay lại, thông báo cá nhân hóa",94,2,13.07,0.0
134669,Khách thường xuyên,0.1778,model,"Duy trì, không cần giảm giá sâu",86,2,13.66,0.0
177602,Khách lâu chưa quay lại,0.1777,model,"Kéo lại bằng phim mới, voucher quay lại, thông báo cá nhân hóa",143,2,10.6,0.5
129421,Khách giá trị cao,0.1777,model,"Membership, ưu đãi đặc quyền, đặt vé sớm phim hot",99,4,30.6,0.0
104985,Khách giá trị cao,0.1777,model,"Membership, ưu đãi đặc quyền, đặt vé sớm phim hot",50,4,29.21,0.75
149216,Khách nhạy khuyến mãi,0.1777,model,"Chuyển từ giảm giá trực tiếp sang tích điểm, voucher cá nhân hóa",57,2,17.2,0.5
225774,Khách giá trị cao,0.1777,model,"Membership, ưu đãi đặc quyền, đặt vé sớm phim hot",112,3,26.27,0.6667
124430,Khách giá trị cao,0.1776,model,"Membership, ưu đãi đặc quyền, đặt vé sớm phim hot",25,3,25.16,0.0
142421,Khách giá trị cao,0.1776,model,"Membership, ưu đãi đặc quyền, đặt vé sớm phim hot",84,6,43.8,0.3333
162115,Khách lâu chưa quay lại,0.1776,model,"Kéo lại bằng phim mới, voucher quay lại, thông báo cá nhân hóa",235,2,13.03,0.0
113268,Khách thường xuyên,0.1775,model,"Duy trì, không cần giảm giá sâu",65,2,16.87,0.0
173063,Khách giá trị cao,0.1775,model,"Membership, ưu đãi đặc quyền, đặt vé sớm phim hot",93,3,11.68,0.6667
144081,Khách lâu chưa quay lại,0.1775,model,"Kéo lại bằng phim mới, voucher quay lại, thông báo cá nhân hóa",275,3,47.71,0.3333
126972,Khách lâu chưa quay lại,0.1774,model,"Kéo lại bằng phim mới, voucher quay lại, thông báo cá nhân hóa",233,8,50.08,0.375
140278,Khách lâu chưa quay lại,0.1774,model,"Kéo lại bằng phim mới, voucher quay lại, thông báo cá nhân hóa",170,2,8.01,0.5
203067,Khách giá trị cao,0.1774,model,"Membership, ưu đãi đặc quyền, đặt vé sớm phim hot",44,3,22.27,0.3333
125278,Khách lâu chưa quay lại,0.1773,model,"Kéo lại bằng phim mới, voucher quay lại, thông báo cá nhân hóa",226,4,26.68,0.25
166980,Khách giá trị cao,0.1773,model,"Membership, ưu đãi đặc quyền, đặt vé sớm phim hot",1,3,44.05,0.0
132386,Khách giá trị cao,0.1773,model,"Membership, ưu đãi đặc quyền, đặt vé sớm phim hot",92,3,34.68,0.3333
164964,Khách lâu chưa quay lại,0.1772,model,"Kéo lại bằng phim mới, voucher quay lại, thông báo cá nhân hóa",240,4,16.7,0.75
192597,Khách giá trị cao,0.1772,model,"Membership, ưu đãi đặc quyền, đặt vé sớm phim hot",54,3,25.78,0.6667
126859,Khách giá trị cao,0.1771,model,"Membership, ưu đãi đặc quyền, đặt vé sớm phim hot",67,4,15.95,0.5
136108,Khách lâu chưa quay lại,0.1771,model,"Kéo lại bằng phim mới, voucher quay lại, thông báo cá nhân hóa",372,4,52.98,0.0
179482,Khách thường xuyên,0.1771,model,"Duy trì, không cần giảm giá sâu",55,2,20.3,0.0
178255,Khách thường xuyên,0.1771,model,"Duy trì, không cần giảm giá sâu",15,2,27.43,0.0
225516,Khách giá trị cao,0.177,model,"Membership, ưu đãi đặc quyền, đặt vé sớm phim hot",88,3,53.99,0.6667
109134,Khách giá trị cao,0.1769,model,"Membership, ưu đãi đặc quyền, đặt vé sớm phim hot",120,3,44.59,0.3333
130891,Khách giá trị cao,0.1769,model,"Membership, ưu đãi đặc quyền, đặt vé sớm phim hot",1,3,37.03,0.6667
108780,Khách giá trị cao,0.1768,model,"Membership, ưu đãi đặc quyền, đặt vé sớm phim hot",142,3,36.58,0.3333
133052,Khách nhạy khuyến mãi,0.1768,model,"Chuyển từ giảm giá trực tiếp sang tích điểm, voucher cá nhân hóa",4,2,16.34,0.5
168233,Khách giá trị cao,0.1767,model,"Membership, ưu đãi đặc quyền, đặt vé sớm phim hot",145,3,14.23,1.0
154341,Khách giá trị cao,0.1767,model,"Membership, ưu đãi đặc quyền, đặt vé sớm phim hot",51,3,39.38,0.3333
105367,Khách giá trị cao,0.1767,model,"Membership, ưu đãi đặc quyền, đặt vé sớm phim hot",42,3,17.32,0.0
165922,Khách lâu chưa quay lại,0.1766,model,"Kéo lại bằng phim mới, voucher quay lại, thông báo cá nhân hóa",238,3,15.91,1.0
159766,Khách giá trị cao,0.1766,model,"Membership, ưu đãi đặc quyền, đặt vé sớm phim hot",89,6,44.92,0.1667
143843,Khách lâu chưa quay lại,0.1766,model,"Kéo lại bằng phim mới, voucher quay lại, thông báo cá nhân hóa",133,2,9.4,0.5
185360,Khách lâu chưa quay lại,0.1766,model,"Kéo lại bằng phim mới, voucher quay lại, thông báo cá nhân hóa",169,2,18.1,0.5
100801,Khách giá trị cao,0.1766,model,"Membership, ưu đãi đặc quyền, đặt vé sớm phim hot",50,4,47.96,0.25
120503,Khách giá trị cao,0.1766,model,"Membership, ưu đãi đặc quyền, đặt vé sớm phim hot",7,5,21.62,1.0
133941,Khách lâu chưa quay lại,0.1765,model,"Kéo lại bằng phim mới, voucher quay lại, thông báo cá nhân hóa",165,2,17.82,0.0
164979,Khách lâu chưa quay lại,0.1765,model,"Kéo lại bằng phim mới, voucher quay lại, thông báo cá nhân hóa",218,3,47.72,0.0
173343,Khách nhạy khuyến mãi,0.1765,model,"Chuyển từ giảm giá trực tiếp sang tích điểm, voucher cá nhân hóa",10,2,15.59,1.0
120162,Khách nhạy khuyến mãi,0.1764,model,"Chuyển từ giảm giá trực tiếp sang tích điểm, voucher cá nhân hóa",8,2,11.05,0.5
213273,Khách giá trị cao,0.1763,model,"Membership, ưu đãi đặc quyền, đặt vé sớm phim hot",90,3,25.9,0.3333
174724,Khách giá trị cao,0.1762,model,"Membership, ưu đãi đặc quyền, đặt vé sớm phim hot",1,4,26.4,0.25
181329,Khách lâu chưa quay lại,0.1762,model,"Kéo lại bằng phim mới, voucher quay lại, thông báo cá nhân hóa",167,2,14.35,0.5
136106,Khách lâu chưa quay lại,0.1762,model,"Kéo lại bằng phim mới, voucher quay lại, thông báo cá nhân hóa",141,1,12.25,0.0
115379,Khách nhạy khuyến mãi,0.1762,model,"Chuyển từ giảm giá trực tiếp sang tích điểm, voucher cá nhân hóa",35,2,16.0,0.5
135851,Khách lâu chưa quay lại,0.1762,model,"Kéo lại bằng phim mới, voucher quay lại, thông báo cá nhân hóa",171,2,14.76,0.5
139411,Khách giá trị cao,0.1761,model,"Membership, ưu đãi đặc quyền, đặt vé sớm phim hot",169,3,15.18,0.6667
126925,Khách giá trị cao,0.176,model,"Membership, ưu đãi đặc quyền, đặt vé sớm phim hot",58,3,26.68,0.3333
193475,Khách giá trị cao,0.176,model,"Membership, ưu đãi đặc quyền, đặt vé sớm phim hot",8,3,31.09,0.3333
118360,Khách lâu chưa quay lại,0.176,model,"Kéo lại bằng phim mới, voucher quay lại, thông báo cá nhân hóa",232,6,42.73,0.3333
195215,Khách giá trị cao,0.1759,model,"Membership, ưu đãi đặc quyền, đặt vé sớm phim hot",36,3,14.69,0.6667
130567,Khách giá trị cao,0.1758,model,"Membership, ưu đãi đặc quyền, đặt vé sớm phim hot",154,3,31.27,0.3333
205805,Khách giá trị cao,0.1755,model,"Membership, ưu đãi đặc quyền, đặt vé sớm phim hot",37,3,11.89,0.6667
111006,Khách lâu chưa quay lại,0.1755,model,"Kéo lại bằng phim mới, voucher quay lại, thông báo cá nhân hóa",297,2,11.88,0.5
113110,Khách giá trị cao,0.1754,model,"Membership, ưu đãi đặc quyền, đặt vé sớm phim hot",63,3,33.85,0.3333
221582,Khách giá trị cao,0.1754,model,"Membership, ưu đãi đặc quyền, đặt vé sớm phim hot",8,3,26.85,0.6667
134929,Khách giá trị cao,0.1753,model,"Membership, ưu đãi đặc quyền, đặt vé sớm phim hot",12,5,36.38,0.6
164279,Khách lâu chưa quay lại,0.1753,model,"Kéo lại bằng phim mới, voucher quay lại, thông báo cá nhân hóa",317,2,15.26,0.0
130056,Khách giá trị cao,0.1752,model,"Membership, ưu đãi đặc quyền, đặt vé sớm phim hot",80,3,21.06,0.3333
191033,Khách lâu chưa quay lại,0.1751,model,"Kéo lại bằng phim mới, voucher quay lại, thông báo cá nhân hóa",117,2,10.89,0.5
194049,Khách lâu chưa quay lại,0.1751,model,"Kéo lại bằng phim mới, voucher quay lại, thông báo cá nhân hóa",101,2,23.06,0.5
150258,Khách nhạy khuyến mãi,0.175,model,"Chuyển từ giảm giá trực tiếp sang tích điểm, voucher cá nhân hóa",44,2,15.59,1.0
116220,Khách giá trị cao,0.175,model,"Membership, ưu đãi đặc quyền, đặt vé sớm phim hot",62,5,35.01,0.6
160624,Khách giá trị cao,0.175,model,"Membership, ưu đãi đặc quyền, đặt vé sớm phim hot",45,4,31.55,0.25
131865,Khách thường xuyên,0.1749,model,"Duy trì, không cần giảm giá sâu",0,2,9.78,0.0
186586,Khách thường xuyên,0.1749,model,"Duy trì, không cần giảm giá sâu",1,2,17.53,0.0
220844,Khách giá trị cao,0.1749,model,"Membership, ưu đãi đặc quyền, đặt vé sớm phim hot",4,4,38.32,0.5
185741,Khách nhạy khuyến mãi,0.1749,model,"Chuyển từ giảm giá trực tiếp sang tích điểm, voucher cá nhân hóa",47,2,5.7,0.5
125355,Khách giá trị cao,0.1748,model,"Membership, ưu đãi đặc quyền, đặt vé sớm phim hot",72,7,53.64,0.7143
222588,Khách thường xuyên,0.1748,model,"Duy trì, không cần giảm giá sâu",52,2,25.15,0.0
222750,Khách lâu chưa quay lại,0.1748,model,"Kéo lại bằng phim mới, voucher quay lại, thông báo cá nhân hóa",189,3,34.94,0.0
179516,Khách giá trị cao,0.1748,model,"Membership, ưu đãi đặc quyền, đặt vé sớm phim hot",83,3,25.24,0.3333
205002,Khách giá trị cao,0.1747,model,"Membership, ưu đãi đặc quyền, đặt vé sớm phim hot",86,3,20.77,0.3333
151590,Khách nhạy khuyến mãi,0.1747,model,"Chuyển từ giảm giá trực tiếp sang tích điểm, voucher cá nhân hóa",11,2,17.12,0.5
135533,Khách giá trị cao,0.1747,model,"Membership, ưu đãi đặc quyền, đặt vé sớm phim hot",66,3,24.45,0.6667
200981,Khách thường xuyên,0.1746,model,"Duy trì, không cần giảm giá sâu",6,2,17.03,0.0
135043,Khách giá trị cao,0.1746,model,"Membership, ưu đãi đặc quyền, đặt vé sớm phim hot",81,3,16.91,0.0
122213,Khách giá trị cao,0.1746,model,"Membership, ưu đãi đặc quyền, đặt vé sớm phim hot",86,3,11.22,0.3333
130635,Khách giá trị cao,0.1746,model,"Membership, ưu đãi đặc quyền, đặt vé sớm phim hot",38,5,43.74,0.8
116828,Khách thường xuyên,0.1746,model,"Duy trì, không cần giảm giá sâu",72,2,22.02,0.0
120821,Khách lâu chưa quay lại,0.1745,model,"Kéo lại bằng phim mới, voucher quay lại, thông báo cá nhân hóa",190,7,71.8,0.7143
190465,Khách giá trị cao,0.1744,model,"Membership, ưu đãi đặc quyền, đặt vé sớm phim hot",117,3,28.01,0.3333
126398,Khách lâu chưa quay lại,0.1744,model,"Kéo lại bằng phim mới, voucher quay lại, thông báo cá nhân hóa",316,2,14.07,0.5
186846,Khách thường xuyên,0.1744,model,"Duy trì, không cần giảm giá sâu",35,2,32.83,0.0
178830,Khách giá trị cao,0.1744,model,"Membership, ưu đãi đặc quyền, đặt vé sớm phim hot",108,3,23.71,0.3333
128834,Khách giá trị cao,0.1743,model,"Membership, ưu đãi đặc quyền, đặt vé sớm phim hot",0,8,51.26,0.625
126151,Khách lâu chưa quay lại,0.1743,model,"Kéo lại bằng phim mới, voucher quay lại, thông báo cá nhân hóa",207,3,10.92,0.3333
158878,Khách lâu chưa quay lại,0.1743,model,"Kéo lại bằng phim mới, voucher quay lại, thông báo cá nhân hóa",272,3,37.74,0.3333
222492,Khách thường xuyên,0.1743,model,"Duy trì, không cần giảm giá sâu",43,2,10.51,0.0
139400,Khách lâu chưa quay lại,0.1742,model,"Kéo lại bằng phim mới, voucher quay lại, thông báo cá nhân hóa",142,2,16.59,0.5
167808,Khách giá trị cao,0.1742,model,"Membership, ưu đãi đặc quyền, đặt vé sớm phim hot",89,3,10.48,1.0
100358,Khách lâu chưa quay lại,0.1741,model,"Kéo lại bằng phim mới, voucher quay lại, thông báo cá nhân hóa",217,5,30.59,0.8
103847,Khách lâu chưa quay lại,0.1741,model,"Kéo lại bằng phim mới, voucher quay lại, thông báo cá nhân hóa",288,5,29.35,0.6
120640,Khách lâu chưa quay lại,0.1741,model,"Kéo lại bằng phim mới, voucher quay lại, thông báo cá nhân hóa",200,5,46.93,0.2
223607,Khách giá trị cao,0.1741,model,"Membership, ưu đãi đặc quyền, đặt vé sớm phim hot",35,3,17.7,0.6667
208632,Khách giá trị cao,0.174,model,"Membership, ưu đãi đặc quyền, đặt vé sớm phim hot",57,3,22.61,0.3333
181754,Khách giá trị cao,0.174,model,"Membership, ưu đãi đặc quyền, đặt vé sớm phim hot",14,3,26.15,0.3333
215147,Khách lâu chưa quay lại,0.1739,model,"Kéo lại bằng phim mới, voucher quay lại, thông báo cá nhân hóa",225,3,14.27,0.6667
114652,Khách giá trị cao,0.1739,model,"Membership, ưu đãi đặc quyền, đặt vé sớm phim hot",55,3,19.22,0.3333
177878,Khách giá trị cao,0.1738,model,"Membership, ưu đãi đặc quyền, đặt vé sớm phim hot",71,3,32.29,0.3333
182195,Khách thường xuyên,0.1738,model,"Duy trì, không cần giảm giá sâu",5,2,16.41,0.0
201214,Khách thường xuyên,0.1738,model,"Duy trì, không cần giảm giá sâu",50,2,4.88,0.0
123011,Khách giá trị cao,0.1737,model,"Membership, ưu đãi đặc quyền, đặt vé sớm phim hot",50,3,34.85,0.0
162807,Khách nhạy khuyến mãi,0.1737,model,"Chuyển từ giảm giá trực tiếp sang tích điểm, voucher cá nhân hóa",65,2,25.16,0.5
101104,Khách giá trị cao,0.1736,model,"Membership, ưu đãi đặc quyền, đặt vé sớm phim hot",1,7,33.53,0.4286
174427,Khách thường xuyên,0.1736,model,"Duy trì, không cần giảm giá sâu",5,2,28.49,0.0
101737,Khách giá trị cao,0.1735,model,"Membership, ưu đãi đặc quyền, đặt vé sớm phim hot",134,3,17.03,0.6667
211780,Khách giá trị cao,0.1735,model,"Membership, ưu đãi đặc quyền, đặt vé sớm phim hot",115,3,18.1,0.3333
215418,Khách nhạy khuyến mãi,0.1735,model,"Chuyển từ giảm giá trực tiếp sang tích điểm, voucher cá nhân hóa",10,2,10.9,0.5
130299,Khách giá trị cao,0.1734,model,"Membership, ưu đãi đặc quyền, đặt vé sớm phim hot",132,4,31.58,0.75
118408,Khách giá trị cao,0.1734,model,"Membership, ưu đãi đặc quyền, đặt vé sớm phim hot",154,9,54.04,0.6667
170161,Khách giá trị cao,0.1734,model,"Membership, ưu đãi đặc quyền, đặt vé sớm phim hot",154,4,34.96,1.0
117093,Khách lâu chưa quay lại,0.1734,model,"Kéo lại bằng phim mới, voucher quay lại, thông báo cá nhân hóa",171,2,13.16,0.5
125623,Khách lâu chưa quay lại,0.1734,model,"Kéo lại bằng phim mới, voucher quay lại, thông báo cá nhân hóa",266,2,26.4,0.0
199565,Khách giá trị cao,0.1734,model,"Membership, ưu đãi đặc quyền, đặt vé sớm phim hot",78,4,20.38,1.0
148292,Khách lâu chưa quay lại,0.1733,model,"Kéo lại bằng phim mới, voucher quay lại, thông báo cá nhân hóa",635,7,42.44,0.1429
128747,Khách giá trị cao,0.1733,model,"Membership, ưu đãi đặc quyền, đặt vé sớm phim hot",50,4,35.67,0.5
164616,Khách lâu chưa quay lại,0.1733,model,"Kéo lại bằng phim mới, voucher quay lại, thông báo cá nhân hóa",267,7,73.08,0.2857
194555,Khách giá trị cao,0.1732,model,"Membership, ưu đãi đặc quyền, đặt vé sớm phim hot",169,3,43.93,0.3333
185785,Khách nhạy khuyến mãi,0.1732,model,"Chuyển từ giảm giá trực tiếp sang tích điểm, voucher cá nhân hóa",32,2,15.56,0.5
127384,Khách lâu chưa quay lại,0.1732,model,"Kéo lại bằng phim mới, voucher quay lại, thông báo cá nhân hóa",106,2,9.98,0.5
133466,Khách giá trị cao,0.1731,model,"Membership, ưu đãi đặc quyền, đặt vé sớm phim hot",174,3,71.47,0.0
133541,Khách giá trị cao,0.1731,model,"Membership, ưu đãi đặc quyền, đặt vé sớm phim hot",43,4,46.85,0.25
195766,Khách nhạy khuyến mãi,0.173,model,"Chuyển từ giảm giá trực tiếp sang tích điểm, voucher cá nhân hóa",0,2,17.4,0.5
115335,Khách giá trị cao,0.173,model,"Membership, ưu đãi đặc quyền, đặt vé sớm phim hot",1,3,35.68,0.3333
189195,Khách giá trị cao,0.1729,model,"Membership, ưu đãi đặc quyền, đặt vé sớm phim hot",171,3,30.58,0.0
103439,Khách lâu chưa quay lại,0.1729,model,"Kéo lại bằng phim mới, voucher quay lại, thông báo cá nhân hóa",210,3,27.76,0.3333
211523,Khách thường xuyên,0.1728,model,"Duy trì, không cần giảm giá sâu",50,2,10.84,0.0
225634,Khách giá trị cao,0.1727,model,"Membership, ưu đãi đặc quyền, đặt vé sớm phim hot",40,3,24.91,0.3333
209915,Khách mua một lần (mới),0.1727,model,Tặng coupon cho lần mua thứ hai trong vòng 7–14 ngày,13,1,11.42,0.0
168710,Khách lâu chưa quay lại,0.1727,model,"Kéo lại bằng phim mới, voucher quay lại, thông báo cá nhân hóa",231,5,41.33,0.6
130347,Khách giá trị cao,0.1726,model,"Membership, ưu đãi đặc quyền, đặt vé sớm phim hot",155,7,56.16,0.0
189109,Khách lâu chưa quay lại,0.1726,model,"Kéo lại bằng phim mới, voucher quay lại, thông báo cá nhân hóa",91,2,10.31,1.0
107257,Khách lâu chưa quay lại,0.1725,model,"Kéo lại bằng phim mới, voucher quay lại, thông báo cá nhân hóa",202,6,30.97,1.0
215145,Khách lâu chưa quay lại,0.1725,model,"Kéo lại bằng phim mới, voucher quay lại, thông báo cá nhân hóa",151,2,17.35,0.0
156738,Khách giá trị cao,0.1725,model,"Membership, ưu đãi đặc quyền, đặt vé sớm phim hot",33,3,37.37,1.0
133704,Khách giá trị cao,0.1725,model,"Membership, ưu đãi đặc quyền, đặt vé sớm phim hot",3,3,15.14,1.0
163369,Khách giá trị cao,0.1724,model,"Membership, ưu đãi đặc quyền, đặt vé sớm phim hot",91,3,31.01,0.3333
186219,Khách thường xuyên,0.1724,model,"Duy trì, không cần giảm giá sâu",25,2,18.45,0.0
142027,Khách giá trị cao,0.1724,model,"Membership, ưu đãi đặc quyền, đặt vé sớm phim hot",167,3,46.35,0.6667
176017,Khách lâu chưa quay lại,0.1724,model,"Kéo lại bằng phim mới, voucher quay lại, thông báo cá nhân hóa",284,2,27.1,0.5
160979,Khách giá trị cao,0.1723,model,"Membership, ưu đãi đặc quyền, đặt vé sớm phim hot",43,7,41.4,0.7143
192900,Khách giá trị cao,0.1722,model,"Membership, ưu đãi đặc quyền, đặt vé sớm phim hot",99,3,23.88,0.6667
115847,Khách giá trị cao,0.1722,model,"Membership, ưu đãi đặc quyền, đặt vé sớm phim hot",164,5,18.31,0.8
219813,Khách giá trị cao,0.1722,model,"Membership, ưu đãi đặc quyền, đặt vé sớm phim hot",172,3,24.29,0.3333
120854,Khách lâu chưa quay lại,0.1721,model,"Kéo lại bằng phim mới, voucher quay lại, thông báo cá nhân hóa",317,5,32.53,0.8
174444,Khách giá trị cao,0.1721,model,"Membership, ưu đãi đặc quyền, đặt vé sớm phim hot",39,3,41.53,0.3333
131298,Khách lâu chưa quay lại,0.1721,model,"Kéo lại bằng phim mới, voucher quay lại, thông báo cá nhân hóa",183,3,14.07,0.6667
167079,Khách giá trị cao,0.1721,model,"Membership, ưu đãi đặc quyền, đặt vé sớm phim hot",43,3,35.44,0.3333
101410,Khách giá trị cao,0.1721,model,"Membership, ưu đãi đặc quyền, đặt vé sớm phim hot",63,4,17.78,1.0
112476,Khách giá trị cao,0.172,model,"Membership, ưu đãi đặc quyền, đặt vé sớm phim hot",43,3,14.11,1.0
124072,Khách giá trị cao,0.172,model,"Membership, ưu đãi đặc quyền, đặt vé sớm phim hot",65,4,25.67,0.75
131790,Khách giá trị cao,0.172,model,"Membership, ưu đãi đặc quyền, đặt vé sớm phim hot",78,4,24.93,0.0
186790,Khách giá trị cao,0.172,model,"Membership, ưu đãi đặc quyền, đặt vé sớm phim hot",2,3,13.57,0.3333
147405,Khách thường xuyên,0.1719,model,"Duy trì, không cần giảm giá sâu",27,2,17.44,0.0
214312,Khách nhạy khuyến mãi,0.1718,model,"Chuyển từ giảm giá trực tiếp sang tích điểm, voucher cá nhân hóa",7,2,6.35,0.5
191770,Khách lâu chưa quay lại,0.1718,model,"Kéo lại bằng phim mới, voucher quay lại, thông báo cá nhân hóa",136,2,15.18,0.5
141606,Khách giá trị cao,0.1717,model,"Membership, ưu đãi đặc quyền, đặt vé sớm phim hot",133,5,30.08,1.0
145471,Khách giá trị cao,0.1717,model,"Membership, ưu đãi đặc quyền, đặt vé sớm phim hot",85,4,22.38,1.0
130589,Khách giá trị cao,0.1717,model,"Membership, ưu đãi đặc quyền, đặt vé sớm phim hot",161,3,40.29,0.6667
207203,Khách giá trị cao,0.1716,model,"Membership, ưu đãi đặc quyền, đặt vé sớm phim hot",79,3,24.12,0.3333
122773,Khách giá trị cao,0.1716,model,"Membership, ưu đãi đặc quyền, đặt vé sớm phim hot",63,3,50.52,0.6667
138697,Khách giá trị cao,0.1716,model,"Membership, ưu đãi đặc quyền, đặt vé sớm phim hot",1,3,28.91,0.3333
180574,Khách lâu chưa quay lại,0.1714,model,"Kéo lại bằng phim mới, voucher quay lại, thông báo cá nhân hóa",304,2,14.76,0.5
186038,Khách giá trị cao,0.1714,model,"Membership, ưu đãi đặc quyền, đặt vé sớm phim hot",72,3,21.77,0.3333
122860,Khách giá trị cao,0.1714,model,"Membership, ưu đãi đặc quyền, đặt vé sớm phim hot",106,3,9.78,0.3333
113010,Khách nhạy khuyến mãi,0.1714,model,"Chuyển từ giảm giá trực tiếp sang tích điểm, voucher cá nhân hóa",66,2,17.52,0.5
120739,Khách nhạy khuyến mãi,0.1713,model,"Chuyển từ giảm giá trực tiếp sang tích điểm, voucher cá nhân hóa",27,2,16.37,0.5
120227,Khách giá trị cao,0.1713,model,"Membership, ưu đãi đặc quyền, đặt vé sớm phim hot",45,3,40.91,0.3333
198836,Khách lâu chưa quay lại,0.1712,model,"Kéo lại bằng phim mới, voucher quay lại, thông báo cá nhân hóa",102,2,4.54,0.0
154697,Khách giá trị cao,0.1712,model,"Membership, ưu đãi đặc quyền, đặt vé sớm phim hot",83,4,19.48,1.0
209356,Khách thường xuyên,0.1711,model,"Duy trì, không cần giảm giá sâu",18,2,12.38,0.0
135139,Khách giá trị cao,0.1711,model,"Membership, ưu đãi đặc quyền, đặt vé sớm phim hot",126,4,25.4,0.25
126519,Khách giá trị cao,0.171,model,"Membership, ưu đãi đặc quyền, đặt vé sớm phim hot",170,3,49.2,0.3333
106765,Khách giá trị cao,0.171,model,"Membership, ưu đãi đặc quyền, đặt vé sớm phim hot",42,3,38.31,0.0
144648,Khách giá trị cao,0.171,model,"Membership, ưu đãi đặc quyền, đặt vé sớm phim hot",107,4,24.91,0.0
142037,Khách giá trị cao,0.171,model,"Membership, ưu đãi đặc quyền, đặt vé sớm phim hot",52,5,54.94,0.2
159544,Khách giá trị cao,0.171,model,"Membership, ưu đãi đặc quyền, đặt vé sớm phim hot",52,3,21.77,0.3333
136508,Khách giá trị cao,0.1709,model,"Membership, ưu đãi đặc quyền, đặt vé sớm phim hot",91,4,29.66,0.25
116917,Khách lâu chưa quay lại,0.1709,model,"Kéo lại bằng phim mới, voucher quay lại, thông báo cá nhân hóa",140,2,11.46,0.0
174817,Khách giá trị cao,0.1709,model,"Membership, ưu đãi đặc quyền, đặt vé sớm phim hot",104,5,31.18,1.0
119070,Khách giá trị cao,0.1709,model,"Membership, ưu đãi đặc quyền, đặt vé sớm phim hot",12,5,21.57,0.8
188209,Khách giá trị cao,0.1709,model,"Membership, ưu đãi đặc quyền, đặt vé sớm phim hot",85,3,35.55,0.3333
158791,Khách giá trị cao,0.1708,model,"Membership, ưu đãi đặc quyền, đặt vé sớm phim hot",171,3,10.42,0.3333
193271,Khách giá trị cao,0.1708,model,"Membership, ưu đãi đặc quyền, đặt vé sớm phim hot",170,3,42.99,0.0
205594,Khách lâu chưa quay lại,0.1707,model,"Kéo lại bằng phim mới, voucher quay lại, thông báo cá nhân hóa",231,3,47.97,0.6667
116796,Khách giá trị cao,0.1707,model,"Membership, ưu đãi đặc quyền, đặt vé sớm phim hot",12,3,29.67,1.0
189168,Khách giá trị cao,0.1707,model,"Membership, ưu đãi đặc quyền, đặt vé sớm phim hot",133,3,26.4,0.3333
124632,Khách giá trị cao,0.1707,model,"Membership, ưu đãi đặc quyền, đặt vé sớm phim hot",10,4,25.17,1.0
158161,Khách nhạy khuyến mãi,0.1707,model,"Chuyển từ giảm giá trực tiếp sang tích điểm, voucher cá nhân hóa",23,2,15.05,0.5
125747,Khách giá trị cao,0.1707,model,"Membership, ưu đãi đặc quyền, đặt vé sớm phim hot",47,3,14.68,1.0
110981,Khách giá trị cao,0.1707,model,"Membership, ưu đãi đặc quyền, đặt vé sớm phim hot",175,6,51.71,0.1667
137744,Khách giá trị cao,0.1707,model,"Membership, ưu đãi đặc quyền, đặt vé sớm phim hot",172,5,38.43,0.2
101682,Khách lâu chưa quay lại,0.1707,model,"Kéo lại bằng phim mới, voucher quay lại, thông báo cá nhân hóa",135,2,12.87,0.5
196304,Khách giá trị cao,0.1706,model,"Membership, ưu đãi đặc quyền, đặt vé sớm phim hot",1,3,31.68,0.6667
116297,Khách giá trị cao,0.1706,model,"Membership, ưu đãi đặc quyền, đặt vé sớm phim hot",35,5,42.57,0.6
194324,Khách giá trị cao,0.1706,model,"Membership, ưu đãi đặc quyền, đặt vé sớm phim hot",172,3,49.99,0.0
145090,Khách giá trị cao,0.1705,model,"Membership, ưu đãi đặc quyền, đặt vé sớm phim hot",134,4,26.31,0.75
105332,Khách giá trị cao,0.1705,model,"Membership, ưu đãi đặc quyền, đặt vé sớm phim hot",43,3,22.1,0.6667
175573,Khách giá trị cao,0.1705,model,"Membership, ưu đãi đặc quyền, đặt vé sớm phim hot",39,3,18.36,0.3333
171971,Khách lâu chưa quay lại,0.1704,model,"Kéo lại bằng phim mới, voucher quay lại, thông báo cá nhân hóa",145,2,11.3,0.5
119168,Khách giá trị cao,0.1704,model,"Membership, ưu đãi đặc quyền, đặt vé sớm phim hot",14,6,48.26,0.6667
102086,Khách giá trị cao,0.1704,model,"Membership, ưu đãi đặc quyền, đặt vé sớm phim hot",80,3,33.62,0.3333
174075,Khách lâu chưa quay lại,0.1704,model,"Kéo lại bằng phim mới, voucher quay lại, thông báo cá nhân hóa",191,4,60.71,0.0
128985,Khách nhạy khuyến mãi,0.1704,model,"Chuyển từ giảm giá trực tiếp sang tích điểm, voucher cá nhân hóa",47,2,26.35,1.0
208995,Khách nhạy khuyến mãi,0.1704,model,"Chuyển từ giảm giá trực tiếp sang tích điểm, voucher cá nhân hóa",31,2,17.28,0.5
112363,Khách giá trị cao,0.1704,model,"Membership, ưu đãi đặc quyền, đặt vé sớm phim hot",0,4,32.88,0.75
176102,Khách giá trị cao,0.1704,model,"Membership, ưu đãi đặc quyền, đặt vé sớm phim hot",177,3,14.41,1.0
151394,Khách giá trị cao,0.1704,model,"Membership, ưu đãi đặc quyền, đặt vé sớm phim hot",147,3,12.54,0.3333
139566,Khách giá trị cao,0.1703,model,"Membership, ưu đãi đặc quyền, đặt vé sớm phim hot",9,3,16.3,1.0
140801,Khách thường xuyên,0.1703,model,"Duy trì, không cần giảm giá sâu",8,2,12.38,0.0
131089,Khách lâu chưa quay lại,0.1703,model,"Kéo lại bằng phim mới, voucher quay lại, thông báo cá nhân hóa",211,5,31.7,0.4
112553,Khách giá trị cao,0.1703,model,"Membership, ưu đãi đặc quyền, đặt vé sớm phim hot",0,3,35.54,0.3333
170995,Khách giá trị cao,0.1703,model,"Membership, ưu đãi đặc quyền, đặt vé sớm phim hot",161,3,23.09,0.0
175819,Khách nhạy khuyến mãi,0.1702,model,"Chuyển từ giảm giá trực tiếp sang tích điểm, voucher cá nhân hóa",73,2,10.02,0.5
101891,Khách giá trị cao,0.1702,model,"Membership, ưu đãi đặc quyền, đặt vé sớm phim hot",50,4,23.51,0.5
102915,Khách giá trị cao,0.1702,model,"Membership, ưu đãi đặc quyền, đặt vé sớm phim hot",92,3,33.41,0.3333
129754,Khách giá trị cao,0.1702,model,"Membership, ưu đãi đặc quyền, đặt vé sớm phim hot",178,4,22.24,0.75
124307,Khách lâu chưa quay lại,0.1702,model,"Kéo lại bằng phim mới, voucher quay lại, thông báo cá nhân hóa",315,3,16.04,0.3333
101490,Khách lâu chưa quay lại,0.1702,model,"Kéo lại bằng phim mới, voucher quay lại, thông báo cá nhân hóa",235,9,86.73,0.3333
114344,Khách giá trị cao,0.1702,model,"Membership, ưu đãi đặc quyền, đặt vé sớm phim hot",177,4,66.65,0.25
117239,Khách giá trị cao,0.1702,model,"Membership, ưu đãi đặc quyền, đặt vé sớm phim hot",162,3,14.23,0.6667
148839,Khách giá trị cao,0.1702,model,"Membership, ưu đãi đặc quyền, đặt vé sớm phim hot",94,7,39.77,0.5714
129668,Khách giá trị cao,0.1701,model,"Membership, ưu đãi đặc quyền, đặt vé sớm phim hot",42,4,15.47,0.75
169302,Khách giá trị cao,0.1701,model,"Membership, ưu đãi đặc quyền, đặt vé sớm phim hot",80,3,11.06,0.6667
103195,Khách giá trị cao,0.1701,model,"Membership, ưu đãi đặc quyền, đặt vé sớm phim hot",120,3,29.69,0.0
129367,Khách giá trị cao,0.1701,model,"Membership, ưu đãi đặc quyền, đặt vé sớm phim hot",64,5,31.62,0.2
161778,Khách giá trị cao,0.1701,model,"Membership, ưu đãi đặc quyền, đặt vé sớm phim hot",176,3,14.02,0.6667
181288,Khách giá trị cao,0.1701,model,"Membership, ưu đãi đặc quyền, đặt vé sớm phim hot",25,3,10.19,1.0
167417,Khách lâu chưa quay lại,0.1699,model,"Kéo lại bằng phim mới, voucher quay lại, thông báo cá nhân hóa",92,2,10.89,1.0
194197,Khách giá trị cao,0.1698,model,"Membership, ưu đãi đặc quyền, đặt vé sớm phim hot",2,3,29.16,0.6667
170969,Khách lâu chưa quay lại,0.1698,model,"Kéo lại bằng phim mới, voucher quay lại, thông báo cá nhân hóa",285,6,51.51,0.3333
111793,Khách thường xuyên,0.1698,model,"Duy trì, không cần giảm giá sâu",87,2,29.57,0.0
186342,Khách thường xuyên,0.1697,model,"Duy trì, không cần giảm giá sâu",28,2,13.32,0.0
197401,Khách thường xuyên,0.1697,model,"Duy trì, không cần giảm giá sâu",5,2,18.56,0.0
126757,Khách giá trị cao,0.1697,model,"Membership, ưu đãi đặc quyền, đặt vé sớm phim hot",174,3,26.64,1.0
172980,Khách giá trị cao,0.1696,model,"Membership, ưu đãi đặc quyền, đặt vé sớm phim hot",120,4,36.43,0.5
122882,Khách giá trị cao,0.1696,model,"Membership, ưu đãi đặc quyền, đặt vé sớm phim hot",148,5,40.36,0.8
151476,Khách giá trị cao,0.1695,model,"Membership, ưu đãi đặc quyền, đặt vé sớm phim hot",114,3,21.36,0.3333
121859,Khách lâu chưa quay lại,0.1695,model,"Kéo lại bằng phim mới, voucher quay lại, thông báo cá nhân hóa",315,3,14.98,0.6667
108201,Khách lâu chưa quay lại,0.1695,model,"Kéo lại bằng phim mới, voucher quay lại, thông báo cá nhân hóa",137,2,19.3,0.5
204684,Khách giá trị cao,0.1694,model,"Membership, ưu đãi đặc quyền, đặt vé sớm phim hot",54,3,21.24,0.3333
167702,Khách giá trị cao,0.1694,model,"Membership, ưu đãi đặc quyền, đặt vé sớm phim hot",43,3,23.27,0.0
132388,Khách lâu chưa quay lại,0.1693,model,"Kéo lại bằng phim mới, voucher quay lại, thông báo cá nhân hóa",169,2,14.19,0.5
112191,Khách nhạy khuyến mãi,0.1693,model,"Chuyển từ giảm giá trực tiếp sang tích điểm, voucher cá nhân hóa",10,2,17.57,0.5
105773,Khách giá trị cao,0.1693,model,"Membership, ưu đãi đặc quyền, đặt vé sớm phim hot",93,4,29.82,0.75
207400,Khách giá trị cao,0.1693,model,"Membership, ưu đãi đặc quyền, đặt vé sớm phim hot",43,4,37.17,0.25
225557,Khách lâu chưa quay lại,0.1692,model,"Kéo lại bằng phim mới, voucher quay lại, thông báo cá nhân hóa",138,2,10.68,0.5
191852,Khách giá trị cao,0.1692,model,"Membership, ưu đãi đặc quyền, đặt vé sớm phim hot",89,3,21.86,0.0
122160,Khách giá trị cao,0.1692,model,"Membership, ưu đãi đặc quyền, đặt vé sớm phim hot",147,5,29.58,0.8
163333,Khách nhạy khuyến mãi,0.1691,model,"Chuyển từ giảm giá trực tiếp sang tích điểm, voucher cá nhân hóa",33,2,17.4,0.5
119169,Khách giá trị cao,0.1691,model,"Membership, ưu đãi đặc quyền, đặt vé sớm phim hot",47,4,24.55,0.75
130728,Khách giá trị cao,0.1691,model,"Membership, ưu đãi đặc quyền, đặt vé sớm phim hot",43,4,27.88,1.0
132433,Khách lâu chưa quay lại,0.1691,model,"Kéo lại bằng phim mới, voucher quay lại, thông báo cá nhân hóa",219,4,27.79,0.75
153452,Khách lâu chưa quay lại,0.1691,model,"Kéo lại bằng phim mới, voucher quay lại, thông báo cá nhân hóa",91,2,16.62,0.5
126236,Khách lâu chưa quay lại,0.169,model,"Kéo lại bằng phim mới, voucher quay lại, thông báo cá nhân hóa",191,3,18.13,0.6667
129713,Khách giá trị cao,0.169,model,"Membership, ưu đãi đặc quyền, đặt vé sớm phim hot",77,3,17.97,0.0
133589,Khách giá trị cao,0.169,model,"Membership, ưu đãi đặc quyền, đặt vé sớm phim hot",22,4,67.39,0.0
135138,Khách giá trị cao,0.1689,model,"Membership, ưu đãi đặc quyền, đặt vé sớm phim hot",19,7,44.38,0.2857
131169,Khách giá trị cao,0.1689,model,"Membership, ưu đãi đặc quyền, đặt vé sớm phim hot",168,3,26.69,0.3333
114896,Khách lâu chưa quay lại,0.1687,model,"Kéo lại bằng phim mới, voucher quay lại, thông báo cá nhân hóa",274,8,85.45,0.5
149795,Khách nhạy khuyến mãi,0.1686,model,"Chuyển từ giảm giá trực tiếp sang tích điểm, voucher cá nhân hóa",46,2,25.28,0.5
106799,Khách giá trị cao,0.1686,model,"Membership, ưu đãi đặc quyền, đặt vé sớm phim hot",14,3,20.12,0.6667
151489,Khách lâu chưa quay lại,0.1686,model,"Kéo lại bằng phim mới, voucher quay lại, thông báo cá nhân hóa",103,2,20.32,0.5
157189,Khách lâu chưa quay lại,0.1686,model,"Kéo lại bằng phim mới, voucher quay lại, thông báo cá nhân hóa",154,2,16.82,0.5
158071,Khách giá trị cao,0.1685,model,"Membership, ưu đãi đặc quyền, đặt vé sớm phim hot",45,3,25.44,0.6667
146922,Khách giá trị cao,0.1685,model,"Membership, ưu đãi đặc quyền, đặt vé sớm phim hot",176,3,26.32,0.3333
116832,Khách giá trị cao,0.1684,model,"Membership, ưu đãi đặc quyền, đặt vé sớm phim hot",35,3,36.71,0.0
138595,Khách giá trị cao,0.1684,model,"Membership, ưu đãi đặc quyền, đặt vé sớm phim hot",67,4,21.75,1.0
163935,Khách lâu chưa quay lại,0.1684,model,"Kéo lại bằng phim mới, voucher quay lại, thông báo cá nhân hóa",169,2,10.63,0.5
153899,Khách lâu chưa quay lại,0.1684,model,"Kéo lại bằng phim mới, voucher quay lại, thông báo cá nhân hóa",204,3,24.95,0.0
174742,Khách lâu chưa quay lại,0.1684,model,"Kéo lại bằng phim mới, voucher quay lại, thông báo cá nhân hóa",297,2,14.94,0.5
120243,Khách giá trị cao,0.1683,model,"Membership, ưu đãi đặc quyền, đặt vé sớm phim hot",130,3,22.03,0.3333
148989,Khách lâu chưa quay lại,0.1682,model,"Kéo lại bằng phim mới, voucher quay lại, thông báo cá nhân hóa",244,2,15.59,0.5
184954,Khách giá trị cao,0.1682,model,"Membership, ưu đãi đặc quyền, đặt vé sớm phim hot",10,3,30.3,0.6667
100343,Khách giá trị cao,0.1681,model,"Membership, ưu đãi đặc quyền, đặt vé sớm phim hot",65,3,27.59,0.3333
141430,Khách thường xuyên,0.1681,model,"Duy trì, không cần giảm giá sâu",55,2,11.55,0.0
182343,Khách giá trị cao,0.168,model,"Membership, ưu đãi đặc quyền, đặt vé sớm phim hot",1,3,23.59,0.3333
185951,Khách lâu chưa quay lại,0.1679,model,"Kéo lại bằng phim mới, voucher quay lại, thông báo cá nhân hóa",177,2,18.93,0.5
161434,Khách giá trị cao,0.1679,model,"Membership, ưu đãi đặc quyền, đặt vé sớm phim hot",124,4,26.73,1.0
107507,Khách nhạy khuyến mãi,0.1679,model,"Chuyển từ giảm giá trực tiếp sang tích điểm, voucher cá nhân hóa",56,2,11.72,0.5
116366,Khách giá trị cao,0.1679,model,"Membership, ưu đãi đặc quyền, đặt vé sớm phim hot",67,7,74.15,0.2857
222268,Khách thường xuyên,0.1679,model,"Duy trì, không cần giảm giá sâu",27,2,9.9,0.0
186371,Khách giá trị cao,0.1679,model,"Membership, ưu đãi đặc quyền, đặt vé sớm phim hot",98,3,32.51,0.6667
116060,Khách giá trị cao,0.1678,model,"Membership, ưu đãi đặc quyền, đặt vé sớm phim hot",161,5,42.76,0.4
150538,Khách giá trị cao,0.1677,model,"Membership, ưu đãi đặc quyền, đặt vé sớm phim hot",64,3,25.77,1.0
138562,Khách giá trị cao,0.1677,model,"Membership, ưu đãi đặc quyền, đặt vé sớm phim hot",168,5,34.56,0.6
164612,Khách nhạy khuyến mãi,0.1677,model,"Chuyển từ giảm giá trực tiếp sang tích điểm, voucher cá nhân hóa",28,2,3.43,0.5
152593,Khách nhạy khuyến mãi,0.1677,model,"Chuyển từ giảm giá trực tiếp sang tích điểm, voucher cá nhân hóa",56,2,10.85,0.5
130823,Khách thường xuyên,0.1677,model,"Duy trì, không cần giảm giá sâu",39,2,17.57,0.0
113510,Khách giá trị cao,0.1677,model,"Membership, ưu đãi đặc quyền, đặt vé sớm phim hot",26,4,16.0,0.75
178290,Khách giá trị cao,0.1677,model,"Membership, ưu đãi đặc quyền, đặt vé sớm phim hot",9,4,19.3,0.75
154258,Khách giá trị cao,0.1676,model,"Membership, ưu đãi đặc quyền, đặt vé sớm phim hot",92,3,37.45,0.3333
108991,Khách lâu chưa quay lại,0.1676,model,"Kéo lại bằng phim mới, voucher quay lại, thông báo cá nhân hóa",224,3,16.83,0.3333
160432,Khách giá trị cao,0.1676,model,"Membership, ưu đãi đặc quyền, đặt vé sớm phim hot",67,5,26.03,0.8
187793,Khách giá trị cao,0.1675,model,"Membership, ưu đãi đặc quyền, đặt vé sớm phim hot",42,3,77.48,1.0
135471,Khách nhạy khuyến mãi,0.1675,model,"Chuyển từ giảm giá trực tiếp sang tích điểm, voucher cá nhân hóa",28,2,18.44,0.5
172250,Khách giá trị cao,0.1675,model,"Membership, ưu đãi đặc quyền, đặt vé sớm phim hot",133,3,29.86,0.3333
154774,Khách giá trị cao,0.1675,model,"Membership, ưu đãi đặc quyền, đặt vé sớm phim hot",73,3,8.95,1.0
121015,Khách lâu chưa quay lại,0.1674,model,"Kéo lại bằng phim mới, voucher quay lại, thông báo cá nhân hóa",185,6,28.52,1.0
186752,Khách giá trị cao,0.1674,model,"Membership, ưu đãi đặc quyền, đặt vé sớm phim hot",80,3,8.55,1.0
206644,Khách thường xuyên,0.1674,model,"Duy trì, không cần giảm giá sâu",33,2,12.08,0.0
174760,Khách lâu chưa quay lại,0.1673,model,"Kéo lại bằng phim mới, voucher quay lại, thông báo cá nhân hóa",204,2,14.06,0.5
164039,Khách giá trị cao,0.1673,model,"Membership, ưu đãi đặc quyền, đặt vé sớm phim hot",86,3,59.06,0.6667
172896,Khách nhạy khuyến mãi,0.1673,model,"Chuyển từ giảm giá trực tiếp sang tích điểm, voucher cá nhân hóa",12,2,6.11,1.0
105236,Khách giá trị cao,0.1672,model,"Membership, ưu đãi đặc quyền, đặt vé sớm phim hot",107,5,35.96,0.8
114277,Khách giá trị cao,0.1672,model,"Membership, ưu đãi đặc quyền, đặt vé sớm phim hot",32,3,35.47,0.0
164108,Khách lâu chưa quay lại,0.1672,model,"Kéo lại bằng phim mới, voucher quay lại, thông báo cá nhân hóa",133,2,8.0,0.5
105042,Khách giá trị cao,0.1671,model,"Membership, ưu đãi đặc quyền, đặt vé sớm phim hot",5,3,19.07,0.6667
115700,Khách giá trị cao,0.167,model,"Membership, ưu đãi đặc quyền, đặt vé sớm phim hot",108,4,25.23,0.75
131424,Khách giá trị cao,0.167,model,"Membership, ưu đãi đặc quyền, đặt vé sớm phim hot",152,3,21.61,0.0
153943,Khách nhạy khuyến mãi,0.167,model,"Chuyển từ giảm giá trực tiếp sang tích điểm, voucher cá nhân hóa",12,2,12.13,1.0
161638,Khách giá trị cao,0.167,model,"Membership, ưu đãi đặc quyền, đặt vé sớm phim hot",82,3,41.52,0.6667
142817,Khách lâu chưa quay lại,0.167,model,"Kéo lại bằng phim mới, voucher quay lại, thông báo cá nhân hóa",238,4,28.14,0.75
179899,Khách thường xuyên,0.167,model,"Duy trì, không cần giảm giá sâu",15,2,20.15,0.0
164747,Khách giá trị cao,0.167,model,"Membership, ưu đãi đặc quyền, đặt vé sớm phim hot",171,4,37.08,0.75
172510,Khách lâu chưa quay lại,0.1669,model,"Kéo lại bằng phim mới, voucher quay lại, thông báo cá nhân hóa",282,3,27.14,0.6667
172066,Khách giá trị cao,0.1669,model,"Membership, ưu đãi đặc quyền, đặt vé sớm phim hot",34,3,19.31,0.3333
185021,Khách lâu chưa quay lại,0.1669,model,"Kéo lại bằng phim mới, voucher quay lại, thông báo cá nhân hóa",91,2,10.64,0.5
106968,Khách giá trị cao,0.1668,model,"Membership, ưu đãi đặc quyền, đặt vé sớm phim hot",113,5,31.64,0.0
101462,Khách giá trị cao,0.1668,model,"Membership, ưu đãi đặc quyền, đặt vé sớm phim hot",173,4,33.92,0.25
112599,Khách lâu chưa quay lại,0.1667,model,"Kéo lại bằng phim mới, voucher quay lại, thông báo cá nhân hóa",275,3,37.69,0.3333
158547,Khách lâu chưa quay lại,0.1667,model,"Kéo lại bằng phim mới, voucher quay lại, thông báo cá nhân hóa",232,2,15.26,0.0
147109,Khách lâu chưa quay lại,0.1667,model,"Kéo lại bằng phim mới, voucher quay lại, thông báo cá nhân hóa",218,3,15.03,0.6667
106360,Khách giá trị cao,0.1667,model,"Membership, ưu đãi đặc quyền, đặt vé sớm phim hot",142,3,14.64,0.6667
140664,Khách giá trị cao,0.1667,model,"Membership, ưu đãi đặc quyền, đặt vé sớm phim hot",80,3,32.29,0.3333
123359,Khách lâu chưa quay lại,0.1666,model,"Kéo lại bằng phim mới, voucher quay lại, thông báo cá nhân hóa",142,2,17.36,0.5
175659,Khách lâu chưa quay lại,0.1666,model,"Kéo lại bằng phim mới, voucher quay lại, thông báo cá nhân hóa",154,2,17.94,0.5
155494,Khách giá trị cao,0.1666,model,"Membership, ưu đãi đặc quyền, đặt vé sớm phim hot",87,5,32.79,0.0
206329,Khách giá trị cao,0.1666,model,"Membership, ưu đãi đặc quyền, đặt vé sớm phim hot",2,3,36.66,0.3333
131859,Khách lâu chưa quay lại,0.1666,model,"Kéo lại bằng phim mới, voucher quay lại, thông báo cá nhân hóa",1066,3,36.25,0.0
127521,Khách giá trị cao,0.1666,model,"Membership, ưu đãi đặc quyền, đặt vé sớm phim hot",161,9,60.43,0.2222
170057,Khách giá trị cao,0.1665,model,"Membership, ưu đãi đặc quyền, đặt vé sớm phim hot",105,4,27.03,0.75
121857,Khách nhạy khuyến mãi,0.1664,model,"Chuyển từ giảm giá trực tiếp sang tích điểm, voucher cá nhân hóa",86,2,20.75,0.5
204720,Khách thường xuyên,0.1664,model,"Duy trì, không cần giảm giá sâu",53,2,4.54,0.0
213319,Khách giá trị cao,0.1664,model,"Membership, ưu đãi đặc quyền, đặt vé sớm phim hot",102,3,21.52,0.3333
114099,Khách lâu chưa quay lại,0.1664,model,"Kéo lại bằng phim mới, voucher quay lại, thông báo cá nhân hóa",170,2,30.52,0.0
128918,Khách giá trị cao,0.1664,model,"Membership, ưu đãi đặc quyền, đặt vé sớm phim hot",162,3,15.89,1.0
141147,Khách giá trị cao,0.1664,model,"Membership, ưu đãi đặc quyền, đặt vé sớm phim hot",168,3,18.77,0.0
187537,Khách giá trị cao,0.1664,model,"Membership, ưu đãi đặc quyền, đặt vé sớm phim hot",106,3,29.37,0.0
104445,Khách giá trị cao,0.1663,model,"Membership, ưu đãi đặc quyền, đặt vé sớm phim hot",64,3,34.02,0.3333
143190,Khách lâu chưa quay lại,0.1663,model,"Kéo lại bằng phim mới, voucher quay lại, thông báo cá nhân hóa",106,2,25.49,0.5
114135,Khách giá trị cao,0.1663,model,"Membership, ưu đãi đặc quyền, đặt vé sớm phim hot",139,3,43.67,0.3333
173847,Khách giá trị cao,0.1662,model,"Membership, ưu đãi đặc quyền, đặt vé sớm phim hot",172,3,40.25,0.3333
223159,Khách thường xuyên,0.1662,model,"Duy trì, không cần giảm giá sâu",53,2,10.66,0.0
102764,Khách nhạy khuyến mãi,0.1662,model,"Chuyển từ giảm giá trực tiếp sang tích điểm, voucher cá nhân hóa",49,2,10.72,1.0
115013,Khách nhạy khuyến mãi,0.1661,model,"Chuyển từ giảm giá trực tiếp sang tích điểm, voucher cá nhân hóa",33,2,9.69,0.5
176404,Khách giá trị cao,0.1661,model,"Membership, ưu đãi đặc quyền, đặt vé sớm phim hot",66,3,24.34,0.3333
120451,Khách giá trị cao,0.1661,model,"Membership, ưu đãi đặc quyền, đặt vé sớm phim hot",42,4,21.85,0.75
132494,Khách giá trị cao,0.166,model,"Membership, ưu đãi đặc quyền, đặt vé sớm phim hot",45,4,28.3,0.5
122458,Khách giá trị cao,0.166,model,"Membership, ưu đãi đặc quyền, đặt vé sớm phim hot",155,3,34.96,0.3333
216076,Khách giá trị cao,0.166,model,"Membership, ưu đãi đặc quyền, đặt vé sớm phim hot",38,3,29.59,0.0
127590,Khách lâu chưa quay lại,0.166,model,"Kéo lại bằng phim mới, voucher quay lại, thông báo cá nhân hóa",146,2,12.5,0.5
161630,Khách nhạy khuyến mãi,0.166,model,"Chuyển từ giảm giá trực tiếp sang tích điểm, voucher cá nhân hóa",4,2,9.44,0.5
137308,Khách nhạy khuyến mãi,0.166,model,"Chuyển từ giảm giá trực tiếp sang tích điểm, voucher cá nhân hóa",38,2,17.07,0.5
227094,Khách giá trị cao,0.1659,model,"Membership, ưu đãi đặc quyền, đặt vé sớm phim hot",135,3,39.51,0.3333
136640,Khách lâu chưa quay lại,0.1659,model,"Kéo lại bằng phim mới, voucher quay lại, thông báo cá nhân hóa",260,3,40.31,0.3333
128228,Khách lâu chưa quay lại,0.1659,model,"Kéo lại bằng phim mới, voucher quay lại, thông báo cá nhân hóa",115,2,61.64,0.5
193492,Khách thường xuyên,0.1659,model,"Duy trì, không cần giảm giá sâu",60,2,10.08,0.0
140133,Khách giá trị cao,0.1659,model,"Membership, ưu đãi đặc quyền, đặt vé sớm phim hot",7,4,38.08,0.75
222481,Khách thường xuyên,0.1659,model,"Duy trì, không cần giảm giá sâu",23,2,13.41,0.0
220502,Khách nhạy khuyến mãi,0.1658,model,"Chuyển từ giảm giá trực tiếp sang tích điểm, voucher cá nhân hóa",43,2,11.18,0.5
130642,Khách giá trị cao,0.1658,model,"Membership, ưu đãi đặc quyền, đặt vé sớm phim hot",77,3,8.55,1.0
109810,Khách giá trị cao,0.1658,model,"Membership, ưu đãi đặc quyền, đặt vé sớm phim hot",147,3,9.37,0.6667
135046,Khách lâu chưa quay lại,0.1658,model,"Kéo lại bằng phim mới, voucher quay lại, thông báo cá nhân hóa",288,2,11.38,1.0
157363,Khách lâu chưa quay lại,0.1658,model,"Kéo lại bằng phim mới, voucher quay lại, thông báo cá nhân hóa",91,2,21.16,0.0
115626,Khách giá trị cao,0.1656,model,"Membership, ưu đãi đặc quyền, đặt vé sớm phim hot",64,3,39.3,0.3333
141104,Khách lâu chưa quay lại,0.1656,model,"Kéo lại bằng phim mới, voucher quay lại, thông báo cá nhân hóa",218,4,34.22,0.0
105066,Khách giá trị cao,0.1656,model,"Membership, ưu đãi đặc quyền, đặt vé sớm phim hot",37,3,33.81,0.0
161934,Khách nhạy khuyến mãi,0.1656,model,"Chuyển từ giảm giá trực tiếp sang tích điểm, voucher cá nhân hóa",5,2,18.31,0.5
171376,Khách nhạy khuyến mãi,0.1655,model,"Chuyển từ giảm giá trực tiếp sang tích điểm, voucher cá nhân hóa",90,2,10.64,0.5
101375,Khách giá trị cao,0.1655,model,"Membership, ưu đãi đặc quyền, đặt vé sớm phim hot",64,3,18.48,0.6667
134397,Khách giá trị cao,0.1655,model,"Membership, ưu đãi đặc quyền, đặt vé sớm phim hot",3,4,41.69,0.5
125480,Khách thường xuyên,0.1655,model,"Duy trì, không cần giảm giá sâu",4,2,13.32,0.0
129605,Khách giá trị cao,0.1654,model,"Membership, ưu đãi đặc quyền, đặt vé sớm phim hot",135,3,33.33,0.6667
199494,Khách giá trị cao,0.1654,model,"Membership, ưu đãi đặc quyền, đặt vé sớm phim hot",29,3,19.88,0.3333
185636,Khách giá trị cao,0.1654,model,"Membership, ưu đãi đặc quyền, đặt vé sớm phim hot",69,3,11.8,0.3333
133302,Khách lâu chưa quay lại,0.1654,model,"Kéo lại bằng phim mới, voucher quay lại, thông báo cá nhân hóa",277,3,35.11,0.3333
110363,Khách lâu chưa quay lại,0.1654,model,"Kéo lại bằng phim mới, voucher quay lại, thông báo cá nhân hóa",225,7,27.89,0.5714
203444,Khách giá trị cao,0.1654,model,"Membership, ưu đãi đặc quyền, đặt vé sớm phim hot",45,4,25.87,0.75
144950,Khách lâu chưa quay lại,0.1654,model,"Kéo lại bằng phim mới, voucher quay lại, thông báo cá nhân hóa",219,4,27.51,0.75
118310,Khách giá trị cao,0.1654,model,"Membership, ưu đãi đặc quyền, đặt vé sớm phim hot",148,3,48.24,0.0
221731,Khách giá trị cao,0.1653,model,"Membership, ưu đãi đặc quyền, đặt vé sớm phim hot",47,3,26.93,0.3333
165324,Khách lâu chưa quay lại,0.1653,model,"Kéo lại bằng phim mới, voucher quay lại, thông báo cá nhân hóa",200,3,28.33,0.3333
107708,Khách nhạy khuyến mãi,0.1653,model,"Chuyển từ giảm giá trực tiếp sang tích điểm, voucher cá nhân hóa",89,2,10.44,1.0
135059,Khách nhạy khuyến mãi,0.1652,model,"Chuyển từ giảm giá trực tiếp sang tích điểm, voucher cá nhân hóa",46,2,14.27,1.0
123762,Khách giá trị cao,0.1652,model,"Membership, ưu đãi đặc quyền, đặt vé sớm phim hot",89,3,19.09,0.3333
159693,Khách giá trị cao,0.1652,model,"Membership, ưu đãi đặc quyền, đặt vé sớm phim hot",90,3,19.21,0.3333
203424,Khách thường xuyên,0.1652,model,"Duy trì, không cần giảm giá sâu",51,2,10.32,0.0
157829,Khách giá trị cao,0.1652,model,"Membership, ưu đãi đặc quyền, đặt vé sớm phim hot",91,4,47.09,0.5
125549,Khách giá trị cao,0.1651,model,"Membership, ưu đãi đặc quyền, đặt vé sớm phim hot",171,4,34.03,1.0
163910,Khách lâu chưa quay lại,0.1651,model,"Kéo lại bằng phim mới, voucher quay lại, thông báo cá nhân hóa",358,6,61.85,0.0
190265,Khách thường xuyên,0.1651,model,"Duy trì, không cần giảm giá sâu",2,2,10.15,0.0
198874,Khách lâu chưa quay lại,0.1651,model,"Kéo lại bằng phim mới, voucher quay lại, thông báo cá nhân hóa",205,3,11.93,0.3333
216158,Khách giá trị cao,0.1651,model,"Membership, ưu đãi đặc quyền, đặt vé sớm phim hot",10,3,24.87,0.6667
131131,Khách giá trị cao,0.165,model,"Membership, ưu đãi đặc quyền, đặt vé sớm phim hot",45,3,29.69,0.0
111065,Khách giá trị cao,0.165,model,"Membership, ưu đãi đặc quyền, đặt vé sớm phim hot",7,3,37.21,0.0
106599,Khách lâu chưa quay lại,0.165,model,"Kéo lại bằng phim mới, voucher quay lại, thông báo cá nhân hóa",260,3,8.53,1.0
120388,Khách giá trị cao,0.1649,model,"Membership, ưu đãi đặc quyền, đặt vé sớm phim hot",134,5,42.43,0.6
110954,Khách giá trị cao,0.1649,model,"Membership, ưu đãi đặc quyền, đặt vé sớm phim hot",29,4,36.79,1.0
144886,Khách giá trị cao,0.1648,model,"Membership, ưu đãi đặc quyền, đặt vé sớm phim hot",93,5,28.08,0.4
160580,Khách nhạy khuyến mãi,0.1648,model,"Chuyển từ giảm giá trực tiếp sang tích điểm, voucher cá nhân hóa",9,2,22.06,0.5
115728,Khách giá trị cao,0.1648,model,"Membership, ưu đãi đặc quyền, đặt vé sớm phim hot",30,3,27.06,0.3333
122492,Khách giá trị cao,0.1648,model,"Membership, ưu đãi đặc quyền, đặt vé sớm phim hot",13,5,46.07,0.4
161957,Khách giá trị cao,0.1648,model,"Membership, ưu đãi đặc quyền, đặt vé sớm phim hot",61,4,36.0,0.75
112846,Khách nhạy khuyến mãi,0.1648,model,"Chuyển từ giảm giá trực tiếp sang tích điểm, voucher cá nhân hóa",47,2,13.45,1.0
139133,Khách lâu chưa quay lại,0.1647,model,"Kéo lại bằng phim mới, voucher quay lại, thông báo cá nhân hóa",231,6,40.3,0.8333
181193,Khách giá trị cao,0.1646,model,"Membership, ưu đãi đặc quyền, đặt vé sớm phim hot",37,3,15.93,0.3333
134588,Khách lâu chưa quay lại,0.1646,model,"Kéo lại bằng phim mới, voucher quay lại, thông báo cá nhân hóa",260,3,12.74,0.3333
101489,Khách lâu chưa quay lại,0.1646,model,"Kéo lại bằng phim mới, voucher quay lại, thông báo cá nhân hóa",266,4,32.44,0.75
173703,Khách giá trị cao,0.1646,model,"Membership, ưu đãi đặc quyền, đặt vé sớm phim hot",46,3,30.64,0.6667
125631,Khách giá trị cao,0.1646,model,"Membership, ưu đãi đặc quyền, đặt vé sớm phim hot",88,4,35.35,0.25
125512,Khách lâu chưa quay lại,0.1646,model,"Kéo lại bằng phim mới, voucher quay lại, thông báo cá nhân hóa",616,3,26.8,0.3333
110699,Khách lâu chưa quay lại,0.1645,model,"Kéo lại bằng phim mới, voucher quay lại, thông báo cá nhân hóa",272,4,23.01,0.25
181100,Khách giá trị cao,0.1645,model,"Membership, ưu đãi đặc quyền, đặt vé sớm phim hot",23,3,20.18,0.6667
182647,Khách nhạy khuyến mãi,0.1644,model,"Chuyển từ giảm giá trực tiếp sang tích điểm, voucher cá nhân hóa",55,2,7.8,0.5
157523,Khách lâu chưa quay lại,0.1644,model,"Kéo lại bằng phim mới, voucher quay lại, thông báo cá nhân hóa",297,3,17.07,0.6667
116928,Khách lâu chưa quay lại,0.1644,model,"Kéo lại bằng phim mới, voucher quay lại, thông báo cá nhân hóa",197,5,47.84,0.6
110730,Khách lâu chưa quay lại,0.1644,model,"Kéo lại bằng phim mới, voucher quay lại, thông báo cá nhân hóa",170,2,17.49,0.5
127512,Khách giá trị cao,0.1643,model,"Membership, ưu đãi đặc quyền, đặt vé sớm phim hot",64,3,34.97,0.3333
155266,Khách lâu chưa quay lại,0.1643,model,"Kéo lại bằng phim mới, voucher quay lại, thông báo cá nhân hóa",366,3,25.02,0.0
159150,Khách giá trị cao,0.1643,model,"Membership, ưu đãi đặc quyền, đặt vé sớm phim hot",174,3,32.42,0.6667
198418,Khách giá trị cao,0.1642,model,"Membership, ưu đãi đặc quyền, đặt vé sớm phim hot",90,3,14.43,0.6667
146931,Khách nhạy khuyến mãi,0.1642,model,"Chuyển từ giảm giá trực tiếp sang tích điểm, voucher cá nhân hóa",29,2,7.8,0.5
153701,Khách thường xuyên,0.1642,model,"Duy trì, không cần giảm giá sâu",32,2,12.98,0.0
150283,Khách lâu chưa quay lại,0.1642,model,"Kéo lại bằng phim mới, voucher quay lại, thông báo cá nhân hóa",124,2,17.08,0.5
120185,Khách giá trị cao,0.1642,model,"Membership, ưu đãi đặc quyền, đặt vé sớm phim hot",43,3,11.39,1.0
207188,Khách giá trị cao,0.1641,model,"Membership, ưu đãi đặc quyền, đặt vé sớm phim hot",92,3,23.88,0.0
196983,Khách giá trị cao,0.1641,model,"Membership, ưu đãi đặc quyền, đặt vé sớm phim hot",8,3,24.66,0.6667
121170,Khách giá trị cao,0.164,model,"Membership, ưu đãi đặc quyền, đặt vé sớm phim hot",90,3,17.99,0.6667
129715,Khách giá trị cao,0.164,model,"Membership, ưu đãi đặc quyền, đặt vé sớm phim hot",169,5,50.68,0.0
109833,Khách thường xuyên,0.164,model,"Duy trì, không cần giảm giá sâu",25,2,17.31,0.0
108164,Khách giá trị cao,0.164,model,"Membership, ưu đãi đặc quyền, đặt vé sớm phim hot",36,4,45.85,0.5
177105,Khách lâu chưa quay lại,0.164,model,"Kéo lại bằng phim mới, voucher quay lại, thông báo cá nhân hóa",272,3,13.31,0.3333
138787,Khách thường xuyên,0.164,model,"Duy trì, không cần giảm giá sâu",55,2,10.72,0.0
199201,Khách giá trị cao,0.1639,model,"Membership, ưu đãi đặc quyền, đặt vé sớm phim hot",82,3,24.62,0.6667
214271,Khách thường xuyên,0.1639,model,"Duy trì, không cần giảm giá sâu",38,2,13.74,0.0
122849,Khách lâu chưa quay lại,0.1639,model,"Kéo lại bằng phim mới, voucher quay lại, thông báo cá nhân hóa",232,3,45.34,0.3333
158872,Khách giá trị cao,0.1638,model,"Membership, ưu đãi đặc quyền, đặt vé sớm phim hot",164,3,87.02,0.3333
197832,Khách thường xuyên,0.1638,model,"Duy trì, không cần giảm giá sâu",38,2,14.27,0.0
191963,Khách lâu chưa quay lại,0.1638,model,"Kéo lại bằng phim mới, voucher quay lại, thông báo cá nhân hóa",216,4,20.3,1.0
182425,Khách thường xuyên,0.1638,model,"Duy trì, không cần giảm giá sâu",53,2,14.8,0.0
117580,Khách lâu chưa quay lại,0.1638,model,"Kéo lại bằng phim mới, voucher quay lại, thông báo cá nhân hóa",267,6,48.91,0.3333
154127,Khách giá trị cao,0.1638,model,"Membership, ưu đãi đặc quyền, đặt vé sớm phim hot",145,5,69.1,0.6
102585,Khách thường xuyên,0.1637,model,"Duy trì, không cần giảm giá sâu",40,2,13.18,0.0
224118,Khách giá trị cao,0.1637,model,"Membership, ưu đãi đặc quyền, đặt vé sớm phim hot",115,3,37.53,0.0
125933,Khách nhạy khuyến mãi,0.1636,model,"Chuyển từ giảm giá trực tiếp sang tích điểm, voucher cá nhân hóa",40,2,10.75,1.0
194088,Khách thường xuyên,0.1636,model,"Duy trì, không cần giảm giá sâu",32,2,14.48,0.0
114549,Khách lâu chưa quay lại,0.1636,model,"Kéo lại bằng phim mới, voucher quay lại, thông báo cá nhân hóa",314,3,22.27,0.0
121511,Khách nhạy khuyến mãi,0.1636,model,"Chuyển từ giảm giá trực tiếp sang tích điểm, voucher cá nhân hóa",28,2,11.84,0.5
205521,Khách thường xuyên,0.1636,model,"Duy trì, không cần giảm giá sâu",85,2,21.45,0.0
101197,Khách thường xuyên,0.1636,model,"Duy trì, không cần giảm giá sâu",1,2,20.13,0.0
212725,Khách lâu chưa quay lại,0.1636,model,"Kéo lại bằng phim mới, voucher quay lại, thông báo cá nhân hóa",167,2,16.0,0.5
149888,Khách lâu chưa quay lại,0.1636,model,"Kéo lại bằng phim mới, voucher quay lại, thông báo cá nhân hóa",91,2,25.77,1.0
185239,Khách giá trị cao,0.1636,model,"Membership, ưu đãi đặc quyền, đặt vé sớm phim hot",85,4,19.78,0.5
178954,Khách lâu chưa quay lại,0.1635,model,"Kéo lại bằng phim mới, voucher quay lại, thông báo cá nhân hóa",149,2,3.43,0.0
130020,Khách giá trị cao,0.1635,model,"Membership, ưu đãi đặc quyền, đặt vé sớm phim hot",78,6,68.58,0.5
179970,Khách giá trị cao,0.1634,model,"Membership, ưu đãi đặc quyền, đặt vé sớm phim hot",85,4,28.69,0.75
139107,Khách lâu chưa quay lại,0.1634,model,"Kéo lại bằng phim mới, voucher quay lại, thông báo cá nhân hóa",289,3,12.71,0.6667
128773,Khách nhạy khuyến mãi,0.1634,model,"Chuyển từ giảm giá trực tiếp sang tích điểm, voucher cá nhân hóa",21,2,11.26,0.5
180290,Khách giá trị cao,0.1634,model,"Membership, ưu đãi đặc quyền, đặt vé sớm phim hot",49,3,31.93,0.6667
171418,Khách nhạy khuyến mãi,0.1634,model,"Chuyển từ giảm giá trực tiếp sang tích điểm, voucher cá nhân hóa",83,2,12.13,0.5
117322,Khách lâu chưa quay lại,0.1634,model,"Kéo lại bằng phim mới, voucher quay lại, thông báo cá nhân hóa",113,2,11.87,0.5
184097,Khách lâu chưa quay lại,0.1634,model,"Kéo lại bằng phim mới, voucher quay lại, thông báo cá nhân hóa",180,2,10.71,0.0
216896,Khách giá trị cao,0.1634,model,"Membership, ưu đãi đặc quyền, đặt vé sớm phim hot",28,3,20.34,0.6667
215257,Khách thường xuyên,0.1633,model,"Duy trì, không cần giảm giá sâu",2,2,21.44,0.0
172204,Khách giá trị cao,0.1633,model,"Membership, ưu đãi đặc quyền, đặt vé sớm phim hot",98,4,32.28,0.75
153683,Khách giá trị cao,0.1633,model,"Membership, ưu đãi đặc quyền, đặt vé sớm phim hot",10,4,45.79,0.0
183160,Khách giá trị cao,0.1633,model,"Membership, ưu đãi đặc quyền, đặt vé sớm phim hot",91,3,29.37,0.0
140461,Khách lâu chưa quay lại,0.1632,model,"Kéo lại bằng phim mới, voucher quay lại, thông báo cá nhân hóa",288,3,11.39,1.0
127107,Khách giá trị cao,0.1631,model,"Membership, ưu đãi đặc quyền, đặt vé sớm phim hot",65,3,19.55,0.3333
101594,Khách lâu chưa quay lại,0.1631,model,"Kéo lại bằng phim mới, voucher quay lại, thông báo cá nhân hóa",148,2,17.66,0.0
194947,Khách thường xuyên,0.1631,model,"Duy trì, không cần giảm giá sâu",7,2,22.11,0.0
189940,Khách lâu chưa quay lại,0.163,model,"Kéo lại bằng phim mới, voucher quay lại, thông báo cá nhân hóa",209,4,34.66,0.5
107972,Khách giá trị cao,0.163,model,"Membership, ưu đãi đặc quyền, đặt vé sớm phim hot",50,4,29.85,0.25
120486,Khách lâu chưa quay lại,0.163,model,"Kéo lại bằng phim mới, voucher quay lại, thông báo cá nhân hóa",109,2,10.33,0.5
171585,Khách giá trị cao,0.1629,model,"Membership, ưu đãi đặc quyền, đặt vé sớm phim hot",9,3,30.14,1.0
164551,Khách nhạy khuyến mãi,0.1629,model,"Chuyển từ giảm giá trực tiếp sang tích điểm, voucher cá nhân hóa",9,2,10.85,1.0
222577,Khách thường xuyên,0.1629,model,"Duy trì, không cần giảm giá sâu",9,2,21.03,0.0
127667,Khách giá trị cao,0.1629,model,"Membership, ưu đãi đặc quyền, đặt vé sớm phim hot",173,3,35.72,1.0
218843,Khách lâu chưa quay lại,0.1629,model,"Kéo lại bằng phim mới, voucher quay lại, thông báo cá nhân hóa",144,2,10.68,0.5
160755,Khách lâu chưa quay lại,0.1627,model,"Kéo lại bằng phim mới, voucher quay lại, thông báo cá nhân hóa",189,3,15.93,0.6667
111218,Khách giá trị cao,0.1627,model,"Membership, ưu đãi đặc quyền, đặt vé sớm phim hot",117,3,18.48,0.6667
208806,Khách nhạy khuyến mãi,0.1626,model,"Chuyển từ giảm giá trực tiếp sang tích điểm, voucher cá nhân hóa",66,2,22.44,0.5
198430,Khách giá trị cao,0.1626,model,"Membership, ưu đãi đặc quyền, đặt vé sớm phim hot",56,3,29.21,0.0
111786,Khách lâu chưa quay lại,0.1626,model,"Kéo lại bằng phim mới, voucher quay lại, thông báo cá nhân hóa",103,2,17.07,0.5
122663,Khách giá trị cao,0.1625,model,"Membership, ưu đãi đặc quyền, đặt vé sớm phim hot",44,4,23.55,0.5
125317,Khách lâu chưa quay lại,0.1624,model,"Kéo lại bằng phim mới, voucher quay lại, thông báo cá nhân hóa",99,2,14.07,1.0
121962,Khách nhạy khuyến mãi,0.1624,model,"Chuyển từ giảm giá trực tiếp sang tích điểm, voucher cá nhân hóa",16,2,7.58,0.5
213060,Khách nhạy khuyến mãi,0.1624,model,"Chuyển từ giảm giá trực tiếp sang tích điểm, voucher cá nhân hóa",17,2,12.83,0.5
181692,Khách giá trị cao,0.1624,model,"Membership, ưu đãi đặc quyền, đặt vé sớm phim hot",56,3,19.56,0.3333
139746,Khách lâu chưa quay lại,0.1623,model,"Kéo lại bằng phim mới, voucher quay lại, thông báo cá nhân hóa",231,4,28.51,1.0
152964,Khách nhạy khuyến mãi,0.1623,model,"Chuyển từ giảm giá trực tiếp sang tích điểm, voucher cá nhân hóa",26,2,17.24,0.5
128129,Khách giá trị cao,0.1623,model,"Membership, ưu đãi đặc quyền, đặt vé sớm phim hot",1,3,9.37,1.0
148421,Khách thường xuyên,0.1622,model,"Duy trì, không cần giảm giá sâu",1,2,6.19,0.0
105240,Khách nhạy khuyến mãi,0.1622,model,"Chuyển từ giảm giá trực tiếp sang tích điểm, voucher cá nhân hóa",86,2,24.17,0.5
225183,Khách lâu chưa quay lại,0.1621,model,"Kéo lại bằng phim mới, voucher quay lại, thông báo cá nhân hóa",166,1,13.69,0.0
116494,Khách lâu chưa quay lại,0.162,model,"Kéo lại bằng phim mới, voucher quay lại, thông báo cá nhân hóa",242,3,15.89,1.0
128854,Khách lâu chưa quay lại,0.162,model,"Kéo lại bằng phim mới, voucher quay lại, thông báo cá nhân hóa",365,2,10.26,0.0
138447,Khách giá trị cao,0.162,model,"Membership, ưu đãi đặc quyền, đặt vé sớm phim hot",33,3,31.72,0.0
123261,Khách lâu chưa quay lại,0.162,model,"Kéo lại bằng phim mới, voucher quay lại, thông báo cá nhân hóa",228,4,37.98,0.5
122662,Khách thường xuyên,0.162,model,"Duy trì, không cần giảm giá sâu",50,2,7.8,0.0
142808,Khách giá trị cao,0.162,model,"Membership, ưu đãi đặc quyền, đặt vé sớm phim hot",15,5,46.42,0.4
215201,Khách lâu chưa quay lại,0.162,model,"Kéo lại bằng phim mới, voucher quay lại, thông báo cá nhân hóa",145,2,4.54,0.0
111246,Khách giá trị cao,0.1619,model,"Membership, ưu đãi đặc quyền, đặt vé sớm phim hot",63,3,35.31,0.3333
141862,Khách giá trị cao,0.1619,model,"Membership, ưu đãi đặc quyền, đặt vé sớm phim hot",52,3,31.18,0.6667
225018,Khách giá trị cao,0.1619,model,"Membership, ưu đãi đặc quyền, đặt vé sớm phim hot",143,3,27.7,0.6667
178042,Khách lâu chưa quay lại,0.1619,model,"Kéo lại bằng phim mới, voucher quay lại, thông báo cá nhân hóa",156,2,10.85,0.5
164278,Khách giá trị cao,0.1618,model,"Membership, ưu đãi đặc quyền, đặt vé sớm phim hot",176,4,45.03,0.25
111635,Khách lâu chưa quay lại,0.1618,model,"Kéo lại bằng phim mới, voucher quay lại, thông báo cá nhân hóa",235,2,12.82,0.5
125583,Khách lâu chưa quay lại,0.1618,model,"Kéo lại bằng phim mới, voucher quay lại, thông báo cá nhân hóa",228,13,40.95,0.2308
129939,Khách nhạy khuyến mãi,0.1617,model,"Chuyển từ giảm giá trực tiếp sang tích điểm, voucher cá nhân hóa",79,2,12.75,1.0
131355,Khách giá trị cao,0.1617,model,"Membership, ưu đãi đặc quyền, đặt vé sớm phim hot",55,3,20.55,0.3333
181294,Khách nhạy khuyến mãi,0.1617,model,"Chuyển từ giảm giá trực tiếp sang tích điểm, voucher cá nhân hóa",9,2,14.18,0.5
198234,Khách nhạy khuyến mãi,0.1616,model,"Chuyển từ giảm giá trực tiếp sang tích điểm, voucher cá nhân hóa",45,2,6.11,0.5
170688,Khách giá trị cao,0.1616,model,"Membership, ưu đãi đặc quyền, đặt vé sớm phim hot",95,4,18.88,0.5
185075,Khách giá trị cao,0.1616,model,"Membership, ưu đãi đặc quyền, đặt vé sớm phim hot",29,3,19.58,0.3333
147556,Khách giá trị cao,0.1615,model,"Membership, ưu đãi đặc quyền, đặt vé sớm phim hot",9,3,37.19,0.0
139588,Khách nhạy khuyến mãi,0.1615,model,"Chuyển từ giảm giá trực tiếp sang tích điểm, voucher cá nhân hóa",8,2,8.01,0.5
150153,Khách lâu chưa quay lại,0.1615,model,"Kéo lại bằng phim mới, voucher quay lại, thông báo cá nhân hóa",189,3,24.0,0.3333
225038,Khách lâu chưa quay lại,0.1614,model,"Kéo lại bằng phim mới, voucher quay lại, thông báo cá nhân hóa",91,2,10.65,0.5
106535,Khách nhạy khuyến mãi,0.1614,model,"Chuyển từ giảm giá trực tiếp sang tích điểm, voucher cá nhân hóa",8,2,17.79,0.5
127701,Khách giá trị cao,0.1614,model,"Membership, ưu đãi đặc quyền, đặt vé sớm phim hot",115,3,44.04,0.3333
107457,Khách giá trị cao,0.1614,model,"Membership, ưu đãi đặc quyền, đặt vé sớm phim hot",91,3,19.13,0.3333
221916,Khách nhạy khuyến mãi,0.1614,model,"Chuyển từ giảm giá trực tiếp sang tích điểm, voucher cá nhân hóa",35,2,27.18,0.5
135193,Khách giá trị cao,0.1614,model,"Membership, ưu đãi đặc quyền, đặt vé sớm phim hot",164,3,17.83,0.6667
150819,Khách nhạy khuyến mãi,0.1613,model,"Chuyển từ giảm giá trực tiếp sang tích điểm, voucher cá nhân hóa",6,2,6.52,1.0
141595,Khách lâu chưa quay lại,0.1613,model,"Kéo lại bằng phim mới, voucher quay lại, thông báo cá nhân hóa",193,4,44.83,0.0
192183,Khách giá trị cao,0.1613,model,"Membership, ưu đãi đặc quyền, đặt vé sớm phim hot",87,3,27.59,0.6667
131885,Khách giá trị cao,0.1613,model,"Membership, ưu đãi đặc quyền, đặt vé sớm phim hot",44,3,15.89,1.0
180118,Khách thường xuyên,0.1612,model,"Duy trì, không cần giảm giá sâu",4,2,15.34,0.0
219341,Khách giá trị cao,0.1612,model,"Membership, ưu đãi đặc quyền, đặt vé sớm phim hot",175,3,11.84,1.0
106325,Khách lâu chưa quay lại,0.1611,model,"Kéo lại bằng phim mới, voucher quay lại, thông báo cá nhân hóa",159,2,26.85,0.0
135825,Khách giá trị cao,0.161,model,"Membership, ưu đãi đặc quyền, đặt vé sớm phim hot",161,3,24.05,0.3333
111607,Khách lâu chưa quay lại,0.161,model,"Kéo lại bằng phim mới, voucher quay lại, thông báo cá nhân hóa",363,4,33.62,0.25
198213,Khách nhạy khuyến mãi,0.161,model,"Chuyển từ giảm giá trực tiếp sang tích điểm, voucher cá nhân hóa",22,2,13.16,0.5
219032,Khách giá trị cao,0.1609,model,"Membership, ưu đãi đặc quyền, đặt vé sớm phim hot",84,3,26.88,0.3333
111734,Khách giá trị cao,0.1609,model,"Membership, ưu đãi đặc quyền, đặt vé sớm phim hot",91,4,38.84,0.75
103145,Khách giá trị cao,0.1608,model,"Membership, ưu đãi đặc quyền, đặt vé sớm phim hot",10,3,32.09,0.6667
182594,Khách thường xuyên,0.1608,model,"Duy trì, không cần giảm giá sâu",1,2,17.53,0.0
124528,Khách lâu chưa quay lại,0.1608,model,"Kéo lại bằng phim mới, voucher quay lại, thông báo cá nhân hóa",111,2,34.15,0.5
102722,Khách nhạy khuyến mãi,0.1607,model,"Chuyển từ giảm giá trực tiếp sang tích điểm, voucher cá nhân hóa",61,2,17.58,0.5
143320,Khách nhạy khuyến mãi,0.1607,model,"Chuyển từ giảm giá trực tiếp sang tích điểm, voucher cá nhân hóa",55,2,14.64,0.5
151284,Khách nhạy khuyến mãi,0.1607,model,"Chuyển từ giảm giá trực tiếp sang tích điểm, voucher cá nhân hóa",30,2,13.16,0.5
223505,Khách giá trị cao,0.1606,model,"Membership, ưu đãi đặc quyền, đặt vé sớm phim hot",59,3,22.4,0.6667
119418,Khách lâu chưa quay lại,0.1606,model,"Kéo lại bằng phim mới, voucher quay lại, thông báo cá nhân hóa",172,2,15.88,0.5
192291,Khách thường xuyên,0.1606,model,"Duy trì, không cần giảm giá sâu",90,1,7.51,0.0
133281,Khách thường xuyên,0.1606,model,"Duy trì, không cần giảm giá sâu",37,2,16.08,0.0
202070,Khách lâu chưa quay lại,0.1606,model,"Kéo lại bằng phim mới, voucher quay lại, thông báo cá nhân hóa",236,3,17.57,1.0
166480,Khách giá trị cao,0.1605,model,"Membership, ưu đãi đặc quyền, đặt vé sớm phim hot",39,3,38.82,0.0
145483,Khách lâu chưa quay lại,0.1604,model,"Kéo lại bằng phim mới, voucher quay lại, thông báo cá nhân hóa",317,5,33.03,0.4
125559,Khách giá trị cao,0.1603,model,"Membership, ưu đãi đặc quyền, đặt vé sớm phim hot",65,3,21.4,0.3333
217918,Khách giá trị cao,0.1603,model,"Membership, ưu đãi đặc quyền, đặt vé sớm phim hot",10,3,26.72,0.6667
208690,Khách lâu chưa quay lại,0.1603,model,"Kéo lại bằng phim mới, voucher quay lại, thông báo cá nhân hóa",237,3,31.46,0.3333
179435,Khách giá trị cao,0.1602,model,"Membership, ưu đãi đặc quyền, đặt vé sớm phim hot",151,3,30.4,0.3333
137148,Khách giá trị cao,0.1602,model,"Membership, ưu đãi đặc quyền, đặt vé sớm phim hot",91,4,37.45,1.0
182880,Khách nhạy khuyến mãi,0.1602,model,"Chuyển từ giảm giá trực tiếp sang tích điểm, voucher cá nhân hóa",22,2,12.34,0.5
123414,Khách lâu chưa quay lại,0.1602,model,"Kéo lại bằng phim mới, voucher quay lại, thông báo cá nhân hóa",172,2,11.05,0.5
106868,Khách giá trị cao,0.1602,model,"Membership, ưu đãi đặc quyền, đặt vé sớm phim hot",175,6,25.59,0.8333
128545,Khách thường xuyên,0.1601,model,"Duy trì, không cần giảm giá sâu",3,2,18.56,0.0
100745,Khách giá trị cao,0.1601,model,"Membership, ưu đãi đặc quyền, đặt vé sớm phim hot",34,5,18.44,0.6
187416,Khách giá trị cao,0.1601,model,"Membership, ưu đãi đặc quyền, đặt vé sớm phim hot",36,3,20.38,0.0
132522,Khách giá trị cao,0.1601,model,"Membership, ưu đãi đặc quyền, đặt vé sớm phim hot",158,4,38.72,0.25
198489,Khách giá trị cao,0.16,model,"Membership, ưu đãi đặc quyền, đặt vé sớm phim hot",8,3,8.96,1.0
216882,Khách lâu chưa quay lại,0.16,model,"Kéo lại bằng phim mới, voucher quay lại, thông báo cá nhân hóa",106,2,21.45,0.0
170429,Khách lâu chưa quay lại,0.16,model,"Kéo lại bằng phim mới, voucher quay lại, thông báo cá nhân hóa",111,1,21.86,0.0
135530,Khách lâu chưa quay lại,0.1599,model,"Kéo lại bằng phim mới, voucher quay lại, thông báo cá nhân hóa",234,5,44.75,0.8
183409,Khách giá trị cao,0.1599,model,"Membership, ưu đãi đặc quyền, đặt vé sớm phim hot",80,3,25.41,0.3333
215924,Khách lâu chưa quay lại,0.1599,model,"Kéo lại bằng phim mới, voucher quay lại, thông báo cá nhân hóa",232,3,11.47,0.3333
121500,Khách mua một lần (mới),0.1599,model,Tặng coupon cho lần mua thứ hai trong vòng 7–14 ngày,14,1,26.61,0.0
127066,Khách lâu chưa quay lại,0.1598,model,"Kéo lại bằng phim mới, voucher quay lại, thông báo cá nhân hóa",231,5,34.34,1.0
141475,Khách lâu chưa quay lại,0.1598,model,"Kéo lại bằng phim mới, voucher quay lại, thông báo cá nhân hóa",255,7,55.99,0.1429
222672,Khách thường xuyên,0.1597,model,"Duy trì, không cần giảm giá sâu",40,2,9.08,0.0
121955,Khách lâu chưa quay lại,0.1597,model,"Kéo lại bằng phim mới, voucher quay lại, thông báo cá nhân hóa",226,2,17.7,0.5
172868,Khách nhạy khuyến mãi,0.1597,model,"Chuyển từ giảm giá trực tiếp sang tích điểm, voucher cá nhân hóa",86,2,11.25,0.5
117492,Khách giá trị cao,0.1597,model,"Membership, ưu đãi đặc quyền, đặt vé sớm phim hot",169,5,50.06,0.2
110223,Khách giá trị cao,0.1597,model,"Membership, ưu đãi đặc quyền, đặt vé sớm phim hot",92,3,17.48,0.3333
125470,Khách lâu chưa quay lại,0.1596,model,"Kéo lại bằng phim mới, voucher quay lại, thông báo cá nhân hóa",281,6,43.44,0.6667
152060,Khách giá trị cao,0.1596,model,"Membership, ưu đãi đặc quyền, đặt vé sớm phim hot",140,3,38.53,0.0
160026,Khách giá trị cao,0.1596,model,"Membership, ưu đãi đặc quyền, đặt vé sớm phim hot",7,3,36.98,0.3333
186688,Khách nhạy khuyến mãi,0.1596,model,"Chuyển từ giảm giá trực tiếp sang tích điểm, voucher cá nhân hóa",86,2,6.35,0.5
111731,Khách thường xuyên,0.1596,model,"Duy trì, không cần giảm giá sâu",0,2,16.05,0.0
123548,Khách giá trị cao,0.1596,model,"Membership, ưu đãi đặc quyền, đặt vé sớm phim hot",105,4,24.05,0.25
151434,Khách thường xuyên,0.1595,model,"Duy trì, không cần giảm giá sâu",82,2,27.92,0.0
181569,Khách giá trị cao,0.1595,model,"Membership, ưu đãi đặc quyền, đặt vé sớm phim hot",43,3,8.55,1.0
128721,Khách lâu chưa quay lại,0.1594,model,"Kéo lại bằng phim mới, voucher quay lại, thông báo cá nhân hóa",294,5,33.6,1.0
211546,Khách thường xuyên,0.1594,model,"Duy trì, không cần giảm giá sâu",27,2,8.04,0.0
156160,Khách giá trị cao,0.1594,model,"Membership, ưu đãi đặc quyền, đặt vé sớm phim hot",39,3,35.53,0.0
172206,Khách giá trị cao,0.1594,model,"Membership, ưu đãi đặc quyền, đặt vé sớm phim hot",55,3,27.19,0.3333
114536,Khách lâu chưa quay lại,0.1593,model,"Kéo lại bằng phim mới, voucher quay lại, thông báo cá nhân hóa",219,2,16.53,0.5
168466,Khách nhạy khuyến mãi,0.1593,model,"Chuyển từ giảm giá trực tiếp sang tích điểm, voucher cá nhân hóa",13,2,15.8,1.0
125701,Khách giá trị cao,0.1593,model,"Membership, ưu đãi đặc quyền, đặt vé sớm phim hot",77,4,22.98,0.5
102484,Khách giá trị cao,0.1593,model,"Membership, ưu đãi đặc quyền, đặt vé sớm phim hot",30,5,35.19,0.6
174466,Khách giá trị cao,0.1593,model,"Membership, ưu đãi đặc quyền, đặt vé sớm phim hot",64,3,16.96,1.0
106964,Khách giá trị cao,0.1592,model,"Membership, ưu đãi đặc quyền, đặt vé sớm phim hot",3,3,13.03,1.0
206096,Khách giá trị cao,0.1592,model,"Membership, ưu đãi đặc quyền, đặt vé sớm phim hot",43,3,14.23,0.3333
143169,Khách lâu chưa quay lại,0.1591,model,"Kéo lại bằng phim mới, voucher quay lại, thông báo cá nhân hóa",205,1,12.37,0.0
106045,Khách lâu chưa quay lại,0.1591,model,"Kéo lại bằng phim mới, voucher quay lại, thông báo cá nhân hóa",241,2,12.58,0.5
230342,Khách nhạy khuyến mãi,0.1591,model,"Chuyển từ giảm giá trực tiếp sang tích điểm, voucher cá nhân hóa",79,2,19.92,0.5
155621,Khách lâu chưa quay lại,0.1591,model,"Kéo lại bằng phim mới, voucher quay lại, thông báo cá nhân hóa",1352,1,4.37,1.0
174674,Khách nhạy khuyến mãi,0.159,model,"Chuyển từ giảm giá trực tiếp sang tích điểm, voucher cá nhân hóa",85,2,68.26,0.5
117397,Khách nhạy khuyến mãi,0.159,model,"Chuyển từ giảm giá trực tiếp sang tích điểm, voucher cá nhân hóa",57,2,16.83,0.5
179673,Khách giá trị cao,0.159,model,"Membership, ưu đãi đặc quyền, đặt vé sớm phim hot",43,3,34.49,0.6667
177802,Khách giá trị cao,0.1589,model,"Membership, ưu đãi đặc quyền, đặt vé sớm phim hot",49,3,27.84,0.3333
166583,Khách nhạy khuyến mãi,0.1588,model,"Chuyển từ giảm giá trực tiếp sang tích điểm, voucher cá nhân hóa",56,2,16.95,0.5
129214,Khách giá trị cao,0.1588,model,"Membership, ưu đãi đặc quyền, đặt vé sớm phim hot",86,3,24.04,0.6667
124024,Khách lâu chưa quay lại,0.1588,model,"Kéo lại bằng phim mới, voucher quay lại, thông báo cá nhân hóa",373,4,29.41,0.5
104283,Khách giá trị cao,0.1587,model,"Membership, ưu đãi đặc quyền, đặt vé sớm phim hot",124,3,30.97,0.0
153194,Khách lâu chưa quay lại,0.1587,model,"Kéo lại bằng phim mới, voucher quay lại, thông báo cá nhân hóa",94,2,11.26,0.5
103810,Khách giá trị cao,0.1587,model,"Membership, ưu đãi đặc quyền, đặt vé sớm phim hot",99,4,17.52,0.5
224136,Khách giá trị cao,0.1587,model,"Membership, ưu đãi đặc quyền, đặt vé sớm phim hot",158,3,20.32,0.3333
174289,Khách giá trị cao,0.1586,model,"Membership, ưu đãi đặc quyền, đặt vé sớm phim hot",65,3,22.59,0.3333
203990,Khách thường xuyên,0.1586,model,"Duy trì, không cần giảm giá sâu",36,2,16.25,0.0
130201,Khách nhạy khuyến mãi,0.1586,model,"Chuyển từ giảm giá trực tiếp sang tích điểm, voucher cá nhân hóa",34,2,10.85,1.0
169375,Khách nhạy khuyến mãi,0.1586,model,"Chuyển từ giảm giá trực tiếp sang tích điểm, voucher cá nhân hóa",74,2,10.66,0.5
157608,Khách giá trị cao,0.1585,model,"Membership, ưu đãi đặc quyền, đặt vé sớm phim hot",28,3,29.07,0.3333
159326,Khách nhạy khuyến mãi,0.1585,model,"Chuyển từ giảm giá trực tiếp sang tích điểm, voucher cá nhân hóa",43,2,18.72,0.5
132415,Khách giá trị cao,0.1585,model,"Membership, ưu đãi đặc quyền, đặt vé sớm phim hot",91,3,22.68,0.6667
204353,Khách thường xuyên,0.1585,model,"Duy trì, không cần giảm giá sâu",88,2,33.13,0.0
169263,Khách lâu chưa quay lại,0.1585,model,"Kéo lại bằng phim mới, voucher quay lại, thông báo cá nhân hóa",260,5,37.23,1.0
157268,Khách thường xuyên,0.1584,model,"Duy trì, không cần giảm giá sâu",40,2,22.77,0.0
140973,Khách lâu chưa quay lại,0.1584,model,"Kéo lại bằng phim mới, voucher quay lại, thông báo cá nhân hóa",268,2,11.88,0.5
181589,Khách mua một lần (mới),0.1584,model,Tặng coupon cho lần mua thứ hai trong vòng 7–14 ngày,5,1,4.54,0.0
230624,Khách thường xuyên,0.1583,model,"Duy trì, không cần giảm giá sâu",12,2,4.66,0.0
116169,Khách lâu chưa quay lại,0.1583,model,"Kéo lại bằng phim mới, voucher quay lại, thông báo cá nhân hóa",315,5,39.66,0.8
160759,Khách giá trị cao,0.1583,model,"Membership, ưu đãi đặc quyền, đặt vé sớm phim hot",45,3,21.69,0.6667
211149,Khách thường xuyên,0.1583,model,"Duy trì, không cần giảm giá sâu",66,2,17.07,0.0
130533,Khách giá trị cao,0.1583,model,"Membership, ưu đãi đặc quyền, đặt vé sớm phim hot",134,5,39.15,0.0
121766,Khách lâu chưa quay lại,0.1582,model,"Kéo lại bằng phim mới, voucher quay lại, thông báo cá nhân hóa",211,2,7.92,0.0
125163,Khách giá trị cao,0.1582,model,"Membership, ưu đãi đặc quyền, đặt vé sớm phim hot",168,6,32.74,0.1667
150165,Khách giá trị cao,0.1582,model,"Membership, ưu đãi đặc quyền, đặt vé sớm phim hot",60,3,25.75,0.6667
101440,Khách giá trị cao,0.1582,model,"Membership, ưu đãi đặc quyền, đặt vé sớm phim hot",166,3,20.99,0.3333
131244,Khách giá trị cao,0.1582,model,"Membership, ưu đãi đặc quyền, đặt vé sớm phim hot",65,3,8.55,1.0
215154,Khách nhạy khuyến mãi,0.1582,model,"Chuyển từ giảm giá trực tiếp sang tích điểm, voucher cá nhân hóa",24,2,7.8,0.5
154686,Khách thường xuyên,0.1582,model,"Duy trì, không cần giảm giá sâu",49,2,20.21,0.0
222391,Khách giá trị cao,0.1581,model,"Membership, ưu đãi đặc quyền, đặt vé sớm phim hot",82,4,37.44,0.5
218129,Khách nhạy khuyến mãi,0.1581,model,"Chuyển từ giảm giá trực tiếp sang tích điểm, voucher cá nhân hóa",87,2,6.36,0.5
194676,Khách giá trị cao,0.1581,model,"Membership, ưu đãi đặc quyền, đặt vé sớm phim hot",145,3,31.47,0.6667
121011,Khách thường xuyên,0.158,model,"Duy trì, không cần giảm giá sâu",55,2,10.31,0.0
112816,Khách nhạy khuyến mãi,0.158,model,"Chuyển từ giảm giá trực tiếp sang tích điểm, voucher cá nhân hóa",81,2,11.25,1.0
166287,Khách lâu chưa quay lại,0.158,model,"Kéo lại bằng phim mới, voucher quay lại, thông báo cá nhân hóa",91,2,11.26,1.0
204542,Khách nhạy khuyến mãi,0.158,model,"Chuyển từ giảm giá trực tiếp sang tích điểm, voucher cá nhân hóa",87,2,11.26,1.0
137786,Khách lâu chưa quay lại,0.158,model,"Kéo lại bằng phim mới, voucher quay lại, thông báo cá nhân hóa",92,2,11.26,1.0
141427,Khách lâu chưa quay lại,0.158,model,"Kéo lại bằng phim mới, voucher quay lại, thông báo cá nhân hóa",94,2,11.25,1.0
119667,Khách lâu chưa quay lại,0.158,model,"Kéo lại bằng phim mới, voucher quay lại, thông báo cá nhân hóa",92,2,11.26,1.0
126623,Khách giá trị cao,0.158,model,"Membership, ưu đãi đặc quyền, đặt vé sớm phim hot",89,3,22.61,0.3333
185477,Khách thường xuyên,0.158,model,"Duy trì, không cần giảm giá sâu",57,2,14.27,0.0
211368,Khách giá trị cao,0.158,model,"Membership, ưu đãi đặc quyền, đặt vé sớm phim hot",58,3,35.56,0.3333
107246,Khách lâu chưa quay lại,0.1579,model,"Kéo lại bằng phim mới, voucher quay lại, thông báo cá nhân hóa",182,4,24.48,0.75
140161,Khách nhạy khuyến mãi,0.1579,model,"Chuyển từ giảm giá trực tiếp sang tích điểm, voucher cá nhân hóa",11,2,37.52,0.5
142035,Khách giá trị cao,0.1579,model,"Membership, ưu đãi đặc quyền, đặt vé sớm phim hot",46,3,31.88,0.3333
183848,Khách thường xuyên,0.1578,model,"Duy trì, không cần giảm giá sâu",59,2,20.7,0.0
111981,Khách giá trị cao,0.1578,model,"Membership, ưu đãi đặc quyền, đặt vé sớm phim hot",45,4,38.84,0.5
198022,Khách giá trị cao,0.1578,model,"Membership, ưu đãi đặc quyền, đặt vé sớm phim hot",37,3,21.08,1.0
109536,Khách lâu chưa quay lại,0.1578,model,"Kéo lại bằng phim mới, voucher quay lại, thông báo cá nhân hóa",91,2,9.9,0.0
219116,Khách giá trị cao,0.1578,model,"Membership, ưu đãi đặc quyền, đặt vé sớm phim hot",43,3,34.78,0.3333
161033,Khách lâu chưa quay lại,0.1578,model,"Kéo lại bằng phim mới, voucher quay lại, thông báo cá nhân hóa",758,3,51.83,0.6667
143565,Khách giá trị cao,0.1577,model,"Membership, ưu đãi đặc quyền, đặt vé sớm phim hot",6,3,22.94,0.6667
108261,Khách nhạy khuyến mãi,0.1577,model,"Chuyển từ giảm giá trực tiếp sang tích điểm, voucher cá nhân hóa",55,2,12.95,0.5
229203,Khách nhạy khuyến mãi,0.1577,model,"Chuyển từ giảm giá trực tiếp sang tích điểm, voucher cá nhân hóa",35,2,14.34,1.0
203533,Khách giá trị cao,0.1577,model,"Membership, ưu đãi đặc quyền, đặt vé sớm phim hot",58,3,23.01,0.3333
194322,Khách lâu chưa quay lại,0.1576,model,"Kéo lại bằng phim mới, voucher quay lại, thông báo cá nhân hóa",93,2,10.85,0.5
125484,Khách giá trị cao,0.1576,model,"Membership, ưu đãi đặc quyền, đặt vé sớm phim hot",98,4,41.61,0.0
140693,Khách giá trị cao,0.1576,model,"Membership, ưu đãi đặc quyền, đặt vé sớm phim hot",65,5,48.75,0.6
127617,Khách lâu chưa quay lại,0.1576,model,"Kéo lại bằng phim mới, voucher quay lại, thông báo cá nhân hóa",315,4,25.33,0.75
112985,Khách giá trị cao,0.1576,model,"Membership, ưu đãi đặc quyền, đặt vé sớm phim hot",86,3,14.77,0.6667
206753,Khách thường xuyên,0.1576,model,"Duy trì, không cần giảm giá sâu",2,2,8.0,0.0
110987,Khách thường xuyên,0.1575,model,"Duy trì, không cần giảm giá sâu",19,2,18.43,0.0
112780,Khách lâu chưa quay lại,0.1575,model,"Kéo lại bằng phim mới, voucher quay lại, thông báo cá nhân hóa",372,5,39.01,0.4
116080,Khách giá trị cao,0.1575,model,"Membership, ưu đãi đặc quyền, đặt vé sớm phim hot",173,6,45.37,0.3333
203964,Khách nhạy khuyến mãi,0.1574,model,"Chuyển từ giảm giá trực tiếp sang tích điểm, voucher cá nhân hóa",8,2,10.07,0.5
119399,Khách nhạy khuyến mãi,0.1574,model,"Chuyển từ giảm giá trực tiếp sang tích điểm, voucher cá nhân hóa",87,2,6.77,0.5
224166,Khách giá trị cao,0.1574,model,"Membership, ưu đãi đặc quyền, đặt vé sớm phim hot",153,4,45.84,0.5
114858,Khách giá trị cao,0.1574,model,"Membership, ưu đãi đặc quyền, đặt vé sớm phim hot",175,3,24.89,0.3333
206566,Khách thường xuyên,0.1574,model,"Duy trì, không cần giảm giá sâu",58,2,24.1,0.0
135988,Khách lâu chưa quay lại,0.1574,model,"Kéo lại bằng phim mới, voucher quay lại, thông báo cá nhân hóa",197,2,18.14,0.0
143735,Khách lâu chưa quay lại,0.1573,model,"Kéo lại bằng phim mới, voucher quay lại, thông báo cá nhân hóa",154,2,10.73,0.0
197115,Khách thường xuyên,0.1573,model,"Duy trì, không cần giảm giá sâu",2,2,9.07,0.0
137686,Khách lâu chưa quay lại,0.1573,model,"Kéo lại bằng phim mới, voucher quay lại, thông báo cá nhân hóa",198,3,17.9,1.0
131612,Khách nhạy khuyến mãi,0.1573,model,"Chuyển từ giảm giá trực tiếp sang tích điểm, voucher cá nhân hóa",29,2,9.04,0.5
111019,Khách giá trị cao,0.1573,model,"Membership, ưu đãi đặc quyền, đặt vé sớm phim hot",36,3,33.08,0.3333
117543,Khách nhạy khuyến mãi,0.1573,model,"Chuyển từ giảm giá trực tiếp sang tích điểm, voucher cá nhân hóa",38,2,14.12,0.5
193048,Khách thường xuyên,0.1573,model,"Duy trì, không cần giảm giá sâu",26,2,11.96,0.0
117360,Khách thường xuyên,0.1573,model,"Duy trì, không cần giảm giá sâu",64,2,9.53,0.0
119065,Khách giá trị cao,0.1571,model,"Membership, ưu đãi đặc quyền, đặt vé sớm phim hot",77,3,19.38,0.6667
121120,Khách giá trị cao,0.1571,model,"Membership, ưu đãi đặc quyền, đặt vé sớm phim hot",70,3,19.38,0.6667
125557,Khách giá trị cao,0.1571,model,"Membership, ưu đãi đặc quyền, đặt vé sớm phim hot",88,5,34.07,0.4
130928,Khách giá trị cao,0.1571,model,"Membership, ưu đãi đặc quyền, đặt vé sớm phim hot",91,5,30.47,0.2
124423,Khách giá trị cao,0.157,model,"Membership, ưu đãi đặc quyền, đặt vé sớm phim hot",170,4,34.92,0.75
169517,Khách thường xuyên,0.157,model,"Duy trì, không cần giảm giá sâu",5,2,23.1,0.0
105104,Khách giá trị cao,0.157,model,"Membership, ưu đãi đặc quyền, đặt vé sớm phim hot",57,4,42.15,0.25
118783,Khách thường xuyên,0.157,model,"Duy trì, không cần giảm giá sâu",3,2,15.6,0.0
198379,Khách thường xuyên,0.1569,model,"Duy trì, không cần giảm giá sâu",36,2,17.31,0.0
141486,Khách giá trị cao,0.1569,model,"Membership, ưu đãi đặc quyền, đặt vé sớm phim hot",39,3,24.09,0.3333
185306,Khách nhạy khuyến mãi,0.1569,model,"Chuyển từ giảm giá trực tiếp sang tích điểm, voucher cá nhân hóa",8,2,11.84,0.5
178330,Khách thường xuyên,0.1569,model,"Duy trì, không cần giảm giá sâu",34,2,22.81,0.0
104084,Khách giá trị cao,0.1569,model,"Membership, ưu đãi đặc quyền, đặt vé sớm phim hot",77,3,40.6,0.3333
110623,Khách lâu chưa quay lại,0.1569,model,"Kéo lại bằng phim mới, voucher quay lại, thông báo cá nhân hóa",299,1,12.5,0.0
192161,Khách thường xuyên,0.1569,model,"Duy trì, không cần giảm giá sâu",38,2,17.31,0.0
140529,Khách thường xuyên,0.1569,model,"Duy trì, không cần giảm giá sâu",55,2,15.63,0.0
129905,Khách giá trị cao,0.1569,model,"Membership, ưu đãi đặc quyền, đặt vé sớm phim hot",177,4,31.71,0.75
228577,Khách nhạy khuyến mãi,0.1568,model,"Chuyển từ giảm giá trực tiếp sang tích điểm, voucher cá nhân hóa",48,2,8.01,0.5
170926,Khách nhạy khuyến mãi,0.1568,model,"Chuyển từ giảm giá trực tiếp sang tích điểm, voucher cá nhân hóa",55,2,8.13,0.5
151261,Khách nhạy khuyến mãi,0.1568,model,"Chuyển từ giảm giá trực tiếp sang tích điểm, voucher cá nhân hóa",43,2,8.46,0.5
147028,Khách nhạy khuyến mãi,0.1568,model,"Chuyển từ giảm giá trực tiếp sang tích điểm, voucher cá nhân hóa",3,2,13.62,0.5
173649,Khách giá trị cao,0.1568,model,"Membership, ưu đãi đặc quyền, đặt vé sớm phim hot",67,3,44.46,0.0
104262,Khách giá trị cao,0.1567,model,"Membership, ưu đãi đặc quyền, đặt vé sớm phim hot",42,3,28.71,0.0
110984,Khách lâu chưa quay lại,0.1567,model,"Kéo lại bằng phim mới, voucher quay lại, thông báo cá nhân hóa",312,6,55.51,0.1667
154623,Khách giá trị cao,0.1567,model,"Membership, ưu đãi đặc quyền, đặt vé sớm phim hot",159,4,45.9,0.5
126334,Khách giá trị cao,0.1566,model,"Membership, ưu đãi đặc quyền, đặt vé sớm phim hot",82,4,36.16,0.5
220252,Khách thường xuyên,0.1566,model,"Duy trì, không cần giảm giá sâu",36,2,17.07,0.0
139854,Khách thường xuyên,0.1566,model,"Duy trì, không cần giảm giá sâu",7,2,15.84,0.0
214589,Khách giá trị cao,0.1566,model,"Membership, ưu đãi đặc quyền, đặt vé sớm phim hot",104,3,40.63,0.3333
131604,Khách nhạy khuyến mãi,0.1565,model,"Chuyển từ giảm giá trực tiếp sang tích điểm, voucher cá nhân hóa",28,2,31.1,0.5
192525,Khách lâu chưa quay lại,0.1565,model,"Kéo lại bằng phim mới, voucher quay lại, thông báo cá nhân hóa",189,3,8.55,1.0
127402,Khách giá trị cao,0.1565,model,"Membership, ưu đãi đặc quyền, đặt vé sớm phim hot",83,6,56.71,1.0
106094,Khách giá trị cao,0.1565,model,"Membership, ưu đãi đặc quyền, đặt vé sớm phim hot",94,3,19.84,0.3333
100638,Khách lâu chưa quay lại,0.1565,model,"Kéo lại bằng phim mới, voucher quay lại, thông báo cá nhân hóa",170,2,6.97,0.5
217035,Khách mua một lần (mới),0.1565,model,Tặng coupon cho lần mua thứ hai trong vòng 7–14 ngày,4,1,6.19,0.0
124593,Khách thường xuyên,0.1565,model,"Duy trì, không cần giảm giá sâu",69,2,16.29,0.0
182059,Khách mua một lần (mới),0.1564,model,Tặng coupon cho lần mua thứ hai trong vòng 7–14 ngày,4,1,25.98,0.0
197865,Khách thường xuyên,0.1564,model,"Duy trì, không cần giảm giá sâu",29,2,32.18,0.0
214843,Khách thường xuyên,0.1564,model,"Duy trì, không cần giảm giá sâu",39,2,24.33,0.0
123751,Khách lâu chưa quay lại,0.1564,model,"Kéo lại bằng phim mới, voucher quay lại, thông báo cá nhân hóa",153,2,6.97,0.0
217012,Khách giá trị cao,0.1564,model,"Membership, ưu đãi đặc quyền, đặt vé sớm phim hot",123,4,41.99,0.75
184461,Khách thường xuyên,0.1564,model,"Duy trì, không cần giảm giá sâu",52,2,24.42,0.0
208961,Khách nhạy khuyến mãi,0.1563,model,"Chuyển từ giảm giá trực tiếp sang tích điểm, voucher cá nhân hóa",44,2,13.16,0.5
142105,Khách nhạy khuyến mãi,0.1563,model,"Chuyển từ giảm giá trực tiếp sang tích điểm, voucher cá nhân hóa",23,2,7.8,0.5
226081,Khách thường xuyên,0.1563,model,"Duy trì, không cần giảm giá sâu",26,2,17.2,0.0
137634,Khách giá trị cao,0.1562,model,"Membership, ưu đãi đặc quyền, đặt vé sớm phim hot",145,3,21.52,0.0
202300,Khách lâu chưa quay lại,0.1562,model,"Kéo lại bằng phim mới, voucher quay lại, thông báo cá nhân hóa",129,2,16.86,0.0
124131,Khách lâu chưa quay lại,0.1562,model,"Kéo lại bằng phim mới, voucher quay lại, thông báo cá nhân hóa",372,2,17.09,0.5
147626,Khách lâu chưa quay lại,0.1562,model,"Kéo lại bằng phim mới, voucher quay lại, thông báo cá nhân hóa",231,4,22.38,1.0
147828,Khách giá trị cao,0.1562,model,"Membership, ưu đãi đặc quyền, đặt vé sớm phim hot",169,6,49.67,0.1667
189801,Khách giá trị cao,0.1561,model,"Membership, ưu đãi đặc quyền, đặt vé sớm phim hot",116,3,19.39,0.3333
100102,Khách giá trị cao,0.1561,model,"Membership, ưu đãi đặc quyền, đặt vé sớm phim hot",25,4,32.4,0.5
144519,Khách nhạy khuyến mãi,0.1561,model,"Chuyển từ giảm giá trực tiếp sang tích điểm, voucher cá nhân hóa",3,2,17.08,0.5
136718,Khách lâu chưa quay lại,0.1561,model,"Kéo lại bằng phim mới, voucher quay lại, thông báo cá nhân hóa",171,2,12.29,0.5
165224,Khách giá trị cao,0.156,model,"Membership, ưu đãi đặc quyền, đặt vé sớm phim hot",77,3,32.8,0.3333
114376,Khách giá trị cao,0.156,model,"Membership, ưu đãi đặc quyền, đặt vé sớm phim hot",87,4,14.15,0.5
125232,Khách giá trị cao,0.156,model,"Membership, ưu đãi đặc quyền, đặt vé sớm phim hot",56,3,23.89,0.6667
110574,Khách giá trị cao,0.1559,model,"Membership, ưu đãi đặc quyền, đặt vé sớm phim hot",91,3,49.2,0.6667
123353,Khách giá trị cao,0.1559,model,"Membership, ưu đãi đặc quyền, đặt vé sớm phim hot",140,3,29.82,0.3333
211735,Khách giá trị cao,0.1559,model,"Membership, ưu đãi đặc quyền, đặt vé sớm phim hot",147,4,40.79,0.0
188542,Khách thường xuyên,0.1559,model,"Duy trì, không cần giảm giá sâu",1,2,16.62,0.0
113044,Khách lâu chưa quay lại,0.1558,model,"Kéo lại bằng phim mới, voucher quay lại, thông báo cá nhân hóa",233,6,47.21,0.1667
124238,Khách lâu chưa quay lại,0.1558,model,"Kéo lại bằng phim mới, voucher quay lại, thông báo cá nhân hóa",265,2,7.75,0.5
174403,Khách thường xuyên,0.1558,model,"Duy trì, không cần giảm giá sâu",1,2,16.29,0.0
110048,Khách giá trị cao,0.1558,model,"Membership, ưu đãi đặc quyền, đặt vé sớm phim hot",131,3,25.07,0.3333
123730,Khách lâu chưa quay lại,0.1558,model,"Kéo lại bằng phim mới, voucher quay lại, thông báo cá nhân hóa",106,2,6.11,1.0
120930,Khách nhạy khuyến mãi,0.1557,model,"Chuyển từ giảm giá trực tiếp sang tích điểm, voucher cá nhân hóa",4,2,16.67,0.5
183446,Khách lâu chưa quay lại,0.1557,model,"Kéo lại bằng phim mới, voucher quay lại, thông báo cá nhân hóa",162,1,21.16,0.0
134723,Khách lâu chưa quay lại,0.1557,model,"Kéo lại bằng phim mới, voucher quay lại, thông báo cá nhân hóa",294,5,28.92,1.0
193116,Khách lâu chưa quay lại,0.1557,model,"Kéo lại bằng phim mới, voucher quay lại, thông báo cá nhân hóa",102,1,10.82,0.0
156210,Khách lâu chưa quay lại,0.1557,model,"Kéo lại bằng phim mới, voucher quay lại, thông báo cá nhân hóa",266,3,39.95,0.3333
165466,Khách giá trị cao,0.1557,model,"Membership, ưu đãi đặc quyền, đặt vé sớm phim hot",134,3,29.24,0.6667
121690,Khách giá trị cao,0.1556,model,"Membership, ưu đãi đặc quyền, đặt vé sớm phim hot",7,4,45.49,0.75
124273,Khách giá trị cao,0.1556,model,"Membership, ưu đãi đặc quyền, đặt vé sớm phim hot",98,3,29.24,0.0
165111,Khách nhạy khuyến mãi,0.1556,model,"Chuyển từ giảm giá trực tiếp sang tích điểm, voucher cá nhân hóa",16,2,13.36,0.5
109563,Khách giá trị cao,0.1556,model,"Membership, ưu đãi đặc quyền, đặt vé sớm phim hot",61,3,12.62,1.0
130186,Khách giá trị cao,0.1555,model,"Membership, ưu đãi đặc quyền, đặt vé sớm phim hot",123,3,22.96,0.3333
226018,Khách thường xuyên,0.1555,model,"Duy trì, không cần giảm giá sâu",55,2,7.8,0.0
187946,Khách giá trị cao,0.1555,model,"Membership, ưu đãi đặc quyền, đặt vé sớm phim hot",133,3,25.48,0.6667
111282,Khách nhạy khuyến mãi,0.1554,model,"Chuyển từ giảm giá trực tiếp sang tích điểm, voucher cá nhân hóa",11,2,14.07,0.5
130254,Khách giá trị cao,0.1554,model,"Membership, ưu đãi đặc quyền, đặt vé sớm phim hot",168,5,16.06,0.2
156593,Khách giá trị cao,0.1553,model,"Membership, ưu đãi đặc quyền, đặt vé sớm phim hot",70,3,24.91,0.3333
110531,Khách nhạy khuyến mãi,0.1553,model,"Chuyển từ giảm giá trực tiếp sang tích điểm, voucher cá nhân hóa",8,2,14.1,1.0
104885,Khách thường xuyên,0.1553,model,"Duy trì, không cần giảm giá sâu",12,2,32.17,0.0
107193,Khách lâu chưa quay lại,0.1553,model,"Kéo lại bằng phim mới, voucher quay lại, thông báo cá nhân hóa",312,3,12.22,1.0
188528,Khách thường xuyên,0.1552,model,"Duy trì, không cần giảm giá sâu",5,2,14.19,0.0
216503,Khách nhạy khuyến mãi,0.1552,model,"Chuyển từ giảm giá trực tiếp sang tích điểm, voucher cá nhân hóa",39,2,10.73,0.5
143742,Khách nhạy khuyến mãi,0.1552,model,"Chuyển từ giảm giá trực tiếp sang tích điểm, voucher cá nhân hóa",14,2,17.64,0.5
114769,Khách giá trị cao,0.1552,model,"Membership, ưu đãi đặc quyền, đặt vé sớm phim hot",134,3,41.79,0.3333
182192,Khách giá trị cao,0.1551,model,"Membership, ưu đãi đặc quyền, đặt vé sớm phim hot",131,3,26.81,0.0
212277,Khách giá trị cao,0.1551,model,"Membership, ưu đãi đặc quyền, đặt vé sớm phim hot",165,3,17.04,0.3333
154484,Khách giá trị cao,0.1551,model,"Membership, ưu đãi đặc quyền, đặt vé sớm phim hot",50,3,28.17,0.0
160202,Khách lâu chưa quay lại,0.1551,model,"Kéo lại bằng phim mới, voucher quay lại, thông báo cá nhân hóa",315,3,7.88,0.6667
203853,Khách lâu chưa quay lại,0.1551,model,"Kéo lại bằng phim mới, voucher quay lại, thông báo cá nhân hóa",92,2,12.5,0.5
127241,Khách giá trị cao,0.155,model,"Membership, ưu đãi đặc quyền, đặt vé sớm phim hot",92,3,40.58,0.3333
229983,Khách thường xuyên,0.155,model,"Duy trì, không cần giảm giá sâu",9,2,32.01,0.0
117906,Khách thường xuyên,0.155,model,"Duy trì, không cần giảm giá sâu",15,2,33.49,0.0
153094,Khách giá trị cao,0.155,model,"Membership, ưu đãi đặc quyền, đặt vé sớm phim hot",19,3,18.36,0.0
197722,Khách lâu chưa quay lại,0.155,model,"Kéo lại bằng phim mới, voucher quay lại, thông báo cá nhân hóa",187,3,31.45,0.0
135928,Khách thường xuyên,0.155,model,"Duy trì, không cần giảm giá sâu",5,2,29.86,0.0
122452,Khách giá trị cao,0.155,model,"Membership, ưu đãi đặc quyền, đặt vé sớm phim hot",58,5,37.97,0.4
103896,Khách lâu chưa quay lại,0.155,model,"Kéo lại bằng phim mới, voucher quay lại, thông báo cá nhân hóa",237,3,19.71,0.3333
140669,Khách lâu chưa quay lại,0.1549,model,"Kéo lại bằng phim mới, voucher quay lại, thông báo cá nhân hóa",121,2,19.54,0.5
193551,Khách giá trị cao,0.1549,model,"Membership, ưu đãi đặc quyền, đặt vé sớm phim hot",57,3,26.89,0.3333
103803,Khách giá trị cao,0.1549,model,"Membership, ưu đãi đặc quyền, đặt vé sớm phim hot",111,7,53.84,0.1429
218755,Khách giá trị cao,0.1549,model,"Membership, ưu đãi đặc quyền, đặt vé sớm phim hot",69,3,29.24,0.0
125973,Khách giá trị cao,0.1548,model,"Membership, ưu đãi đặc quyền, đặt vé sớm phim hot",91,4,55.26,0.25
161159,Khách giá trị cao,0.1548,model,"Membership, ưu đãi đặc quyền, đặt vé sớm phim hot",47,3,30.38,0.3333
118364,Khách giá trị cao,0.1548,model,"Membership, ưu đãi đặc quyền, đặt vé sớm phim hot",87,4,21.58,0.75
105977,Khách nhạy khuyến mãi,0.1548,model,"Chuyển từ giảm giá trực tiếp sang tích điểm, voucher cá nhân hóa",57,2,8.01,0.5
166109,Khách nhạy khuyến mãi,0.1548,model,"Chuyển từ giảm giá trực tiếp sang tích điểm, voucher cá nhân hóa",57,2,8.41,0.5
117187,Khách lâu chưa quay lại,0.1548,model,"Kéo lại bằng phim mới, voucher quay lại, thông báo cá nhân hóa",167,2,24.07,0.5
161450,Khách lâu chưa quay lại,0.1547,model,"Kéo lại bằng phim mới, voucher quay lại, thông báo cá nhân hóa",174,2,11.96,1.0
211556,Khách giá trị cao,0.1547,model,"Membership, ưu đãi đặc quyền, đặt vé sớm phim hot",42,3,24.0,1.0
185474,Khách giá trị cao,0.1547,model,"Membership, ưu đãi đặc quyền, đặt vé sớm phim hot",51,3,31.91,0.3333
102153,Khách lâu chưa quay lại,0.1547,model,"Kéo lại bằng phim mới, voucher quay lại, thông báo cá nhân hóa",217,3,17.24,0.6667
230711,Khách nhạy khuyến mãi,0.1546,model,"Chuyển từ giảm giá trực tiếp sang tích điểm, voucher cá nhân hóa",9,2,11.26,1.0
167297,Khách giá trị cao,0.1546,model,"Membership, ưu đãi đặc quyền, đặt vé sớm phim hot",86,4,26.41,1.0
169007,Khách giá trị cao,0.1545,model,"Membership, ưu đãi đặc quyền, đặt vé sớm phim hot",130,3,21.98,0.3333
184371,Khách giá trị cao,0.1545,model,"Membership, ưu đãi đặc quyền, đặt vé sớm phim hot",34,3,37.32,0.0
113721,Khách nhạy khuyến mãi,0.1545,model,"Chuyển từ giảm giá trực tiếp sang tích điểm, voucher cá nhân hóa",86,2,39.19,0.5
171136,Khách nhạy khuyến mãi,0.1545,model,"Chuyển từ giảm giá trực tiếp sang tích điểm, voucher cá nhân hóa",27,2,10.64,0.5
144703,Khách giá trị cao,0.1545,model,"Membership, ưu đãi đặc quyền, đặt vé sớm phim hot",145,3,23.19,0.0
128071,Khách thường xuyên,0.1544,model,"Duy trì, không cần giảm giá sâu",14,2,23.09,0.0
204160,Khách lâu chưa quay lại,0.1544,model,"Kéo lại bằng phim mới, voucher quay lại, thông báo cá nhân hóa",185,3,31.05,0.6667
108264,Khách giá trị cao,0.1544,model,"Membership, ưu đãi đặc quyền, đặt vé sớm phim hot",163,3,30.39,0.3333
178580,Khách lâu chưa quay lại,0.1543,model,"Kéo lại bằng phim mới, voucher quay lại, thông báo cá nhân hóa",119,2,15.59,0.5
146365,Khách mua một lần (mới),0.1543,model,Tặng coupon cho lần mua thứ hai trong vòng 7–14 ngày,8,1,28.87,0.0
131136,Khách lâu chưa quay lại,0.1543,model,"Kéo lại bằng phim mới, voucher quay lại, thông báo cá nhân hóa",1166,3,27.63,0.0
200834,Khách thường xuyên,0.1543,model,"Duy trì, không cần giảm giá sâu",0,2,18.97,0.0
159675,Khách lâu chưa quay lại,0.1543,model,"Kéo lại bằng phim mới, voucher quay lại, thông báo cá nhân hóa",233,3,22.89,0.3333
188883,Khách giá trị cao,0.1542,model,"Membership, ưu đãi đặc quyền, đặt vé sớm phim hot",10,3,38.69,0.3333
177235,Khách giá trị cao,0.1542,model,"Membership, ưu đãi đặc quyền, đặt vé sớm phim hot",27,3,17.27,0.6667
205682,Khách nhạy khuyến mãi,0.1542,model,"Chuyển từ giảm giá trực tiếp sang tích điểm, voucher cá nhân hóa",12,2,15.47,1.0
102591,Khách giá trị cao,0.1542,model,"Membership, ưu đãi đặc quyền, đặt vé sớm phim hot",175,3,25.58,0.3333
158137,Khách thường xuyên,0.1541,model,"Duy trì, không cần giảm giá sâu",27,2,20.29,0.0
162693,Khách nhạy khuyến mãi,0.1541,model,"Chuyển từ giảm giá trực tiếp sang tích điểm, voucher cá nhân hóa",57,2,14.93,0.5
138410,Khách giá trị cao,0.1541,model,"Membership, ưu đãi đặc quyền, đặt vé sớm phim hot",43,3,11.39,1.0
106514,Khách thường xuyên,0.1541,model,"Duy trì, không cần giảm giá sâu",64,2,19.83,0.0
143691,Khách thường xuyên,0.1541,model,"Duy trì, không cần giảm giá sâu",49,2,11.26,0.0
158064,Khách thường xuyên,0.1541,model,"Duy trì, không cần giảm giá sâu",89,2,9.08,0.0
187846,Khách lâu chưa quay lại,0.1541,model,"Kéo lại bằng phim mới, voucher quay lại, thông báo cá nhân hóa",247,3,28.04,0.3333
122591,Khách mua một lần (mới),0.154,model,Tặng coupon cho lần mua thứ hai trong vòng 7–14 ngày,6,1,8.44,0.0
194031,Khách thường xuyên,0.154,model,"Duy trì, không cần giảm giá sâu",7,2,18.11,0.0
164383,Khách giá trị cao,0.154,model,"Membership, ưu đãi đặc quyền, đặt vé sớm phim hot",38,3,30.44,0.6667
172898,Khách nhạy khuyến mãi,0.154,model,"Chuyển từ giảm giá trực tiếp sang tích điểm, voucher cá nhân hóa",90,2,10.11,0.5
192671,Khách nhạy khuyến mãi,0.154,model,"Chuyển từ giảm giá trực tiếp sang tích điểm, voucher cá nhân hóa",27,2,12.96,0.5
129985,Khách nhạy khuyến mãi,0.1539,model,"Chuyển từ giảm giá trực tiếp sang tích điểm, voucher cá nhân hóa",56,2,20.33,0.5
118075,Khách lâu chưa quay lại,0.1539,model,"Kéo lại bằng phim mới, voucher quay lại, thông báo cá nhân hóa",271,2,16.16,0.0
129015,Khách nhạy khuyến mãi,0.1539,model,"Chuyển từ giảm giá trực tiếp sang tích điểm, voucher cá nhân hóa",85,2,13.69,1.0
173403,Khách giá trị cao,0.1539,model,"Membership, ưu đãi đặc quyền, đặt vé sớm phim hot",83,3,26.4,0.6667
101463,Khách lâu chưa quay lại,0.1538,model,"Kéo lại bằng phim mới, voucher quay lại, thông báo cá nhân hóa",247,4,54.97,0.25
191620,Khách giá trị cao,0.1538,model,"Membership, ưu đãi đặc quyền, đặt vé sớm phim hot",168,3,17.49,0.3333
118826,Khách nhạy khuyến mãi,0.1538,model,"Chuyển từ giảm giá trực tiếp sang tích điểm, voucher cá nhân hóa",42,2,5.74,0.5
215980,Khách giá trị cao,0.1538,model,"Membership, ưu đãi đặc quyền, đặt vé sớm phim hot",119,3,32.23,0.6667
127004,Khách thường xuyên,0.1538,model,"Duy trì, không cần giảm giá sâu",7,2,33.19,0.0
126060,Khách giá trị cao,0.1538,model,"Membership, ưu đãi đặc quyền, đặt vé sớm phim hot",64,5,63.96,0.6
146884,Khách lâu chưa quay lại,0.1538,model,"Kéo lại bằng phim mới, voucher quay lại, thông báo cá nhân hóa",205,3,17.9,1.0
112380,Khách lâu chưa quay lại,0.1538,model,"Kéo lại bằng phim mới, voucher quay lại, thông báo cá nhân hóa",253,3,17.89,1.0
180471,Khách lâu chưa quay lại,0.1538,model,"Kéo lại bằng phim mới, voucher quay lại, thông báo cá nhân hóa",170,2,4.83,0.5
137638,Khách nhạy khuyến mãi,0.1537,model,"Chuyển từ giảm giá trực tiếp sang tích điểm, voucher cá nhân hóa",70,2,9.04,0.5
113827,Khách giá trị cao,0.1537,model,"Membership, ưu đãi đặc quyền, đặt vé sớm phim hot",9,3,23.01,0.3333
205172,Khách giá trị cao,0.1537,model,"Membership, ưu đãi đặc quyền, đặt vé sớm phim hot",103,4,17.49,1.0
150040,Khách giá trị cao,0.1537,model,"Membership, ưu đãi đặc quyền, đặt vé sớm phim hot",84,4,31.55,0.5
123227,Khách thường xuyên,0.1537,model,"Duy trì, không cần giảm giá sâu",62,2,14.02,0.0
144575,Khách giá trị cao,0.1537,model,"Membership, ưu đãi đặc quyền, đặt vé sớm phim hot",101,3,34.83,0.6667
176789,Khách giá trị cao,0.1537,model,"Membership, ưu đãi đặc quyền, đặt vé sớm phim hot",131,4,26.05,1.0
172508,Khách lâu chưa quay lại,0.1537,model,"Kéo lại bằng phim mới, voucher quay lại, thông báo cá nhân hóa",234,4,25.71,1.0
120051,Khách lâu chưa quay lại,0.1537,model,"Kéo lại bằng phim mới, voucher quay lại, thông báo cá nhân hóa",232,4,41.57,0.5
176471,Khách giá trị cao,0.1536,model,"Membership, ưu đãi đặc quyền, đặt vé sớm phim hot",71,3,16.95,0.6667
171107,Khách giá trị cao,0.1536,model,"Membership, ưu đãi đặc quyền, đặt vé sớm phim hot",174,6,53.74,0.1667
114489,Khách giá trị cao,0.1536,model,"Membership, ưu đãi đặc quyền, đặt vé sớm phim hot",154,3,20.96,0.3333
156966,Khách thường xuyên,0.1536,model,"Duy trì, không cần giảm giá sâu",1,2,42.15,0.0
104414,Khách giá trị cao,0.1535,model,"Membership, ưu đãi đặc quyền, đặt vé sớm phim hot",18,3,28.38,0.3333
101776,Khách giá trị cao,0.1535,model,"Membership, ưu đãi đặc quyền, đặt vé sớm phim hot",71,3,33.43,0.6667
157067,Khách giá trị cao,0.1535,model,"Membership, ưu đãi đặc quyền, đặt vé sớm phim hot",105,4,26.1,0.25
101961,Khách lâu chưa quay lại,0.1535,model,"Kéo lại bằng phim mới, voucher quay lại, thông báo cá nhân hóa",148,2,28.46,0.0
214607,Khách lâu chưa quay lại,0.1534,model,"Kéo lại bằng phim mới, voucher quay lại, thông báo cá nhân hóa",189,3,14.76,1.0
134816,Khách lâu chưa quay lại,0.1534,model,"Kéo lại bằng phim mới, voucher quay lại, thông báo cá nhân hóa",258,3,34.56,0.3333
185732,Khách giá trị cao,0.1534,model,"Membership, ưu đãi đặc quyền, đặt vé sớm phim hot",145,3,12.66,0.3333
101839,Khách giá trị cao,0.1534,model,"Membership, ưu đãi đặc quyền, đặt vé sớm phim hot",87,5,53.69,0.2
201178,Khách giá trị cao,0.1534,model,"Membership, ưu đãi đặc quyền, đặt vé sớm phim hot",4,3,23.66,1.0
103214,Khách thường xuyên,0.1533,model,"Duy trì, không cần giảm giá sâu",0,2,27.34,0.0
185492,Khách giá trị cao,0.1532,model,"Membership, ưu đãi đặc quyền, đặt vé sớm phim hot",90,3,20.74,0.0
162106,Khách giá trị cao,0.1532,model,"Membership, ưu đãi đặc quyền, đặt vé sớm phim hot",37,3,14.23,1.0
120430,Khách nhạy khuyến mãi,0.1532,model,"Chuyển từ giảm giá trực tiếp sang tích điểm, voucher cá nhân hóa",3,2,16.67,0.5
134781,Khách lâu chưa quay lại,0.1532,model,"Kéo lại bằng phim mới, voucher quay lại, thông báo cá nhân hóa",131,2,14.11,0.0
120580,Khách nhạy khuyến mãi,0.1532,model,"Chuyển từ giảm giá trực tiếp sang tích điểm, voucher cá nhân hóa",50,2,9.36,0.5
216612,Khách thường xuyên,0.153,model,"Duy trì, không cần giảm giá sâu",6,2,8.95,0.0
198805,Khách giá trị cao,0.153,model,"Membership, ưu đãi đặc quyền, đặt vé sớm phim hot",104,3,19.3,0.3333
146334,Khách giá trị cao,0.153,model,"Membership, ưu đãi đặc quyền, đặt vé sớm phim hot",88,3,31.05,0.6667
140014,Khách lâu chưa quay lại,0.153,model,"Kéo lại bằng phim mới, voucher quay lại, thông báo cá nhân hóa",119,2,17.61,0.5
180186,Khách giá trị cao,0.153,model,"Membership, ưu đãi đặc quyền, đặt vé sớm phim hot",106,3,31.59,0.0
125377,Khách nhạy khuyến mãi,0.153,model,"Chuyển từ giảm giá trực tiếp sang tích điểm, voucher cá nhân hóa",90,2,10.32,0.5
131989,Khách giá trị cao,0.153,model,"Membership, ưu đãi đặc quyền, đặt vé sớm phim hot",63,3,25.05,0.6667
128184,Khách lâu chưa quay lại,0.1529,model,"Kéo lại bằng phim mới, voucher quay lại, thông báo cá nhân hóa",132,2,21.78,0.0
190779,Khách lâu chưa quay lại,0.1529,model,"Kéo lại bằng phim mới, voucher quay lại, thông báo cá nhân hóa",164,2,11.38,1.0
178050,Khách nhạy khuyến mãi,0.1529,model,"Chuyển từ giảm giá trực tiếp sang tích điểm, voucher cá nhân hóa",78,2,11.26,1.0
180615,Khách lâu chưa quay lại,0.1528,model,"Kéo lại bằng phim mới, voucher quay lại, thông báo cá nhân hóa",175,2,17.9,0.5
106368,Khách lâu chưa quay lại,0.1528,model,"Kéo lại bằng phim mới, voucher quay lại, thông báo cá nhân hóa",126,2,9.57,0.5
208717,Khách lâu chưa quay lại,0.1528,model,"Kéo lại bằng phim mới, voucher quay lại, thông báo cá nhân hóa",134,2,16.41,0.5
103734,Khách mua một lần (mới),0.1528,model,Tặng coupon cho lần mua thứ hai trong vòng 7–14 ngày,11,1,27.01,1.0
221821,Khách nhạy khuyến mãi,0.1528,model,"Chuyển từ giảm giá trực tiếp sang tích điểm, voucher cá nhân hóa",56,2,15.26,0.5
213544,Khách thường xuyên,0.1528,model,"Duy trì, không cần giảm giá sâu",60,2,7.84,0.0
156629,Khách nhạy khuyến mãi,0.1528,model,"Chuyển từ giảm giá trực tiếp sang tích điểm, voucher cá nhân hóa",56,2,17.24,0.5
150198,Khách giá trị cao,0.1528,model,"Membership, ưu đãi đặc quyền, đặt vé sớm phim hot",88,3,12.62,1.0
151196,Khách nhạy khuyến mãi,0.1528,model,"Chuyển từ giảm giá trực tiếp sang tích điểm, voucher cá nhân hóa",84,2,10.85,1.0
196123,Khách nhạy khuyến mãi,0.1527,model,"Chuyển từ giảm giá trực tiếp sang tích điểm, voucher cá nhân hóa",47,2,10.44,1.0
206949,Khách giá trị cao,0.1527,model,"Membership, ưu đãi đặc quyền, đặt vé sớm phim hot",56,3,29.02,0.3333
110916,Khách nhạy khuyến mãi,0.1527,model,"Chuyển từ giảm giá trực tiếp sang tích điểm, voucher cá nhân hóa",35,2,16.41,0.5
110676,Khách giá trị cao,0.1527,model,"Membership, ưu đãi đặc quyền, đặt vé sớm phim hot",78,3,34.93,0.6667
124125,Khách thường xuyên,0.1527,model,"Duy trì, không cần giảm giá sâu",90,2,13.36,0.0
107478,Khách giá trị cao,0.1527,model,"Membership, ưu đãi đặc quyền, đặt vé sớm phim hot",167,3,35.8,0.0
223396,Khách nhạy khuyến mãi,0.1527,model,"Chuyển từ giảm giá trực tiếp sang tích điểm, voucher cá nhân hóa",6,2,9.23,0.5
182832,Khách thường xuyên,0.1526,model,"Duy trì, không cần giảm giá sâu",5,2,12.5,0.0
226983,Khách giá trị cao,0.1526,model,"Membership, ưu đãi đặc quyền, đặt vé sớm phim hot",91,3,21.48,0.3333
162364,Khách giá trị cao,0.1526,model,"Membership, ưu đãi đặc quyền, đặt vé sớm phim hot",85,5,38.43,0.8
195207,Khách giá trị cao,0.1524,model,"Membership, ưu đãi đặc quyền, đặt vé sớm phim hot",61,3,35.26,0.0
104818,Khách thường xuyên,0.1524,model,"Duy trì, không cần giảm giá sâu",74,2,12.38,0.0
120949,Khách giá trị cao,0.1524,model,"Membership, ưu đãi đặc quyền, đặt vé sớm phim hot",65,4,32.55,0.25
121089,Khách nhạy khuyến mãi,0.1523,model,"Chuyển từ giảm giá trực tiếp sang tích điểm, voucher cá nhân hóa",37,2,27.47,0.5
185837,Khách nhạy khuyến mãi,0.1523,model,"Chuyển từ giảm giá trực tiếp sang tích điểm, voucher cá nhân hóa",19,2,16.94,0.5
119978,Khách lâu chưa quay lại,0.1523,model,"Kéo lại bằng phim mới, voucher quay lại, thông báo cá nhân hóa",94,2,29.28,0.0
103256,Khách giá trị cao,0.1523,model,"Membership, ưu đãi đặc quyền, đặt vé sớm phim hot",65,4,31.16,0.5
111823,Khách giá trị cao,0.1522,model,"Membership, ưu đãi đặc quyền, đặt vé sớm phim hot",10,3,25.73,1.0
121717,Khách giá trị cao,0.1522,model,"Membership, ưu đãi đặc quyền, đặt vé sớm phim hot",66,3,31.88,0.3333
111808,Khách thường xuyên,0.1521,model,"Duy trì, không cần giảm giá sâu",66,2,21.45,0.0
220230,Khách thường xuyên,0.1521,model,"Duy trì, không cần giảm giá sâu",35,2,17.12,0.0
179900,Khách thường xuyên,0.1521,model,"Duy trì, không cần giảm giá sâu",37,2,21.29,0.0
221150,Khách thường xuyên,0.1521,model,"Duy trì, không cần giảm giá sâu",44,2,21.2,0.0
110991,Khách nhạy khuyến mãi,0.152,model,"Chuyển từ giảm giá trực tiếp sang tích điểm, voucher cá nhân hóa",38,2,12.46,0.5
207413,Khách giá trị cao,0.152,model,"Membership, ưu đãi đặc quyền, đặt vé sớm phim hot",63,3,15.22,1.0
208812,Khách giá trị cao,0.152,model,"Membership, ưu đãi đặc quyền, đặt vé sớm phim hot",64,3,28.33,0.0
213456,Khách thường xuyên,0.152,model,"Duy trì, không cần giảm giá sâu",9,2,41.74,0.0
169475,Khách lâu chưa quay lại,0.152,model,"Kéo lại bằng phim mới, voucher quay lại, thông báo cá nhân hóa",195,3,17.89,1.0
200141,Khách lâu chưa quay lại,0.152,model,"Kéo lại bằng phim mới, voucher quay lại, thông báo cá nhân hóa",181,2,17.48,0.5
135656,Khách giá trị cao,0.152,model,"Membership, ưu đãi đặc quyền, đặt vé sớm phim hot",84,4,18.92,0.75
134317,Khách lâu chưa quay lại,0.152,model,"Kéo lại bằng phim mới, voucher quay lại, thông báo cá nhân hóa",134,2,16.82,0.5
100822,Khách giá trị cao,0.152,model,"Membership, ưu đãi đặc quyền, đặt vé sớm phim hot",46,4,39.08,0.5
156186,Khách giá trị cao,0.1519,model,"Membership, ưu đãi đặc quyền, đặt vé sớm phim hot",9,3,28.83,0.0
137326,Khách thường xuyên,0.1519,model,"Duy trì, không cần giảm giá sâu",14,2,24.25,0.0
193356,Khách giá trị cao,0.1519,model,"Membership, ưu đãi đặc quyền, đặt vé sớm phim hot",72,3,26.72,0.3333
213857,Khách thường xuyên,0.1519,model,"Duy trì, không cần giảm giá sâu",37,2,24.29,0.0
138261,Khách giá trị cao,0.1519,model,"Membership, ưu đãi đặc quyền, đặt vé sớm phim hot",92,3,28.83,0.6667
128399,Khách giá trị cao,0.1519,model,"Membership, ưu đãi đặc quyền, đặt vé sớm phim hot",40,3,38.93,0.3333
113893,Khách thường xuyên,0.1519,model,"Duy trì, không cần giảm giá sâu",56,2,11.14,0.0
112572,Khách giá trị cao,0.1519,model,"Membership, ưu đãi đặc quyền, đặt vé sớm phim hot",0,3,27.13,0.6667
106234,Khách lâu chưa quay lại,0.1519,model,"Kéo lại bằng phim mới, voucher quay lại, thông báo cá nhân hóa",262,5,15.96,0.6
192522,Khách lâu chưa quay lại,0.1519,model,"Kéo lại bằng phim mới, voucher quay lại, thông báo cá nhân hóa",247,2,14.76,0.5
173981,Khách giá trị cao,0.1518,model,"Membership, ưu đãi đặc quyền, đặt vé sớm phim hot",79,3,16.54,0.6667
227947,Khách lâu chưa quay lại,0.1517,model,"Kéo lại bằng phim mới, voucher quay lại, thông báo cá nhân hóa",126,2,17.76,0.5
198579,Khách lâu chưa quay lại,0.1517,model,"Kéo lại bằng phim mới, voucher quay lại, thông báo cá nhân hóa",245,2,15.59,0.5
198460,Khách nhạy khuyến mãi,0.1516,model,"Chuyển từ giảm giá trực tiếp sang tích điểm, voucher cá nhân hóa",9,2,16.25,0.5
100357,Khách giá trị cao,0.1516,model,"Membership, ưu đãi đặc quyền, đặt vé sớm phim hot",64,5,51.57,0.8
127287,Khách giá trị cao,0.1516,model,"Membership, ưu đãi đặc quyền, đặt vé sớm phim hot",88,3,17.57,0.6667
128648,Khách giá trị cao,0.1516,model,"Membership, ưu đãi đặc quyền, đặt vé sớm phim hot",69,3,38.32,0.0
222690,Khách giá trị cao,0.1516,model,"Membership, ưu đãi đặc quyền, đặt vé sớm phim hot",141,3,19.35,0.3333
116664,Khách giá trị cao,0.1516,model,"Membership, ưu đãi đặc quyền, đặt vé sớm phim hot",64,3,31.84,0.3333
178504,Khách giá trị cao,0.1516,model,"Membership, ưu đãi đặc quyền, đặt vé sớm phim hot",148,3,25.23,0.3333
218591,Khách giá trị cao,0.1516,model,"Membership, ưu đãi đặc quyền, đặt vé sớm phim hot",109,3,29.59,0.0
114995,Khách giá trị cao,0.1516,model,"Membership, ưu đãi đặc quyền, đặt vé sớm phim hot",42,4,30.68,0.25
137174,Khách giá trị cao,0.1516,model,"Membership, ưu đãi đặc quyền, đặt vé sớm phim hot",174,3,80.71,0.0
100216,Khách thường xuyên,0.1516,model,"Duy trì, không cần giảm giá sâu",1,2,35.82,0.0
102681,Khách giá trị cao,0.1516,model,"Membership, ưu đãi đặc quyền, đặt vé sớm phim hot",137,3,23.02,0.3333
207879,Khách thường xuyên,0.1515,model,"Duy trì, không cần giảm giá sâu",8,2,30.32,0.0
171921,Khách nhạy khuyến mãi,0.1515,model,"Chuyển từ giảm giá trực tiếp sang tích điểm, voucher cá nhân hóa",85,2,16.41,0.5
180473,Khách thường xuyên,0.1515,model,"Duy trì, không cần giảm giá sâu",8,2,41.04,0.0
137732,Khách lâu chưa quay lại,0.1515,model,"Kéo lại bằng phim mới, voucher quay lại, thông báo cá nhân hóa",247,2,18.15,0.0
115981,Khách giá trị cao,0.1514,model,"Membership, ưu đãi đặc quyền, đặt vé sớm phim hot",162,3,23.18,0.6667
216684,Khách nhạy khuyến mãi,0.1514,model,"Chuyển từ giảm giá trực tiếp sang tích điểm, voucher cá nhân hóa",59,2,11.09,0.5
203035,Khách giá trị cao,0.1514,model,"Membership, ưu đãi đặc quyền, đặt vé sớm phim hot",46,3,20.75,1.0
152469,Khách giá trị cao,0.1514,model,"Membership, ưu đãi đặc quyền, đặt vé sớm phim hot",92,3,29.99,0.3333
113749,Khách lâu chưa quay lại,0.1514,model,"Kéo lại bằng phim mới, voucher quay lại, thông báo cá nhân hóa",323,3,50.52,0.6667
163427,Khách giá trị cao,0.1514,model,"Membership, ưu đãi đặc quyền, đặt vé sớm phim hot",47,4,22.71,0.5
187351,Khách nhạy khuyến mãi,0.1513,model,"Chuyển từ giảm giá trực tiếp sang tích điểm, voucher cá nhân hóa",22,2,10.85,0.5
188568,Khách lâu chưa quay lại,0.1513,model,"Kéo lại bằng phim mới, voucher quay lại, thông báo cá nhân hóa",235,3,22.27,0.6667
143323,Khách thường xuyên,0.1513,model,"Duy trì, không cần giảm giá sâu",8,2,25.28,0.0
149433,Khách giá trị cao,0.1513,model,"Membership, ưu đãi đặc quyền, đặt vé sớm phim hot",170,4,37.45,0.25
198859,Khách nhạy khuyến mãi,0.1513,model,"Chuyển từ giảm giá trực tiếp sang tích điểm, voucher cá nhân hóa",28,2,15.76,0.5
115739,Khách giá trị cao,0.1513,model,"Membership, ưu đãi đặc quyền, đặt vé sớm phim hot",133,3,18.72,0.6667
165055,Khách lâu chưa quay lại,0.1513,model,"Kéo lại bằng phim mới, voucher quay lại, thông báo cá nhân hóa",183,5,35.29,0.4
143760,Khách giá trị cao,0.1513,model,"Membership, ưu đãi đặc quyền, đặt vé sớm phim hot",6,3,9.29,1.0
103502,Khách giá trị cao,0.1513,model,"Membership, ưu đãi đặc quyền, đặt vé sớm phim hot",94,3,32.5,1.0
178187,Khách giá trị cao,0.1513,model,"Membership, ưu đãi đặc quyền, đặt vé sớm phim hot",45,3,16.58,0.6667
155006,Khách lâu chưa quay lại,0.1513,model,"Kéo lại bằng phim mới, voucher quay lại, thông báo cá nhân hóa",189,4,24.6,0.75
129492,Khách giá trị cao,0.1512,model,"Membership, ưu đãi đặc quyền, đặt vé sớm phim hot",115,3,26.11,0.0
168497,Khách giá trị cao,0.1512,model,"Membership, ưu đãi đặc quyền, đặt vé sớm phim hot",86,3,32.99,0.0
133783,Khách nhạy khuyến mãi,0.1511,model,"Chuyển từ giảm giá trực tiếp sang tích điểm, voucher cá nhân hóa",19,2,9.57,0.5
131485,Khách lâu chưa quay lại,0.1511,model,"Kéo lại bằng phim mới, voucher quay lại, thông báo cá nhân hóa",170,2,14.1,1.0
115684,Khách nhạy khuyến mãi,0.1511,model,"Chuyển từ giảm giá trực tiếp sang tích điểm, voucher cá nhân hóa",47,2,15.06,0.5
156061,Khách nhạy khuyến mãi,0.151,model,"Chuyển từ giảm giá trực tiếp sang tích điểm, voucher cá nhân hóa",21,2,13.69,1.0
120312,Khách nhạy khuyến mãi,0.151,model,"Chuyển từ giảm giá trực tiếp sang tích điểm, voucher cá nhân hóa",28,2,16.83,0.5
153096,Khách lâu chưa quay lại,0.151,model,"Kéo lại bằng phim mới, voucher quay lại, thông báo cá nhân hóa",191,2,18.43,0.5
213755,Khách nhạy khuyến mãi,0.151,model,"Chuyển từ giảm giá trực tiếp sang tích điểm, voucher cá nhân hóa",66,2,23.91,0.5
116148,Khách nhạy khuyến mãi,0.1509,model,"Chuyển từ giảm giá trực tiếp sang tích điểm, voucher cá nhân hóa",86,2,18.72,0.5
147161,Khách giá trị cao,0.1509,model,"Membership, ưu đãi đặc quyền, đặt vé sớm phim hot",53,3,27.88,0.0
124943,Khách lâu chưa quay lại,0.1509,model,"Kéo lại bằng phim mới, voucher quay lại, thông báo cá nhân hóa",375,1,17.89,0.0
137564,Khách nhạy khuyến mãi,0.1509,model,"Chuyển từ giảm giá trực tiếp sang tích điểm, voucher cá nhân hóa",60,2,14.27,0.5
131088,Khách giá trị cao,0.1509,model,"Membership, ưu đãi đặc quyền, đặt vé sớm phim hot",62,3,15.89,0.6667
191550,Khách thường xuyên,0.1509,model,"Duy trì, không cần giảm giá sâu",39,2,8.54,0.0
109378,Khách giá trị cao,0.1509,model,"Membership, ưu đãi đặc quyền, đặt vé sớm phim hot",169,4,33.79,0.75
108520,Khách giá trị cao,0.1509,model,"Membership, ưu đãi đặc quyền, đặt vé sớm phim hot",102,3,23.99,0.3333
159264,Khách thường xuyên,0.1508,model,"Duy trì, không cần giảm giá sâu",29,2,23.34,0.0
159634,Khách nhạy khuyến mãi,0.1508,model,"Chuyển từ giảm giá trực tiếp sang tích điểm, voucher cá nhân hóa",11,2,52.87,0.5
174933,Khách nhạy khuyến mãi,0.1508,model,"Chuyển từ giảm giá trực tiếp sang tích điểm, voucher cá nhân hóa",4,2,7.3,0.5
222341,Khách nhạy khuyến mãi,0.1508,model,"Chuyển từ giảm giá trực tiếp sang tích điểm, voucher cá nhân hóa",9,2,16.82,0.5
190372,Khách thường xuyên,0.1507,model,"Duy trì, không cần giảm giá sâu",45,2,23.65,0.0
156412,Khách giá trị cao,0.1507,model,"Membership, ưu đãi đặc quyền, đặt vé sớm phim hot",15,3,16.01,1.0
163417,Khách lâu chưa quay lại,0.1507,model,"Kéo lại bằng phim mới, voucher quay lại, thông báo cá nhân hóa",375,3,17.19,0.3333
149536,Khách lâu chưa quay lại,0.1507,model,"Kéo lại bằng phim mới, voucher quay lại, thông báo cá nhân hóa",224,4,18.76,0.5
129264,Khách nhạy khuyến mãi,0.1506,model,"Chuyển từ giảm giá trực tiếp sang tích điểm, voucher cá nhân hóa",6,2,6.1,1.0
208016,Khách nhạy khuyến mãi,0.1506,model,"Chuyển từ giảm giá trực tiếp sang tích điểm, voucher cá nhân hóa",3,2,20.63,1.0
162379,Khách thường xuyên,0.1506,model,"Duy trì, không cần giảm giá sâu",76,2,35.14,0.0
214633,Khách nhạy khuyến mãi,0.1506,model,"Chuyển từ giảm giá trực tiếp sang tích điểm, voucher cá nhân hóa",80,2,10.69,1.0
112684,Khách giá trị cao,0.1505,model,"Membership, ưu đãi đặc quyền, đặt vé sớm phim hot",41,5,52.36,0.0
119968,Khách lâu chưa quay lại,0.1504,model,"Kéo lại bằng phim mới, voucher quay lại, thông báo cá nhân hóa",234,2,11.88,1.0
115893,Khách lâu chưa quay lại,0.1504,model,"Kéo lại bằng phim mới, voucher quay lại, thông báo cá nhân hóa",237,2,11.88,1.0
172451,Khách giá trị cao,0.1504,model,"Membership, ưu đãi đặc quyền, đặt vé sớm phim hot",90,3,18.39,0.6667
124300,Khách lâu chưa quay lại,0.1504,model,"Kéo lại bằng phim mới, voucher quay lại, thông báo cá nhân hóa",287,3,32.16,0.3333
137746,Khách giá trị cao,0.1504,model,"Membership, ưu đãi đặc quyền, đặt vé sớm phim hot",64,4,28.12,0.5
222626,Khách nhạy khuyến mãi,0.1504,model,"Chuyển từ giảm giá trực tiếp sang tích điểm, voucher cá nhân hóa",15,2,15.18,0.5
151391,Khách lâu chưa quay lại,0.1503,model,"Kéo lại bằng phim mới, voucher quay lại, thông báo cá nhân hóa",101,2,7.88,0.0
203702,Khách nhạy khuyến mãi,0.1503,model,"Chuyển từ giảm giá trực tiếp sang tích điểm, voucher cá nhân hóa",59,2,11.14,0.5
136388,Khách nhạy khuyến mãi,0.1503,model,"Chuyển từ giảm giá trực tiếp sang tích điểm, voucher cá nhân hóa",4,2,10.61,0.5
105752,Khách giá trị cao,0.1503,model,"Membership, ưu đãi đặc quyền, đặt vé sớm phim hot",86,4,61.33,0.25
127934,Khách nhạy khuyến mãi,0.1503,model,"Chuyển từ giảm giá trực tiếp sang tích điểm, voucher cá nhân hóa",82,2,9.04,0.5
122390,Khách nhạy khuyến mãi,0.1503,model,"Chuyển từ giảm giá trực tiếp sang tích điểm, voucher cá nhân hóa",10,2,16.41,0.5
215776,Khách lâu chưa quay lại,0.1503,model,"Kéo lại bằng phim mới, voucher quay lại, thông báo cá nhân hóa",105,2,10.44,0.0
128091,Khách nhạy khuyến mãi,0.1502,model,"Chuyển từ giảm giá trực tiếp sang tích điểm, voucher cá nhân hóa",57,2,14.1,0.5
155883,Khách giá trị cao,0.1502,model,"Membership, ưu đãi đặc quyền, đặt vé sớm phim hot",7,3,34.7,0.0
104774,Khách giá trị cao,0.1502,model,"Membership, ưu đãi đặc quyền, đặt vé sớm phim hot",170,3,20.42,0.3333
170718,Khách nhạy khuyến mãi,0.1502,model,"Chuyển từ giảm giá trực tiếp sang tích điểm, voucher cá nhân hóa",8,2,26.89,0.5
137817,Khách nhạy khuyến mãi,0.1501,model,"Chuyển từ giảm giá trực tiếp sang tích điểm, voucher cá nhân hóa",13,2,13.28,1.0
120020,Khách lâu chưa quay lại,0.1501,model,"Kéo lại bằng phim mới, voucher quay lại, thông báo cá nhân hóa",249,3,32.91,0.3333
101691,Khách giá trị cao,0.1501,model,"Membership, ưu đãi đặc quyền, đặt vé sớm phim hot",91,8,37.79,0.5
175957,Khách thường xuyên,0.15,model,"Duy trì, không cần giảm giá sâu",3,2,17.49,0.0
213825,Khách giá trị cao,0.15,model,"Membership, ưu đãi đặc quyền, đặt vé sớm phim hot",0,4,41.64,0.5
168361,Khách giá trị cao,0.15,model,"Membership, ưu đãi đặc quyền, đặt vé sớm phim hot",57,4,18.73,0.5
159433,Khách giá trị cao,0.15,model,"Membership, ưu đãi đặc quyền, đặt vé sớm phim hot",86,4,45.27,1.0
179396,Khách nhạy khuyến mãi,0.1499,model,"Chuyển từ giảm giá trực tiếp sang tích điểm, voucher cá nhân hóa",56,2,10.64,0.5
103383,Khách giá trị cao,0.1499,model,"Membership, ưu đãi đặc quyền, đặt vé sớm phim hot",2,7,68.43,0.5714
105347,Khách nhạy khuyến mãi,0.1499,model,"Chuyển từ giảm giá trực tiếp sang tích điểm, voucher cá nhân hóa",48,2,23.19,0.5
145214,Khách giá trị cao,0.1499,model,"Membership, ưu đãi đặc quyền, đặt vé sớm phim hot",46,3,28.38,0.6667
173073,Khách giá trị cao,0.1499,model,"Membership, ưu đãi đặc quyền, đặt vé sớm phim hot",146,3,12.08,0.6667
129579,Khách giá trị cao,0.1499,model,"Membership, ưu đãi đặc quyền, đặt vé sớm phim hot",173,3,22.94,0.6667
209826,Khách nhạy khuyến mãi,0.1498,model,"Chuyển từ giảm giá trực tiếp sang tích điểm, voucher cá nhân hóa",48,2,15.61,1.0
103200,Khách giá trị cao,0.1498,model,"Membership, ưu đãi đặc quyền, đặt vé sớm phim hot",74,5,17.9,0.8
163940,Khách thường xuyên,0.1498,model,"Duy trì, không cần giảm giá sâu",1,2,26.77,0.0
106220,Khách lâu chưa quay lại,0.1498,model,"Kéo lại bằng phim mới, voucher quay lại, thông báo cá nhân hóa",293,3,16.92,0.6667
129534,Khách lâu chưa quay lại,0.1498,model,"Kéo lại bằng phim mới, voucher quay lại, thông báo cá nhân hóa",260,4,21.99,1.0
148082,Khách lâu chưa quay lại,0.1498,model,"Kéo lại bằng phim mới, voucher quay lại, thông báo cá nhân hóa",295,4,33.61,0.75
150537,Khách lâu chưa quay lại,0.1497,model,"Kéo lại bằng phim mới, voucher quay lại, thông báo cá nhân hóa",96,2,18.08,0.0
123348,Khách thường xuyên,0.1497,model,"Duy trì, không cần giảm giá sâu",53,2,8.25,0.0
134988,Khách giá trị cao,0.1497,model,"Membership, ưu đãi đặc quyền, đặt vé sớm phim hot",172,3,39.39,0.3333
166344,Khách nhạy khuyến mãi,0.1497,model,"Chuyển từ giảm giá trực tiếp sang tích điểm, voucher cá nhân hóa",65,2,15.14,0.5
137621,Khách giá trị cao,0.1497,model,"Membership, ưu đãi đặc quyền, đặt vé sớm phim hot",12,4,35.63,0.0
165009,Khách lâu chưa quay lại,0.1497,model,"Kéo lại bằng phim mới, voucher quay lại, thông báo cá nhân hóa",128,2,9.15,0.5
147508,Khách giá trị cao,0.1497,model,"Membership, ưu đãi đặc quyền, đặt vé sớm phim hot",77,4,48.34,0.5
128048,Khách nhạy khuyến mãi,0.1496,model,"Chuyển từ giảm giá trực tiếp sang tích điểm, voucher cá nhân hóa",45,2,16.42,0.5
162085,Khách giá trị cao,0.1496,model,"Membership, ưu đãi đặc quyền, đặt vé sớm phim hot",47,3,17.28,0.3333
212546,Khách thường xuyên,0.1496,model,"Duy trì, không cần giảm giá sâu",58,2,7.43,0.0
158406,Khách nhạy khuyến mãi,0.1495,model,"Chuyển từ giảm giá trực tiếp sang tích điểm, voucher cá nhân hóa",10,2,14.93,0.5
143312,Khách lâu chưa quay lại,0.1495,model,"Kéo lại bằng phim mới, voucher quay lại, thông báo cá nhân hóa",300,2,7.8,0.5
124121,Khách thường xuyên,0.1494,model,"Duy trì, không cần giảm giá sâu",49,2,17.69,0.0
111004,Khách giá trị cao,0.1494,model,"Membership, ưu đãi đặc quyền, đặt vé sớm phim hot",123,4,31.58,0.5
167654,Khách giá trị cao,0.1494,model,"Membership, ưu đãi đặc quyền, đặt vé sớm phim hot",61,3,28.98,0.3333
138690,Khách giá trị cao,0.1494,model,"Membership, ưu đãi đặc quyền, đặt vé sớm phim hot",11,3,18.26,0.6667
110786,Khách nhạy khuyến mãi,0.1494,model,"Chuyển từ giảm giá trực tiếp sang tích điểm, voucher cá nhân hóa",16,2,9.44,0.5
193037,Khách giá trị cao,0.1494,model,"Membership, ưu đãi đặc quyền, đặt vé sớm phim hot",78,4,43.47,0.5
123220,Khách nhạy khuyến mãi,0.1494,model,"Chuyển từ giảm giá trực tiếp sang tích điểm, voucher cá nhân hóa",19,2,9.04,0.5
126458,Khách lâu chưa quay lại,0.1494,model,"Kéo lại bằng phim mới, voucher quay lại, thông báo cá nhân hóa",168,2,9.04,0.5
196386,Khách thường xuyên,0.1494,model,"Duy trì, không cần giảm giá sâu",37,2,16.5,0.0
165277,Khách giá trị cao,0.1494,model,"Membership, ưu đãi đặc quyền, đặt vé sớm phim hot",129,3,23.89,0.6667
125602,Khách lâu chưa quay lại,0.1493,model,"Kéo lại bằng phim mới, voucher quay lại, thông báo cá nhân hóa",229,4,44.7,0.25
221579,Khách nhạy khuyến mãi,0.1493,model,"Chuyển từ giảm giá trực tiếp sang tích điểm, voucher cá nhân hóa",9,2,15.47,0.5
144869,Khách lâu chưa quay lại,0.1493,model,"Kéo lại bằng phim mới, voucher quay lại, thông báo cá nhân hóa",225,4,28.49,0.75
144077,Khách nhạy khuyến mãi,0.1493,model,"Chuyển từ giảm giá trực tiếp sang tích điểm, voucher cá nhân hóa",44,2,10.07,0.5
196451,Khách nhạy khuyến mãi,0.1493,model,"Chuyển từ giảm giá trực tiếp sang tích điểm, voucher cá nhân hóa",2,2,10.03,0.5
217635,Khách lâu chưa quay lại,0.1493,model,"Kéo lại bằng phim mới, voucher quay lại, thông báo cá nhân hóa",106,2,16.99,0.5
100892,Khách lâu chưa quay lại,0.1493,model,"Kéo lại bằng phim mới, voucher quay lại, thông báo cá nhân hóa",203,5,30.93,1.0
109961,Khách nhạy khuyến mãi,0.1493,model,"Chuyển từ giảm giá trực tiếp sang tích điểm, voucher cá nhân hóa",45,2,31.93,1.0
142426,Khách giá trị cao,0.1493,model,"Membership, ưu đãi đặc quyền, đặt vé sớm phim hot",44,3,19.84,0.6667
133264,Khách giá trị cao,0.1492,model,"Membership, ưu đãi đặc quyền, đặt vé sớm phim hot",59,4,30.89,0.75
103397,Khách giá trị cao,0.1492,model,"Membership, ưu đãi đặc quyền, đặt vé sớm phim hot",7,3,28.38,0.3333
130220,Khách lâu chưa quay lại,0.1492,model,"Kéo lại bằng phim mới, voucher quay lại, thông báo cá nhân hóa",234,4,30.51,0.0
190576,Khách nhạy khuyến mãi,0.1492,model,"Chuyển từ giảm giá trực tiếp sang tích điểm, voucher cá nhân hóa",63,2,16.0,0.5
144258,Khách giá trị cao,0.1492,model,"Membership, ưu đãi đặc quyền, đặt vé sớm phim hot",86,3,28.99,0.6667
106423,Khách lâu chưa quay lại,0.1491,model,"Kéo lại bằng phim mới, voucher quay lại, thông báo cá nhân hóa",230,3,22.08,0.0
185380,Khách thường xuyên,0.1491,model,"Duy trì, không cần giảm giá sâu",36,2,37.24,0.0
165143,Khách thường xuyên,0.1491,model,"Duy trì, không cần giảm giá sâu",62,2,15.84,0.0
201397,Khách giá trị cao,0.149,model,"Membership, ưu đãi đặc quyền, đặt vé sớm phim hot",21,3,15.22,1.0
221316,Khách giá trị cao,0.149,model,"Membership, ưu đãi đặc quyền, đặt vé sớm phim hot",175,3,16.69,0.6667
206462,Khách giá trị cao,0.149,model,"Membership, ưu đãi đặc quyền, đặt vé sớm phim hot",152,3,29.24,0.0
165626,Khách lâu chưa quay lại,0.149,model,"Kéo lại bằng phim mới, voucher quay lại, thông báo cá nhân hóa",314,4,28.05,0.0
159124,Khách giá trị cao,0.149,model,"Membership, ưu đãi đặc quyền, đặt vé sớm phim hot",41,3,16.54,1.0
130607,Khách nhạy khuyến mãi,0.1489,model,"Chuyển từ giảm giá trực tiếp sang tích điểm, voucher cá nhân hóa",64,2,21.31,0.5
114750,Khách mua một lần (mới),0.1489,model,Tặng coupon cho lần mua thứ hai trong vòng 7–14 ngày,21,1,10.89,0.0
116187,Khách lâu chưa quay lại,0.1489,model,"Kéo lại bằng phim mới, voucher quay lại, thông báo cá nhân hóa",202,3,26.77,0.6667
144596,Khách giá trị cao,0.1489,model,"Membership, ưu đãi đặc quyền, đặt vé sớm phim hot",9,3,19.67,0.6667
155896,Khách giá trị cao,0.1489,model,"Membership, ưu đãi đặc quyền, đặt vé sớm phim hot",163,4,23.96,0.25
107471,Khách nhạy khuyến mãi,0.1489,model,"Chuyển từ giảm giá trực tiếp sang tích điểm, voucher cá nhân hóa",22,2,10.85,1.0
154709,Khách thường xuyên,0.1489,model,"Duy trì, không cần giảm giá sâu",85,2,11.26,0.0
113982,Khách giá trị cao,0.1488,model,"Membership, ưu đãi đặc quyền, đặt vé sớm phim hot",80,3,32.23,0.6667
117953,Khách lâu chưa quay lại,0.1488,model,"Kéo lại bằng phim mới, voucher quay lại, thông báo cá nhân hóa",247,1,13.32,0.0
166006,Khách giá trị cao,0.1488,model,"Membership, ưu đãi đặc quyền, đặt vé sớm phim hot",128,5,60.13,0.6
145010,Khách giá trị cao,0.1487,model,"Membership, ưu đãi đặc quyền, đặt vé sớm phim hot",176,4,49.83,0.25
133191,Khách giá trị cao,0.1487,model,"Membership, ưu đãi đặc quyền, đặt vé sớm phim hot",9,3,14.15,0.6667
134915,Khách giá trị cao,0.1486,model,"Membership, ưu đãi đặc quyền, đặt vé sớm phim hot",135,4,44.69,0.25
136413,Khách nhạy khuyến mãi,0.1486,model,"Chuyển từ giảm giá trực tiếp sang tích điểm, voucher cá nhân hóa",8,2,29.7,0.5
224459,Khách nhạy khuyến mãi,0.1486,model,"Chuyển từ giảm giá trực tiếp sang tích điểm, voucher cá nhân hóa",5,2,14.39,0.5
133933,Khách giá trị cao,0.1486,model,"Membership, ưu đãi đặc quyền, đặt vé sớm phim hot",6,3,21.07,0.0
158740,Khách nhạy khuyến mãi,0.1486,model,"Chuyển từ giảm giá trực tiếp sang tích điểm, voucher cá nhân hóa",10,2,15.84,0.5
222382,Khách nhạy khuyến mãi,0.1486,model,"Chuyển từ giảm giá trực tiếp sang tích điểm, voucher cá nhân hóa",8,2,23.46,0.5
141412,Khách lâu chưa quay lại,0.1486,model,"Kéo lại bằng phim mới, voucher quay lại, thông báo cá nhân hóa",287,4,18.72,0.75
150242,Khách lâu chưa quay lại,0.1486,model,"Kéo lại bằng phim mới, voucher quay lại, thông báo cá nhân hóa",190,5,40.91,0.6
197917,Khách thường xuyên,0.1486,model,"Duy trì, không cần giảm giá sâu",55,2,8.21,0.0
202883,Khách nhạy khuyến mãi,0.1485,model,"Chuyển từ giảm giá trực tiếp sang tích điểm, voucher cá nhân hóa",34,2,12.83,0.5
120080,Khách lâu chưa quay lại,0.1485,model,"Kéo lại bằng phim mới, voucher quay lại, thông báo cá nhân hóa",358,5,53.98,0.2
102344,Khách lâu chưa quay lại,0.1485,model,"Kéo lại bằng phim mới, voucher quay lại, thông báo cá nhân hóa",325,7,71.38,0.5714
166543,Khách nhạy khuyến mãi,0.1485,model,"Chuyển từ giảm giá trực tiếp sang tích điểm, voucher cá nhân hóa",44,2,21.62,0.5
102920,Khách giá trị cao,0.1485,model,"Membership, ưu đãi đặc quyền, đặt vé sớm phim hot",171,4,34.81,0.25
116978,Khách nhạy khuyến mãi,0.1484,model,"Chuyển từ giảm giá trực tiếp sang tích điểm, voucher cá nhân hóa",50,2,15.84,0.5
124590,Khách nhạy khuyến mãi,0.1484,model,"Chuyển từ giảm giá trực tiếp sang tích điểm, voucher cá nhân hóa",34,2,12.74,0.5
213484,Khách giá trị cao,0.1484,model,"Membership, ưu đãi đặc quyền, đặt vé sớm phim hot",86,4,22.78,0.75
166443,Khách nhạy khuyến mãi,0.1484,model,"Chuyển từ giảm giá trực tiếp sang tích điểm, voucher cá nhân hóa",47,2,13.37,0.5
142354,Khách nhạy khuyến mãi,0.1484,model,"Chuyển từ giảm giá trực tiếp sang tích điểm, voucher cá nhân hóa",83,2,15.18,0.5
222134,Khách nhạy khuyến mãi,0.1484,model,"Chuyển từ giảm giá trực tiếp sang tích điểm, voucher cá nhân hóa",29,2,20.62,1.0
127976,Khách giá trị cao,0.1484,model,"Membership, ưu đãi đặc quyền, đặt vé sớm phim hot",110,3,23.38,0.3333
102890,Khách giá trị cao,0.1484,model,"Membership, ưu đãi đặc quyền, đặt vé sớm phim hot",61,4,26.88,0.0
162445,Khách giá trị cao,0.1484,model,"Membership, ưu đãi đặc quyền, đặt vé sớm phim hot",1,7,101.21,0.2857
214528,Khách nhạy khuyến mãi,0.1484,model,"Chuyển từ giảm giá trực tiếp sang tích điểm, voucher cá nhân hóa",25,2,14.19,0.5
216848,Khách giá trị cao,0.1484,model,"Membership, ưu đãi đặc quyền, đặt vé sớm phim hot",170,3,9.5,1.0
162070,Khách thường xuyên,0.1483,model,"Duy trì, không cần giảm giá sâu",21,2,14.89,0.0
204565,Khách thường xuyên,0.1483,model,"Duy trì, không cần giảm giá sâu",8,2,14.23,0.0
120549,Khách thường xuyên,0.1483,model,"Duy trì, không cần giảm giá sâu",9,2,14.14,0.0
120611,Khách giá trị cao,0.1483,model,"Membership, ưu đãi đặc quyền, đặt vé sớm phim hot",130,3,25.33,0.3333
133388,Khách giá trị cao,0.1483,model,"Membership, ưu đãi đặc quyền, đặt vé sớm phim hot",141,5,51.42,0.8
126267,Khách giá trị cao,0.1483,model,"Membership, ưu đãi đặc quyền, đặt vé sớm phim hot",106,4,32.04,1.0
221296,Khách lâu chưa quay lại,0.1483,model,"Kéo lại bằng phim mới, voucher quay lại, thông báo cá nhân hóa",125,2,7.42,0.0
195328,Khách giá trị cao,0.1482,model,"Membership, ưu đãi đặc quyền, đặt vé sớm phim hot",4,3,11.47,0.3333
178185,Khách giá trị cao,0.1482,model,"Membership, ưu đãi đặc quyền, đặt vé sớm phim hot",21,3,10.03,0.6667
166956,Khách thường xuyên,0.1482,model,"Duy trì, không cần giảm giá sâu",81,2,12.38,0.0
114618,Khách thường xuyên,0.1481,model,"Duy trì, không cần giảm giá sâu",3,2,15.26,0.0
166464,Khách thường xuyên,0.1481,model,"Duy trì, không cần giảm giá sâu",8,2,7.3,0.0
114128,Khách giá trị cao,0.1481,model,"Membership, ưu đãi đặc quyền, đặt vé sớm phim hot",177,3,34.34,0.3333
201503,Khách giá trị cao,0.1481,model,"Membership, ưu đãi đặc quyền, đặt vé sớm phim hot",171,4,36.13,0.75
161466,Khách giá trị cao,0.1481,model,"Membership, ưu đãi đặc quyền, đặt vé sớm phim hot",47,3,26.53,1.0
185210,Khách giá trị cao,0.1481,model,"Membership, ưu đãi đặc quyền, đặt vé sớm phim hot",22,3,36.83,0.6667
208746,Khách nhạy khuyến mãi,0.1481,model,"Chuyển từ giảm giá trực tiếp sang tích điểm, voucher cá nhân hóa",43,2,9.16,0.5
214507,Khách thường xuyên,0.1481,model,"Duy trì, không cần giảm giá sâu",33,2,15.26,0.0
210669,Khách lâu chưa quay lại,0.1481,model,"Kéo lại bằng phim mới, voucher quay lại, thông báo cá nhân hóa",115,2,13.97,0.5
152563,Khách thường xuyên,0.1481,model,"Duy trì, không cần giảm giá sâu",84,2,10.85,0.0
155064,Khách thường xuyên,0.148,model,"Duy trì, không cần giảm giá sâu",7,2,36.79,0.0
132156,Khách giá trị cao,0.148,model,"Membership, ưu đãi đặc quyền, đặt vé sớm phim hot",1,4,28.95,0.25
178962,Khách giá trị cao,0.148,model,"Membership, ưu đãi đặc quyền, đặt vé sớm phim hot",42,3,23.26,0.3333
217347,Khách thường xuyên,0.148,model,"Duy trì, không cần giảm giá sâu",4,2,14.88,0.0
120526,Khách nhạy khuyến mãi,0.1479,model,"Chuyển từ giảm giá trực tiếp sang tích điểm, voucher cá nhân hóa",45,2,17.08,0.5
201933,Khách thường xuyên,0.1479,model,"Duy trì, không cần giảm giá sâu",33,2,8.62,0.0
137358,Khách giá trị cao,0.1479,model,"Membership, ưu đãi đặc quyền, đặt vé sớm phim hot",161,3,28.75,0.0
204166,Khách nhạy khuyến mãi,0.1479,model,"Chuyển từ giảm giá trực tiếp sang tích điểm, voucher cá nhân hóa",2,2,8.42,0.5
109908,Khách lâu chưa quay lại,0.1478,model,"Kéo lại bằng phim mới, voucher quay lại, thông báo cá nhân hóa",202,3,26.06,0.3333
210107,Khách giá trị cao,0.1478,model,"Membership, ưu đãi đặc quyền, đặt vé sớm phim hot",95,3,31.13,0.3333
222444,Khách giá trị cao,0.1478,model,"Membership, ưu đãi đặc quyền, đặt vé sớm phim hot",1,3,29.53,0.3333
131840,Khách giá trị cao,0.1478,model,"Membership, ưu đãi đặc quyền, đặt vé sớm phim hot",6,3,35.17,0.0
138445,Khách giá trị cao,0.1477,model,"Membership, ưu đãi đặc quyền, đặt vé sớm phim hot",29,3,8.96,0.6667
140769,Khách nhạy khuyến mãi,0.1477,model,"Chuyển từ giảm giá trực tiếp sang tích điểm, voucher cá nhân hóa",50,2,14.52,0.5
173298,Khách nhạy khuyến mãi,0.1477,model,"Chuyển từ giảm giá trực tiếp sang tích điểm, voucher cá nhân hóa",61,2,9.12,0.5
141203,Khách thường xuyên,0.1476,model,"Duy trì, không cần giảm giá sâu",53,2,11.42,0.0
204132,Khách mua một lần (mới),0.1476,model,Tặng coupon cho lần mua thứ hai trong vòng 7–14 ngày,25,1,10.82,0.0
124561,Khách nhạy khuyến mãi,0.1476,model,"Chuyển từ giảm giá trực tiếp sang tích điểm, voucher cá nhân hóa",11,2,17.65,1.0
125649,Khách giá trị cao,0.1476,model,"Membership, ưu đãi đặc quyền, đặt vé sớm phim hot",113,3,21.9,0.3333
158041,Khách nhạy khuyến mãi,0.1476,model,"Chuyển từ giảm giá trực tiếp sang tích điểm, voucher cá nhân hóa",6,2,15.18,0.5
120284,Khách nhạy khuyến mãi,0.1475,model,"Chuyển từ giảm giá trực tiếp sang tích điểm, voucher cá nhân hóa",47,2,11.31,1.0
131831,Khách giá trị cao,0.1475,model,"Membership, ưu đãi đặc quyền, đặt vé sớm phim hot",44,3,14.11,1.0
101980,Khách lâu chưa quay lại,0.1474,model,"Kéo lại bằng phim mới, voucher quay lại, thông báo cá nhân hóa",190,3,24.28,1.0
129606,Khách lâu chưa quay lại,0.1474,model,"Kéo lại bằng phim mới, voucher quay lại, thông báo cá nhân hóa",608,2,37.44,0.5
146005,Khách giá trị cao,0.1474,model,"Membership, ưu đãi đặc quyền, đặt vé sớm phim hot",7,4,22.85,1.0
106165,Khách giá trị cao,0.1474,model,"Membership, ưu đãi đặc quyền, đặt vé sớm phim hot",50,3,23.58,0.3333
159396,Khách giá trị cao,0.1474,model,"Membership, ưu đãi đặc quyền, đặt vé sớm phim hot",175,3,28.83,1.0
137352,Khách giá trị cao,0.1473,model,"Membership, ưu đãi đặc quyền, đặt vé sớm phim hot",100,3,22.34,0.6667
136100,Khách nhạy khuyến mãi,0.1473,model,"Chuyển từ giảm giá trực tiếp sang tích điểm, voucher cá nhân hóa",53,2,8.79,0.5
188602,Khách thường xuyên,0.1473,model,"Duy trì, không cần giảm giá sâu",51,2,50.77,0.0
102727,Khách giá trị cao,0.1472,model,"Membership, ưu đãi đặc quyền, đặt vé sớm phim hot",46,4,34.3,0.25
134066,Khách giá trị cao,0.1472,model,"Membership, ưu đãi đặc quyền, đặt vé sớm phim hot",86,3,16.29,0.6667
191523,Khách lâu chưa quay lại,0.1471,model,"Kéo lại bằng phim mới, voucher quay lại, thông báo cá nhân hóa",113,2,13.44,0.5
102133,Khách lâu chưa quay lại,0.1471,model,"Kéo lại bằng phim mới, voucher quay lại, thông báo cá nhân hóa",92,2,13.96,0.5
121671,Khách lâu chưa quay lại,0.1471,model,"Kéo lại bằng phim mới, voucher quay lại, thông báo cá nhân hóa",179,2,21.52,0.0
169582,Khách nhạy khuyến mãi,0.147,model,"Chuyển từ giảm giá trực tiếp sang tích điểm, voucher cá nhân hóa",41,2,7.18,0.5
121798,Khách nhạy khuyến mãi,0.147,model,"Chuyển từ giảm giá trực tiếp sang tích điểm, voucher cá nhân hóa",0,2,16.37,0.5
163835,Khách lâu chưa quay lại,0.147,model,"Kéo lại bằng phim mới, voucher quay lại, thông báo cá nhân hóa",149,2,13.69,0.0
169117,Khách thường xuyên,0.147,model,"Duy trì, không cần giảm giá sâu",0,2,16.79,0.0
112967,Khách giá trị cao,0.147,model,"Membership, ưu đãi đặc quyền, đặt vé sớm phim hot",38,4,33.12,0.5
132247,Khách giá trị cao,0.147,model,"Membership, ưu đãi đặc quyền, đặt vé sớm phim hot",174,3,27.39,0.3333
197375,Khách nhạy khuyến mãi,0.1469,model,"Chuyển từ giảm giá trực tiếp sang tích điểm, voucher cá nhân hóa",6,2,20.29,0.5
100410,Khách lâu chưa quay lại,0.1469,model,"Kéo lại bằng phim mới, voucher quay lại, thông báo cá nhân hóa",204,2,11.68,0.5
132079,Khách giá trị cao,0.1469,model,"Membership, ưu đãi đặc quyền, đặt vé sớm phim hot",64,3,11.8,0.3333
134215,Khách giá trị cao,0.1469,model,"Membership, ưu đãi đặc quyền, đặt vé sớm phim hot",3,4,34.74,0.75
134048,Khách giá trị cao,0.1469,model,"Membership, ưu đãi đặc quyền, đặt vé sớm phim hot",91,3,13.07,0.3333
165095,Khách nhạy khuyến mãi,0.1469,model,"Chuyển từ giảm giá trực tiếp sang tích điểm, voucher cá nhân hóa",53,2,9.04,0.5
168169,Khách lâu chưa quay lại,0.1468,model,"Kéo lại bằng phim mới, voucher quay lại, thông báo cá nhân hóa",315,4,32.87,0.75
152808,Khách thường xuyên,0.1468,model,"Duy trì, không cần giảm giá sâu",37,2,13.19,0.0
161947,Khách lâu chưa quay lại,0.1468,model,"Kéo lại bằng phim mới, voucher quay lại, thông báo cá nhân hóa",193,2,26.93,0.0
144457,Khách nhạy khuyến mãi,0.1468,model,"Chuyển từ giảm giá trực tiếp sang tích điểm, voucher cá nhân hóa",45,2,17.08,0.5
207853,Khách nhạy khuyến mãi,0.1468,model,"Chuyển từ giảm giá trực tiếp sang tích điểm, voucher cá nhân hóa",46,2,11.26,0.5
120758,Khách giá trị cao,0.1468,model,"Membership, ưu đãi đặc quyền, đặt vé sớm phim hot",171,5,42.47,0.2
212074,Khách thường xuyên,0.1468,model,"Duy trì, không cần giảm giá sâu",41,2,12.38,0.0
171859,Khách giá trị cao,0.1467,model,"Membership, ưu đãi đặc quyền, đặt vé sớm phim hot",172,3,43.1,0.3333
131749,Khách giá trị cao,0.1467,model,"Membership, ưu đãi đặc quyền, đặt vé sớm phim hot",100,3,18.9,0.6667
134089,Khách nhạy khuyến mãi,0.1467,model,"Chuyển từ giảm giá trực tiếp sang tích điểm, voucher cá nhân hóa",45,2,12.13,0.5
178007,Khách giá trị cao,0.1467,model,"Membership, ưu đãi đặc quyền, đặt vé sớm phim hot",153,3,14.43,0.0
192301,Khách giá trị cao,0.1467,model,"Membership, ưu đãi đặc quyền, đặt vé sớm phim hot",45,3,30.73,0.3333
166140,Khách thường xuyên,0.1467,model,"Duy trì, không cần giảm giá sâu",42,2,12.16,0.0
159234,Khách giá trị cao,0.1467,model,"Membership, ưu đãi đặc quyền, đặt vé sớm phim hot",178,6,56.4,0.8333
192367,Khách nhạy khuyến mãi,0.1467,model,"Chuyển từ giảm giá trực tiếp sang tích điểm, voucher cá nhân hóa",7,2,12.96,0.5
223649,Khách thường xuyên,0.1467,model,"Duy trì, không cần giảm giá sâu",63,2,31.92,0.0
122784,Khách giá trị cao,0.1467,model,"Membership, ưu đãi đặc quyền, đặt vé sớm phim hot",36,3,21.36,0.3333
219107,Khách lâu chưa quay lại,0.1466,model,"Kéo lại bằng phim mới, voucher quay lại, thông báo cá nhân hóa",91,2,16.82,0.5
154168,Khách giá trị cao,0.1466,model,"Membership, ưu đãi đặc quyền, đặt vé sớm phim hot",168,3,22.12,0.6667
140997,Khách giá trị cao,0.1466,model,"Membership, ưu đãi đặc quyền, đặt vé sớm phim hot",40,3,43.45,0.3333
127732,Khách lâu chưa quay lại,0.1466,model,"Kéo lại bằng phim mới, voucher quay lại, thông báo cá nhân hóa",289,4,32.65,0.75
101082,Khách lâu chưa quay lại,0.1465,model,"Kéo lại bằng phim mới, voucher quay lại, thông báo cá nhân hóa",191,4,45.11,0.25
133087,Khách lâu chưa quay lại,0.1465,model,"Kéo lại bằng phim mới, voucher quay lại, thông báo cá nhân hóa",106,2,11.84,0.5
149004,Khách giá trị cao,0.1465,model,"Membership, ưu đãi đặc quyền, đặt vé sớm phim hot",156,3,13.24,0.0
105002,Khách lâu chưa quay lại,0.1464,model,"Kéo lại bằng phim mới, voucher quay lại, thông báo cá nhân hóa",195,4,34.57,0.25
146813,Khách lâu chưa quay lại,0.1464,model,"Kéo lại bằng phim mới, voucher quay lại, thông báo cá nhân hóa",163,2,22.22,0.5
155021,Khách lâu chưa quay lại,0.1464,model,"Kéo lại bằng phim mới, voucher quay lại, thông báo cá nhân hóa",332,4,28.77,0.5
125662,Khách thường xuyên,0.1464,model,"Duy trì, không cần giảm giá sâu",6,2,11.85,0.0
189355,Khách nhạy khuyến mãi,0.1463,model,"Chuyển từ giảm giá trực tiếp sang tích điểm, voucher cá nhân hóa",14,2,13.53,0.5
173833,Khách nhạy khuyến mãi,0.1463,model,"Chuyển từ giảm giá trực tiếp sang tích điểm, voucher cá nhân hóa",46,2,8.54,0.5
151005,Khách nhạy khuyến mãi,0.1463,model,"Chuyển từ giảm giá trực tiếp sang tích điểm, voucher cá nhân hóa",71,2,5.7,1.0
121056,Khách lâu chưa quay lại,0.1463,model,"Kéo lại bằng phim mới, voucher quay lại, thông báo cá nhân hóa",236,3,22.28,0.3333
169884,Khách lâu chưa quay lại,0.1463,model,"Kéo lại bằng phim mới, voucher quay lại, thông báo cá nhân hóa",96,2,14.93,0.0
154676,Khách lâu chưa quay lại,0.1463,model,"Kéo lại bằng phim mới, voucher quay lại, thông báo cá nhân hóa",144,2,17.2,0.5
112392,Khách lâu chưa quay lại,0.1463,model,"Kéo lại bằng phim mới, voucher quay lại, thông báo cá nhân hóa",176,2,17.61,0.5
128384,Khách giá trị cao,0.1462,model,"Membership, ưu đãi đặc quyền, đặt vé sớm phim hot",77,4,27.79,0.25
107151,Khách giá trị cao,0.1462,model,"Membership, ưu đãi đặc quyền, đặt vé sớm phim hot",57,3,10.23,0.3333
153784,Khách giá trị cao,0.1462,model,"Membership, ưu đãi đặc quyền, đặt vé sớm phim hot",140,3,39.72,0.0
123513,Khách giá trị cao,0.1462,model,"Membership, ưu đãi đặc quyền, đặt vé sớm phim hot",151,3,38.43,0.6667
165623,Khách nhạy khuyến mãi,0.1462,model,"Chuyển từ giảm giá trực tiếp sang tích điểm, voucher cá nhân hóa",4,2,12.87,0.5
152592,Khách giá trị cao,0.1462,model,"Membership, ưu đãi đặc quyền, đặt vé sớm phim hot",46,3,15.95,1.0
109128,Khách lâu chưa quay lại,0.1461,model,"Kéo lại bằng phim mới, voucher quay lại, thông báo cá nhân hóa",215,4,30.85,0.25
172147,Khách lâu chưa quay lại,0.1461,model,"Kéo lại bằng phim mới, voucher quay lại, thông báo cá nhân hóa",192,3,24.26,0.3333
103338,Khách lâu chưa quay lại,0.1461,model,"Kéo lại bằng phim mới, voucher quay lại, thông báo cá nhân hóa",99,2,18.31,0.5
193230,Khách giá trị cao,0.1461,model,"Membership, ưu đãi đặc quyền, đặt vé sớm phim hot",10,3,66.07,1.0
100771,Khách giá trị cao,0.1461,model,"Membership, ưu đãi đặc quyền, đặt vé sớm phim hot",135,3,40.45,0.3333
152353,Khách giá trị cao,0.146,model,"Membership, ưu đãi đặc quyền, đặt vé sớm phim hot",29,3,11.97,0.3333
190456,Khách giá trị cao,0.146,model,"Membership, ưu đãi đặc quyền, đặt vé sớm phim hot",43,3,12.21,1.0
211701,Khách mua một lần (mới),0.146,model,Tặng coupon cho lần mua thứ hai trong vòng 7–14 ngày,2,1,10.76,0.0
138093,Khách lâu chưa quay lại,0.1459,model,"Kéo lại bằng phim mới, voucher quay lại, thông báo cá nhân hóa",118,2,23.34,0.0
200477,Khách thường xuyên,0.1459,model,"Duy trì, không cần giảm giá sâu",45,2,15.43,0.0
114381,Khách giá trị cao,0.1459,model,"Membership, ưu đãi đặc quyền, đặt vé sớm phim hot",6,3,27.5,0.3333
111694,Khách lâu chưa quay lại,0.1459,model,"Kéo lại bằng phim mới, voucher quay lại, thông báo cá nhân hóa",92,2,9.74,0.5
160383,Khách giá trị cao,0.1459,model,"Membership, ưu đãi đặc quyền, đặt vé sớm phim hot",39,3,11.88,0.6667
161914,Khách lâu chưa quay lại,0.1459,model,"Kéo lại bằng phim mới, voucher quay lại, thông báo cá nhân hóa",92,1,12.25,1.0
117744,Khách giá trị cao,0.1459,model,"Membership, ưu đãi đặc quyền, đặt vé sớm phim hot",91,3,40.45,0.3333
186376,Khách nhạy khuyến mãi,0.1459,model,"Chuyển từ giảm giá trực tiếp sang tích điểm, voucher cá nhân hóa",90,2,11.22,0.5
120589,Khách giá trị cao,0.1458,model,"Membership, ưu đãi đặc quyền, đặt vé sớm phim hot",48,3,30.57,0.6667
146319,Khách nhạy khuyến mãi,0.1458,model,"Chuyển từ giảm giá trực tiếp sang tích điểm, voucher cá nhân hóa",86,2,14.22,0.5
146175,Khách lâu chưa quay lại,0.1458,model,"Kéo lại bằng phim mới, voucher quay lại, thông báo cá nhân hóa",230,3,18.97,0.3333
128085,Khách nhạy khuyến mãi,0.1458,model,"Chuyển từ giảm giá trực tiếp sang tích điểm, voucher cá nhân hóa",63,2,31.35,0.5
167635,Khách thường xuyên,0.1458,model,"Duy trì, không cần giảm giá sâu",28,2,9.89,0.0
205079,Khách lâu chưa quay lại,0.1458,model,"Kéo lại bằng phim mới, voucher quay lại, thông báo cá nhân hóa",229,3,22.68,0.0
130535,Khách lâu chưa quay lại,0.1458,model,"Kéo lại bằng phim mới, voucher quay lại, thông báo cá nhân hóa",122,2,31.1,0.5
119255,Khách lâu chưa quay lại,0.1458,model,"Kéo lại bằng phim mới, voucher quay lại, thông báo cá nhân hóa",149,2,17.94,1.0
230146,Khách nhạy khuyến mãi,0.1458,model,"Chuyển từ giảm giá trực tiếp sang tích điểm, voucher cá nhân hóa",12,2,20.34,0.5
156680,Khách thường xuyên,0.1458,model,"Duy trì, không cần giảm giá sâu",82,2,17.44,0.0
141859,Khách nhạy khuyến mãi,0.1457,model,"Chuyển từ giảm giá trực tiếp sang tích điểm, voucher cá nhân hóa",1,2,6.52,1.0
135174,Khách lâu chưa quay lại,0.1457,model,"Kéo lại bằng phim mới, voucher quay lại, thông báo cá nhân hóa",170,2,23.09,0.0
221045,Khách giá trị cao,0.1457,model,"Membership, ưu đãi đặc quyền, đặt vé sớm phim hot",65,4,35.66,1.0
213985,Khách nhạy khuyến mãi,0.1457,model,"Chuyển từ giảm giá trực tiếp sang tích điểm, voucher cá nhân hóa",88,2,10.24,0.5
101409,Khách giá trị cao,0.1457,model,"Membership, ưu đãi đặc quyền, đặt vé sớm phim hot",170,5,55.45,0.6
163224,Khách giá trị cao,0.1457,model,"Membership, ưu đãi đặc quyền, đặt vé sớm phim hot",1,4,31.11,0.75
222460,Khách thường xuyên,0.1456,model,"Duy trì, không cần giảm giá sâu",36,2,16.26,0.0
183100,Khách nhạy khuyến mãi,0.1456,model,"Chuyển từ giảm giá trực tiếp sang tích điểm, voucher cá nhân hóa",42,2,14.64,1.0
119132,Khách nhạy khuyến mãi,0.1456,model,"Chuyển từ giảm giá trực tiếp sang tích điểm, voucher cá nhân hóa",38,2,12.34,0.5
104384,Khách nhạy khuyến mãi,0.1456,model,"Chuyển từ giảm giá trực tiếp sang tích điểm, voucher cá nhân hóa",47,2,17.86,1.0
110259,Khách giá trị cao,0.1456,model,"Membership, ưu đãi đặc quyền, đặt vé sớm phim hot",64,3,22.51,0.3333
142469,Khách thường xuyên,0.1456,model,"Duy trì, không cần giảm giá sâu",66,2,17.7,0.0
185322,Khách giá trị cao,0.1455,model,"Membership, ưu đãi đặc quyền, đặt vé sớm phim hot",31,3,26.19,1.0
130572,Khách giá trị cao,0.1455,model,"Membership, ưu đãi đặc quyền, đặt vé sớm phim hot",32,3,27.28,0.0
137826,Khách nhạy khuyến mãi,0.1455,model,"Chuyển từ giảm giá trực tiếp sang tích điểm, voucher cá nhân hóa",3,2,36.09,0.5
101436,Khách giá trị cao,0.1455,model,"Membership, ưu đãi đặc quyền, đặt vé sớm phim hot",120,4,38.39,0.75
174103,Khách lâu chưa quay lại,0.1455,model,"Kéo lại bằng phim mới, voucher quay lại, thông báo cá nhân hóa",200,3,23.55,0.3333
123897,Khách nhạy khuyến mãi,0.1455,model,"Chuyển từ giảm giá trực tiếp sang tích điểm, voucher cá nhân hóa",35,2,17.77,1.0
127795,Khách giá trị cao,0.1455,model,"Membership, ưu đãi đặc quyền, đặt vé sớm phim hot",91,6,29.52,1.0
167325,Khách lâu chưa quay lại,0.1455,model,"Kéo lại bằng phim mới, voucher quay lại, thông báo cá nhân hóa",93,2,13.36,1.0
151672,Khách lâu chưa quay lại,0.1455,model,"Kéo lại bằng phim mới, voucher quay lại, thông báo cá nhân hóa",172,2,15.67,1.0
163355,Khách lâu chưa quay lại,0.1455,model,"Kéo lại bằng phim mới, voucher quay lại, thông báo cá nhân hóa",233,3,17.89,1.0
199408,Khách giá trị cao,0.1455,model,"Membership, ưu đãi đặc quyền, đặt vé sớm phim hot",44,4,27.96,0.5
118835,Khách nhạy khuyến mãi,0.1455,model,"Chuyển từ giảm giá trực tiếp sang tích điểm, voucher cá nhân hóa",26,2,10.85,0.5
147276,Khách giá trị cao,0.1454,model,"Membership, ưu đãi đặc quyền, đặt vé sớm phim hot",170,4,34.56,0.25
225357,Khách nhạy khuyến mãi,0.1454,model,"Chuyển từ giảm giá trực tiếp sang tích điểm, voucher cá nhân hóa",67,2,7.96,0.5
194903,Khách nhạy khuyến mãi,0.1454,model,"Chuyển từ giảm giá trực tiếp sang tích điểm, voucher cá nhân hóa",79,2,8.01,0.5
212216,Khách thường xuyên,0.1454,model,"Duy trì, không cần giảm giá sâu",52,2,14.43,0.0
217593,Khách nhạy khuyến mãi,0.1454,model,"Chuyển từ giảm giá trực tiếp sang tích điểm, voucher cá nhân hóa",58,2,15.59,1.0
153322,Khách giá trị cao,0.1454,model,"Membership, ưu đãi đặc quyền, đặt vé sớm phim hot",21,3,32.45,0.3333
105033,Khách nhạy khuyến mãi,0.1454,model,"Chuyển từ giảm giá trực tiếp sang tích điểm, voucher cá nhân hóa",83,2,13.69,0.5
103639,Khách lâu chưa quay lại,0.1454,model,"Kéo lại bằng phim mới, voucher quay lại, thông báo cá nhân hóa",630,5,33.15,0.6
155339,Khách nhạy khuyến mãi,0.1453,model,"Chuyển từ giảm giá trực tiếp sang tích điểm, voucher cá nhân hóa",42,2,73.41,0.5
140530,Khách lâu chưa quay lại,0.1453,model,"Kéo lại bằng phim mới, voucher quay lại, thông báo cá nhân hóa",182,2,11.04,0.5
124388,Khách thường xuyên,0.1453,model,"Duy trì, không cần giảm giá sâu",83,2,13.57,0.0
181912,Khách nhạy khuyến mãi,0.1453,model,"Chuyển từ giảm giá trực tiếp sang tích điểm, voucher cá nhân hóa",60,2,15.96,0.5
140934,Khách lâu chưa quay lại,0.1453,model,"Kéo lại bằng phim mới, voucher quay lại, thông báo cá nhân hóa",91,2,15.79,0.5
204015,Khách thường xuyên,0.1452,model,"Duy trì, không cần giảm giá sâu",66,1,8.66,0.0
192849,Khách lâu chưa quay lại,0.1452,model,"Kéo lại bằng phim mới, voucher quay lại, thông báo cá nhân hóa",129,2,15.8,0.5
117572,Khách giá trị cao,0.1452,model,"Membership, ưu đãi đặc quyền, đặt vé sớm phim hot",30,3,28.01,0.0
163596,Khách giá trị cao,0.1452,model,"Membership, ưu đãi đặc quyền, đặt vé sớm phim hot",85,3,24.21,0.3333
181090,Khách giá trị cao,0.1452,model,"Membership, ưu đãi đặc quyền, đặt vé sớm phim hot",2,3,15.83,0.3333
152154,Khách thường xuyên,0.1451,model,"Duy trì, không cần giảm giá sâu",67,2,16.04,0.0
226187,Khách mua một lần (mới),0.1451,model,Tặng coupon cho lần mua thứ hai trong vòng 7–14 ngày,2,1,21.65,0.0
102611,Khách lâu chưa quay lại,0.1451,model,"Kéo lại bằng phim mới, voucher quay lại, thông báo cá nhân hóa",144,2,12.32,1.0
100184,Khách lâu chưa quay lại,0.1451,model,"Kéo lại bằng phim mới, voucher quay lại, thông báo cá nhân hóa",225,4,32.86,0.5
111285,Khách giá trị cao,0.145,model,"Membership, ưu đãi đặc quyền, đặt vé sớm phim hot",107,4,34.79,0.5
192961,Khách lâu chưa quay lại,0.145,model,"Kéo lại bằng phim mới, voucher quay lại, thông báo cá nhân hóa",145,2,34.65,0.5
127880,Khách nhạy khuyến mãi,0.145,model,"Chuyển từ giảm giá trực tiếp sang tích điểm, voucher cá nhân hóa",58,2,17.32,0.5
203319,Khách nhạy khuyến mãi,0.145,model,"Chuyển từ giảm giá trực tiếp sang tích điểm, voucher cá nhân hóa",37,2,13.95,0.5
214026,Khách nhạy khuyến mãi,0.145,model,"Chuyển từ giảm giá trực tiếp sang tích điểm, voucher cá nhân hóa",37,2,15.17,0.5
226654,Khách lâu chưa quay lại,0.145,model,"Kéo lại bằng phim mới, voucher quay lại, thông báo cá nhân hóa",112,2,17.49,0.5
222744,Khách giá trị cao,0.145,model,"Membership, ưu đãi đặc quyền, đặt vé sớm phim hot",26,3,19.8,0.6667
136599,Khách giá trị cao,0.145,model,"Membership, ưu đãi đặc quyền, đặt vé sớm phim hot",71,4,27.26,0.25
156826,Khách lâu chưa quay lại,0.1449,model,"Kéo lại bằng phim mới, voucher quay lại, thông báo cá nhân hóa",259,2,19.54,0.5
145989,Khách thường xuyên,0.1449,model,"Duy trì, không cần giảm giá sâu",27,2,20.49,0.0
182948,Khách nhạy khuyến mãi,0.1449,model,"Chuyển từ giảm giá trực tiếp sang tích điểm, voucher cá nhân hóa",22,2,13.53,0.5
145267,Khách nhạy khuyến mãi,0.1449,model,"Chuyển từ giảm giá trực tiếp sang tích điểm, voucher cá nhân hóa",78,2,13.98,0.5
119171,Khách lâu chưa quay lại,0.1448,model,"Kéo lại bằng phim mới, voucher quay lại, thông báo cá nhân hóa",114,2,15.46,1.0
120634,Khách giá trị cao,0.1448,model,"Membership, ưu đãi đặc quyền, đặt vé sớm phim hot",55,5,39.89,0.2
222327,Khách lâu chưa quay lại,0.1448,model,"Kéo lại bằng phim mới, voucher quay lại, thông báo cá nhân hóa",108,2,12.54,0.5
125448,Khách lâu chưa quay lại,0.1448,model,"Kéo lại bằng phim mới, voucher quay lại, thông báo cá nhân hóa",212,4,23.67,0.75
223161,Khách giá trị cao,0.1448,model,"Membership, ưu đãi đặc quyền, đặt vé sớm phim hot",177,3,39.83,0.6667
146783,Khách giá trị cao,0.1447,model,"Membership, ưu đãi đặc quyền, đặt vé sớm phim hot",140,3,18.06,1.0
203355,Khách giá trị cao,0.1447,model,"Membership, ưu đãi đặc quyền, đặt vé sớm phim hot",79,3,17.1,1.0
125057,Khách lâu chưa quay lại,0.1447,model,"Kéo lại bằng phim mới, voucher quay lại, thông báo cá nhân hóa",242,3,20.24,0.3333
111054,Khách lâu chưa quay lại,0.1447,model,"Kéo lại bằng phim mới, voucher quay lại, thông báo cá nhân hóa",267,2,23.06,0.0
107534,Khách lâu chưa quay lại,0.1447,model,"Kéo lại bằng phim mới, voucher quay lại, thông báo cá nhân hóa",260,4,25.23,1.0
215397,Khách lâu chưa quay lại,0.1447,model,"Kéo lại bằng phim mới, voucher quay lại, thông báo cá nhân hóa",184,3,24.36,0.3333
108057,Khách thường xuyên,0.1447,model,"Duy trì, không cần giảm giá sâu",51,2,14.02,0.0
225967,Khách lâu chưa quay lại,0.1446,model,"Kéo lại bằng phim mới, voucher quay lại, thông báo cá nhân hóa",133,2,10.44,0.0
106142,Khách thường xuyên,0.1446,model,"Duy trì, không cần giảm giá sâu",63,2,10.85,0.0
141683,Khách giá trị cao,0.1446,model,"Membership, ưu đãi đặc quyền, đặt vé sớm phim hot",169,3,32.66,0.3333
158507,Khách lâu chưa quay lại,0.1446,model,"Kéo lại bằng phim mới, voucher quay lại, thông báo cá nhân hóa",185,4,23.72,0.5
121523,Khách giá trị cao,0.1446,model,"Membership, ưu đãi đặc quyền, đặt vé sớm phim hot",40,3,19.26,0.3333
186545,Khách thường xuyên,0.1446,model,"Duy trì, không cần giảm giá sâu",55,2,14.39,0.0
120213,Khách giá trị cao,0.1446,model,"Membership, ưu đãi đặc quyền, đặt vé sớm phim hot",171,3,15.06,1.0
157733,Khách lâu chưa quay lại,0.1446,model,"Kéo lại bằng phim mới, voucher quay lại, thông báo cá nhân hóa",195,4,17.32,1.0
157322,Khách giá trị cao,0.1446,model,"Membership, ưu đãi đặc quyền, đặt vé sớm phim hot",53,3,12.75,0.0
164535,Khách giá trị cao,0.1446,model,"Membership, ưu đãi đặc quyền, đặt vé sớm phim hot",175,3,14.23,1.0
130677,Khách lâu chưa quay lại,0.1445,model,"Kéo lại bằng phim mới, voucher quay lại, thông báo cá nhân hóa",234,2,11.88,1.0
130317,Khách giá trị cao,0.1445,model,"Membership, ưu đãi đặc quyền, đặt vé sớm phim hot",72,3,42.72,0.6667
205562,Khách giá trị cao,0.1445,model,"Membership, ưu đãi đặc quyền, đặt vé sớm phim hot",90,3,29.45,0.3333
121830,Khách thường xuyên,0.1445,model,"Duy trì, không cần giảm giá sâu",51,2,10.85,0.0
200605,Khách lâu chưa quay lại,0.1445,model,"Kéo lại bằng phim mới, voucher quay lại, thông báo cá nhân hóa",91,2,6.11,1.0
208346,Khách nhạy khuyến mãi,0.1445,model,"Chuyển từ giảm giá trực tiếp sang tích điểm, voucher cá nhân hóa",29,2,17.11,1.0
227608,Khách nhạy khuyến mãi,0.1445,model,"Chuyển từ giảm giá trực tiếp sang tích điểm, voucher cá nhân hóa",13,2,8.42,0.5
123534,Khách nhạy khuyến mãi,0.1445,model,"Chuyển từ giảm giá trực tiếp sang tích điểm, voucher cá nhân hóa",15,2,8.42,0.5
164354,Khách giá trị cao,0.1445,model,"Membership, ưu đãi đặc quyền, đặt vé sớm phim hot",71,3,49.25,0.6667
174710,Khách giá trị cao,0.1445,model,"Membership, ưu đãi đặc quyền, đặt vé sớm phim hot",85,4,30.81,0.5
114231,Khách lâu chưa quay lại,0.1444,model,"Kéo lại bằng phim mới, voucher quay lại, thông báo cá nhân hóa",162,2,10.85,0.5
106186,Khách giá trị cao,0.1444,model,"Membership, ưu đãi đặc quyền, đặt vé sớm phim hot",155,3,23.41,0.3333
193717,Khách lâu chưa quay lại,0.1444,model,"Kéo lại bằng phim mới, voucher quay lại, thông báo cá nhân hóa",190,1,14.52,0.0
125398,Khách giá trị cao,0.1444,model,"Membership, ưu đãi đặc quyền, đặt vé sớm phim hot",95,3,25.86,0.3333
176132,Khách nhạy khuyến mãi,0.1444,model,"Chuyển từ giảm giá trực tiếp sang tích điểm, voucher cá nhân hóa",79,2,13.69,1.0
151542,Khách thường xuyên,0.1444,model,"Duy trì, không cần giảm giá sâu",56,2,25.41,0.0
152299,Khách giá trị cao,0.1444,model,"Membership, ưu đãi đặc quyền, đặt vé sớm phim hot",87,3,32.45,0.3333
124454,Khách lâu chưa quay lại,0.1444,model,"Kéo lại bằng phim mới, voucher quay lại, thông báo cá nhân hóa",267,2,15.47,1.0
156630,Khách thường xuyên,0.1443,model,"Duy trì, không cần giảm giá sâu",32,2,72.6,0.0
130858,Khách nhạy khuyến mãi,0.1443,model,"Chuyển từ giảm giá trực tiếp sang tích điểm, voucher cá nhân hóa",44,2,13.69,0.5
205695,Khách nhạy khuyến mãi,0.1443,model,"Chuyển từ giảm giá trực tiếp sang tích điểm, voucher cá nhân hóa",46,2,14.47,0.5
123436,Khách lâu chưa quay lại,0.1443,model,"Kéo lại bằng phim mới, voucher quay lại, thông báo cá nhân hóa",211,4,35.31,0.5
147416,Khách thường xuyên,0.1443,model,"Duy trì, không cần giảm giá sâu",76,1,5.2,0.0
202200,Khách giá trị cao,0.1443,model,"Membership, ưu đãi đặc quyền, đặt vé sớm phim hot",122,3,42.11,0.0
137813,Khách lâu chưa quay lại,0.1443,model,"Kéo lại bằng phim mới, voucher quay lại, thông báo cá nhân hóa",232,3,17.9,1.0
117387,Khách giá trị cao,0.1443,model,"Membership, ưu đãi đặc quyền, đặt vé sớm phim hot",66,3,27.88,0.3333
106923,Khách nhạy khuyến mãi,0.1442,model,"Chuyển từ giảm giá trực tiếp sang tích điểm, voucher cá nhân hóa",2,2,39.09,0.5
138282,Khách giá trị cao,0.1442,model,"Membership, ưu đãi đặc quyền, đặt vé sớm phim hot",27,3,15.55,0.0
111881,Khách lâu chưa quay lại,0.1442,model,"Kéo lại bằng phim mới, voucher quay lại, thông báo cá nhân hóa",194,3,17.44,0.3333
159983,Khách nhạy khuyến mãi,0.1442,model,"Chuyển từ giảm giá trực tiếp sang tích điểm, voucher cá nhân hóa",43,2,17.69,0.5
178288,Khách giá trị cao,0.1441,model,"Membership, ưu đãi đặc quyền, đặt vé sớm phim hot",164,3,30.44,0.3333
195201,Khách nhạy khuyến mãi,0.1441,model,"Chuyển từ giảm giá trực tiếp sang tích điểm, voucher cá nhân hóa",43,2,15.06,0.5
101334,Khách nhạy khuyến mãi,0.1441,model,"Chuyển từ giảm giá trực tiếp sang tích điểm, voucher cá nhân hóa",44,2,14.36,0.5
161394,Khách lâu chưa quay lại,0.144,model,"Kéo lại bằng phim mới, voucher quay lại, thông báo cá nhân hóa",296,3,17.57,0.6667
144196,Khách giá trị cao,0.144,model,"Membership, ưu đãi đặc quyền, đặt vé sớm phim hot",65,3,25.49,0.6667
219362,Khách thường xuyên,0.144,model,"Duy trì, không cần giảm giá sâu",68,2,15.22,0.0
144086,Khách thường xuyên,0.144,model,"Duy trì, không cần giảm giá sâu",7,2,20.74,0.0
150520,Khách giá trị cao,0.144,model,"Membership, ưu đãi đặc quyền, đặt vé sớm phim hot",83,3,31.21,0.6667
152712,Khách lâu chưa quay lại,0.144,model,"Kéo lại bằng phim mới, voucher quay lại, thông báo cá nhân hóa",266,2,15.62,1.0
125645,Khách giá trị cao,0.144,model,"Membership, ưu đãi đặc quyền, đặt vé sớm phim hot",42,3,14.23,1.0
101431,Khách lâu chưa quay lại,0.1439,model,"Kéo lại bằng phim mới, voucher quay lại, thông báo cá nhân hóa",210,3,16.76,0.3333
156184,Khách giá trị cao,0.1439,model,"Membership, ưu đãi đặc quyền, đặt vé sớm phim hot",51,4,54.73,0.75
114129,Khách lâu chưa quay lại,0.1439,model,"Kéo lại bằng phim mới, voucher quay lại, thông báo cá nhân hóa",318,5,32.18,1.0
140835,Khách lâu chưa quay lại,0.1439,model,"Kéo lại bằng phim mới, voucher quay lại, thông báo cá nhân hóa",204,3,23.26,0.3333
115057,Khách lâu chưa quay lại,0.1439,model,"Kéo lại bằng phim mới, voucher quay lại, thông báo cá nhân hóa",316,3,28.63,0.0
203608,Khách lâu chưa quay lại,0.1439,model,"Kéo lại bằng phim mới, voucher quay lại, thông báo cá nhân hóa",200,3,25.86,0.3333
123269,Khách giá trị cao,0.1439,model,"Membership, ưu đãi đặc quyền, đặt vé sớm phim hot",141,4,15.72,0.5
107166,Khách lâu chưa quay lại,0.1438,model,"Kéo lại bằng phim mới, voucher quay lại, thông báo cá nhân hóa",106,2,16.41,0.5
180343,Khách lâu chưa quay lại,0.1438,model,"Kéo lại bằng phim mới, voucher quay lại, thông báo cá nhân hóa",190,2,11.38,1.0
202183,Khách nhạy khuyến mãi,0.1438,model,"Chuyển từ giảm giá trực tiếp sang tích điểm, voucher cá nhân hóa",73,2,18.27,0.5
112851,Khách giá trị cao,0.1438,model,"Membership, ưu đãi đặc quyền, đặt vé sớm phim hot",46,4,32.48,1.0
193317,Khách nhạy khuyến mãi,0.1438,model,"Chuyển từ giảm giá trực tiếp sang tích điểm, voucher cá nhân hóa",50,2,5.7,0.5
138195,Khách lâu chưa quay lại,0.1438,model,"Kéo lại bằng phim mới, voucher quay lại, thông báo cá nhân hóa",202,2,11.14,0.5
105193,Khách giá trị cao,0.1437,model,"Membership, ưu đãi đặc quyền, đặt vé sớm phim hot",91,4,19.15,0.5
159046,Khách nhạy khuyến mãi,0.1437,model,"Chuyển từ giảm giá trực tiếp sang tích điểm, voucher cá nhân hóa",90,2,10.64,0.5
214016,Khách lâu chưa quay lại,0.1437,model,"Kéo lại bằng phim mới, voucher quay lại, thông báo cá nhân hóa",112,2,10.76,0.5
118454,Khách nhạy khuyến mãi,0.1437,model,"Chuyển từ giảm giá trực tiếp sang tích điểm, voucher cá nhân hóa",71,2,10.89,0.5
105925,Khách giá trị cao,0.1437,model,"Membership, ưu đãi đặc quyền, đặt vé sớm phim hot",27,3,23.14,0.3333
188909,Khách lâu chưa quay lại,0.1437,model,"Kéo lại bằng phim mới, voucher quay lại, thông báo cá nhân hóa",106,2,9.78,0.5
141972,Khách thường xuyên,0.1437,model,"Duy trì, không cần giảm giá sâu",29,2,19.43,0.0
116957,Khách giá trị cao,0.1437,model,"Membership, ưu đãi đặc quyền, đặt vé sớm phim hot",112,4,31.3,0.0
108199,Khách giá trị cao,0.1437,model,"Membership, ưu đãi đặc quyền, đặt vé sớm phim hot",176,3,10.06,0.3333
158233,Khách giá trị cao,0.1436,model,"Membership, ưu đãi đặc quyền, đặt vé sớm phim hot",135,3,19.55,0.6667
183803,Khách nhạy khuyến mãi,0.1436,model,"Chuyển từ giảm giá trực tiếp sang tích điểm, voucher cá nhân hóa",15,2,24.28,0.5
108356,Khách lâu chưa quay lại,0.1436,model,"Kéo lại bằng phim mới, voucher quay lại, thông báo cá nhân hóa",118,2,8.75,0.5
114983,Khách lâu chưa quay lại,0.1436,model,"Kéo lại bằng phim mới, voucher quay lại, thông báo cá nhân hóa",218,3,45.44,0.6667
108095,Khách nhạy khuyến mãi,0.1436,model,"Chuyển từ giảm giá trực tiếp sang tích điểm, voucher cá nhân hóa",81,2,13.57,0.5
103456,Khách nhạy khuyến mãi,0.1436,model,"Chuyển từ giảm giá trực tiếp sang tích điểm, voucher cá nhân hóa",79,2,17.45,0.5
128394,Khách thường xuyên,0.1436,model,"Duy trì, không cần giảm giá sâu",77,2,10.43,0.0
148850,Khách giá trị cao,0.1436,model,"Membership, ưu đãi đặc quyền, đặt vé sớm phim hot",40,4,39.75,0.25
215642,Khách lâu chưa quay lại,0.1436,model,"Kéo lại bằng phim mới, voucher quay lại, thông báo cá nhân hóa",288,2,14.18,1.0
139077,Khách giá trị cao,0.1435,model,"Membership, ưu đãi đặc quyền, đặt vé sớm phim hot",42,4,26.72,1.0
114575,Khách thường xuyên,0.1435,model,"Duy trì, không cần giảm giá sâu",72,2,15.93,0.0
180081,Khách thường xuyên,0.1435,model,"Duy trì, không cần giảm giá sâu",66,2,15.92,0.0
120333,Khách nhạy khuyến mãi,0.1435,model,"Chuyển từ giảm giá trực tiếp sang tích điểm, voucher cá nhân hóa",4,2,11.88,0.5
139924,Khách thường xuyên,0.1435,model,"Duy trì, không cần giảm giá sâu",4,2,13.61,0.0
185504,Khách lâu chưa quay lại,0.1434,model,"Kéo lại bằng phim mới, voucher quay lại, thông báo cá nhân hóa",195,2,12.73,0.0
183746,Khách thường xuyên,0.1434,model,"Duy trì, không cần giảm giá sâu",87,2,10.48,0.0
132012,Khách thường xuyên,0.1434,model,"Duy trì, không cần giảm giá sâu",1,2,7.22,0.0
177347,Khách lâu chưa quay lại,0.1434,model,"Kéo lại bằng phim mới, voucher quay lại, thông báo cá nhân hóa",107,2,8.96,0.5
112104,Khách nhạy khuyến mãi,0.1433,model,"Chuyển từ giảm giá trực tiếp sang tích điểm, voucher cá nhân hóa",57,2,11.26,1.0
165725,Khách giá trị cao,0.1433,model,"Membership, ưu đãi đặc quyền, đặt vé sớm phim hot",87,3,18.1,0.6667
171119,Khách giá trị cao,0.1433,model,"Membership, ưu đãi đặc quyền, đặt vé sớm phim hot",139,3,18.73,0.6667
132078,Khách giá trị cao,0.1433,model,"Membership, ưu đãi đặc quyền, đặt vé sớm phim hot",50,3,25.91,1.0
146107,Khách nhạy khuyến mãi,0.1433,model,"Chuyển từ giảm giá trực tiếp sang tích điểm, voucher cá nhân hóa",67,2,16.29,0.5
183265,Khách giá trị cao,0.1433,model,"Membership, ưu đãi đặc quyền, đặt vé sớm phim hot",8,3,38.1,0.6667
138222,Khách nhạy khuyến mãi,0.1433,model,"Chuyển từ giảm giá trực tiếp sang tích điểm, voucher cá nhân hóa",78,2,22.28,0.5
168356,Khách nhạy khuyến mãi,0.1432,model,"Chuyển từ giảm giá trực tiếp sang tích điểm, voucher cá nhân hóa",41,2,28.01,0.5
221270,Khách giá trị cao,0.1432,model,"Membership, ưu đãi đặc quyền, đặt vé sớm phim hot",29,3,8.55,1.0
188861,Khách giá trị cao,0.1432,model,"Membership, ưu đãi đặc quyền, đặt vé sớm phim hot",5,3,58.9,0.0
154980,Khách giá trị cao,0.1432,model,"Membership, ưu đãi đặc quyền, đặt vé sớm phim hot",2,3,29.69,0.3333
211096,Khách lâu chưa quay lại,0.1432,model,"Kéo lại bằng phim mới, voucher quay lại, thông báo cá nhân hóa",191,3,17.07,1.0
224588,Khách thường xuyên,0.1431,model,"Duy trì, không cần giảm giá sâu",61,2,22.69,0.0
131456,Khách nhạy khuyến mãi,0.1431,model,"Chuyển từ giảm giá trực tiếp sang tích điểm, voucher cá nhân hóa",23,2,10.85,1.0
226948,Khách thường xuyên,0.1431,model,"Duy trì, không cần giảm giá sâu",90,2,7.42,0.0
146346,Khách giá trị cao,0.1431,model,"Membership, ưu đãi đặc quyền, đặt vé sớm phim hot",175,3,22.88,0.3333
177173,Khách lâu chưa quay lại,0.143,model,"Kéo lại bằng phim mới, voucher quay lại, thông báo cá nhân hóa",246,2,17.23,0.5
117933,Khách giá trị cao,0.143,model,"Membership, ưu đãi đặc quyền, đặt vé sớm phim hot",154,4,20.84,0.75
139864,Khách nhạy khuyến mãi,0.143,model,"Chuyển từ giảm giá trực tiếp sang tích điểm, voucher cá nhân hóa",45,2,14.35,0.5
146271,Khách giá trị cao,0.143,model,"Membership, ưu đãi đặc quyền, đặt vé sớm phim hot",121,6,48.68,0.8333
147737,Khách giá trị cao,0.143,model,"Membership, ưu đãi đặc quyền, đặt vé sớm phim hot",61,4,25.41,0.5
212034,Khách giá trị cao,0.1429,model,"Membership, ưu đãi đặc quyền, đặt vé sớm phim hot",56,3,28.62,0.3333
151918,Khách giá trị cao,0.1429,model,"Membership, ưu đãi đặc quyền, đặt vé sớm phim hot",68,4,21.58,0.75
230377,Khách giá trị cao,0.1429,model,"Membership, ưu đãi đặc quyền, đặt vé sớm phim hot",21,3,17.0,0.0
107917,Khách lâu chưa quay lại,0.1429,model,"Kéo lại bằng phim mới, voucher quay lại, thông báo cá nhân hóa",259,2,11.67,1.0
156756,Khách nhạy khuyến mãi,0.1428,model,"Chuyển từ giảm giá trực tiếp sang tích điểm, voucher cá nhân hóa",2,2,10.64,0.5
152568,Khách nhạy khuyến mãi,0.1428,model,"Chuyển từ giảm giá trực tiếp sang tích điểm, voucher cá nhân hóa",9,2,31.51,0.5
107633,Khách giá trị cao,0.1428,model,"Membership, ưu đãi đặc quyền, đặt vé sớm phim hot",160,4,25.02,0.5
113560,Khách giá trị cao,0.1428,model,"Membership, ưu đãi đặc quyền, đặt vé sớm phim hot",133,3,15.92,0.6667
104778,Khách giá trị cao,0.1427,model,"Membership, ưu đãi đặc quyền, đặt vé sớm phim hot",89,3,33.78,0.3333
179036,Khách giá trị cao,0.1427,model,"Membership, ưu đãi đặc quyền, đặt vé sớm phim hot",124,4,21.33,0.25
172170,Khách nhạy khuyến mãi,0.1427,model,"Chuyển từ giảm giá trực tiếp sang tích điểm, voucher cá nhân hóa",43,2,8.01,0.5
109252,Khách nhạy khuyến mãi,0.1427,model,"Chuyển từ giảm giá trực tiếp sang tích điểm, voucher cá nhân hóa",43,2,8.01,0.5
205810,Khách lâu chưa quay lại,0.1427,model,"Kéo lại bằng phim mới, voucher quay lại, thông báo cá nhân hóa",177,2,15.59,1.0
215752,Khách giá trị cao,0.1427,model,"Membership, ưu đãi đặc quyền, đặt vé sớm phim hot",67,3,18.7,0.0
166218,Khách giá trị cao,0.1427,model,"Membership, ưu đãi đặc quyền, đặt vé sớm phim hot",91,4,44.83,0.75
211649,Khách nhạy khuyến mãi,0.1426,model,"Chuyển từ giảm giá trực tiếp sang tích điểm, voucher cá nhân hóa",12,2,15.84,1.0
189438,Khách thường xuyên,0.1426,model,"Duy trì, không cần giảm giá sâu",43,2,13.16,0.0
176104,Khách nhạy khuyến mãi,0.1426,model,"Chuyển từ giảm giá trực tiếp sang tích điểm, voucher cá nhân hóa",76,2,10.44,1.0
157000,Khách nhạy khuyến mãi,0.1425,model,"Chuyển từ giảm giá trực tiếp sang tích điểm, voucher cá nhân hóa",4,2,24.2,0.5
108867,Khách giá trị cao,0.1425,model,"Membership, ưu đãi đặc quyền, đặt vé sớm phim hot",122,5,33.16,0.2
217809,Khách nhạy khuyến mãi,0.1425,model,"Chuyển từ giảm giá trực tiếp sang tích điểm, voucher cá nhân hóa",8,2,8.42,0.5
133691,Khách thường xuyên,0.1425,model,"Duy trì, không cần giảm giá sâu",4,2,5.94,0.0
138472,Khách giá trị cao,0.1425,model,"Membership, ưu đãi đặc quyền, đặt vé sớm phim hot",78,4,25.78,0.75
161380,Khách giá trị cao,0.1425,model,"Membership, ưu đãi đặc quyền, đặt vé sớm phim hot",6,3,24.21,0.3333
138368,Khách nhạy khuyến mãi,0.1425,model,"Chuyển từ giảm giá trực tiếp sang tích điểm, voucher cá nhân hóa",47,2,11.9,0.5
113134,Khách nhạy khuyến mãi,0.1425,model,"Chuyển từ giảm giá trực tiếp sang tích điểm, voucher cá nhân hóa",18,2,17.61,0.5
177537,Khách giá trị cao,0.1425,model,"Membership, ưu đãi đặc quyền, đặt vé sớm phim hot",72,3,23.88,0.3333
133666,Khách giá trị cao,0.1425,model,"Membership, ưu đãi đặc quyền, đặt vé sớm phim hot",85,3,27.22,0.6667
123314,Khách lâu chưa quay lại,0.1425,model,"Kéo lại bằng phim mới, voucher quay lại, thông báo cá nhân hóa",258,4,15.6,0.5
203275,Khách thường xuyên,0.1425,model,"Duy trì, không cần giảm giá sâu",71,2,16.41,0.0
169020,Khách nhạy khuyến mãi,0.1424,model,"Chuyển từ giảm giá trực tiếp sang tích điểm, voucher cá nhân hóa",10,2,15.09,0.5
173329,Khách nhạy khuyến mãi,0.1424,model,"Chuyển từ giảm giá trực tiếp sang tích điểm, voucher cá nhân hóa",5,2,16.41,0.5
163262,Khách lâu chưa quay lại,0.1424,model,"Kéo lại bằng phim mới, voucher quay lại, thông báo cá nhân hóa",238,5,55.99,0.6
123544,Khách nhạy khuyến mãi,0.1424,model,"Chuyển từ giảm giá trực tiếp sang tích điểm, voucher cá nhân hóa",88,2,13.78,0.5
115032,Khách lâu chưa quay lại,0.1424,model,"Kéo lại bằng phim mới, voucher quay lại, thông báo cá nhân hóa",95,2,9.83,0.5
212467,Khách thường xuyên,0.1424,model,"Duy trì, không cần giảm giá sâu",4,2,29.29,0.0
111286,Khách nhạy khuyến mãi,0.1424,model,"Chuyển từ giảm giá trực tiếp sang tích điểm, voucher cá nhân hóa",23,2,16.0,0.5
118763,Khách giá trị cao,0.1424,model,"Membership, ưu đãi đặc quyền, đặt vé sớm phim hot",171,4,34.24,1.0
104965,Khách giá trị cao,0.1424,model,"Membership, ưu đãi đặc quyền, đặt vé sớm phim hot",63,3,11.39,1.0
123108,Khách giá trị cao,0.1424,model,"Membership, ưu đãi đặc quyền, đặt vé sớm phim hot",8,3,14.81,0.3333
123830,Khách nhạy khuyến mãi,0.1424,model,"Chuyển từ giảm giá trực tiếp sang tích điểm, voucher cá nhân hóa",44,2,24.01,0.5
178251,Khách nhạy khuyến mãi,0.1424,model,"Chuyển từ giảm giá trực tiếp sang tích điểm, voucher cá nhân hóa",44,2,24.13,0.5
115841,Khách giá trị cao,0.1424,model,"Membership, ưu đãi đặc quyền, đặt vé sớm phim hot",6,3,32.54,0.3333
181636,Khách giá trị cao,0.1424,model,"Membership, ưu đãi đặc quyền, đặt vé sớm phim hot",82,3,13.24,1.0
191266,Khách lâu chưa quay lại,0.1424,model,"Kéo lại bằng phim mới, voucher quay lại, thông báo cá nhân hóa",113,2,11.84,0.5
127341,Khách lâu chưa quay lại,0.1423,model,"Kéo lại bằng phim mới, voucher quay lại, thông báo cá nhân hóa",382,4,29.28,0.75
137081,Khách nhạy khuyến mãi,0.1423,model,"Chuyển từ giảm giá trực tiếp sang tích điểm, voucher cá nhân hóa",48,2,5.69,1.0
114993,Khách lâu chưa quay lại,0.1423,model,"Kéo lại bằng phim mới, voucher quay lại, thông báo cá nhân hóa",102,2,14.6,0.0
121621,Khách nhạy khuyến mãi,0.1423,model,"Chuyển từ giảm giá trực tiếp sang tích điểm, voucher cá nhân hóa",12,2,16.33,1.0
165162,Khách giá trị cao,0.1423,model,"Membership, ưu đãi đặc quyền, đặt vé sớm phim hot",123,4,35.4,0.0
117939,Khách giá trị cao,0.1423,model,"Membership, ưu đãi đặc quyền, đặt vé sớm phim hot",172,6,25.86,0.5
128756,Khách lâu chưa quay lại,0.1422,model,"Kéo lại bằng phim mới, voucher quay lại, thông báo cá nhân hóa",118,2,9.9,0.0
173347,Khách lâu chưa quay lại,0.1422,model,"Kéo lại bằng phim mới, voucher quay lại, thông báo cá nhân hóa",280,3,18.06,0.3333
118030,Khách lâu chưa quay lại,0.1422,model,"Kéo lại bằng phim mới, voucher quay lại, thông báo cá nhân hóa",197,3,39.8,1.0
132927,Khách giá trị cao,0.1422,model,"Membership, ưu đãi đặc quyền, đặt vé sớm phim hot",65,4,32.02,0.5
206020,Khách nhạy khuyến mãi,0.1422,model,"Chuyển từ giảm giá trực tiếp sang tích điểm, voucher cá nhân hóa",14,2,13.56,0.5
128646,Khách giá trị cao,0.1422,model,"Membership, ưu đãi đặc quyền, đặt vé sớm phim hot",44,6,32.34,0.1667
187097,Khách giá trị cao,0.1421,model,"Membership, ưu đãi đặc quyền, đặt vé sớm phim hot",172,3,26.96,0.6667
170495,Khách giá trị cao,0.1421,model,"Membership, ưu đãi đặc quyền, đặt vé sớm phim hot",14,4,35.56,0.25
176446,Khách thường xuyên,0.1421,model,"Duy trì, không cần giảm giá sâu",46,1,21.65,0.0
185809,Khách nhạy khuyến mãi,0.1421,model,"Chuyển từ giảm giá trực tiếp sang tích điểm, voucher cá nhân hóa",35,2,15.68,0.5
142613,Khách thường xuyên,0.1421,model,"Duy trì, không cần giảm giá sâu",84,2,10.85,0.0
137522,Khách nhạy khuyến mãi,0.1421,model,"Chuyển từ giảm giá trực tiếp sang tích điểm, voucher cá nhân hóa",46,2,11.75,0.5
154196,Khách giá trị cao,0.142,model,"Membership, ưu đãi đặc quyền, đặt vé sớm phim hot",105,4,51.7,0.5
152133,Khách lâu chưa quay lại,0.142,model,"Kéo lại bằng phim mới, voucher quay lại, thông báo cá nhân hóa",239,4,45.84,0.5
119353,Khách giá trị cao,0.142,model,"Membership, ưu đãi đặc quyền, đặt vé sớm phim hot",95,3,33.57,1.0
124720,Khách lâu chưa quay lại,0.142,model,"Kéo lại bằng phim mới, voucher quay lại, thông báo cá nhân hóa",98,2,11.88,0.5
153081,Khách giá trị cao,0.142,model,"Membership, ưu đãi đặc quyền, đặt vé sớm phim hot",99,3,20.87,1.0
136853,Khách giá trị cao,0.1419,model,"Membership, ưu đãi đặc quyền, đặt vé sớm phim hot",87,3,22.02,0.3333
178751,Khách nhạy khuyến mãi,0.1419,model,"Chuyển từ giảm giá trực tiếp sang tích điểm, voucher cá nhân hóa",80,2,10.44,0.5
112642,Khách lâu chưa quay lại,0.1419,model,"Kéo lại bằng phim mới, voucher quay lại, thông báo cá nhân hóa",232,4,33.2,0.75
184852,Khách thường xuyên,0.1419,model,"Duy trì, không cần giảm giá sâu",0,2,16.29,0.0
145586,Khách giá trị cao,0.1419,model,"Membership, ưu đãi đặc quyền, đặt vé sớm phim hot",155,5,34.1,0.4
107201,Khách lâu chưa quay lại,0.1419,model,"Kéo lại bằng phim mới, voucher quay lại, thông báo cá nhân hóa",234,4,28.67,0.75
125667,Khách nhạy khuyến mãi,0.1419,model,"Chuyển từ giảm giá trực tiếp sang tích điểm, voucher cá nhân hóa",58,2,24.72,0.5
143250,Khách nhạy khuyến mãi,0.1419,model,"Chuyển từ giảm giá trực tiếp sang tích điểm, voucher cá nhân hóa",87,2,15.09,1.0
129176,Khách giá trị cao,0.1418,model,"Membership, ưu đãi đặc quyền, đặt vé sớm phim hot",134,3,13.73,0.3333
196926,Khách giá trị cao,0.1418,model,"Membership, ưu đãi đặc quyền, đặt vé sớm phim hot",84,3,43.96,0.6667
127130,Khách lâu chưa quay lại,0.1418,model,"Kéo lại bằng phim mới, voucher quay lại, thông báo cá nhân hóa",317,4,31.38,1.0
156870,Khách nhạy khuyến mãi,0.1418,model,"Chuyển từ giảm giá trực tiếp sang tích điểm, voucher cá nhân hóa",46,2,22.38,1.0
198094,Khách thường xuyên,0.1418,model,"Duy trì, không cần giảm giá sâu",25,2,14.58,0.0
154471,Khách lâu chưa quay lại,0.1418,model,"Kéo lại bằng phim mới, voucher quay lại, thông báo cá nhân hóa",189,2,11.38,1.0
166544,Khách giá trị cao,0.1418,model,"Membership, ưu đãi đặc quyền, đặt vé sớm phim hot",30,3,36.99,0.6667
139772,Khách lâu chưa quay lại,0.1418,model,"Kéo lại bằng phim mới, voucher quay lại, thông báo cá nhân hóa",198,3,24.91,0.3333
101854,Khách giá trị cao,0.1418,model,"Membership, ưu đãi đặc quyền, đặt vé sớm phim hot",51,4,29.74,0.0
174066,Khách giá trị cao,0.1418,model,"Membership, ưu đãi đặc quyền, đặt vé sớm phim hot",46,3,23.78,0.6667
168741,Khách lâu chưa quay lại,0.1418,model,"Kéo lại bằng phim mới, voucher quay lại, thông báo cá nhân hóa",189,4,30.9,0.75
120250,Khách lâu chưa quay lại,0.1418,model,"Kéo lại bằng phim mới, voucher quay lại, thông báo cá nhân hóa",266,3,26.48,1.0
190935,Khách giá trị cao,0.1418,model,"Membership, ưu đãi đặc quyền, đặt vé sớm phim hot",146,3,21.08,0.6667
213561,Khách nhạy khuyến mãi,0.1418,model,"Chuyển từ giảm giá trực tiếp sang tích điểm, voucher cá nhân hóa",6,2,17.4,0.5
111436,Khách lâu chưa quay lại,0.1417,model,"Kéo lại bằng phim mới, voucher quay lại, thông báo cá nhân hóa",253,5,30.18,0.8
212088,Khách giá trị cao,0.1417,model,"Membership, ưu đãi đặc quyền, đặt vé sớm phim hot",2,3,23.43,0.3333
119539,Khách giá trị cao,0.1417,model,"Membership, ưu đãi đặc quyền, đặt vé sớm phim hot",11,3,34.03,1.0
121609,Khách lâu chưa quay lại,0.1417,model,"Kéo lại bằng phim mới, voucher quay lại, thông báo cá nhân hóa",315,4,31.99,0.5
155985,Khách nhạy khuyến mãi,0.1417,model,"Chuyển từ giảm giá trực tiếp sang tích điểm, voucher cá nhân hóa",84,2,17.37,1.0
115007,Khách giá trị cao,0.1417,model,"Membership, ưu đãi đặc quyền, đặt vé sớm phim hot",85,5,34.36,0.8
175825,Khách giá trị cao,0.1417,model,"Membership, ưu đãi đặc quyền, đặt vé sớm phim hot",46,3,22.03,0.3333
162077,Khách lâu chưa quay lại,0.1416,model,"Kéo lại bằng phim mới, voucher quay lại, thông báo cá nhân hóa",112,2,16.49,0.5
215383,Khách thường xuyên,0.1416,model,"Duy trì, không cần giảm giá sâu",8,2,15.68,0.0
100372,Khách lâu chưa quay lại,0.1416,model,"Kéo lại bằng phim mới, voucher quay lại, thông báo cá nhân hóa",201,3,30.44,0.0
148522,Khách lâu chưa quay lại,0.1416,model,"Kéo lại bằng phim mới, voucher quay lại, thông báo cá nhân hóa",1329,1,29.69,0.0
177777,Khách giá trị cao,0.1416,model,"Membership, ưu đãi đặc quyền, đặt vé sớm phim hot",141,3,14.64,1.0
148312,Khách thường xuyên,0.1416,model,"Duy trì, không cần giảm giá sâu",73,2,9.04,0.0
205614,Khách nhạy khuyến mãi,0.1415,model,"Chuyển từ giảm giá trực tiếp sang tích điểm, voucher cá nhân hóa",7,2,5.69,1.0
121527,Khách thường xuyên,0.1415,model,"Duy trì, không cần giảm giá sâu",58,2,29.82,0.0
134191,Khách lâu chưa quay lại,0.1415,model,"Kéo lại bằng phim mới, voucher quay lại, thông báo cá nhân hóa",210,3,11.68,0.6667
179862,Khách nhạy khuyến mãi,0.1415,model,"Chuyển từ giảm giá trực tiếp sang tích điểm, voucher cá nhân hóa",8,2,15.59,1.0
129193,Khách lâu chưa quay lại,0.1415,model,"Kéo lại bằng phim mới, voucher quay lại, thông báo cá nhân hóa",231,4,29.21,0.0
118785,Khách thường xuyên,0.1415,model,"Duy trì, không cần giảm giá sâu",53,2,13.24,0.0
217507,Khách lâu chưa quay lại,0.1415,model,"Kéo lại bằng phim mới, voucher quay lại, thông báo cá nhân hóa",266,3,10.65,0.3333
156429,Khách giá trị cao,0.1415,model,"Membership, ưu đãi đặc quyền, đặt vé sớm phim hot",86,3,23.39,0.3333
192345,Khách lâu chưa quay lại,0.1415,model,"Kéo lại bằng phim mới, voucher quay lại, thông báo cá nhân hóa",170,2,22.26,0.0
217674,Khách giá trị cao,0.1415,model,"Membership, ưu đãi đặc quyền, đặt vé sớm phim hot",71,3,9.37,0.0
228662,Khách nhạy khuyến mãi,0.1414,model,"Chuyển từ giảm giá trực tiếp sang tích điểm, voucher cá nhân hóa",22,2,5.94,0.5
189354,Khách lâu chưa quay lại,0.1414,model,"Kéo lại bằng phim mới, voucher quay lại, thông báo cá nhân hóa",138,2,17.37,0.0
152975,Khách lâu chưa quay lại,0.1414,model,"Kéo lại bằng phim mới, voucher quay lại, thông báo cá nhân hóa",241,3,34.15,0.3333
132544,Khách giá trị cao,0.1413,model,"Membership, ưu đãi đặc quyền, đặt vé sớm phim hot",39,4,27.53,1.0
138786,Khách lâu chưa quay lại,0.1413,model,"Kéo lại bằng phim mới, voucher quay lại, thông báo cá nhân hóa",1060,3,105.9,0.0
193070,Khách nhạy khuyến mãi,0.1413,model,"Chuyển từ giảm giá trực tiếp sang tích điểm, voucher cá nhân hóa",61,2,17.89,0.5
128771,Khách giá trị cao,0.1413,model,"Membership, ưu đãi đặc quyền, đặt vé sớm phim hot",87,4,26.65,0.75
135678,Khách nhạy khuyến mãi,0.1413,model,"Chuyển từ giảm giá trực tiếp sang tích điểm, voucher cá nhân hóa",47,2,15.76,1.0
147389,Khách giá trị cao,0.1413,model,"Membership, ưu đãi đặc quyền, đặt vé sớm phim hot",26,5,43.22,0.6
145943,Khách lâu chưa quay lại,0.1412,model,"Kéo lại bằng phim mới, voucher quay lại, thông báo cá nhân hóa",170,2,11.09,1.0
111953,Khách nhạy khuyến mãi,0.1412,model,"Chuyển từ giảm giá trực tiếp sang tích điểm, voucher cá nhân hóa",45,2,11.51,0.5
109731,Khách giá trị cao,0.1412,model,"Membership, ưu đãi đặc quyền, đặt vé sớm phim hot",175,3,27.1,0.3333
112932,Khách nhạy khuyến mãi,0.1412,model,"Chuyển từ giảm giá trực tiếp sang tích điểm, voucher cá nhân hóa",25,2,11.88,0.5
120592,Khách giá trị cao,0.1412,model,"Membership, ưu đãi đặc quyền, đặt vé sớm phim hot",132,3,24.63,0.0
126594,Khách nhạy khuyến mãi,0.1412,model,"Chuyển từ giảm giá trực tiếp sang tích điểm, voucher cá nhân hóa",10,2,14.6,1.0
111682,Khách giá trị cao,0.1411,model,"Membership, ưu đãi đặc quyền, đặt vé sớm phim hot",87,5,53.93,0.2
139810,Khách giá trị cao,0.1411,model,"Membership, ưu đãi đặc quyền, đặt vé sớm phim hot",90,3,30.35,0.3333
142390,Khách giá trị cao,0.1411,model,"Membership, ưu đãi đặc quyền, đặt vé sớm phim hot",79,3,20.18,0.3333
132335,Khách thường xuyên,0.1411,model,"Duy trì, không cần giảm giá sâu",60,2,12.38,0.0
106736,Khách thường xuyên,0.1411,model,"Duy trì, không cần giảm giá sâu",86,2,17.77,0.0
114859,Khách giá trị cao,0.1411,model,"Membership, ưu đãi đặc quyền, đặt vé sớm phim hot",168,3,48.75,0.6667
168566,Khách nhạy khuyến mãi,0.1411,model,"Chuyển từ giảm giá trực tiếp sang tích điểm, voucher cá nhân hóa",3,2,14.02,0.5
110796,Khách nhạy khuyến mãi,0.141,model,"Chuyển từ giảm giá trực tiếp sang tích điểm, voucher cá nhân hóa",43,2,8.62,0.5
138241,Khách lâu chưa quay lại,0.141,model,"Kéo lại bằng phim mới, voucher quay lại, thông báo cá nhân hóa",234,2,21.41,0.0
185240,Khách giá trị cao,0.141,model,"Membership, ưu đãi đặc quyền, đặt vé sớm phim hot",86,3,24.88,0.3333
167803,Khách giá trị cao,0.141,model,"Membership, ưu đãi đặc quyền, đặt vé sớm phim hot",65,4,36.9,0.25
222377,Khách lâu chưa quay lại,0.141,model,"Kéo lại bằng phim mới, voucher quay lại, thông báo cá nhân hóa",190,3,45.52,0.3333
211114,Khách nhạy khuyến mãi,0.141,model,"Chuyển từ giảm giá trực tiếp sang tích điểm, voucher cá nhân hóa",20,2,5.52,0.5
115677,Khách nhạy khuyến mãi,0.141,model,"Chuyển từ giảm giá trực tiếp sang tích điểm, voucher cá nhân hóa",10,2,33.61,0.5
121305,Khách giá trị cao,0.141,model,"Membership, ưu đãi đặc quyền, đặt vé sớm phim hot",48,4,43.46,0.25
215331,Khách nhạy khuyến mãi,0.141,model,"Chuyển từ giảm giá trực tiếp sang tích điểm, voucher cá nhân hóa",6,2,11.1,0.5
164321,Khách thường xuyên,0.141,model,"Duy trì, không cần giảm giá sâu",7,2,41.13,0.0
201730,Khách lâu chưa quay lại,0.1409,model,"Kéo lại bằng phim mới, voucher quay lại, thông báo cá nhân hóa",306,3,35.97,0.0
105387,Khách lâu chưa quay lại,0.1409,model,"Kéo lại bằng phim mới, voucher quay lại, thông báo cá nhân hóa",167,2,9.9,0.0
181402,Khách giá trị cao,0.1409,model,"Membership, ưu đãi đặc quyền, đặt vé sớm phim hot",45,3,38.05,0.3333
188839,Khách lâu chưa quay lại,0.1409,model,"Kéo lại bằng phim mới, voucher quay lại, thông báo cá nhân hóa",112,2,15.26,0.5
138741,Khách lâu chưa quay lại,0.1409,model,"Kéo lại bằng phim mới, voucher quay lại, thông báo cá nhân hóa",229,3,26.97,0.6667
195402,Khách lâu chưa quay lại,0.1409,model,"Kéo lại bằng phim mới, voucher quay lại, thông báo cá nhân hóa",211,2,14.81,1.0
121202,Khách nhạy khuyến mãi,0.1409,model,"Chuyển từ giảm giá trực tiếp sang tích điểm, voucher cá nhân hóa",50,2,13.12,0.5
152201,Khách lâu chưa quay lại,0.1409,model,"Kéo lại bằng phim mới, voucher quay lại, thông báo cá nhân hóa",192,3,26.76,0.6667
141182,Khách lâu chưa quay lại,0.1409,model,"Kéo lại bằng phim mới, voucher quay lại, thông báo cá nhân hóa",196,4,37.86,0.25
133239,Khách thường xuyên,0.1409,model,"Duy trì, không cần giảm giá sâu",5,2,19.09,0.0
212470,Khách mua một lần (mới),0.1409,model,Tặng coupon cho lần mua thứ hai trong vòng 7–14 ngày,27,1,8.54,0.0
217742,Khách thường xuyên,0.1408,model,"Duy trì, không cần giảm giá sâu",58,2,24.38,0.0
198174,Khách giá trị cao,0.1408,model,"Membership, ưu đãi đặc quyền, đặt vé sớm phim hot",44,3,23.78,0.3333
205537,Khách nhạy khuyến mãi,0.1408,model,"Chuyển từ giảm giá trực tiếp sang tích điểm, voucher cá nhân hóa",36,2,10.31,0.5
142142,Khách giá trị cao,0.1408,model,"Membership, ưu đãi đặc quyền, đặt vé sớm phim hot",64,4,26.48,0.5
105745,Khách giá trị cao,0.1408,model,"Membership, ưu đãi đặc quyền, đặt vé sớm phim hot",58,3,18.19,1.0
144721,Khách lâu chưa quay lại,0.1408,model,"Kéo lại bằng phim mới, voucher quay lại, thông báo cá nhân hóa",170,2,3.72,0.5
161455,Khách nhạy khuyến mãi,0.1408,model,"Chuyển từ giảm giá trực tiếp sang tích điểm, voucher cá nhân hóa",21,2,12.82,0.5
128286,Khách giá trị cao,0.1408,model,"Membership, ưu đãi đặc quyền, đặt vé sớm phim hot",45,3,25.09,1.0
197259,Khách thường xuyên,0.1408,model,"Duy trì, không cần giảm giá sâu",6,2,6.18,0.0
171593,Khách nhạy khuyến mãi,0.1408,model,"Chuyển từ giảm giá trực tiếp sang tích điểm, voucher cá nhân hóa",90,2,16.12,0.5
173184,Khách lâu chưa quay lại,0.1407,model,"Kéo lại bằng phim mới, voucher quay lại, thông báo cá nhân hóa",314,3,21.85,0.0
179713,Khách thường xuyên,0.1407,model,"Duy trì, không cần giảm giá sâu",56,2,23.84,0.0
102752,Khách nhạy khuyến mãi,0.1407,model,"Chuyển từ giảm giá trực tiếp sang tích điểm, voucher cá nhân hóa",43,2,7.8,0.5
136062,Khách lâu chưa quay lại,0.1407,model,"Kéo lại bằng phim mới, voucher quay lại, thông báo cá nhân hóa",105,2,6.52,0.5
114246,Khách giá trị cao,0.1407,model,"Membership, ưu đãi đặc quyền, đặt vé sớm phim hot",22,3,14.18,0.3333
186588,Khách thường xuyên,0.1407,model,"Duy trì, không cần giảm giá sâu",2,2,7.83,0.0
168917,Khách nhạy khuyến mãi,0.1407,model,"Chuyển từ giảm giá trực tiếp sang tích điểm, voucher cá nhân hóa",8,2,8.21,0.5
139105,Khách nhạy khuyến mãi,0.1406,model,"Chuyển từ giảm giá trực tiếp sang tích điểm, voucher cá nhân hóa",63,2,10.85,1.0
126109,Khách giá trị cao,0.1406,model,"Membership, ưu đãi đặc quyền, đặt vé sớm phim hot",43,5,36.57,0.4
116554,Khách nhạy khuyến mãi,0.1406,model,"Chuyển từ giảm giá trực tiếp sang tích điểm, voucher cá nhân hóa",62,2,9.12,0.5
126752,Khách nhạy khuyến mãi,0.1406,model,"Chuyển từ giảm giá trực tiếp sang tích điểm, voucher cá nhân hóa",86,2,10.03,0.5
157471,Khách nhạy khuyến mãi,0.1406,model,"Chuyển từ giảm giá trực tiếp sang tích điểm, voucher cá nhân hóa",31,2,7.38,0.5
113625,Khách lâu chưa quay lại,0.1406,model,"Kéo lại bằng phim mới, voucher quay lại, thông báo cá nhân hóa",204,4,29.57,0.75
152079,Khách giá trị cao,0.1406,model,"Membership, ưu đãi đặc quyền, đặt vé sớm phim hot",177,3,22.39,0.6667
133256,Khách nhạy khuyến mãi,0.1406,model,"Chuyển từ giảm giá trực tiếp sang tích điểm, voucher cá nhân hóa",42,2,8.01,0.5
179571,Khách thường xuyên,0.1406,model,"Duy trì, không cần giảm giá sâu",67,2,9.04,0.0
135966,Khách giá trị cao,0.1405,model,"Membership, ưu đãi đặc quyền, đặt vé sớm phim hot",62,4,22.68,0.5
199394,Khách nhạy khuyến mãi,0.1405,model,"Chuyển từ giảm giá trực tiếp sang tích điểm, voucher cá nhân hóa",3,2,5.73,0.5
161595,Khách giá trị cao,0.1405,model,"Membership, ưu đãi đặc quyền, đặt vé sớm phim hot",165,4,51.93,0.0
115607,Khách giá trị cao,0.1405,model,"Membership, ưu đãi đặc quyền, đặt vé sớm phim hot",25,3,13.77,0.3333
101048,Khách lâu chưa quay lại,0.1405,model,"Kéo lại bằng phim mới, voucher quay lại, thông báo cá nhân hóa",159,2,13.37,0.5
102589,Khách giá trị cao,0.1405,model,"Membership, ưu đãi đặc quyền, đặt vé sớm phim hot",43,3,23.62,1.0
198772,Khách lâu chưa quay lại,0.1405,model,"Kéo lại bằng phim mới, voucher quay lại, thông báo cá nhân hóa",187,3,19.52,0.3333
174571,Khách lâu chưa quay lại,0.1405,model,"Kéo lại bằng phim mới, voucher quay lại, thông báo cá nhân hóa",292,3,31.59,0.6667
107097,Khách lâu chưa quay lại,0.1405,model,"Kéo lại bằng phim mới, voucher quay lại, thông báo cá nhân hóa",93,2,10.52,0.0
107678,Khách giá trị cao,0.1405,model,"Membership, ưu đãi đặc quyền, đặt vé sớm phim hot",92,4,39.63,1.0
121617,Khách nhạy khuyến mãi,0.1405,model,"Chuyển từ giảm giá trực tiếp sang tích điểm, voucher cá nhân hóa",17,2,22.6,0.5
128939,Khách lâu chưa quay lại,0.1405,model,"Kéo lại bằng phim mới, voucher quay lại, thông báo cá nhân hóa",99,2,17.48,0.0
165504,Khách lâu chưa quay lại,0.1405,model,"Kéo lại bằng phim mới, voucher quay lại, thông báo cá nhân hóa",205,3,41.79,0.0
193679,Khách lâu chưa quay lại,0.1404,model,"Kéo lại bằng phim mới, voucher quay lại, thông báo cá nhân hóa",259,2,12.79,1.0
174890,Khách thường xuyên,0.1404,model,"Duy trì, không cần giảm giá sâu",81,2,16.91,0.0
230217,Khách thường xuyên,0.1404,model,"Duy trì, không cần giảm giá sâu",66,2,16.74,0.0
117912,Khách giá trị cao,0.1404,model,"Membership, ưu đãi đặc quyền, đặt vé sớm phim hot",31,3,7.18,0.6667
142644,Khách lâu chưa quay lại,0.1404,model,"Kéo lại bằng phim mới, voucher quay lại, thông báo cá nhân hóa",255,2,39.02,0.0
119278,Khách lâu chưa quay lại,0.1404,model,"Kéo lại bằng phim mới, voucher quay lại, thông báo cá nhân hóa",127,2,14.77,0.5
128348,Khách lâu chưa quay lại,0.1404,model,"Kéo lại bằng phim mới, voucher quay lại, thông báo cá nhân hóa",199,6,28.76,0.8333
228066,Khách nhạy khuyến mãi,0.1403,model,"Chuyển từ giảm giá trực tiếp sang tích điểm, voucher cá nhân hóa",33,2,14.89,0.5
181776,Khách thường xuyên,0.1403,model,"Duy trì, không cần giảm giá sâu",6,2,53.66,0.0
161086,Khách lâu chưa quay lại,0.1403,model,"Kéo lại bằng phim mới, voucher quay lại, thông báo cá nhân hóa",94,2,17.36,0.0
124209,Khách nhạy khuyến mãi,0.1403,model,"Chuyển từ giảm giá trực tiếp sang tích điểm, voucher cá nhân hóa",45,2,10.85,0.5
153666,Khách lâu chưa quay lại,0.1403,model,"Kéo lại bằng phim mới, voucher quay lại, thông báo cá nhân hóa",181,3,16.33,0.6667
100521,Khách lâu chưa quay lại,0.1402,model,"Kéo lại bằng phim mới, voucher quay lại, thông báo cá nhân hóa",358,4,33.33,0.25
224180,Khách nhạy khuyến mãi,0.1402,model,"Chuyển từ giảm giá trực tiếp sang tích điểm, voucher cá nhân hóa",45,2,5.69,1.0
123276,Khách lâu chưa quay lại,0.1402,model,"Kéo lại bằng phim mới, voucher quay lại, thông báo cá nhân hóa",224,3,30.81,0.0
159487,Khách thường xuyên,0.1402,model,"Duy trì, không cần giảm giá sâu",42,2,15.18,0.0
216823,Khách nhạy khuyến mãi,0.1402,model,"Chuyển từ giảm giá trực tiếp sang tích điểm, voucher cá nhân hóa",8,2,13.2,0.5
123322,Khách giá trị cao,0.1402,model,"Membership, ưu đãi đặc quyền, đặt vé sớm phim hot",42,3,30.73,0.6667
202796,Khách giá trị cao,0.1402,model,"Membership, ưu đãi đặc quyền, đặt vé sớm phim hot",175,3,44.21,0.6667
110482,Khách lâu chưa quay lại,0.1402,model,"Kéo lại bằng phim mới, voucher quay lại, thông báo cá nhân hóa",170,1,13.9,0.0
139796,Khách thường xuyên,0.1401,model,"Duy trì, không cần giảm giá sâu",6,2,18.97,0.0
157473,Khách giá trị cao,0.1401,model,"Membership, ưu đãi đặc quyền, đặt vé sớm phim hot",20,3,17.4,0.6667
215404,Khách nhạy khuyến mãi,0.1401,model,"Chuyển từ giảm giá trực tiếp sang tích điểm, voucher cá nhân hóa",38,2,10.6,0.5
223552,Khách nhạy khuyến mãi,0.1401,model,"Chuyển từ giảm giá trực tiếp sang tích điểm, voucher cá nhân hóa",39,2,13.14,0.5
113197,Khách giá trị cao,0.1401,model,"Membership, ưu đãi đặc quyền, đặt vé sớm phim hot",116,3,25.61,0.6667
141675,Khách lâu chưa quay lại,0.1401,model,"Kéo lại bằng phim mới, voucher quay lại, thông báo cá nhân hóa",189,2,17.69,0.0
180259,Khách nhạy khuyến mãi,0.1401,model,"Chuyển từ giảm giá trực tiếp sang tích điểm, voucher cá nhân hóa",84,2,17.69,0.5
219338,Khách nhạy khuyến mãi,0.1401,model,"Chuyển từ giảm giá trực tiếp sang tích điểm, voucher cá nhân hóa",51,2,10.48,1.0
109218,Khách giá trị cao,0.1401,model,"Membership, ưu đãi đặc quyền, đặt vé sớm phim hot",154,3,17.78,0.6667
161686,Khách lâu chưa quay lại,0.1401,model,"Kéo lại bằng phim mới, voucher quay lại, thông báo cá nhân hóa",150,2,14.1,0.5
175860,Khách giá trị cao,0.14,model,"Membership, ưu đãi đặc quyền, đặt vé sớm phim hot",48,4,25.69,1.0
197605,Khách lâu chưa quay lại,0.14,model,"Kéo lại bằng phim mới, voucher quay lại, thông báo cá nhân hóa",98,2,10.85,0.5
205304,Khách nhạy khuyến mãi,0.14,model,"Chuyển từ giảm giá trực tiếp sang tích điểm, voucher cá nhân hóa",90,2,10.64,0.5
131153,Khách lâu chưa quay lại,0.14,model,"Kéo lại bằng phim mới, voucher quay lại, thông báo cá nhân hóa",212,4,25.93,0.0
180901,Khách giá trị cao,0.14,model,"Membership, ưu đãi đặc quyền, đặt vé sớm phim hot",39,3,31.16,0.3333
147362,Khách giá trị cao,0.14,model,"Membership, ưu đãi đặc quyền, đặt vé sớm phim hot",159,3,52.95,0.0
190396,Khách mua một lần (mới),0.14,model,Tặng coupon cho lần mua thứ hai trong vòng 7–14 ngày,7,1,8.66,0.0
195223,Khách nhạy khuyến mãi,0.14,model,"Chuyển từ giảm giá trực tiếp sang tích điểm, voucher cá nhân hóa",11,2,9.45,0.5
201160,Khách lâu chưa quay lại,0.1399,model,"Kéo lại bằng phim mới, voucher quay lại, thông báo cá nhân hóa",133,2,12.99,0.0
119559,Khách nhạy khuyến mãi,0.1399,model,"Chuyển từ giảm giá trực tiếp sang tích điểm, voucher cá nhân hóa",49,2,13.94,0.5
116630,Khách lâu chưa quay lại,0.1399,model,"Kéo lại bằng phim mới, voucher quay lại, thông báo cá nhân hóa",147,2,23.71,0.5
217538,Khách lâu chưa quay lại,0.1399,model,"Kéo lại bằng phim mới, voucher quay lại, thông báo cá nhân hóa",94,2,29.19,1.0
118824,Khách giá trị cao,0.1399,model,"Membership, ưu đãi đặc quyền, đặt vé sớm phim hot",155,3,18.93,0.3333
118271,Khách giá trị cao,0.1399,model,"Membership, ưu đãi đặc quyền, đặt vé sớm phim hot",11,3,20.17,1.0
217462,Khách thường xuyên,0.1399,model,"Duy trì, không cần giảm giá sâu",37,1,8.66,0.0
110607,Khách nhạy khuyến mãi,0.1399,model,"Chuyển từ giảm giá trực tiếp sang tích điểm, voucher cá nhân hóa",50,2,17.57,0.5
110085,Khách giá trị cao,0.1398,model,"Membership, ưu đãi đặc quyền, đặt vé sớm phim hot",86,3,31.96,0.6667
172989,Khách nhạy khuyến mãi,0.1398,model,"Chuyển từ giảm giá trực tiếp sang tích điểm, voucher cá nhân hóa",84,2,13.69,1.0
221299,Khách lâu chưa quay lại,0.1398,model,"Kéo lại bằng phim mới, voucher quay lại, thông báo cá nhân hóa",185,2,24.25,0.0
162759,Khách giá trị cao,0.1398,model,"Membership, ưu đãi đặc quyền, đặt vé sớm phim hot",64,3,39.14,0.6667
143480,Khách lâu chưa quay lại,0.1398,model,"Kéo lại bằng phim mới, voucher quay lại, thông báo cá nhân hóa",93,2,11.1,0.5
145912,Khách lâu chưa quay lại,0.1398,model,"Kéo lại bằng phim mới, voucher quay lại, thông báo cá nhân hóa",238,3,24.92,0.3333
119344,Khách lâu chưa quay lại,0.1398,model,"Kéo lại bằng phim mới, voucher quay lại, thông báo cá nhân hóa",255,3,23.95,0.3333
146530,Khách lâu chưa quay lại,0.1398,model,"Kéo lại bằng phim mới, voucher quay lại, thông báo cá nhân hóa",352,3,24.32,0.3333
132054,Khách giá trị cao,0.1398,model,"Membership, ưu đãi đặc quyền, đặt vé sớm phim hot",162,3,29.6,0.0
117965,Khách nhạy khuyến mãi,0.1397,model,"Chuyển từ giảm giá trực tiếp sang tích điểm, voucher cá nhân hóa",41,2,8.01,0.5
212636,Khách nhạy khuyến mãi,0.1397,model,"Chuyển từ giảm giá trực tiếp sang tích điểm, voucher cá nhân hóa",8,2,13.74,0.5
107628,Khách nhạy khuyến mãi,0.1397,model,"Chuyển từ giảm giá trực tiếp sang tích điểm, voucher cá nhân hóa",23,2,5.7,1.0
225296,Khách thường xuyên,0.1397,model,"Duy trì, không cần giảm giá sâu",71,2,16.58,0.0
173523,Khách giá trị cao,0.1397,model,"Membership, ưu đãi đặc quyền, đặt vé sớm phim hot",134,4,45.78,0.5
118193,Khách giá trị cao,0.1397,model,"Membership, ưu đãi đặc quyền, đặt vé sớm phim hot",131,4,32.07,0.25
127381,Khách nhạy khuyến mãi,0.1397,model,"Chuyển từ giảm giá trực tiếp sang tích điểm, voucher cá nhân hóa",44,2,16.21,0.5
137169,Khách nhạy khuyến mãi,0.1396,model,"Chuyển từ giảm giá trực tiếp sang tích điểm, voucher cá nhân hóa",78,2,15.71,0.5
131990,Khách giá trị cao,0.1396,model,"Membership, ưu đãi đặc quyền, đặt vé sớm phim hot",129,3,22.76,0.3333
222053,Khách lâu chưa quay lại,0.1396,model,"Kéo lại bằng phim mới, voucher quay lại, thông báo cá nhân hóa",114,2,14.34,1.0
105438,Khách lâu chưa quay lại,0.1396,model,"Kéo lại bằng phim mới, voucher quay lại, thông báo cá nhân hóa",185,3,32.22,0.3333
170884,Khách nhạy khuyến mãi,0.1396,model,"Chuyển từ giảm giá trực tiếp sang tích điểm, voucher cá nhân hóa",84,2,15.59,0.5
162514,Khách giá trị cao,0.1396,model,"Membership, ưu đãi đặc quyền, đặt vé sớm phim hot",121,3,17.9,0.6667
120309,Khách lâu chưa quay lại,0.1396,model,"Kéo lại bằng phim mới, voucher quay lại, thông báo cá nhân hóa",366,2,13.03,1.0
200592,Khách lâu chưa quay lại,0.1396,model,"Kéo lại bằng phim mới, voucher quay lại, thông báo cá nhân hóa",111,2,15.34,0.0
103435,Khách giá trị cao,0.1396,model,"Membership, ưu đãi đặc quyền, đặt vé sớm phim hot",137,5,40.39,0.8
211196,Khách mua một lần (mới),0.1395,model,Tặng coupon cho lần mua thứ hai trong vòng 7–14 ngày,1,1,7.71,0.0
133446,Khách nhạy khuyến mãi,0.1395,model,"Chuyển từ giảm giá trực tiếp sang tích điểm, voucher cá nhân hóa",53,2,8.78,0.5
112792,Khách thường xuyên,0.1395,model,"Duy trì, không cần giảm giá sâu",66,2,15.18,0.0
116716,Khách thường xuyên,0.1395,model,"Duy trì, không cần giảm giá sâu",84,2,15.18,0.0
135444,Khách nhạy khuyến mãi,0.1395,model,"Chuyển từ giảm giá trực tiếp sang tích điểm, voucher cá nhân hóa",86,2,15.12,0.5
107736,Khách nhạy khuyến mãi,0.1395,model,"Chuyển từ giảm giá trực tiếp sang tích điểm, voucher cá nhân hóa",57,2,20.21,1.0
161922,Khách giá trị cao,0.1395,model,"Membership, ưu đãi đặc quyền, đặt vé sớm phim hot",76,3,12.38,0.3333
139954,Khách giá trị cao,0.1395,model,"Membership, ưu đãi đặc quyền, đặt vé sớm phim hot",163,3,14.22,1.0
116017,Khách giá trị cao,0.1394,model,"Membership, ưu đãi đặc quyền, đặt vé sớm phim hot",85,3,17.61,0.3333
213653,Khách giá trị cao,0.1394,model,"Membership, ưu đãi đặc quyền, đặt vé sớm phim hot",169,3,26.18,0.3333
126663,Khách giá trị cao,0.1394,model,"Membership, ưu đãi đặc quyền, đặt vé sớm phim hot",40,3,16.08,0.3333
167826,Khách lâu chưa quay lại,0.1394,model,"Kéo lại bằng phim mới, voucher quay lại, thông báo cá nhân hóa",170,2,17.9,0.5
105878,Khách lâu chưa quay lại,0.1394,model,"Kéo lại bằng phim mới, voucher quay lại, thông báo cá nhân hóa",295,2,5.7,1.0
124649,Khách nhạy khuyến mãi,0.1394,model,"Chuyển từ giảm giá trực tiếp sang tích điểm, voucher cá nhân hóa",79,2,17.53,0.5
115750,Khách giá trị cao,0.1394,model,"Membership, ưu đãi đặc quyền, đặt vé sớm phim hot",46,3,9.37,0.6667
106344,Khách nhạy khuyến mãi,0.1394,model,"Chuyển từ giảm giá trực tiếp sang tích điểm, voucher cá nhân hóa",36,2,12.75,0.5
172692,Khách giá trị cao,0.1393,model,"Membership, ưu đãi đặc quyền, đặt vé sớm phim hot",162,3,33.62,0.6667
125045,Khách nhạy khuyến mãi,0.1393,model,"Chuyển từ giảm giá trực tiếp sang tích điểm, voucher cá nhân hóa",4,2,11.88,0.5
171204,Khách giá trị cao,0.1393,model,"Membership, ưu đãi đặc quyền, đặt vé sớm phim hot",62,4,18.98,1.0
102508,Khách lâu chưa quay lại,0.1393,model,"Kéo lại bằng phim mới, voucher quay lại, thông báo cá nhân hóa",608,17,141.16,0.0
192772,Khách giá trị cao,0.1393,model,"Membership, ưu đãi đặc quyền, đặt vé sớm phim hot",11,4,40.21,0.5
156245,Khách giá trị cao,0.1393,model,"Membership, ưu đãi đặc quyền, đặt vé sớm phim hot",69,3,23.18,0.0
115356,Khách nhạy khuyến mãi,0.1393,model,"Chuyển từ giảm giá trực tiếp sang tích điểm, voucher cá nhân hóa",44,2,20.66,0.5
165919,Khách giá trị cao,0.1393,model,"Membership, ưu đãi đặc quyền, đặt vé sớm phim hot",66,3,25.86,0.3333
182338,Khách thường xuyên,0.1392,model,"Duy trì, không cần giảm giá sâu",1,2,16.98,0.0
179793,Khách thường xuyên,0.1392,model,"Duy trì, không cần giảm giá sâu",89,2,9.48,0.0
171832,Khách nhạy khuyến mãi,0.1392,model,"Chuyển từ giảm giá trực tiếp sang tích điểm, voucher cá nhân hóa",90,2,5.32,0.5
120091,Khách nhạy khuyến mãi,0.1392,model,"Chuyển từ giảm giá trực tiếp sang tích điểm, voucher cá nhân hóa",62,2,15.43,0.5
219047,Khách thường xuyên,0.1392,model,"Duy trì, không cần giảm giá sâu",2,2,29.41,0.0
186639,Khách thường xuyên,0.1391,model,"Duy trì, không cần giảm giá sâu",65,2,21.92,0.0
181338,Khách giá trị cao,0.1391,model,"Membership, ưu đãi đặc quyền, đặt vé sớm phim hot",161,3,20.13,0.6667
169705,Khách thường xuyên,0.1391,model,"Duy trì, không cần giảm giá sâu",8,2,31.26,0.0
129873,Khách nhạy khuyến mãi,0.139,model,"Chuyển từ giảm giá trực tiếp sang tích điểm, voucher cá nhân hóa",82,2,5.7,0.5
193396,Khách mua một lần (mới),0.139,model,Tặng coupon cho lần mua thứ hai trong vòng 7–14 ngày,1,1,10.31,0.0
143656,Khách thường xuyên,0.139,model,"Duy trì, không cần giảm giá sâu",5,2,13.61,0.0
147984,Khách nhạy khuyến mãi,0.139,model,"Chuyển từ giảm giá trực tiếp sang tích điểm, voucher cá nhân hóa",65,2,11.09,0.5
205560,Khách nhạy khuyến mãi,0.139,model,"Chuyển từ giảm giá trực tiếp sang tích điểm, voucher cá nhân hóa",2,2,17.61,0.5
178439,Khách nhạy khuyến mãi,0.139,model,"Chuyển từ giảm giá trực tiếp sang tích điểm, voucher cá nhân hóa",22,2,23.35,0.5
142589,Khách nhạy khuyến mãi,0.139,model,"Chuyển từ giảm giá trực tiếp sang tích điểm, voucher cá nhân hóa",89,2,12.96,0.5
190819,Khách thường xuyên,0.139,model,"Duy trì, không cần giảm giá sâu",40,2,11.46,0.0
202167,Khách nhạy khuyến mãi,0.139,model,"Chuyển từ giảm giá trực tiếp sang tích điểm, voucher cá nhân hóa",64,2,13.98,0.5
132023,Khách thường xuyên,0.139,model,"Duy trì, không cần giảm giá sâu",77,2,17.23,0.0
104165,Khách lâu chưa quay lại,0.1389,model,"Kéo lại bằng phim mới, voucher quay lại, thông báo cá nhân hóa",147,2,14.51,0.5
104043,Khách lâu chưa quay lại,0.1389,model,"Kéo lại bằng phim mới, voucher quay lại, thông báo cá nhân hóa",100,2,14.93,0.5
163473,Khách thường xuyên,0.1389,model,"Duy trì, không cần giảm giá sâu",44,1,10.72,0.0
220632,Khách lâu chưa quay lại,0.1389,model,"Kéo lại bằng phim mới, voucher quay lại, thông báo cá nhân hóa",169,1,21.78,0.0
107199,Khách giá trị cao,0.1389,model,"Membership, ưu đãi đặc quyền, đặt vé sớm phim hot",4,3,24.82,0.6667
102373,Khách giá trị cao,0.1389,model,"Membership, ưu đãi đặc quyền, đặt vé sớm phim hot",105,3,30.06,0.0
180189,Khách nhạy khuyến mãi,0.1389,model,"Chuyển từ giảm giá trực tiếp sang tích điểm, voucher cá nhân hóa",81,2,11.91,0.5
137058,Khách lâu chưa quay lại,0.1389,model,"Kéo lại bằng phim mới, voucher quay lại, thông báo cá nhân hóa",91,2,12.17,0.5
116729,Khách giá trị cao,0.1388,model,"Membership, ưu đãi đặc quyền, đặt vé sớm phim hot",8,3,17.77,1.0
223979,Khách nhạy khuyến mãi,0.1388,model,"Chuyển từ giảm giá trực tiếp sang tích điểm, voucher cá nhân hóa",30,2,20.67,0.5
138924,Khách nhạy khuyến mãi,0.1388,model,"Chuyển từ giảm giá trực tiếp sang tích điểm, voucher cá nhân hóa",58,2,16.0,0.5
129943,Khách lâu chưa quay lại,0.1388,model,"Kéo lại bằng phim mới, voucher quay lại, thông báo cá nhân hóa",91,2,11.51,0.0
132849,Khách lâu chưa quay lại,0.1388,model,"Kéo lại bằng phim mới, voucher quay lại, thông báo cá nhân hóa",181,5,74.23,0.4
208634,Khách thường xuyên,0.1388,model,"Duy trì, không cần giảm giá sâu",14,2,44.42,0.0
119880,Khách giá trị cao,0.1388,model,"Membership, ưu đãi đặc quyền, đặt vé sớm phim hot",10,3,21.16,0.3333
200374,Khách lâu chưa quay lại,0.1387,model,"Kéo lại bằng phim mới, voucher quay lại, thông báo cá nhân hóa",146,2,13.45,0.5
206570,Khách lâu chưa quay lại,0.1387,model,"Kéo lại bằng phim mới, voucher quay lại, thông báo cá nhân hóa",95,2,8.37,0.0
129941,Khách thường xuyên,0.1387,model,"Duy trì, không cần giảm giá sâu",53,2,19.32,0.0
218476,Khách lâu chưa quay lại,0.1387,model,"Kéo lại bằng phim mới, voucher quay lại, thông báo cá nhân hóa",161,2,10.6,0.5
135888,Khách nhạy khuyến mãi,0.1387,model,"Chuyển từ giảm giá trực tiếp sang tích điểm, voucher cá nhân hóa",7,2,15.09,0.5
185640,Khách giá trị cao,0.1387,model,"Membership, ưu đãi đặc quyền, đặt vé sớm phim hot",12,3,14.09,0.3333
140182,Khách nhạy khuyến mãi,0.1387,model,"Chuyển từ giảm giá trực tiếp sang tích điểm, voucher cá nhân hóa",50,2,18.72,0.5
134354,Khách lâu chưa quay lại,0.1387,model,"Kéo lại bằng phim mới, voucher quay lại, thông báo cá nhân hóa",191,2,19.28,0.0
221631,Khách nhạy khuyến mãi,0.1386,model,"Chuyển từ giảm giá trực tiếp sang tích điểm, voucher cá nhân hóa",50,2,9.9,1.0
158558,Khách giá trị cao,0.1386,model,"Membership, ưu đãi đặc quyền, đặt vé sớm phim hot",70,4,28.2,0.25
154837,Khách lâu chưa quay lại,0.1386,model,"Kéo lại bằng phim mới, voucher quay lại, thông báo cá nhân hóa",253,3,30.36,0.0
196103,Khách giá trị cao,0.1385,model,"Membership, ưu đãi đặc quyền, đặt vé sớm phim hot",118,3,20.95,0.3333
110059,Khách giá trị cao,0.1385,model,"Membership, ưu đãi đặc quyền, đặt vé sớm phim hot",49,3,36.53,0.0
185490,Khách giá trị cao,0.1385,model,"Membership, ưu đãi đặc quyền, đặt vé sớm phim hot",15,3,16.75,1.0
138216,Khách lâu chưa quay lại,0.1385,model,"Kéo lại bằng phim mới, voucher quay lại, thông báo cá nhân hóa",312,6,63.69,0.0
143618,Khách lâu chưa quay lại,0.1385,model,"Kéo lại bằng phim mới, voucher quay lại, thông báo cá nhân hóa",317,3,18.35,0.3333
180887,Khách thường xuyên,0.1384,model,"Duy trì, không cần giảm giá sâu",14,2,20.91,0.0
216298,Khách giá trị cao,0.1384,model,"Membership, ưu đãi đặc quyền, đặt vé sớm phim hot",59,3,24.79,0.6667
120699,Khách lâu chưa quay lại,0.1384,model,"Kéo lại bằng phim mới, voucher quay lại, thông báo cá nhân hóa",376,5,40.98,0.6
142852,Khách lâu chưa quay lại,0.1384,model,"Kéo lại bằng phim mới, voucher quay lại, thông báo cá nhân hóa",184,3,16.49,1.0
155488,Khách giá trị cao,0.1384,model,"Membership, ưu đãi đặc quyền, đặt vé sớm phim hot",55,3,7.76,1.0
219715,Khách nhạy khuyến mãi,0.1384,model,"Chuyển từ giảm giá trực tiếp sang tích điểm, voucher cá nhân hóa",15,2,19.93,0.5
124570,Khách giá trị cao,0.1384,model,"Membership, ưu đãi đặc quyền, đặt vé sớm phim hot",64,3,35.65,0.6667
172245,Khách thường xuyên,0.1384,model,"Duy trì, không cần giảm giá sâu",9,2,22.24,0.0
105508,Khách giá trị cao,0.1384,model,"Membership, ưu đãi đặc quyền, đặt vé sớm phim hot",103,3,20.87,0.3333
109289,Khách giá trị cao,0.1384,model,"Membership, ưu đãi đặc quyền, đặt vé sớm phim hot",43,3,20.95,0.6667
107644,Khách nhạy khuyến mãi,0.1384,model,"Chuyển từ giảm giá trực tiếp sang tích điểm, voucher cá nhân hóa",56,2,14.06,0.5
177088,Khách lâu chưa quay lại,0.1383,model,"Kéo lại bằng phim mới, voucher quay lại, thông báo cá nhân hóa",152,2,16.79,0.5
129482,Khách nhạy khuyến mãi,0.1383,model,"Chuyển từ giảm giá trực tiếp sang tích điểm, voucher cá nhân hóa",63,2,12.13,0.5
129803,Khách giá trị cao,0.1383,model,"Membership, ưu đãi đặc quyền, đặt vé sớm phim hot",13,3,31.1,0.3333
155159,Khách nhạy khuyến mãi,0.1383,model,"Chuyển từ giảm giá trực tiếp sang tích điểm, voucher cá nhân hóa",37,2,14.68,0.5
158836,Khách giá trị cao,0.1383,model,"Membership, ưu đãi đặc quyền, đặt vé sớm phim hot",151,4,42.67,0.25
215923,Khách giá trị cao,0.1383,model,"Membership, ưu đãi đặc quyền, đặt vé sớm phim hot",37,4,37.86,1.0
209102,Khách nhạy khuyến mãi,0.1383,model,"Chuyển từ giảm giá trực tiếp sang tích điểm, voucher cá nhân hóa",77,2,5.32,0.5
190496,Khách thường xuyên,0.1382,model,"Duy trì, không cần giảm giá sâu",33,2,9.03,0.0
125782,Khách thường xuyên,0.1382,model,"Duy trì, không cần giảm giá sâu",71,2,16.41,0.0
133911,Khách giá trị cao,0.1382,model,"Membership, ưu đãi đặc quyền, đặt vé sớm phim hot",148,3,19.76,0.3333
155061,Khách thường xuyên,0.1382,model,"Duy trì, không cần giảm giá sâu",55,1,8.37,0.0
195405,Khách thường xuyên,0.1381,model,"Duy trì, không cần giảm giá sâu",4,2,43.09,0.0
115222,Khách giá trị cao,0.1381,model,"Membership, ưu đãi đặc quyền, đặt vé sớm phim hot",50,3,40.48,0.3333
102750,Khách lâu chưa quay lại,0.1381,model,"Kéo lại bằng phim mới, voucher quay lại, thông báo cá nhân hóa",239,6,38.16,0.6667
125388,Khách mua một lần (mới),0.1381,model,Tặng coupon cho lần mua thứ hai trong vòng 7–14 ngày,5,1,11.13,0.0
134509,Khách mua một lần (mới),0.1381,model,Tặng coupon cho lần mua thứ hai trong vòng 7–14 ngày,5,1,10.85,0.0
213982,Khách giá trị cao,0.1381,model,"Membership, ưu đãi đặc quyền, đặt vé sớm phim hot",91,3,19.92,0.3333
111514,Khách lâu chưa quay lại,0.1381,model,"Kéo lại bằng phim mới, voucher quay lại, thông báo cá nhân hóa",171,2,10.84,0.5
178809,Khách giá trị cao,0.1381,model,"Membership, ưu đãi đặc quyền, đặt vé sớm phim hot",126,3,27.55,0.3333
113280,Khách giá trị cao,0.1381,model,"Membership, ưu đãi đặc quyền, đặt vé sớm phim hot",128,3,25.69,0.6667
184399,Khách lâu chưa quay lại,0.138,model,"Kéo lại bằng phim mới, voucher quay lại, thông báo cá nhân hóa",111,2,22.19,0.0
223568,Khách nhạy khuyến mãi,0.138,model,"Chuyển từ giảm giá trực tiếp sang tích điểm, voucher cá nhân hóa",52,2,5.29,0.5
213992,Khách lâu chưa quay lại,0.138,model,"Kéo lại bằng phim mới, voucher quay lại, thông báo cá nhân hóa",135,2,10.85,0.5
172626,Khách nhạy khuyến mãi,0.138,model,"Chuyển từ giảm giá trực tiếp sang tích điểm, voucher cá nhân hóa",66,2,54.11,0.5
150046,Khách nhạy khuyến mãi,0.138,model,"Chuyển từ giảm giá trực tiếp sang tích điểm, voucher cá nhân hóa",38,2,15.59,0.5
190316,Khách nhạy khuyến mãi,0.138,model,"Chuyển từ giảm giá trực tiếp sang tích điểm, voucher cá nhân hóa",22,2,5.7,1.0
103050,Khách lâu chưa quay lại,0.138,model,"Kéo lại bằng phim mới, voucher quay lại, thông báo cá nhân hóa",228,4,47.25,0.75
192624,Khách nhạy khuyến mãi,0.138,model,"Chuyển từ giảm giá trực tiếp sang tích điểm, voucher cá nhân hóa",27,2,13.4,0.5
112202,Khách giá trị cao,0.138,model,"Membership, ưu đãi đặc quyền, đặt vé sớm phim hot",176,3,8.53,1.0
204715,Khách nhạy khuyến mãi,0.138,model,"Chuyển từ giảm giá trực tiếp sang tích điểm, voucher cá nhân hóa",64,2,9.37,0.5
105215,Khách lâu chưa quay lại,0.138,model,"Kéo lại bằng phim mới, voucher quay lại, thông báo cá nhân hóa",349,4,23.73,0.25
198991,Khách lâu chưa quay lại,0.138,model,"Kéo lại bằng phim mới, voucher quay lại, thông báo cá nhân hóa",173,2,7.8,0.5
189833,Khách mua một lần (mới),0.1379,model,Tặng coupon cho lần mua thứ hai trong vòng 7–14 ngày,9,1,11.34,0.0
226210,Khách thường xuyên,0.1379,model,"Duy trì, không cần giảm giá sâu",52,1,11.1,0.0
168473,Khách giá trị cao,0.1379,model,"Membership, ưu đãi đặc quyền, đặt vé sớm phim hot",47,3,26.98,0.3333
161016,Khách giá trị cao,0.1379,model,"Membership, ưu đãi đặc quyền, đặt vé sớm phim hot",42,3,20.94,0.6667
203506,Khách giá trị cao,0.1379,model,"Membership, ưu đãi đặc quyền, đặt vé sớm phim hot",132,3,31.1,0.3333
183346,Khách giá trị cao,0.1379,model,"Membership, ưu đãi đặc quyền, đặt vé sớm phim hot",1,3,29.53,0.3333
138419,Khách nhạy khuyến mãi,0.1379,model,"Chuyển từ giảm giá trực tiếp sang tích điểm, voucher cá nhân hóa",47,2,21.61,1.0
200340,Khách lâu chưa quay lại,0.1379,model,"Kéo lại bằng phim mới, voucher quay lại, thông báo cá nhân hóa",104,2,23.43,0.0
122526,Khách lâu chưa quay lại,0.1378,model,"Kéo lại bằng phim mới, voucher quay lại, thông báo cá nhân hóa",157,1,5.57,0.0
109386,Khách giá trị cao,0.1378,model,"Membership, ưu đãi đặc quyền, đặt vé sớm phim hot",141,3,27.29,0.6667
136672,Khách nhạy khuyến mãi,0.1378,model,"Chuyển từ giảm giá trực tiếp sang tích điểm, voucher cá nhân hóa",10,2,11.05,1.0
113220,Khách giá trị cao,0.1377,model,"Membership, ưu đãi đặc quyền, đặt vé sớm phim hot",84,3,23.76,1.0
197907,Khách thường xuyên,0.1377,model,"Duy trì, không cần giảm giá sâu",43,2,14.77,0.0
183323,Khách lâu chưa quay lại,0.1377,model,"Kéo lại bằng phim mới, voucher quay lại, thông báo cá nhân hóa",164,2,70.02,0.5
125450,Khách lâu chưa quay lại,0.1377,model,"Kéo lại bằng phim mới, voucher quay lại, thông báo cá nhân hóa",230,4,28.99,0.75
158662,Khách nhạy khuyến mãi,0.1377,model,"Chuyển từ giảm giá trực tiếp sang tích điểm, voucher cá nhân hóa",63,2,17.2,0.5
113234,Khách giá trị cao,0.1377,model,"Membership, ưu đãi đặc quyền, đặt vé sớm phim hot",0,3,38.73,0.3333
145199,Khách giá trị cao,0.1377,model,"Membership, ưu đãi đặc quyền, đặt vé sớm phim hot",35,4,24.85,0.5
165367,Khách nhạy khuyến mãi,0.1376,model,"Chuyển từ giảm giá trực tiếp sang tích điểm, voucher cá nhân hóa",57,2,5.7,0.5
163701,Khách lâu chưa quay lại,0.1376,model,"Kéo lại bằng phim mới, voucher quay lại, thông báo cá nhân hóa",100,2,11.26,1.0
169091,Khách giá trị cao,0.1376,model,"Membership, ưu đãi đặc quyền, đặt vé sớm phim hot",135,4,27.95,1.0
165925,Khách lâu chưa quay lại,0.1376,model,"Kéo lại bằng phim mới, voucher quay lại, thông báo cá nhân hóa",227,3,35.29,0.0
165987,Khách lâu chưa quay lại,0.1376,model,"Kéo lại bằng phim mới, voucher quay lại, thông báo cá nhân hóa",200,2,23.21,0.0
126761,Khách giá trị cao,0.1376,model,"Membership, ưu đãi đặc quyền, đặt vé sớm phim hot",150,3,20.04,0.6667
206197,Khách lâu chưa quay lại,0.1376,model,"Kéo lại bằng phim mới, voucher quay lại, thông báo cá nhân hóa",142,2,17.52,0.5
193164,Khách lâu chưa quay lại,0.1376,model,"Kéo lại bằng phim mới, voucher quay lại, thông báo cá nhân hóa",136,2,20.26,0.5
116982,Khách nhạy khuyến mãi,0.1376,model,"Chuyển từ giảm giá trực tiếp sang tích điểm, voucher cá nhân hóa",43,2,17.28,1.0
156542,Khách nhạy khuyến mãi,0.1376,model,"Chuyển từ giảm giá trực tiếp sang tích điểm, voucher cá nhân hóa",65,2,20.37,0.5
103411,Khách lâu chưa quay lại,0.1376,model,"Kéo lại bằng phim mới, voucher quay lại, thông báo cá nhân hóa",137,2,10.25,0.5
106546,Khách giá trị cao,0.1376,model,"Membership, ưu đãi đặc quyền, đặt vé sớm phim hot",64,4,29.44,0.5
162526,Khách lâu chưa quay lại,0.1375,model,"Kéo lại bằng phim mới, voucher quay lại, thông báo cá nhân hóa",149,2,13.7,0.0
182147,Khách nhạy khuyến mãi,0.1375,model,"Chuyển từ giảm giá trực tiếp sang tích điểm, voucher cá nhân hóa",26,2,15.47,0.5
109280,Khách giá trị cao,0.1375,model,"Membership, ưu đãi đặc quyền, đặt vé sớm phim hot",69,5,22.77,0.2
198601,Khách thường xuyên,0.1375,model,"Duy trì, không cần giảm giá sâu",71,2,30.31,0.0
115662,Khách nhạy khuyến mãi,0.1375,model,"Chuyển từ giảm giá trực tiếp sang tích điểm, voucher cá nhân hóa",59,2,16.96,0.5
111559,Khách lâu chưa quay lại,0.1374,model,"Kéo lại bằng phim mới, voucher quay lại, thông báo cá nhân hóa",310,3,22.55,0.3333
171256,Khách giá trị cao,0.1374,model,"Membership, ưu đãi đặc quyền, đặt vé sớm phim hot",10,3,12.58,0.6667
209857,Khách lâu chưa quay lại,0.1374,model,"Kéo lại bằng phim mới, voucher quay lại, thông báo cá nhân hóa",175,2,13.69,1.0
123327,Khách giá trị cao,0.1374,model,"Membership, ưu đãi đặc quyền, đặt vé sớm phim hot",44,3,23.88,1.0
213018,Khách giá trị cao,0.1374,model,"Membership, ưu đãi đặc quyền, đặt vé sớm phim hot",146,3,38.56,0.3333
157412,Khách lâu chưa quay lại,0.1374,model,"Kéo lại bằng phim mới, voucher quay lại, thông báo cá nhân hóa",193,3,19.3,0.3333
102254,Khách giá trị cao,0.1373,model,"Membership, ưu đãi đặc quyền, đặt vé sớm phim hot",85,4,27.5,0.5
182375,Khách giá trị cao,0.1373,model,"Membership, ưu đãi đặc quyền, đặt vé sớm phim hot",174,5,40.88,1.0
178178,Khách nhạy khuyến mãi,0.1373,model,"Chuyển từ giảm giá trực tiếp sang tích điểm, voucher cá nhân hóa",17,2,14.77,1.0
132963,Khách nhạy khuyến mãi,0.1373,model,"Chuyển từ giảm giá trực tiếp sang tích điểm, voucher cá nhân hóa",40,2,8.78,0.5
101514,Khách giá trị cao,0.1373,model,"Membership, ưu đãi đặc quyền, đặt vé sớm phim hot",48,3,17.69,0.6667
207584,Khách lâu chưa quay lại,0.1373,model,"Kéo lại bằng phim mới, voucher quay lại, thông báo cá nhân hóa",170,1,21.53,0.0
193302,Khách nhạy khuyến mãi,0.1372,model,"Chuyển từ giảm giá trực tiếp sang tích điểm, voucher cá nhân hóa",18,2,6.1,1.0
209907,Khách giá trị cao,0.1372,model,"Membership, ưu đãi đặc quyền, đặt vé sớm phim hot",147,3,23.47,0.6667
154017,Khách lâu chưa quay lại,0.1372,model,"Kéo lại bằng phim mới, voucher quay lại, thông báo cá nhân hóa",184,2,13.23,0.5
217697,Khách lâu chưa quay lại,0.1372,model,"Kéo lại bằng phim mới, voucher quay lại, thông báo cá nhân hóa",118,2,24.3,0.5
106061,Khách giá trị cao,0.1372,model,"Membership, ưu đãi đặc quyền, đặt vé sớm phim hot",7,3,17.65,0.6667
164683,Khách nhạy khuyến mãi,0.1372,model,"Chuyển từ giảm giá trực tiếp sang tích điểm, voucher cá nhân hóa",6,2,15.57,0.5
160988,Khách lâu chưa quay lại,0.1372,model,"Kéo lại bằng phim mới, voucher quay lại, thông báo cá nhân hóa",630,3,47.71,0.3333
124778,Khách lâu chưa quay lại,0.1372,model,"Kéo lại bằng phim mới, voucher quay lại, thông báo cá nhân hóa",175,2,30.27,0.5
146143,Khách giá trị cao,0.1371,model,"Membership, ưu đãi đặc quyền, đặt vé sớm phim hot",169,3,20.04,0.6667
107921,Khách giá trị cao,0.1371,model,"Membership, ưu đãi đặc quyền, đặt vé sớm phim hot",56,4,50.02,0.5
174323,Khách lâu chưa quay lại,0.1371,model,"Kéo lại bằng phim mới, voucher quay lại, thông báo cá nhân hóa",199,2,16.09,1.0
105311,Khách lâu chưa quay lại,0.1371,model,"Kéo lại bằng phim mới, voucher quay lại, thông báo cá nhân hóa",193,2,17.48,0.0
156595,Khách lâu chưa quay lại,0.1371,model,"Kéo lại bằng phim mới, voucher quay lại, thông báo cá nhân hóa",91,2,13.57,0.5
153852,Khách lâu chưa quay lại,0.137,model,"Kéo lại bằng phim mới, voucher quay lại, thông báo cá nhân hóa",129,2,16.25,0.0
115740,Khách nhạy khuyến mãi,0.137,model,"Chuyển từ giảm giá trực tiếp sang tích điểm, voucher cá nhân hóa",45,2,5.69,1.0
156333,Khách nhạy khuyến mãi,0.137,model,"Chuyển từ giảm giá trực tiếp sang tích điểm, voucher cá nhân hóa",5,2,7.79,0.5
151785,Khách nhạy khuyến mãi,0.137,model,"Chuyển từ giảm giá trực tiếp sang tích điểm, voucher cá nhân hóa",81,2,15.89,0.5
122554,Khách lâu chưa quay lại,0.137,model,"Kéo lại bằng phim mới, voucher quay lại, thông báo cá nhân hóa",263,3,26.01,0.3333
123907,Khách giá trị cao,0.137,model,"Membership, ưu đãi đặc quyền, đặt vé sớm phim hot",173,3,24.54,0.6667
219740,Khách lâu chưa quay lại,0.1369,model,"Kéo lại bằng phim mới, voucher quay lại, thông báo cá nhân hóa",164,2,17.82,0.5
202222,Khách nhạy khuyến mãi,0.1369,model,"Chuyển từ giảm giá trực tiếp sang tích điểm, voucher cá nhân hóa",2,2,6.11,1.0
195663,Khách thường xuyên,0.1369,model,"Duy trì, không cần giảm giá sâu",63,2,10.44,0.0
211024,Khách thường xuyên,0.1369,model,"Duy trì, không cần giảm giá sâu",50,2,13.16,0.0
109347,Khách lâu chưa quay lại,0.1369,model,"Kéo lại bằng phim mới, voucher quay lại, thông báo cá nhân hóa",93,2,19.09,0.5
127870,Khách lâu chưa quay lại,0.1369,model,"Kéo lại bằng phim mới, voucher quay lại, thông báo cá nhân hóa",197,2,12.36,1.0
128256,Khách giá trị cao,0.1369,model,"Membership, ưu đãi đặc quyền, đặt vé sớm phim hot",101,4,59.03,1.0
148698,Khách lâu chưa quay lại,0.1368,model,"Kéo lại bằng phim mới, voucher quay lại, thông báo cá nhân hóa",98,2,13.9,1.0
226848,Khách nhạy khuyến mãi,0.1368,model,"Chuyển từ giảm giá trực tiếp sang tích điểm, voucher cá nhân hóa",44,2,19.13,0.5
219212,Khách lâu chưa quay lại,0.1368,model,"Kéo lại bằng phim mới, voucher quay lại, thông báo cá nhân hóa",91,2,14.68,0.0
167807,Khách thường xuyên,0.1368,model,"Duy trì, không cần giảm giá sâu",85,2,14.27,0.0
185124,Khách thường xuyên,0.1368,model,"Duy trì, không cần giảm giá sâu",78,2,13.73,0.0
108642,Khách lâu chưa quay lại,0.1368,model,"Kéo lại bằng phim mới, voucher quay lại, thông báo cá nhân hóa",93,2,13.73,0.0
119013,Khách lâu chưa quay lại,0.1368,model,"Kéo lại bằng phim mới, voucher quay lại, thông báo cá nhân hóa",113,2,13.16,0.0
163920,Khách giá trị cao,0.1368,model,"Membership, ưu đãi đặc quyền, đặt vé sớm phim hot",2,4,33.92,0.75
140364,Khách lâu chưa quay lại,0.1368,model,"Kéo lại bằng phim mới, voucher quay lại, thông báo cá nhân hóa",157,2,24.29,0.0
187931,Khách nhạy khuyến mãi,0.1368,model,"Chuyển từ giảm giá trực tiếp sang tích điểm, voucher cá nhân hóa",27,2,5.32,0.5
183483,Khách thường xuyên,0.1368,model,"Duy trì, không cần giảm giá sâu",5,2,9.89,0.0
153639,Khách lâu chưa quay lại,0.1368,model,"Kéo lại bằng phim mới, voucher quay lại, thông báo cá nhân hóa",275,1,9.9,0.0
113480,Khách lâu chưa quay lại,0.1368,model,"Kéo lại bằng phim mới, voucher quay lại, thông báo cá nhân hóa",191,2,17.61,0.5
185003,Khách lâu chưa quay lại,0.1368,model,"Kéo lại bằng phim mới, voucher quay lại, thông báo cá nhân hóa",103,2,17.23,0.5
185792,Khách thường xuyên,0.1368,model,"Duy trì, không cần giảm giá sâu",25,2,14.69,0.0
224303,Khách nhạy khuyến mãi,0.1368,model,"Chuyển từ giảm giá trực tiếp sang tích điểm, voucher cá nhân hóa",10,2,13.12,0.5
145209,Khách giá trị cao,0.1368,model,"Membership, ưu đãi đặc quyền, đặt vé sớm phim hot",51,3,35.56,0.6667
158925,Khách lâu chưa quay lại,0.1367,model,"Kéo lại bằng phim mới, voucher quay lại, thông báo cá nhân hóa",108,2,14.53,1.0
153629,Khách lâu chưa quay lại,0.1367,model,"Kéo lại bằng phim mới, voucher quay lại, thông báo cá nhân hóa",213,4,25.9,0.75
189019,Khách nhạy khuyến mãi,0.1367,model,"Chuyển từ giảm giá trực tiếp sang tích điểm, voucher cá nhân hóa",81,2,13.69,0.5
109556,Khách lâu chưa quay lại,0.1367,model,"Kéo lại bằng phim mới, voucher quay lại, thông báo cá nhân hóa",134,2,10.85,0.5
152535,Khách nhạy khuyến mãi,0.1367,model,"Chuyển từ giảm giá trực tiếp sang tích điểm, voucher cá nhân hóa",37,2,14.77,0.5
127794,Khách lâu chưa quay lại,0.1367,model,"Kéo lại bằng phim mới, voucher quay lại, thông báo cá nhân hóa",204,3,25.97,0.0
151024,Khách lâu chưa quay lại,0.1367,model,"Kéo lại bằng phim mới, voucher quay lại, thông báo cá nhân hóa",111,2,6.52,0.0
228429,Khách nhạy khuyến mãi,0.1366,model,"Chuyển từ giảm giá trực tiếp sang tích điểm, voucher cá nhân hóa",90,2,29.82,0.5
154479,Khách lâu chưa quay lại,0.1366,model,"Kéo lại bằng phim mới, voucher quay lại, thông báo cá nhân hóa",103,2,20.54,0.0
157612,Khách giá trị cao,0.1366,model,"Membership, ưu đãi đặc quyền, đặt vé sớm phim hot",134,3,24.0,0.6667
122244,Khách lâu chưa quay lại,0.1366,model,"Kéo lại bằng phim mới, voucher quay lại, thông báo cá nhân hóa",102,2,15.3,0.5
102420,Khách thường xuyên,0.1365,model,"Duy trì, không cần giảm giá sâu",57,2,15.05,0.0
226370,Khách thường xuyên,0.1365,model,"Duy trì, không cần giảm giá sâu",44,1,21.45,0.0
129274,Khách thường xuyên,0.1365,model,"Duy trì, không cần giảm giá sâu",45,1,21.57,0.0
113810,Khách thường xuyên,0.1365,model,"Duy trì, không cần giảm giá sâu",44,1,21.57,0.0
139444,Khách lâu chưa quay lại,0.1365,model,"Kéo lại bằng phim mới, voucher quay lại, thông báo cá nhân hóa",91,2,10.64,0.5
118554,Khách lâu chưa quay lại,0.1365,model,"Kéo lại bằng phim mới, voucher quay lại, thông báo cá nhân hóa",183,4,31.1,0.5
113818,Khách giá trị cao,0.1365,model,"Membership, ưu đãi đặc quyền, đặt vé sớm phim hot",176,3,34.68,0.6667
154445,Khách giá trị cao,0.1364,model,"Membership, ưu đãi đặc quyền, đặt vé sớm phim hot",169,3,44.05,0.3333
143505,Khách nhạy khuyến mãi,0.1364,model,"Chuyển từ giảm giá trực tiếp sang tích điểm, voucher cá nhân hóa",65,2,27.88,0.5
109226,Khách giá trị cao,0.1364,model,"Membership, ưu đãi đặc quyền, đặt vé sớm phim hot",57,3,29.18,0.3333
104506,Khách lâu chưa quay lại,0.1364,model,"Kéo lại bằng phim mới, voucher quay lại, thông báo cá nhân hóa",226,4,30.69,0.75
194196,Khách nhạy khuyến mãi,0.1364,model,"Chuyển từ giảm giá trực tiếp sang tích điểm, voucher cá nhân hóa",28,2,16.0,0.5
129380,Khách lâu chưa quay lại,0.1364,model,"Kéo lại bằng phim mới, voucher quay lại, thông báo cá nhân hóa",133,2,15.63,0.5
122449,Khách nhạy khuyến mãi,0.1364,model,"Chuyển từ giảm giá trực tiếp sang tích điểm, voucher cá nhân hóa",90,2,15.8,0.5
153747,Khách thường xuyên,0.1364,model,"Duy trì, không cần giảm giá sâu",64,2,16.0,0.0
160490,Khách nhạy khuyến mãi,0.1364,model,"Chuyển từ giảm giá trực tiếp sang tích điểm, voucher cá nhân hóa",57,2,5.7,1.0
165463,Khách lâu chưa quay lại,0.1364,model,"Kéo lại bằng phim mới, voucher quay lại, thông báo cá nhân hóa",134,2,10.85,0.5
199278,Khách thường xuyên,0.1363,model,"Duy trì, không cần giảm giá sâu",80,2,17.61,0.0
112557,Khách lâu chưa quay lại,0.1363,model,"Kéo lại bằng phim mới, voucher quay lại, thông báo cá nhân hóa",236,3,12.46,1.0
185957,Khách thường xuyên,0.1363,model,"Duy trì, không cần giảm giá sâu",9,2,6.84,0.0
194401,Khách lâu chưa quay lại,0.1363,model,"Kéo lại bằng phim mới, voucher quay lại, thông báo cá nhân hóa",93,2,12.95,0.5
176861,Khách lâu chưa quay lại,0.1363,model,"Kéo lại bằng phim mới, voucher quay lại, thông báo cá nhân hóa",164,2,24.24,0.5
193971,Khách nhạy khuyến mãi,0.1363,model,"Chuyển từ giảm giá trực tiếp sang tích điểm, voucher cá nhân hóa",29,2,14.31,1.0
102816,Khách lâu chưa quay lại,0.1363,model,"Kéo lại bằng phim mới, voucher quay lại, thông báo cá nhân hóa",238,3,24.86,0.3333
145130,Khách lâu chưa quay lại,0.1363,model,"Kéo lại bằng phim mới, voucher quay lại, thông báo cá nhân hóa",204,3,14.22,0.0
221102,Khách thường xuyên,0.1363,model,"Duy trì, không cần giảm giá sâu",83,2,15.18,0.0
178514,Khách lâu chưa quay lại,0.1363,model,"Kéo lại bằng phim mới, voucher quay lại, thông báo cá nhân hóa",92,2,7.59,0.0
128548,Khách giá trị cao,0.1363,model,"Membership, ưu đãi đặc quyền, đặt vé sớm phim hot",91,3,18.88,0.0
107016,Khách thường xuyên,0.1363,model,"Duy trì, không cần giảm giá sâu",8,2,6.85,0.0
142912,Khách giá trị cao,0.1362,model,"Membership, ưu đãi đặc quyền, đặt vé sớm phim hot",43,3,9.0,0.3333
222933,Khách giá trị cao,0.1362,model,"Membership, ưu đãi đặc quyền, đặt vé sớm phim hot",43,3,19.26,0.6667
210482,Khách lâu chưa quay lại,0.1362,model,"Kéo lại bằng phim mới, voucher quay lại, thông báo cá nhân hóa",115,2,16.81,0.5
173659,Khách giá trị cao,0.1362,model,"Membership, ưu đãi đặc quyền, đặt vé sớm phim hot",58,3,20.62,0.6667
185680,Khách lâu chưa quay lại,0.1362,model,"Kéo lại bằng phim mới, voucher quay lại, thông báo cá nhân hóa",113,2,39.6,0.0
145296,Khách lâu chưa quay lại,0.1362,model,"Kéo lại bằng phim mới, voucher quay lại, thông báo cá nhân hóa",99,2,7.59,0.5
184178,Khách giá trị cao,0.1362,model,"Membership, ưu đãi đặc quyền, đặt vé sớm phim hot",66,3,19.43,1.0
122108,Khách lâu chưa quay lại,0.1361,model,"Kéo lại bằng phim mới, voucher quay lại, thông báo cá nhân hóa",244,3,18.96,0.0
203597,Khách nhạy khuyến mãi,0.1361,model,"Chuyển từ giảm giá trực tiếp sang tích điểm, voucher cá nhân hóa",85,2,23.92,0.5
171643,Khách giá trị cao,0.1361,model,"Membership, ưu đãi đặc quyền, đặt vé sớm phim hot",117,4,35.84,0.0
157512,Khách giá trị cao,0.1361,model,"Membership, ưu đãi đặc quyền, đặt vé sớm phim hot",159,4,27.43,0.0
193575,Khách nhạy khuyến mãi,0.1361,model,"Chuyển từ giảm giá trực tiếp sang tích điểm, voucher cá nhân hóa",17,2,29.44,0.5
173680,Khách lâu chưa quay lại,0.1361,model,"Kéo lại bằng phim mới, voucher quay lại, thông báo cá nhân hóa",205,2,15.3,1.0
111047,Khách nhạy khuyến mãi,0.1361,model,"Chuyển từ giảm giá trực tiếp sang tích điểm, voucher cá nhân hóa",55,2,13.94,0.5
118729,Khách lâu chưa quay lại,0.1361,model,"Kéo lại bằng phim mới, voucher quay lại, thông báo cá nhân hóa",280,3,22.35,0.0
133749,Khách thường xuyên,0.1361,model,"Duy trì, không cần giảm giá sâu",44,2,31.02,0.0
110915,Khách lâu chưa quay lại,0.136,model,"Kéo lại bằng phim mới, voucher quay lại, thông báo cá nhân hóa",314,2,10.63,0.5
124693,Khách giá trị cao,0.136,model,"Membership, ưu đãi đặc quyền, đặt vé sớm phim hot",170,3,43.26,1.0
117395,Khách nhạy khuyến mãi,0.136,model,"Chuyển từ giảm giá trực tiếp sang tích điểm, voucher cá nhân hóa",85,2,19.84,0.5
206831,Khách thường xuyên,0.136,model,"Duy trì, không cần giảm giá sâu",60,2,14.36,0.0
167615,Khách giá trị cao,0.136,model,"Membership, ưu đãi đặc quyền, đặt vé sớm phim hot",169,4,38.74,0.75
188096,Khách lâu chưa quay lại,0.1359,model,"Kéo lại bằng phim mới, voucher quay lại, thông báo cá nhân hóa",172,2,15.26,1.0
154712,Khách nhạy khuyến mãi,0.1359,model,"Chuyển từ giảm giá trực tiếp sang tích điểm, voucher cá nhân hóa",45,2,13.7,1.0
164791,Khách thường xuyên,0.1359,model,"Duy trì, không cần giảm giá sâu",60,2,19.19,0.0
122274,Khách lâu chưa quay lại,0.1359,model,"Kéo lại bằng phim mới, voucher quay lại, thông báo cá nhân hóa",222,4,18.73,1.0
171871,Khách giá trị cao,0.1359,model,"Membership, ưu đãi đặc quyền, đặt vé sớm phim hot",72,3,21.98,0.3333
169929,Khách nhạy khuyến mãi,0.1359,model,"Chuyển từ giảm giá trực tiếp sang tích điểm, voucher cá nhân hóa",15,2,33.74,0.5
226382,Khách giá trị cao,0.1359,model,"Membership, ưu đãi đặc quyền, đặt vé sớm phim hot",46,4,11.85,1.0
111516,Khách nhạy khuyến mãi,0.1358,model,"Chuyển từ giảm giá trực tiếp sang tích điểm, voucher cá nhân hóa",12,2,9.82,0.5
132180,Khách giá trị cao,0.1358,model,"Membership, ưu đãi đặc quyền, đặt vé sớm phim hot",92,3,24.41,0.6667
113522,Khách giá trị cao,0.1358,model,"Membership, ưu đãi đặc quyền, đặt vé sớm phim hot",22,3,31.06,0.3333
111944,Khách nhạy khuyến mãi,0.1358,model,"Chuyển từ giảm giá trực tiếp sang tích điểm, voucher cá nhân hóa",20,2,7.18,0.5
160289,Khách giá trị cao,0.1358,model,"Membership, ưu đãi đặc quyền, đặt vé sớm phim hot",44,4,22.92,0.5
153015,Khách lâu chưa quay lại,0.1358,model,"Kéo lại bằng phim mới, voucher quay lại, thông báo cá nhân hóa",121,2,14.75,0.0
172778,Khách thường xuyên,0.1358,model,"Duy trì, không cần giảm giá sâu",52,2,7.18,0.0
197445,Khách nhạy khuyến mãi,0.1358,model,"Chuyển từ giảm giá trực tiếp sang tích điểm, voucher cá nhân hóa",42,2,5.7,1.0
117727,Khách lâu chưa quay lại,0.1358,model,"Kéo lại bằng phim mới, voucher quay lại, thông báo cá nhân hóa",345,2,13.03,1.0
102548,Khách lâu chưa quay lại,0.1358,model,"Kéo lại bằng phim mới, voucher quay lại, thông báo cá nhân hóa",199,3,41.53,0.3333
151856,Khách nhạy khuyến mãi,0.1358,model,"Chuyển từ giảm giá trực tiếp sang tích điểm, voucher cá nhân hóa",49,2,16.66,0.5
185949,Khách thường xuyên,0.1357,model,"Duy trì, không cần giảm giá sâu",71,2,43.36,0.0
120559,Khách giá trị cao,0.1357,model,"Membership, ưu đãi đặc quyền, đặt vé sớm phim hot",66,3,18.76,0.0
108171,Khách giá trị cao,0.1357,model,"Membership, ưu đãi đặc quyền, đặt vé sớm phim hot",68,4,21.04,0.75
173357,Khách lâu chưa quay lại,0.1357,model,"Kéo lại bằng phim mới, voucher quay lại, thông báo cá nhân hóa",219,4,18.64,0.25
131375,Khách giá trị cao,0.1357,model,"Membership, ưu đãi đặc quyền, đặt vé sớm phim hot",36,4,21.07,0.5
208856,Khách thường xuyên,0.1357,model,"Duy trì, không cần giảm giá sâu",8,2,22.81,0.0
150949,Khách thường xuyên,0.1356,model,"Duy trì, không cần giảm giá sâu",20,2,5.36,0.0
170972,Khách lâu chưa quay lại,0.1356,model,"Kéo lại bằng phim mới, voucher quay lại, thông báo cá nhân hóa",205,3,24.12,1.0
150280,Khách giá trị cao,0.1356,model,"Membership, ưu đãi đặc quyền, đặt vé sớm phim hot",63,6,42.24,0.8333
114316,Khách lâu chưa quay lại,0.1356,model,"Kéo lại bằng phim mới, voucher quay lại, thông báo cá nhân hóa",282,4,41.02,1.0
116673,Khách lâu chưa quay lại,0.1356,model,"Kéo lại bằng phim mới, voucher quay lại, thông báo cá nhân hóa",116,2,24.52,0.5
146751,Khách giá trị cao,0.1356,model,"Membership, ưu đãi đặc quyền, đặt vé sớm phim hot",160,3,15.05,1.0
124136,Khách nhạy khuyến mãi,0.1356,model,"Chuyển từ giảm giá trực tiếp sang tích điểm, voucher cá nhân hóa",90,2,11.22,0.5
206166,Khách lâu chưa quay lại,0.1355,model,"Kéo lại bằng phim mới, voucher quay lại, thông báo cá nhân hóa",230,2,11.01,1.0
198385,Khách giá trị cao,0.1355,model,"Membership, ưu đãi đặc quyền, đặt vé sớm phim hot",42,3,32.5,0.6667
158886,Khách giá trị cao,0.1355,model,"Membership, ưu đãi đặc quyền, đặt vé sớm phim hot",165,3,29.47,0.3333
169371,Khách lâu chưa quay lại,0.1355,model,"Kéo lại bằng phim mới, voucher quay lại, thông báo cá nhân hóa",233,3,18.47,0.3333
172118,Khách lâu chưa quay lại,0.1355,model,"Kéo lại bằng phim mới, voucher quay lại, thông báo cá nhân hóa",270,4,33.21,0.75
203779,Khách nhạy khuyến mãi,0.1355,model,"Chuyển từ giảm giá trực tiếp sang tích điểm, voucher cá nhân hóa",38,2,24.29,0.5
165464,Khách nhạy khuyến mãi,0.1355,model,"Chuyển từ giảm giá trực tiếp sang tích điểm, voucher cá nhân hóa",20,2,16.58,0.5
178387,Khách nhạy khuyến mãi,0.1355,model,"Chuyển từ giảm giá trực tiếp sang tích điểm, voucher cá nhân hóa",31,2,10.89,0.5
147568,Khách thường xuyên,0.1354,model,"Duy trì, không cần giảm giá sâu",3,2,29.9,0.0
168943,Khách lâu chưa quay lại,0.1354,model,"Kéo lại bằng phim mới, voucher quay lại, thông báo cá nhân hóa",195,3,32.66,0.6667
175812,Khách giá trị cao,0.1354,model,"Membership, ưu đãi đặc quyền, đặt vé sớm phim hot",174,3,31.1,0.6667
124137,Khách nhạy khuyến mãi,0.1354,model,"Chuyển từ giảm giá trực tiếp sang tích điểm, voucher cá nhân hóa",64,2,10.85,0.5
106809,Khách giá trị cao,0.1354,model,"Membership, ưu đãi đặc quyền, đặt vé sớm phim hot",175,3,35.03,1.0
134553,Khách lâu chưa quay lại,0.1354,model,"Kéo lại bằng phim mới, voucher quay lại, thông báo cá nhân hóa",266,4,31.91,1.0
190846,Khách nhạy khuyến mãi,0.1354,model,"Chuyển từ giảm giá trực tiếp sang tích điểm, voucher cá nhân hóa",7,2,29.03,0.5
201895,Khách giá trị cao,0.1354,model,"Membership, ưu đãi đặc quyền, đặt vé sớm phim hot",59,3,24.7,0.6667
151395,Khách lâu chưa quay lại,0.1353,model,"Kéo lại bằng phim mới, voucher quay lại, thông báo cá nhân hóa",212,4,25.71,0.75
102211,Khách lâu chưa quay lại,0.1353,model,"Kéo lại bằng phim mới, voucher quay lại, thông báo cá nhân hóa",261,6,69.2,0.5
129126,Khách lâu chưa quay lại,0.1353,model,"Kéo lại bằng phim mới, voucher quay lại, thông báo cá nhân hóa",288,2,23.09,0.5
150701,Khách giá trị cao,0.1353,model,"Membership, ưu đãi đặc quyền, đặt vé sớm phim hot",89,3,24.45,0.3333
223554,Khách lâu chưa quay lại,0.1353,model,"Kéo lại bằng phim mới, voucher quay lại, thông báo cá nhân hóa",123,2,16.74,0.5
218252,Khách nhạy khuyến mãi,0.1353,model,"Chuyển từ giảm giá trực tiếp sang tích điểm, voucher cá nhân hóa",31,2,13.37,0.5
106536,Khách giá trị cao,0.1353,model,"Membership, ưu đãi đặc quyền, đặt vé sớm phim hot",44,3,51.6,0.6667
165946,Khách nhạy khuyến mãi,0.1353,model,"Chuyển từ giảm giá trực tiếp sang tích điểm, voucher cá nhân hóa",42,2,5.7,1.0
188211,Khách nhạy khuyến mãi,0.1353,model,"Chuyển từ giảm giá trực tiếp sang tích điểm, voucher cá nhân hóa",50,2,5.7,1.0
181194,Khách nhạy khuyến mãi,0.1353,model,"Chuyển từ giảm giá trực tiếp sang tích điểm, voucher cá nhân hóa",42,2,5.7,1.0
136228,Khách nhạy khuyến mãi,0.1353,model,"Chuyển từ giảm giá trực tiếp sang tích điểm, voucher cá nhân hóa",37,2,5.7,1.0
154791,Khách giá trị cao,0.1353,model,"Membership, ưu đãi đặc quyền, đặt vé sớm phim hot",89,3,10.23,0.6667
201337,Khách thường xuyên,0.1353,model,"Duy trì, không cần giảm giá sâu",57,2,12.21,0.0
215361,Khách thường xuyên,0.1353,model,"Duy trì, không cần giảm giá sâu",26,2,20.87,0.0
121544,Khách nhạy khuyến mãi,0.1352,model,"Chuyển từ giảm giá trực tiếp sang tích điểm, voucher cá nhân hóa",58,2,14.11,0.5
173872,Khách nhạy khuyến mãi,0.1352,model,"Chuyển từ giảm giá trực tiếp sang tích điểm, voucher cá nhân hóa",51,2,14.52,1.0
157326,Khách lâu chưa quay lại,0.1352,model,"Kéo lại bằng phim mới, voucher quay lại, thông báo cá nhân hóa",203,3,34.03,0.6667
203261,Khách nhạy khuyến mãi,0.1352,model,"Chuyển từ giảm giá trực tiếp sang tích điểm, voucher cá nhân hóa",57,2,12.53,0.5
120331,Khách mua một lần (mới),0.1352,model,Tặng coupon cho lần mua thứ hai trong vòng 7–14 ngày,15,1,21.86,0.0
129167,Khách nhạy khuyến mãi,0.1352,model,"Chuyển từ giảm giá trực tiếp sang tích điểm, voucher cá nhân hóa",19,2,6.11,1.0
226007,Khách lâu chưa quay lại,0.1351,model,"Kéo lại bằng phim mới, voucher quay lại, thông báo cá nhân hóa",123,2,20.0,0.0
147445,Khách giá trị cao,0.1351,model,"Membership, ưu đãi đặc quyền, đặt vé sớm phim hot",168,4,26.77,0.25
104131,Khách mua một lần (mới),0.1351,model,Tặng coupon cho lần mua thứ hai trong vòng 7–14 ngày,1,1,11.13,0.0
228002,Khách nhạy khuyến mãi,0.1351,model,"Chuyển từ giảm giá trực tiếp sang tích điểm, voucher cá nhân hóa",0,2,5.69,0.5
169722,Khách lâu chưa quay lại,0.1351,model,"Kéo lại bằng phim mới, voucher quay lại, thông báo cá nhân hóa",260,3,18.73,1.0
164153,Khách nhạy khuyến mãi,0.1351,model,"Chuyển từ giảm giá trực tiếp sang tích điểm, voucher cá nhân hóa",11,2,18.1,0.5
225216,Khách thường xuyên,0.1351,model,"Duy trì, không cần giảm giá sâu",57,2,8.62,0.0
151095,Khách thường xuyên,0.1351,model,"Duy trì, không cần giảm giá sâu",79,2,22.19,0.0
125367,Khách lâu chưa quay lại,0.135,model,"Kéo lại bằng phim mới, voucher quay lại, thông báo cá nhân hóa",107,2,5.32,0.0
134675,Khách lâu chưa quay lại,0.135,model,"Kéo lại bằng phim mới, voucher quay lại, thông báo cá nhân hóa",316,4,28.99,0.75
155514,Khách giá trị cao,0.135,model,"Membership, ưu đãi đặc quyền, đặt vé sớm phim hot",82,4,21.36,0.0
191942,Khách nhạy khuyến mãi,0.135,model,"Chuyển từ giảm giá trực tiếp sang tích điểm, voucher cá nhân hóa",82,2,5.7,0.5
160808,Khách lâu chưa quay lại,0.135,model,"Kéo lại bằng phim mới, voucher quay lại, thông báo cá nhân hóa",200,2,9.41,0.5
182325,Khách giá trị cao,0.135,model,"Membership, ưu đãi đặc quyền, đặt vé sớm phim hot",42,3,20.87,0.6667
129002,Khách giá trị cao,0.135,model,"Membership, ưu đãi đặc quyền, đặt vé sớm phim hot",81,3,30.44,0.6667
107960,Khách nhạy khuyến mãi,0.135,model,"Chuyển từ giảm giá trực tiếp sang tích điểm, voucher cá nhân hóa",88,2,13.61,0.5
202680,Khách nhạy khuyến mãi,0.135,model,"Chuyển từ giảm giá trực tiếp sang tích điểm, voucher cá nhân hóa",90,2,13.94,0.5
200539,Khách thường xuyên,0.135,model,"Duy trì, không cần giảm giá sâu",63,2,21.57,0.0
118683,Khách nhạy khuyến mãi,0.135,model,"Chuyển từ giảm giá trực tiếp sang tích điểm, voucher cá nhân hóa",32,2,11.35,0.5
146126,Khách lâu chưa quay lại,0.135,model,"Kéo lại bằng phim mới, voucher quay lại, thông báo cá nhân hóa",91,2,18.56,0.5
152168,Khách nhạy khuyến mãi,0.135,model,"Chuyển từ giảm giá trực tiếp sang tích điểm, voucher cá nhân hóa",82,2,8.01,0.5
143073,Khách lâu chưa quay lại,0.135,model,"Kéo lại bằng phim mới, voucher quay lại, thông báo cá nhân hóa",136,2,17.28,0.5
116926,Khách lâu chưa quay lại,0.135,model,"Kéo lại bằng phim mới, voucher quay lại, thông báo cá nhân hóa",133,2,13.15,0.5
122895,Khách lâu chưa quay lại,0.135,model,"Kéo lại bằng phim mới, voucher quay lại, thông báo cá nhân hóa",182,3,21.24,0.6667
127331,Khách giá trị cao,0.1349,model,"Membership, ưu đãi đặc quyền, đặt vé sớm phim hot",103,3,13.65,0.3333
194926,Khách giá trị cao,0.1349,model,"Membership, ưu đãi đặc quyền, đặt vé sớm phim hot",5,3,32.04,0.0
126030,Khách giá trị cao,0.1349,model,"Membership, ưu đãi đặc quyền, đặt vé sớm phim hot",148,3,15.06,1.0
188398,Khách thường xuyên,0.1349,model,"Duy trì, không cần giảm giá sâu",4,2,25.98,0.0
134760,Khách nhạy khuyến mãi,0.1349,model,"Chuyển từ giảm giá trực tiếp sang tích điểm, voucher cá nhân hóa",50,2,5.7,1.0
227496,Khách thường xuyên,0.1349,model,"Duy trì, không cần giảm giá sâu",71,2,23.1,0.0
207329,Khách lâu chưa quay lại,0.1348,model,"Kéo lại bằng phim mới, voucher quay lại, thông báo cá nhân hóa",156,2,42.32,0.0
197524,Khách thường xuyên,0.1348,model,"Duy trì, không cần giảm giá sâu",51,2,12.78,0.0
129593,Khách giá trị cao,0.1348,model,"Membership, ưu đãi đặc quyền, đặt vé sớm phim hot",174,4,27.53,1.0
146036,Khách lâu chưa quay lại,0.1348,model,"Kéo lại bằng phim mới, voucher quay lại, thông báo cá nhân hóa",177,2,17.52,1.0
203651,Khách lâu chưa quay lại,0.1348,model,"Kéo lại bằng phim mới, voucher quay lại, thông báo cá nhân hóa",188,2,8.91,0.5
136776,Khách nhạy khuyến mãi,0.1347,model,"Chuyển từ giảm giá trực tiếp sang tích điểm, voucher cá nhân hóa",83,2,5.7,1.0
176326,Khách nhạy khuyến mãi,0.1347,model,"Chuyển từ giảm giá trực tiếp sang tích điểm, voucher cá nhân hóa",67,2,5.7,1.0
195350,Khách nhạy khuyến mãi,0.1347,model,"Chuyển từ giảm giá trực tiếp sang tích điểm, voucher cá nhân hóa",82,2,5.7,1.0
122019,Khách lâu chưa quay lại,0.1347,model,"Kéo lại bằng phim mới, voucher quay lại, thông báo cá nhân hóa",309,3,24.65,0.3333
104206,Khách lâu chưa quay lại,0.1347,model,"Kéo lại bằng phim mới, voucher quay lại, thông báo cá nhân hóa",379,6,58.79,0.6667
105381,Khách lâu chưa quay lại,0.1347,model,"Kéo lại bằng phim mới, voucher quay lại, thông báo cá nhân hóa",156,2,17.56,1.0
110790,Khách nhạy khuyến mãi,0.1347,model,"Chuyển từ giảm giá trực tiếp sang tích điểm, voucher cá nhân hóa",46,2,13.61,0.5
211745,Khách thường xuyên,0.1347,model,"Duy trì, không cần giảm giá sâu",59,2,23.63,0.0
141943,Khách lâu chưa quay lại,0.1346,model,"Kéo lại bằng phim mới, voucher quay lại, thông báo cá nhân hóa",232,2,15.47,1.0
113246,Khách giá trị cao,0.1346,model,"Membership, ưu đãi đặc quyền, đặt vé sớm phim hot",148,3,26.58,0.6667
138453,Khách thường xuyên,0.1346,model,"Duy trì, không cần giảm giá sâu",0,2,17.12,0.0
134180,Khách lâu chưa quay lại,0.1346,model,"Kéo lại bằng phim mới, voucher quay lại, thông báo cá nhân hóa",114,2,16.99,1.0
203668,Khách lâu chưa quay lại,0.1346,model,"Kéo lại bằng phim mới, voucher quay lại, thông báo cá nhân hóa",143,2,9.37,0.0
129014,Khách lâu chưa quay lại,0.1346,model,"Kéo lại bằng phim mới, voucher quay lại, thông báo cá nhân hóa",315,6,37.47,1.0
183836,Khách thường xuyên,0.1346,model,"Duy trì, không cần giảm giá sâu",41,2,22.68,0.0
187206,Khách thường xuyên,0.1346,model,"Duy trì, không cần giảm giá sâu",37,2,15.47,0.0
139827,Khách lâu chưa quay lại,0.1346,model,"Kéo lại bằng phim mới, voucher quay lại, thông báo cá nhân hóa",264,3,24.95,0.6667
103713,Khách lâu chưa quay lại,0.1346,model,"Kéo lại bằng phim mới, voucher quay lại, thông báo cá nhân hóa",203,3,18.02,0.3333
117549,Khách giá trị cao,0.1346,model,"Membership, ưu đãi đặc quyền, đặt vé sớm phim hot",47,3,34.6,0.0
205038,Khách lâu chưa quay lại,0.1346,model,"Kéo lại bằng phim mới, voucher quay lại, thông báo cá nhân hóa",118,2,11.92,0.0
187566,Khách lâu chưa quay lại,0.1345,model,"Kéo lại bằng phim mới, voucher quay lại, thông báo cá nhân hóa",119,2,10.64,0.5
102797,Khách giá trị cao,0.1345,model,"Membership, ưu đãi đặc quyền, đặt vé sớm phim hot",172,3,15.63,1.0
227541,Khách lâu chưa quay lại,0.1345,model,"Kéo lại bằng phim mới, voucher quay lại, thông báo cá nhân hóa",137,2,15.47,0.0
155205,Khách giá trị cao,0.1345,model,"Membership, ưu đãi đặc quyền, đặt vé sớm phim hot",48,3,21.82,0.3333
105876,Khách lâu chưa quay lại,0.1345,model,"Kéo lại bằng phim mới, voucher quay lại, thông báo cá nhân hóa",172,2,49.95,0.5
164205,Khách lâu chưa quay lại,0.1345,model,"Kéo lại bằng phim mới, voucher quay lại, thông báo cá nhân hóa",239,4,25.26,1.0
185649,Khách nhạy khuyến mãi,0.1345,model,"Chuyển từ giảm giá trực tiếp sang tích điểm, voucher cá nhân hóa",29,2,11.26,0.5
171407,Khách giá trị cao,0.1345,model,"Membership, ưu đãi đặc quyền, đặt vé sớm phim hot",62,3,20.66,0.6667
218405,Khách lâu chưa quay lại,0.1345,model,"Kéo lại bằng phim mới, voucher quay lại, thông báo cá nhân hóa",100,2,10.89,0.5
123159,Khách lâu chưa quay lại,0.1345,model,"Kéo lại bằng phim mới, voucher quay lại, thông báo cá nhân hóa",261,3,17.98,0.6667
176502,Khách lâu chưa quay lại,0.1345,model,"Kéo lại bằng phim mới, voucher quay lại, thông báo cá nhân hóa",114,2,11.25,0.5
125696,Khách giá trị cao,0.1345,model,"Membership, ưu đãi đặc quyền, đặt vé sớm phim hot",70,3,28.0,0.3333
124708,Khách giá trị cao,0.1344,model,"Membership, ưu đãi đặc quyền, đặt vé sớm phim hot",63,3,23.01,0.6667
154723,Khách lâu chưa quay lại,0.1344,model,"Kéo lại bằng phim mới, voucher quay lại, thông báo cá nhân hóa",196,3,23.01,0.3333
162214,Khách lâu chưa quay lại,0.1344,model,"Kéo lại bằng phim mới, voucher quay lại, thông báo cá nhân hóa",167,2,63.26,0.0
183921,Khách lâu chưa quay lại,0.1344,model,"Kéo lại bằng phim mới, voucher quay lại, thông báo cá nhân hóa",192,3,34.8,0.6667
133940,Khách giá trị cao,0.1344,model,"Membership, ưu đãi đặc quyền, đặt vé sớm phim hot",168,3,23.89,0.3333
162148,Khách giá trị cao,0.1344,model,"Membership, ưu đãi đặc quyền, đặt vé sớm phim hot",157,3,26.52,0.6667
121047,Khách giá trị cao,0.1344,model,"Membership, ưu đãi đặc quyền, đặt vé sớm phim hot",5,3,19.96,0.6667
159555,Khách giá trị cao,0.1344,model,"Membership, ưu đãi đặc quyền, đặt vé sớm phim hot",63,3,14.81,1.0
189044,Khách nhạy khuyến mãi,0.1344,model,"Chuyển từ giảm giá trực tiếp sang tích điểm, voucher cá nhân hóa",70,2,15.18,0.5
124140,Khách lâu chưa quay lại,0.1344,model,"Kéo lại bằng phim mới, voucher quay lại, thông báo cá nhân hóa",101,2,58.89,0.0
113589,Khách giá trị cao,0.1343,model,"Membership, ưu đãi đặc quyền, đặt vé sớm phim hot",100,5,37.58,0.6
220220,Khách nhạy khuyến mãi,0.1343,model,"Chuyển từ giảm giá trực tiếp sang tích điểm, voucher cá nhân hóa",29,2,15.18,0.5
217431,Khách thường xuyên,0.1343,model,"Duy trì, không cần giảm giá sâu",52,2,33.65,0.0
174144,Khách lâu chưa quay lại,0.1343,model,"Kéo lại bằng phim mới, voucher quay lại, thông báo cá nhân hóa",140,2,9.03,0.5
159581,Khách lâu chưa quay lại,0.1343,model,"Kéo lại bằng phim mới, voucher quay lại, thông báo cá nhân hóa",126,2,20.17,0.5
133186,Khách lâu chưa quay lại,0.1343,model,"Kéo lại bằng phim mới, voucher quay lại, thông báo cá nhân hóa",114,2,13.15,0.5
128892,Khách lâu chưa quay lại,0.1343,model,"Kéo lại bằng phim mới, voucher quay lại, thông báo cá nhân hóa",168,2,10.85,0.5
105373,Khách lâu chưa quay lại,0.1343,model,"Kéo lại bằng phim mới, voucher quay lại, thông báo cá nhân hóa",170,2,10.85,0.5
201433,Khách nhạy khuyến mãi,0.1343,model,"Chuyển từ giảm giá trực tiếp sang tích điểm, voucher cá nhân hóa",57,2,17.11,0.5
111288,Khách giá trị cao,0.1343,model,"Membership, ưu đãi đặc quyền, đặt vé sớm phim hot",68,3,22.27,0.0
204495,Khách lâu chưa quay lại,0.1343,model,"Kéo lại bằng phim mới, voucher quay lại, thông báo cá nhân hóa",146,2,5.15,0.5
122186,Khách nhạy khuyến mãi,0.1343,model,"Chuyển từ giảm giá trực tiếp sang tích điểm, voucher cá nhân hóa",79,2,17.16,0.5
149702,Khách nhạy khuyến mãi,0.1342,model,"Chuyển từ giảm giá trực tiếp sang tích điểm, voucher cá nhân hóa",13,2,20.38,0.5
121093,Khách nhạy khuyến mãi,0.1342,model,"Chuyển từ giảm giá trực tiếp sang tích điểm, voucher cá nhân hóa",43,2,13.54,1.0
163307,Khách lâu chưa quay lại,0.1342,model,"Kéo lại bằng phim mới, voucher quay lại, thông báo cá nhân hóa",238,2,24.34,0.5
122092,Khách nhạy khuyến mãi,0.1342,model,"Chuyển từ giảm giá trực tiếp sang tích điểm, voucher cá nhân hóa",3,2,6.52,1.0
101620,Khách giá trị cao,0.1342,model,"Membership, ưu đãi đặc quyền, đặt vé sớm phim hot",153,4,31.01,0.75
198835,Khách mua một lần (mới),0.1342,model,Tặng coupon cho lần mua thứ hai trong vòng 7–14 ngày,9,1,21.65,0.0
133211,Khách giá trị cao,0.1342,model,"Membership, ưu đãi đặc quyền, đặt vé sớm phim hot",81,3,24.87,0.6667
105484,Khách giá trị cao,0.1342,model,"Membership, ưu đãi đặc quyền, đặt vé sớm phim hot",21,3,23.66,0.3333
101676,Khách lâu chưa quay lại,0.1342,model,"Kéo lại bằng phim mới, voucher quay lại, thông báo cá nhân hóa",320,4,28.29,0.0
154036,Khách lâu chưa quay lại,0.1342,model,"Kéo lại bằng phim mới, voucher quay lại, thông báo cá nhân hóa",126,2,16.01,0.5
207138,Khách nhạy khuyến mãi,0.1342,model,"Chuyển từ giảm giá trực tiếp sang tích điểm, voucher cá nhân hóa",2,2,12.95,1.0
103346,Khách nhạy khuyến mãi,0.1341,model,"Chuyển từ giảm giá trực tiếp sang tích điểm, voucher cá nhân hóa",9,2,6.11,1.0
204375,Khách giá trị cao,0.1341,model,"Membership, ưu đãi đặc quyền, đặt vé sớm phim hot",133,3,20.62,1.0
163086,Khách lâu chưa quay lại,0.1341,model,"Kéo lại bằng phim mới, voucher quay lại, thông báo cá nhân hóa",139,2,13.24,0.5
134280,Khách thường xuyên,0.1341,model,"Duy trì, không cần giảm giá sâu",8,2,9.94,0.0
171303,Khách nhạy khuyến mãi,0.1341,model,"Chuyển từ giảm giá trực tiếp sang tích điểm, voucher cá nhân hóa",44,2,12.54,1.0
225702,Khách lâu chưa quay lại,0.1341,model,"Kéo lại bằng phim mới, voucher quay lại, thông báo cá nhân hóa",199,3,20.9,1.0
102353,Khách lâu chưa quay lại,0.1341,model,"Kéo lại bằng phim mới, voucher quay lại, thông báo cá nhân hóa",267,3,22.31,0.0
121929,Khách giá trị cao,0.134,model,"Membership, ưu đãi đặc quyền, đặt vé sớm phim hot",119,4,43.43,0.5
195933,Khách nhạy khuyến mãi,0.134,model,"Chuyển từ giảm giá trực tiếp sang tích điểm, voucher cá nhân hóa",67,2,13.24,0.5
146877,Khách thường xuyên,0.134,model,"Duy trì, không cần giảm giá sâu",31,2,12.58,0.0
162059,Khách lâu chưa quay lại,0.134,model,"Kéo lại bằng phim mới, voucher quay lại, thông báo cá nhân hóa",261,3,9.36,0.3333
212916,Khách nhạy khuyến mãi,0.134,model,"Chuyển từ giảm giá trực tiếp sang tích điểm, voucher cá nhân hóa",3,2,8.42,0.5
201322,Khách thường xuyên,0.134,model,"Duy trì, không cần giảm giá sâu",80,2,19.56,0.0
203804,Khách nhạy khuyến mãi,0.134,model,"Chuyển từ giảm giá trực tiếp sang tích điểm, voucher cá nhân hóa",43,2,16.66,0.5
131517,Khách lâu chưa quay lại,0.134,model,"Kéo lại bằng phim mới, voucher quay lại, thông báo cá nhân hóa",95,2,16.97,0.0
121722,Khách giá trị cao,0.134,model,"Membership, ưu đãi đặc quyền, đặt vé sớm phim hot",37,5,46.77,0.2
197636,Khách lâu chưa quay lại,0.134,model,"Kéo lại bằng phim mới, voucher quay lại, thông báo cá nhân hóa",229,2,17.44,0.5
101176,Khách giá trị cao,0.134,model,"Membership, ưu đãi đặc quyền, đặt vé sớm phim hot",47,3,25.08,0.0
217430,Khách nhạy khuyến mãi,0.1339,model,"Chuyển từ giảm giá trực tiếp sang tích điểm, voucher cá nhân hóa",67,2,15.96,0.5
224126,Khách lâu chưa quay lại,0.1339,model,"Kéo lại bằng phim mới, voucher quay lại, thông báo cá nhân hóa",93,2,16.21,0.5
105040,Khách giá trị cao,0.1339,model,"Membership, ưu đãi đặc quyền, đặt vé sớm phim hot",155,3,32.92,0.0
226751,Khách lâu chưa quay lại,0.1339,model,"Kéo lại bằng phim mới, voucher quay lại, thông báo cá nhân hóa",213,2,27.56,0.5
158757,Khách giá trị cao,0.1339,model,"Membership, ưu đãi đặc quyền, đặt vé sớm phim hot",94,3,40.05,0.3333
147839,Khách nhạy khuyến mãi,0.1339,model,"Chuyển từ giảm giá trực tiếp sang tích điểm, voucher cá nhân hóa",54,2,6.1,0.5
146958,Khách thường xuyên,0.1339,model,"Duy trì, không cần giảm giá sâu",23,2,18.33,0.0
123956,Khách giá trị cao,0.1339,model,"Membership, ưu đãi đặc quyền, đặt vé sớm phim hot",22,3,33.45,0.6667
188960,Khách nhạy khuyến mãi,0.1338,model,"Chuyển từ giảm giá trực tiếp sang tích điểm, voucher cá nhân hóa",36,2,5.7,1.0
152285,Khách lâu chưa quay lại,0.1338,model,"Kéo lại bằng phim mới, voucher quay lại, thông báo cá nhân hóa",235,3,24.21,0.3333
205099,Khách nhạy khuyến mãi,0.1338,model,"Chuyển từ giảm giá trực tiếp sang tích điểm, voucher cá nhân hóa",4,2,13.26,0.5
129933,Khách lâu chưa quay lại,0.1338,model,"Kéo lại bằng phim mới, voucher quay lại, thông báo cá nhân hóa",106,2,24.41,0.0
187830,Khách thường xuyên,0.1338,model,"Duy trì, không cần giảm giá sâu",86,2,6.52,0.0
115087,Khách giá trị cao,0.1338,model,"Membership, ưu đãi đặc quyền, đặt vé sớm phim hot",0,3,23.59,0.6667
218225,Khách lâu chưa quay lại,0.1338,model,"Kéo lại bằng phim mới, voucher quay lại, thông báo cá nhân hóa",162,2,10.81,0.0
180139,Khách nhạy khuyến mãi,0.1338,model,"Chuyển từ giảm giá trực tiếp sang tích điểm, voucher cá nhân hóa",32,2,11.88,0.5
147946,Khách lâu chưa quay lại,0.1338,model,"Kéo lại bằng phim mới, voucher quay lại, thông báo cá nhân hóa",220,3,19.84,0.3333
118469,Khách giá trị cao,0.1338,model,"Membership, ưu đãi đặc quyền, đặt vé sớm phim hot",101,3,30.98,0.6667
173567,Khách nhạy khuyến mãi,0.1338,model,"Chuyển từ giảm giá trực tiếp sang tích điểm, voucher cá nhân hóa",14,2,22.96,0.5
119487,Khách giá trị cao,0.1337,model,"Membership, ưu đãi đặc quyền, đặt vé sớm phim hot",84,3,15.42,0.3333
122172,Khách giá trị cao,0.1337,model,"Membership, ưu đãi đặc quyền, đặt vé sớm phim hot",98,3,21.44,0.6667
128741,Khách giá trị cao,0.1337,model,"Membership, ưu đãi đặc quyền, đặt vé sớm phim hot",134,3,25.61,0.3333
102324,Khách giá trị cao,0.1337,model,"Membership, ưu đãi đặc quyền, đặt vé sớm phim hot",43,3,24.04,0.6667
124610,Khách giá trị cao,0.1337,model,"Membership, ưu đãi đặc quyền, đặt vé sớm phim hot",7,3,35.81,0.3333
103853,Khách lâu chưa quay lại,0.1337,model,"Kéo lại bằng phim mới, voucher quay lại, thông báo cá nhân hóa",282,4,42.69,0.75
113598,Khách nhạy khuyến mãi,0.1337,model,"Chuyển từ giảm giá trực tiếp sang tích điểm, voucher cá nhân hóa",54,2,7.18,0.5
145273,Khách lâu chưa quay lại,0.1336,model,"Kéo lại bằng phim mới, voucher quay lại, thông báo cá nhân hóa",305,4,26.75,0.5
186923,Khách nhạy khuyến mãi,0.1336,model,"Chuyển từ giảm giá trực tiếp sang tích điểm, voucher cá nhân hóa",7,2,16.0,0.5
138292,Khách thường xuyên,0.1336,model,"Duy trì, không cần giảm giá sâu",49,1,10.6,0.0
146891,Khách thường xuyên,0.1336,model,"Duy trì, không cần giảm giá sâu",85,2,26.81,0.0
153168,Khách lâu chưa quay lại,0.1336,model,"Kéo lại bằng phim mới, voucher quay lại, thông báo cá nhân hóa",296,2,19.55,0.0
101220,Khách giá trị cao,0.1336,model,"Membership, ưu đãi đặc quyền, đặt vé sớm phim hot",5,4,32.0,0.5
117569,Khách lâu chưa quay lại,0.1335,model,"Kéo lại bằng phim mới, voucher quay lại, thông báo cá nhân hóa",92,1,3.26,0.0
207129,Khách lâu chưa quay lại,0.1335,model,"Kéo lại bằng phim mới, voucher quay lại, thông báo cá nhân hóa",233,2,6.11,1.0
111628,Khách thường xuyên,0.1335,model,"Duy trì, không cần giảm giá sâu",46,2,10.06,0.0
100705,Khách lâu chưa quay lại,0.1335,model,"Kéo lại bằng phim mới, voucher quay lại, thông báo cá nhân hóa",327,2,7.99,1.0
183909,Khách nhạy khuyến mãi,0.1335,model,"Chuyển từ giảm giá trực tiếp sang tích điểm, voucher cá nhân hóa",45,2,17.24,0.5
145713,Khách lâu chưa quay lại,0.1335,model,"Kéo lại bằng phim mới, voucher quay lại, thông báo cá nhân hóa",241,3,20.08,0.6667
128983,Khách giá trị cao,0.1335,model,"Membership, ưu đãi đặc quyền, đặt vé sớm phim hot",91,3,13.15,0.3333
161042,Khách giá trị cao,0.1335,model,"Membership, ưu đãi đặc quyền, đặt vé sớm phim hot",74,3,30.76,0.0
161373,Khách giá trị cao,0.1335,model,"Membership, ưu đãi đặc quyền, đặt vé sớm phim hot",90,3,30.19,0.0
155382,Khách lâu chưa quay lại,0.1335,model,"Kéo lại bằng phim mới, voucher quay lại, thông báo cá nhân hóa",230,2,11.38,1.0
139361,Khách lâu chưa quay lại,0.1335,model,"Kéo lại bằng phim mới, voucher quay lại, thông báo cá nhân hóa",223,2,11.38,1.0
167671,Khách lâu chưa quay lại,0.1335,model,"Kéo lại bằng phim mới, voucher quay lại, thông báo cá nhân hóa",253,2,11.38,1.0
107956,Khách lâu chưa quay lại,0.1335,model,"Kéo lại bằng phim mới, voucher quay lại, thông báo cá nhân hóa",197,2,11.38,1.0
178485,Khách lâu chưa quay lại,0.1335,model,"Kéo lại bằng phim mới, voucher quay lại, thông báo cá nhân hóa",227,2,11.38,1.0
123049,Khách lâu chưa quay lại,0.1335,model,"Kéo lại bằng phim mới, voucher quay lại, thông báo cá nhân hóa",197,2,11.38,1.0
144520,Khách lâu chưa quay lại,0.1335,model,"Kéo lại bằng phim mới, voucher quay lại, thông báo cá nhân hóa",229,2,11.38,1.0
144823,Khách lâu chưa quay lại,0.1335,model,"Kéo lại bằng phim mới, voucher quay lại, thông báo cá nhân hóa",231,2,11.38,1.0
120701,Khách lâu chưa quay lại,0.1335,model,"Kéo lại bằng phim mới, voucher quay lại, thông báo cá nhân hóa",232,2,11.38,1.0
108532,Khách lâu chưa quay lại,0.1335,model,"Kéo lại bằng phim mới, voucher quay lại, thông báo cá nhân hóa",222,2,11.38,1.0
121177,Khách lâu chưa quay lại,0.1335,model,"Kéo lại bằng phim mới, voucher quay lại, thông báo cá nhân hóa",197,2,11.38,1.0
157682,Khách lâu chưa quay lại,0.1335,model,"Kéo lại bằng phim mới, voucher quay lại, thông báo cá nhân hóa",197,2,11.38,1.0
190615,Khách lâu chưa quay lại,0.1335,model,"Kéo lại bằng phim mới, voucher quay lại, thông báo cá nhân hóa",232,2,11.38,1.0
152313,Khách lâu chưa quay lại,0.1335,model,"Kéo lại bằng phim mới, voucher quay lại, thông báo cá nhân hóa",233,2,11.38,1.0
128208,Khách giá trị cao,0.1335,model,"Membership, ưu đãi đặc quyền, đặt vé sớm phim hot",45,3,24.91,0.3333
158689,Khách lâu chưa quay lại,0.1334,model,"Kéo lại bằng phim mới, voucher quay lại, thông báo cá nhân hóa",250,3,28.19,1.0
125164,Khách giá trị cao,0.1334,model,"Membership, ưu đãi đặc quyền, đặt vé sớm phim hot",92,3,20.04,0.6667
154678,Khách lâu chưa quay lại,0.1334,model,"Kéo lại bằng phim mới, voucher quay lại, thông báo cá nhân hóa",242,3,30.76,0.3333
122018,Khách giá trị cao,0.1334,model,"Membership, ưu đãi đặc quyền, đặt vé sớm phim hot",49,3,19.55,0.6667
171797,Khách thường xuyên,0.1334,model,"Duy trì, không cần giảm giá sâu",84,2,8.99,0.0
132862,Khách lâu chưa quay lại,0.1334,model,"Kéo lại bằng phim mới, voucher quay lại, thông báo cá nhân hóa",101,2,8.25,0.0
152886,Khách thường xuyên,0.1334,model,"Duy trì, không cần giảm giá sâu",87,2,8.54,0.0
173246,Khách lâu chưa quay lại,0.1334,model,"Kéo lại bằng phim mới, voucher quay lại, thông báo cá nhân hóa",155,2,14.85,0.5
157906,Khách nhạy khuyến mãi,0.1334,model,"Chuyển từ giảm giá trực tiếp sang tích điểm, voucher cá nhân hóa",2,2,23.25,0.5
108314,Khách nhạy khuyến mãi,0.1334,model,"Chuyển từ giảm giá trực tiếp sang tích điểm, voucher cá nhân hóa",11,2,15.59,0.5
158697,Khách giá trị cao,0.1333,model,"Membership, ưu đãi đặc quyền, đặt vé sớm phim hot",176,3,27.84,0.3333
126945,Khách giá trị cao,0.1333,model,"Membership, ưu đãi đặc quyền, đặt vé sớm phim hot",119,3,25.24,0.3333
109763,Khách giá trị cao,0.1333,model,"Membership, ưu đãi đặc quyền, đặt vé sớm phim hot",99,3,20.07,0.6667
182789,Khách nhạy khuyến mãi,0.1333,model,"Chuyển từ giảm giá trực tiếp sang tích điểm, voucher cá nhân hóa",29,2,12.95,1.0
219697,Khách giá trị cao,0.1333,model,"Membership, ưu đãi đặc quyền, đặt vé sớm phim hot",70,3,19.47,1.0
210538,Khách lâu chưa quay lại,0.1333,model,"Kéo lại bằng phim mới, voucher quay lại, thông báo cá nhân hóa",146,2,7.88,0.0
195707,Khách lâu chưa quay lại,0.1332,model,"Kéo lại bằng phim mới, voucher quay lại, thông báo cá nhân hóa",175,2,11.96,1.0
107743,Khách lâu chưa quay lại,0.1332,model,"Kéo lại bằng phim mới, voucher quay lại, thông báo cá nhân hóa",173,2,13.07,1.0
112336,Khách nhạy khuyến mãi,0.1332,model,"Chuyển từ giảm giá trực tiếp sang tích điểm, voucher cá nhân hóa",51,2,15.18,1.0
123926,Khách giá trị cao,0.1332,model,"Membership, ưu đãi đặc quyền, đặt vé sớm phim hot",56,3,54.56,0.6667
113413,Khách lâu chưa quay lại,0.1332,model,"Kéo lại bằng phim mới, voucher quay lại, thông báo cá nhân hóa",91,2,14.99,0.0
141603,Khách lâu chưa quay lại,0.1332,model,"Kéo lại bằng phim mới, voucher quay lại, thông báo cá nhân hóa",178,2,14.41,0.0
203178,Khách lâu chưa quay lại,0.1332,model,"Kéo lại bằng phim mới, voucher quay lại, thông báo cá nhân hóa",190,2,11.38,1.0
113369,Khách giá trị cao,0.1332,model,"Membership, ưu đãi đặc quyền, đặt vé sớm phim hot",178,3,17.91,1.0
205069,Khách thường xuyên,0.1332,model,"Duy trì, không cần giảm giá sâu",66,2,17.67,0.0
109103,Khách lâu chưa quay lại,0.1332,model,"Kéo lại bằng phim mới, voucher quay lại, thông báo cá nhân hóa",252,3,21.99,1.0
139908,Khách giá trị cao,0.1331,model,"Membership, ưu đãi đặc quyền, đặt vé sớm phim hot",64,4,38.6,0.75
211015,Khách nhạy khuyến mãi,0.1331,model,"Chuyển từ giảm giá trực tiếp sang tích điểm, voucher cá nhân hóa",46,2,20.83,0.5
112569,Khách giá trị cao,0.1331,model,"Membership, ưu đãi đặc quyền, đặt vé sớm phim hot",49,4,27.38,0.75
179948,Khách nhạy khuyến mãi,0.1331,model,"Chuyển từ giảm giá trực tiếp sang tích điểm, voucher cá nhân hóa",28,2,6.77,0.5
126901,Khách nhạy khuyến mãi,0.1331,model,"Chuyển từ giảm giá trực tiếp sang tích điểm, voucher cá nhân hóa",48,2,13.4,0.5
117896,Khách thường xuyên,0.1331,model,"Duy trì, không cần giảm giá sâu",88,2,20.41,0.0
137494,Khách lâu chưa quay lại,0.1331,model,"Kéo lại bằng phim mới, voucher quay lại, thông báo cá nhân hóa",183,2,10.64,0.5
170335,Khách nhạy khuyến mãi,0.133,model,"Chuyển từ giảm giá trực tiếp sang tích điểm, voucher cá nhân hóa",43,2,17.9,0.5
101638,Khách lâu chưa quay lại,0.133,model,"Kéo lại bằng phim mới, voucher quay lại, thông báo cá nhân hóa",238,4,29.42,0.5
201888,Khách nhạy khuyến mãi,0.133,model,"Chuyển từ giảm giá trực tiếp sang tích điểm, voucher cá nhân hóa",8,2,11.01,0.5
115374,Khách lâu chưa quay lại,0.133,model,"Kéo lại bằng phim mới, voucher quay lại, thông báo cá nhân hóa",92,2,6.31,0.0
218954,Khách lâu chưa quay lại,0.133,model,"Kéo lại bằng phim mới, voucher quay lại, thông báo cá nhân hóa",147,2,16.0,0.5
220370,Khách giá trị cao,0.133,model,"Membership, ưu đãi đặc quyền, đặt vé sớm phim hot",3,3,35.52,0.0
103553,Khách lâu chưa quay lại,0.1329,model,"Kéo lại bằng phim mới, voucher quay lại, thông báo cá nhân hóa",372,3,22.1,0.6667
102638,Khách giá trị cao,0.1329,model,"Membership, ưu đãi đặc quyền, đặt vé sớm phim hot",106,3,21.77,0.3333
177931,Khách nhạy khuyến mãi,0.1329,model,"Chuyển từ giảm giá trực tiếp sang tích điểm, voucher cá nhân hóa",13,2,23.63,0.5
209124,Khách nhạy khuyến mãi,0.1329,model,"Chuyển từ giảm giá trực tiếp sang tích điểm, voucher cá nhân hóa",43,2,13.32,1.0
208151,Khách nhạy khuyến mãi,0.1329,model,"Chuyển từ giảm giá trực tiếp sang tích điểm, voucher cá nhân hóa",26,2,11.88,0.5
179015,Khách lâu chưa quay lại,0.1329,model,"Kéo lại bằng phim mới, voucher quay lại, thông báo cá nhân hóa",169,2,17.92,0.0
203805,Khách nhạy khuyến mãi,0.1329,model,"Chuyển từ giảm giá trực tiếp sang tích điểm, voucher cá nhân hóa",21,2,5.7,1.0
210217,Khách lâu chưa quay lại,0.1329,model,"Kéo lại bằng phim mới, voucher quay lại, thông báo cá nhân hóa",101,2,6.52,0.0
140361,Khách giá trị cao,0.1329,model,"Membership, ưu đãi đặc quyền, đặt vé sớm phim hot",14,4,34.59,0.25
211515,Khách nhạy khuyến mãi,0.1328,model,"Chuyển từ giảm giá trực tiếp sang tích điểm, voucher cá nhân hóa",43,2,13.77,0.5
219571,Khách nhạy khuyến mãi,0.1328,model,"Chuyển từ giảm giá trực tiếp sang tích điểm, voucher cá nhân hóa",44,2,14.19,0.5
207850,Khách thường xuyên,0.1328,model,"Duy trì, không cần giảm giá sâu",39,2,26.12,0.0
120479,Khách nhạy khuyến mãi,0.1328,model,"Chuyển từ giảm giá trực tiếp sang tích điểm, voucher cá nhân hóa",58,2,19.26,0.5
220000,Khách giá trị cao,0.1328,model,"Membership, ưu đãi đặc quyền, đặt vé sớm phim hot",2,3,23.46,0.6667
140263,Khách lâu chưa quay lại,0.1328,model,"Kéo lại bằng phim mới, voucher quay lại, thông báo cá nhân hóa",269,4,41.82,0.25
105235,Khách lâu chưa quay lại,0.1328,model,"Kéo lại bằng phim mới, voucher quay lại, thông báo cá nhân hóa",198,3,20.9,0.6667
125889,Khách thường xuyên,0.1328,model,"Duy trì, không cần giảm giá sâu",41,2,8.04,0.0
214480,Khách thường xuyên,0.1328,model,"Duy trì, không cần giảm giá sâu",45,1,9.9,0.0
134596,Khách thường xuyên,0.1328,model,"Duy trì, không cần giảm giá sâu",9,2,31.89,0.0
136025,Khách nhạy khuyến mãi,0.1328,model,"Chuyển từ giảm giá trực tiếp sang tích điểm, voucher cá nhân hóa",44,2,12.63,1.0
106953,Khách mua một lần (mới),0.1328,model,Tặng coupon cho lần mua thứ hai trong vòng 7–14 ngày,6,1,16.95,0.0
194235,Khách nhạy khuyến mãi,0.1327,model,"Chuyển từ giảm giá trực tiếp sang tích điểm, voucher cá nhân hóa",35,2,31.59,0.5
100459,Khách giá trị cao,0.1327,model,"Membership, ưu đãi đặc quyền, đặt vé sớm phim hot",64,3,27.04,0.6667
112756,Khách lâu chưa quay lại,0.1327,model,"Kéo lại bằng phim mới, voucher quay lại, thông báo cá nhân hóa",258,3,27.08,0.6667
191188,Khách lâu chưa quay lại,0.1327,model,"Kéo lại bằng phim mới, voucher quay lại, thông báo cá nhân hóa",132,2,15.96,0.5
208153,Khách giá trị cao,0.1327,model,"Membership, ưu đãi đặc quyền, đặt vé sớm phim hot",38,3,27.72,0.6667
226373,Khách giá trị cao,0.1327,model,"Membership, ưu đãi đặc quyền, đặt vé sớm phim hot",10,3,18.43,0.6667
100247,Khách lâu chưa quay lại,0.1327,model,"Kéo lại bằng phim mới, voucher quay lại, thông báo cá nhân hóa",729,3,74.22,0.0
101616,Khách giá trị cao,0.1327,model,"Membership, ưu đãi đặc quyền, đặt vé sớm phim hot",35,5,51.44,0.4
103826,Khách lâu chưa quay lại,0.1327,model,"Kéo lại bằng phim mới, voucher quay lại, thông báo cá nhân hóa",224,4,31.75,0.25
125305,Khách nhạy khuyến mãi,0.1327,model,"Chuyển từ giảm giá trực tiếp sang tích điểm, voucher cá nhân hóa",51,2,18.99,0.5
187390,Khách nhạy khuyến mãi,0.1326,model,"Chuyển từ giảm giá trực tiếp sang tích điểm, voucher cá nhân hóa",37,2,11.51,0.5
166667,Khách lâu chưa quay lại,0.1326,model,"Kéo lại bằng phim mới, voucher quay lại, thông báo cá nhân hóa",374,3,16.28,1.0
103865,Khách giá trị cao,0.1326,model,"Membership, ưu đãi đặc quyền, đặt vé sớm phim hot",63,3,42.54,0.6667
202186,Khách thường xuyên,0.1326,model,"Duy trì, không cần giảm giá sâu",60,2,9.45,0.0
181784,Khách lâu chưa quay lại,0.1326,model,"Kéo lại bằng phim mới, voucher quay lại, thông báo cá nhân hóa",186,3,20.15,0.6667
130755,Khách lâu chưa quay lại,0.1325,model,"Kéo lại bằng phim mới, voucher quay lại, thông báo cá nhân hóa",91,2,10.44,1.0
166930,Khách giá trị cao,0.1325,model,"Membership, ưu đãi đặc quyền, đặt vé sớm phim hot",173,4,62.0,0.0
218355,Khách nhạy khuyến mãi,0.1325,model,"Chuyển từ giảm giá trực tiếp sang tích điểm, voucher cá nhân hóa",9,2,10.52,0.5
156103,Khách lâu chưa quay lại,0.1325,model,"Kéo lại bằng phim mới, voucher quay lại, thông báo cá nhân hóa",184,3,15.71,0.0
116001,Khách giá trị cao,0.1325,model,"Membership, ưu đãi đặc quyền, đặt vé sớm phim hot",35,3,11.8,0.6667
135649,Khách giá trị cao,0.1325,model,"Membership, ưu đãi đặc quyền, đặt vé sớm phim hot",13,3,23.64,1.0
157480,Khách nhạy khuyến mãi,0.1325,model,"Chuyển từ giảm giá trực tiếp sang tích điểm, voucher cá nhân hóa",84,2,8.54,0.5
161572,Khách giá trị cao,0.1325,model,"Membership, ưu đãi đặc quyền, đặt vé sớm phim hot",84,4,40.71,0.5
194077,Khách lâu chưa quay lại,0.1324,model,"Kéo lại bằng phim mới, voucher quay lại, thông báo cá nhân hóa",91,2,22.56,0.0
220204,Khách giá trị cao,0.1324,model,"Membership, ưu đãi đặc quyền, đặt vé sớm phim hot",156,3,24.94,0.3333
154441,Khách nhạy khuyến mãi,0.1324,model,"Chuyển từ giảm giá trực tiếp sang tích điểm, voucher cá nhân hóa",85,2,11.26,0.5
116036,Khách lâu chưa quay lại,0.1324,model,"Kéo lại bằng phim mới, voucher quay lại, thông báo cá nhân hóa",196,2,13.12,1.0
175354,Khách lâu chưa quay lại,0.1324,model,"Kéo lại bằng phim mới, voucher quay lại, thông báo cá nhân hóa",181,2,10.64,0.5
206872,Khách giá trị cao,0.1324,model,"Membership, ưu đãi đặc quyền, đặt vé sớm phim hot",45,3,31.23,0.6667
127092,Khách giá trị cao,0.1323,model,"Membership, ưu đãi đặc quyền, đặt vé sớm phim hot",164,3,29.54,0.6667
209472,Khách nhạy khuyến mãi,0.1323,model,"Chuyển từ giảm giá trực tiếp sang tích điểm, voucher cá nhân hóa",61,2,9.45,0.5
118653,Khách nhạy khuyến mãi,0.1323,model,"Chuyển từ giảm giá trực tiếp sang tích điểm, voucher cá nhân hóa",6,2,20.5,0.5
105086,Khách giá trị cao,0.1323,model,"Membership, ưu đãi đặc quyền, đặt vé sớm phim hot",106,3,25.66,1.0
100432,Khách lâu chưa quay lại,0.1323,model,"Kéo lại bằng phim mới, voucher quay lại, thông báo cá nhân hóa",209,3,16.33,0.6667
111861,Khách lâu chưa quay lại,0.1323,model,"Kéo lại bằng phim mới, voucher quay lại, thông báo cá nhân hóa",144,2,17.16,0.0
178840,Khách thường xuyên,0.1323,model,"Duy trì, không cần giảm giá sâu",62,2,6.18,0.0
185552,Khách nhạy khuyến mãi,0.1322,model,"Chuyển từ giảm giá trực tiếp sang tích điểm, voucher cá nhân hóa",50,2,10.23,1.0
202598,Khách lâu chưa quay lại,0.1322,model,"Kéo lại bằng phim mới, voucher quay lại, thông báo cá nhân hóa",133,2,15.83,0.5
192755,Khách mua một lần (mới),0.1322,model,Tặng coupon cho lần mua thứ hai trong vòng 7–14 ngày,13,1,13.61,0.0
180972,Khách giá trị cao,0.1322,model,"Membership, ưu đãi đặc quyền, đặt vé sớm phim hot",45,3,14.24,1.0
160165,Khách lâu chưa quay lại,0.1322,model,"Kéo lại bằng phim mới, voucher quay lại, thông báo cá nhân hóa",295,3,11.48,0.6667
211796,Khách giá trị cao,0.1322,model,"Membership, ưu đãi đặc quyền, đặt vé sớm phim hot",143,3,27.67,0.3333
148452,Khách giá trị cao,0.1322,model,"Membership, ưu đãi đặc quyền, đặt vé sớm phim hot",158,4,37.03,0.0
108368,Khách nhạy khuyến mãi,0.1321,model,"Chuyển từ giảm giá trực tiếp sang tích điểm, voucher cá nhân hóa",42,2,16.0,0.5
116527,Khách nhạy khuyến mãi,0.1321,model,"Chuyển từ giảm giá trực tiếp sang tích điểm, voucher cá nhân hóa",43,2,16.0,0.5
136150,Khách giá trị cao,0.1321,model,"Membership, ưu đãi đặc quyền, đặt vé sớm phim hot",29,4,16.58,0.5
117376,Khách lâu chưa quay lại,0.1321,model,"Kéo lại bằng phim mới, voucher quay lại, thông báo cá nhân hóa",229,2,10.64,1.0
192092,Khách thường xuyên,0.1321,model,"Duy trì, không cần giảm giá sâu",32,2,12.38,0.0
104883,Khách lâu chưa quay lại,0.1321,model,"Kéo lại bằng phim mới, voucher quay lại, thông báo cá nhân hóa",254,2,11.22,0.5
222265,Khách lâu chưa quay lại,0.1321,model,"Kéo lại bằng phim mới, voucher quay lại, thông báo cá nhân hóa",98,2,15.81,0.5
225398,Khách thường xuyên,0.1321,model,"Duy trì, không cần giảm giá sâu",1,2,16.2,0.0
105486,Khách lâu chưa quay lại,0.1321,model,"Kéo lại bằng phim mới, voucher quay lại, thông báo cá nhân hóa",1064,1,14.85,0.0
212133,Khách lâu chưa quay lại,0.132,model,"Kéo lại bằng phim mới, voucher quay lại, thông báo cá nhân hóa",145,2,16.85,0.0
106242,Khách nhạy khuyến mãi,0.132,model,"Chuyển từ giảm giá trực tiếp sang tích điểm, voucher cá nhân hóa",53,2,5.12,0.5
212701,Khách nhạy khuyến mãi,0.132,model,"Chuyển từ giảm giá trực tiếp sang tích điểm, voucher cá nhân hóa",82,2,5.68,1.0
116388,Khách lâu chưa quay lại,0.132,model,"Kéo lại bằng phim mới, voucher quay lại, thông báo cá nhân hóa",223,8,26.28,0.375
154328,Khách lâu chưa quay lại,0.132,model,"Kéo lại bằng phim mới, voucher quay lại, thông báo cá nhân hóa",106,2,13.16,0.5
152423,Khách lâu chưa quay lại,0.132,model,"Kéo lại bằng phim mới, voucher quay lại, thông báo cá nhân hóa",249,2,30.28,0.5
101941,Khách lâu chưa quay lại,0.132,model,"Kéo lại bằng phim mới, voucher quay lại, thông báo cá nhân hóa",190,3,17.07,1.0
213542,Khách lâu chưa quay lại,0.132,model,"Kéo lại bằng phim mới, voucher quay lại, thông báo cá nhân hóa",137,2,13.7,0.5
216435,Khách thường xuyên,0.132,model,"Duy trì, không cần giảm giá sâu",88,2,12.09,0.0
121426,Khách giá trị cao,0.1319,model,"Membership, ưu đãi đặc quyền, đặt vé sớm phim hot",137,3,16.21,0.0
157165,Khách lâu chưa quay lại,0.1319,model,"Kéo lại bằng phim mới, voucher quay lại, thông báo cá nhân hóa",118,2,7.8,0.5
180984,Khách thường xuyên,0.1319,model,"Duy trì, không cần giảm giá sâu",4,2,12.74,0.0
169625,Khách giá trị cao,0.1319,model,"Membership, ưu đãi đặc quyền, đặt vé sớm phim hot",87,3,34.43,0.0
147515,Khách lâu chưa quay lại,0.1319,model,"Kéo lại bằng phim mới, voucher quay lại, thông báo cá nhân hóa",232,3,25.69,0.3333
158427,Khách nhạy khuyến mãi,0.1319,model,"Chuyển từ giảm giá trực tiếp sang tích điểm, voucher cá nhân hóa",44,2,14.36,0.5
203948,Khách thường xuyên,0.1319,model,"Duy trì, không cần giảm giá sâu",90,2,8.66,0.0
131751,Khách lâu chưa quay lại,0.1319,model,"Kéo lại bằng phim mới, voucher quay lại, thông báo cá nhân hóa",133,2,13.16,0.0
149584,Khách lâu chưa quay lại,0.1319,model,"Kéo lại bằng phim mới, voucher quay lại, thông báo cá nhân hóa",140,2,3.42,0.0
135947,Khách giá trị cao,0.1319,model,"Membership, ưu đãi đặc quyền, đặt vé sớm phim hot",175,3,28.46,1.0
134118,Khách lâu chưa quay lại,0.1319,model,"Kéo lại bằng phim mới, voucher quay lại, thông báo cá nhân hóa",121,2,16.0,0.5
137354,Khách lâu chưa quay lại,0.1318,model,"Kéo lại bằng phim mới, voucher quay lại, thông báo cá nhân hóa",215,2,13.92,0.0
127315,Khách lâu chưa quay lại,0.1318,model,"Kéo lại bằng phim mới, voucher quay lại, thông báo cá nhân hóa",354,2,20.78,0.0
215632,Khách giá trị cao,0.1318,model,"Membership, ưu đãi đặc quyền, đặt vé sớm phim hot",101,3,29.78,0.3333
130588,Khách thường xuyên,0.1318,model,"Duy trì, không cần giảm giá sâu",74,2,13.41,0.0
190422,Khách nhạy khuyến mãi,0.1318,model,"Chuyển từ giảm giá trực tiếp sang tích điểm, voucher cá nhân hóa",4,2,54.48,1.0
157636,Khách nhạy khuyến mãi,0.1318,model,"Chuyển từ giảm giá trực tiếp sang tích điểm, voucher cá nhân hóa",50,2,14.14,0.5
113185,Khách giá trị cao,0.1318,model,"Membership, ưu đãi đặc quyền, đặt vé sớm phim hot",18,3,16.17,0.6667
141388,Khách lâu chưa quay lại,0.1318,model,"Kéo lại bằng phim mới, voucher quay lại, thông báo cá nhân hóa",272,4,46.89,0.5
228485,Khách nhạy khuyến mãi,0.1318,model,"Chuyển từ giảm giá trực tiếp sang tích điểm, voucher cá nhân hóa",16,2,18.02,0.5
154612,Khách nhạy khuyến mãi,0.1318,model,"Chuyển từ giảm giá trực tiếp sang tích điểm, voucher cá nhân hóa",79,2,15.06,0.5
116062,Khách lâu chưa quay lại,0.1318,model,"Kéo lại bằng phim mới, voucher quay lại, thông báo cá nhân hóa",91,2,14.27,0.5
207796,Khách nhạy khuyến mãi,0.1318,model,"Chuyển từ giảm giá trực tiếp sang tích điểm, voucher cá nhân hóa",73,2,14.24,0.5
101820,Khách giá trị cao,0.1317,model,"Membership, ưu đãi đặc quyền, đặt vé sớm phim hot",137,3,13.52,0.3333
166248,Khách giá trị cao,0.1317,model,"Membership, ưu đãi đặc quyền, đặt vé sớm phim hot",42,3,15.87,1.0
135938,Khách lâu chưa quay lại,0.1317,model,"Kéo lại bằng phim mới, voucher quay lại, thông báo cá nhân hóa",206,3,15.89,1.0
155897,Khách nhạy khuyến mãi,0.1317,model,"Chuyển từ giảm giá trực tiếp sang tích điểm, voucher cá nhân hóa",14,2,22.93,0.5
217468,Khách nhạy khuyến mãi,0.1317,model,"Chuyển từ giảm giá trực tiếp sang tích điểm, voucher cá nhân hóa",9,2,24.01,0.5
160645,Khách giá trị cao,0.1317,model,"Membership, ưu đãi đặc quyền, đặt vé sớm phim hot",170,3,21.7,0.3333
181669,Khách nhạy khuyến mãi,0.1317,model,"Chuyển từ giảm giá trực tiếp sang tích điểm, voucher cá nhân hóa",47,2,23.13,0.5
170738,Khách nhạy khuyến mãi,0.1317,model,"Chuyển từ giảm giá trực tiếp sang tích điểm, voucher cá nhân hóa",37,2,15.19,0.5
154221,Khách thường xuyên,0.1316,model,"Duy trì, không cần giảm giá sâu",61,2,18.14,0.0
122584,Khách giá trị cao,0.1316,model,"Membership, ưu đãi đặc quyền, đặt vé sớm phim hot",133,3,29.08,0.6667
165052,Khách giá trị cao,0.1316,model,"Membership, ưu đãi đặc quyền, đặt vé sớm phim hot",112,3,23.99,1.0
161064,Khách giá trị cao,0.1316,model,"Membership, ưu đãi đặc quyền, đặt vé sớm phim hot",152,3,12.63,1.0
215208,Khách nhạy khuyến mãi,0.1316,model,"Chuyển từ giảm giá trực tiếp sang tích điểm, voucher cá nhân hóa",90,2,6.52,0.5
126189,Khách nhạy khuyến mãi,0.1316,model,"Chuyển từ giảm giá trực tiếp sang tích điểm, voucher cá nhân hóa",89,2,17.53,1.0
174551,Khách lâu chưa quay lại,0.1316,model,"Kéo lại bằng phim mới, voucher quay lại, thông báo cá nhân hóa",102,2,16.5,0.0
103842,Khách lâu chưa quay lại,0.1316,model,"Kéo lại bằng phim mới, voucher quay lại, thông báo cá nhân hóa",102,2,16.5,0.0
110632,Khách giá trị cao,0.1316,model,"Membership, ưu đãi đặc quyền, đặt vé sớm phim hot",168,3,12.13,0.3333
159320,Khách giá trị cao,0.1316,model,"Membership, ưu đãi đặc quyền, đặt vé sớm phim hot",29,3,27.79,0.6667
171850,Khách mua một lần (mới),0.1316,model,Tặng coupon cho lần mua thứ hai trong vòng 7–14 ngày,2,1,21.65,0.0
183827,Khách lâu chưa quay lại,0.1316,model,"Kéo lại bằng phim mới, voucher quay lại, thông báo cá nhân hóa",93,1,3.42,0.0
116676,Khách giá trị cao,0.1316,model,"Membership, ưu đãi đặc quyền, đặt vé sớm phim hot",76,3,19.8,0.0
109644,Khách lâu chưa quay lại,0.1315,model,"Kéo lại bằng phim mới, voucher quay lại, thông báo cá nhân hóa",169,1,15.67,0.0
174830,Khách lâu chưa quay lại,0.1315,model,"Kéo lại bằng phim mới, voucher quay lại, thông báo cá nhân hóa",216,2,15.22,1.0
216564,Khách thường xuyên,0.1315,model,"Duy trì, không cần giảm giá sâu",24,2,20.62,0.0
214203,Khách giá trị cao,0.1315,model,"Membership, ưu đãi đặc quyền, đặt vé sớm phim hot",58,3,27.38,0.3333
199233,Khách lâu chưa quay lại,0.1315,model,"Kéo lại bằng phim mới, voucher quay lại, thông báo cá nhân hóa",101,2,6.11,0.5
128008,Khách nhạy khuyến mãi,0.1315,model,"Chuyển từ giảm giá trực tiếp sang tích điểm, voucher cá nhân hóa",45,2,6.11,1.0
126411,Khách giá trị cao,0.1315,model,"Membership, ưu đãi đặc quyền, đặt vé sớm phim hot",67,3,29.99,0.3333
164271,Khách nhạy khuyến mãi,0.1314,model,"Chuyển từ giảm giá trực tiếp sang tích điểm, voucher cá nhân hóa",86,2,17.92,0.5
118111,Khách lâu chưa quay lại,0.1314,model,"Kéo lại bằng phim mới, voucher quay lại, thông báo cá nhân hóa",304,3,24.49,0.6667
119269,Khách lâu chưa quay lại,0.1314,model,"Kéo lại bằng phim mới, voucher quay lại, thông báo cá nhân hóa",92,2,21.57,0.0
165372,Khách giá trị cao,0.1314,model,"Membership, ưu đãi đặc quyền, đặt vé sớm phim hot",42,3,22.03,0.6667
218621,Khách nhạy khuyến mãi,0.1314,model,"Chuyển từ giảm giá trực tiếp sang tích điểm, voucher cá nhân hóa",66,2,9.61,0.5
142801,Khách lâu chưa quay lại,0.1314,model,"Kéo lại bằng phim mới, voucher quay lại, thông báo cá nhân hóa",323,4,27.33,1.0
140780,Khách nhạy khuyến mãi,0.1314,model,"Chuyển từ giảm giá trực tiếp sang tích điểm, voucher cá nhân hóa",7,2,32.96,0.5
161007,Khách lâu chưa quay lại,0.1314,model,"Kéo lại bằng phim mới, voucher quay lại, thông báo cá nhân hóa",236,3,25.49,0.3333
217153,Khách nhạy khuyến mãi,0.1314,model,"Chuyển từ giảm giá trực tiếp sang tích điểm, voucher cá nhân hóa",86,2,10.94,0.5
100032,Khách lâu chưa quay lại,0.1313,model,"Kéo lại bằng phim mới, voucher quay lại, thông báo cá nhân hóa",100,2,14.93,1.0
128673,Khách giá trị cao,0.1313,model,"Membership, ưu đãi đặc quyền, đặt vé sớm phim hot",0,4,32.24,0.5
165058,Khách nhạy khuyến mãi,0.1313,model,"Chuyển từ giảm giá trực tiếp sang tích điểm, voucher cá nhân hóa",43,2,23.68,0.5
186121,Khách nhạy khuyến mãi,0.1313,model,"Chuyển từ giảm giá trực tiếp sang tích điểm, voucher cá nhân hóa",46,2,17.12,0.5
115926,Khách thường xuyên,0.1313,model,"Duy trì, không cần giảm giá sâu",37,1,5.48,0.0
115113,Khách lâu chưa quay lại,0.1313,model,"Kéo lại bằng phim mới, voucher quay lại, thông báo cá nhân hóa",186,3,31.18,1.0
109012,Khách giá trị cao,0.1312,model,"Membership, ưu đãi đặc quyền, đặt vé sớm phim hot",134,3,27.29,0.6667
106022,Khách lâu chưa quay lại,0.1312,model,"Kéo lại bằng phim mới, voucher quay lại, thông báo cá nhân hóa",263,3,18.75,1.0
121641,Khách nhạy khuyến mãi,0.1312,model,"Chuyển từ giảm giá trực tiếp sang tích điểm, voucher cá nhân hóa",1,2,20.54,0.5
101652,Khách nhạy khuyến mãi,0.1312,model,"Chuyển từ giảm giá trực tiếp sang tích điểm, voucher cá nhân hóa",6,2,15.18,1.0
165015,Khách giá trị cao,0.1312,model,"Membership, ưu đãi đặc quyền, đặt vé sớm phim hot",45,3,9.37,1.0
164138,Khách thường xuyên,0.1312,model,"Duy trì, không cần giảm giá sâu",66,2,26.19,0.0
129199,Khách nhạy khuyến mãi,0.1312,model,"Chuyển từ giảm giá trực tiếp sang tích điểm, voucher cá nhân hóa",8,2,8.01,0.5
132313,Khách lâu chưa quay lại,0.1312,model,"Kéo lại bằng phim mới, voucher quay lại, thông báo cá nhân hóa",235,3,18.4,1.0
170508,Khách thường xuyên,0.1311,model,"Duy trì, không cần giảm giá sâu",2,2,27.22,0.0
171428,Khách nhạy khuyến mãi,0.1311,model,"Chuyển từ giảm giá trực tiếp sang tích điểm, voucher cá nhân hóa",8,2,7.59,0.5
162844,Khách lâu chưa quay lại,0.1311,model,"Kéo lại bằng phim mới, voucher quay lại, thông báo cá nhân hóa",216,3,32.29,0.0
135269,Khách giá trị cao,0.1311,model,"Membership, ưu đãi đặc quyền, đặt vé sớm phim hot",159,3,23.06,0.6667
175121,Khách thường xuyên,0.1311,model,"Duy trì, không cần giảm giá sâu",43,2,22.06,0.0
202042,Khách thường xuyên,0.1311,model,"Duy trì, không cần giảm giá sâu",40,2,22.19,0.0
133767,Khách lâu chưa quay lại,0.1311,model,"Kéo lại bằng phim mới, voucher quay lại, thông báo cá nhân hóa",254,7,67.65,0.5714
157020,Khách lâu chưa quay lại,0.1311,model,"Kéo lại bằng phim mới, voucher quay lại, thông báo cá nhân hóa",268,3,14.42,0.0
109676,Khách nhạy khuyến mãi,0.1311,model,"Chuyển từ giảm giá trực tiếp sang tích điểm, voucher cá nhân hóa",47,2,17.49,0.5
117020,Khách lâu chưa quay lại,0.1311,model,"Kéo lại bằng phim mới, voucher quay lại, thông báo cá nhân hóa",273,5,61.81,0.6
187955,Khách nhạy khuyến mãi,0.131,model,"Chuyển từ giảm giá trực tiếp sang tích điểm, voucher cá nhân hóa",9,2,23.88,0.5
207274,Khách nhạy khuyến mãi,0.131,model,"Chuyển từ giảm giá trực tiếp sang tích điểm, voucher cá nhân hóa",37,2,5.7,1.0
188053,Khách giá trị cao,0.131,model,"Membership, ưu đãi đặc quyền, đặt vé sớm phim hot",99,4,24.57,1.0
130137,Khách nhạy khuyến mãi,0.131,model,"Chuyển từ giảm giá trực tiếp sang tích điểm, voucher cá nhân hóa",25,2,13.04,1.0
188814,Khách nhạy khuyến mãi,0.131,model,"Chuyển từ giảm giá trực tiếp sang tích điểm, voucher cá nhân hóa",90,2,15.55,0.5
113500,Khách lâu chưa quay lại,0.131,model,"Kéo lại bằng phim mới, voucher quay lại, thông báo cá nhân hóa",246,2,10.23,0.5
170611,Khách nhạy khuyến mãi,0.131,model,"Chuyển từ giảm giá trực tiếp sang tích điểm, voucher cá nhân hóa",58,2,7.68,0.5
104614,Khách giá trị cao,0.131,model,"Membership, ưu đãi đặc quyền, đặt vé sớm phim hot",175,4,12.63,1.0
103294,Khách giá trị cao,0.131,model,"Membership, ưu đãi đặc quyền, đặt vé sớm phim hot",44,4,25.14,0.75
116842,Khách nhạy khuyến mãi,0.131,model,"Chuyển từ giảm giá trực tiếp sang tích điểm, voucher cá nhân hóa",30,2,11.96,1.0
213665,Khách nhạy khuyến mãi,0.131,model,"Chuyển từ giảm giá trực tiếp sang tích điểm, voucher cá nhân hóa",0,2,14.6,0.5
110616,Khách giá trị cao,0.1309,model,"Membership, ưu đãi đặc quyền, đặt vé sớm phim hot",41,3,21.53,0.6667
106752,Khách lâu chưa quay lại,0.1309,model,"Kéo lại bằng phim mới, voucher quay lại, thông báo cá nhân hóa",224,3,29.42,0.3333
115711,Khách giá trị cao,0.1309,model,"Membership, ưu đãi đặc quyền, đặt vé sớm phim hot",14,3,24.74,0.3333
116596,Khách giá trị cao,0.1309,model,"Membership, ưu đãi đặc quyền, đặt vé sớm phim hot",64,3,12.67,0.6667
201593,Khách lâu chưa quay lại,0.1309,model,"Kéo lại bằng phim mới, voucher quay lại, thông báo cá nhân hóa",190,2,11.38,1.0
182839,Khách lâu chưa quay lại,0.1309,model,"Kéo lại bằng phim mới, voucher quay lại, thông báo cá nhân hóa",191,2,11.38,1.0
102994,Khách lâu chưa quay lại,0.1309,model,"Kéo lại bằng phim mới, voucher quay lại, thông báo cá nhân hóa",189,2,11.38,1.0
114061,Khách lâu chưa quay lại,0.1308,model,"Kéo lại bằng phim mới, voucher quay lại, thông báo cá nhân hóa",259,3,28.52,0.6667
154298,Khách thường xuyên,0.1308,model,"Duy trì, không cần giảm giá sâu",9,2,9.85,0.0
204038,Khách nhạy khuyến mãi,0.1308,model,"Chuyển từ giảm giá trực tiếp sang tích điểm, voucher cá nhân hóa",25,2,5.7,1.0
163565,Khách lâu chưa quay lại,0.1308,model,"Kéo lại bằng phim mới, voucher quay lại, thông báo cá nhân hóa",120,2,15.59,1.0
192205,Khách nhạy khuyến mãi,0.1308,model,"Chuyển từ giảm giá trực tiếp sang tích điểm, voucher cá nhân hóa",46,2,13.0,1.0
220603,Khách lâu chưa quay lại,0.1308,model,"Kéo lại bằng phim mới, voucher quay lại, thông báo cá nhân hóa",192,3,29.77,0.3333
175978,Khách lâu chưa quay lại,0.1308,model,"Kéo lại bằng phim mới, voucher quay lại, thông báo cá nhân hóa",116,2,17.8,0.5
188587,Khách nhạy khuyến mãi,0.1308,model,"Chuyển từ giảm giá trực tiếp sang tích điểm, voucher cá nhân hóa",1,2,48.01,0.5
226429,Khách nhạy khuyến mãi,0.1308,model,"Chuyển từ giảm giá trực tiếp sang tích điểm, voucher cá nhân hóa",6,2,12.71,0.5
173650,Khách giá trị cao,0.1308,model,"Membership, ưu đãi đặc quyền, đặt vé sớm phim hot",171,3,26.27,0.0
163467,Khách giá trị cao,0.1307,model,"Membership, ưu đãi đặc quyền, đặt vé sớm phim hot",149,3,27.47,0.6667
120257,Khách nhạy khuyến mãi,0.1307,model,"Chuyển từ giảm giá trực tiếp sang tích điểm, voucher cá nhân hóa",90,2,14.35,0.5
130412,Khách giá trị cao,0.1307,model,"Membership, ưu đãi đặc quyền, đặt vé sớm phim hot",50,3,19.26,0.6667
156832,Khách giá trị cao,0.1307,model,"Membership, ưu đãi đặc quyền, đặt vé sớm phim hot",141,3,11.62,0.6667
165457,Khách lâu chưa quay lại,0.1307,model,"Kéo lại bằng phim mới, voucher quay lại, thông báo cá nhân hóa",115,2,14.38,0.0
176133,Khách lâu chưa quay lại,0.1307,model,"Kéo lại bằng phim mới, voucher quay lại, thông báo cá nhân hóa",99,2,13.57,0.0
182353,Khách lâu chưa quay lại,0.1307,model,"Kéo lại bằng phim mới, voucher quay lại, thông báo cá nhân hóa",260,3,32.38,0.6667
151695,Khách thường xuyên,0.1307,model,"Duy trì, không cần giảm giá sâu",62,2,14.35,0.0
103697,Khách giá trị cao,0.1307,model,"Membership, ưu đãi đặc quyền, đặt vé sớm phim hot",8,3,21.65,0.6667
102062,Khách giá trị cao,0.1306,model,"Membership, ưu đãi đặc quyền, đặt vé sớm phim hot",114,3,20.98,0.6667
113746,Khách lâu chưa quay lại,0.1306,model,"Kéo lại bằng phim mới, voucher quay lại, thông báo cá nhân hóa",272,4,22.92,0.0
216469,Khách lâu chưa quay lại,0.1306,model,"Kéo lại bằng phim mới, voucher quay lại, thông báo cá nhân hóa",133,2,16.99,0.0
110478,Khách lâu chưa quay lại,0.1306,model,"Kéo lại bằng phim mới, voucher quay lại, thông báo cá nhân hóa",310,3,8.96,1.0
168421,Khách lâu chưa quay lại,0.1306,model,"Kéo lại bằng phim mới, voucher quay lại, thông báo cá nhân hóa",631,3,26.81,0.0
199845,Khách nhạy khuyến mãi,0.1306,model,"Chuyển từ giảm giá trực tiếp sang tích điểm, voucher cá nhân hóa",3,2,6.11,0.5
222762,Khách lâu chưa quay lại,0.1305,model,"Kéo lại bằng phim mới, voucher quay lại, thông báo cá nhân hóa",176,2,12.79,0.5
137640,Khách lâu chưa quay lại,0.1305,model,"Kéo lại bằng phim mới, voucher quay lại, thông báo cá nhân hóa",288,4,27.91,0.75
113965,Khách nhạy khuyến mãi,0.1305,model,"Chuyển từ giảm giá trực tiếp sang tích điểm, voucher cá nhân hóa",62,2,12.79,1.0
133124,Khách nhạy khuyến mãi,0.1305,model,"Chuyển từ giảm giá trực tiếp sang tích điểm, voucher cá nhân hóa",14,2,31.5,0.5
137745,Khách giá trị cao,0.1305,model,"Membership, ưu đãi đặc quyền, đặt vé sớm phim hot",173,3,26.93,0.6667
163091,Khách giá trị cao,0.1305,model,"Membership, ưu đãi đặc quyền, đặt vé sớm phim hot",77,3,11.8,0.6667
113711,Khách nhạy khuyến mãi,0.1305,model,"Chuyển từ giảm giá trực tiếp sang tích điểm, voucher cá nhân hóa",79,2,10.44,1.0
142831,Khách lâu chưa quay lại,0.1305,model,"Kéo lại bằng phim mới, voucher quay lại, thông báo cá nhân hóa",325,5,50.96,0.2
224980,Khách nhạy khuyến mãi,0.1305,model,"Chuyển từ giảm giá trực tiếp sang tích điểm, voucher cá nhân hóa",45,2,6.15,1.0
197301,Khách nhạy khuyến mãi,0.1305,model,"Chuyển từ giảm giá trực tiếp sang tích điểm, voucher cá nhân hóa",49,2,11.72,0.5
122648,Khách giá trị cao,0.1305,model,"Membership, ưu đãi đặc quyền, đặt vé sớm phim hot",46,3,12.62,1.0
178234,Khách lâu chưa quay lại,0.1305,model,"Kéo lại bằng phim mới, voucher quay lại, thông báo cá nhân hóa",197,3,14.63,1.0
164139,Khách nhạy khuyến mãi,0.1304,model,"Chuyển từ giảm giá trực tiếp sang tích điểm, voucher cá nhân hóa",51,2,8.4,0.5
201250,Khách lâu chưa quay lại,0.1304,model,"Kéo lại bằng phim mới, voucher quay lại, thông báo cá nhân hóa",91,2,10.64,0.5
110996,Khách nhạy khuyến mãi,0.1304,model,"Chuyển từ giảm giá trực tiếp sang tích điểm, voucher cá nhân hóa",43,2,18.48,0.5
216496,Khách giá trị cao,0.1304,model,"Membership, ưu đãi đặc quyền, đặt vé sớm phim hot",63,3,30.07,0.3333
175721,Khách nhạy khuyến mãi,0.1304,model,"Chuyển từ giảm giá trực tiếp sang tích điểm, voucher cá nhân hóa",79,2,14.06,0.5
111104,Khách giá trị cao,0.1304,model,"Membership, ưu đãi đặc quyền, đặt vé sớm phim hot",94,4,35.64,0.25
165184,Khách lâu chưa quay lại,0.1304,model,"Kéo lại bằng phim mới, voucher quay lại, thông báo cá nhân hóa",313,2,12.2,1.0
140523,Khách lâu chưa quay lại,0.1304,model,"Kéo lại bằng phim mới, voucher quay lại, thông báo cá nhân hóa",230,2,12.21,1.0
103478,Khách lâu chưa quay lại,0.1304,model,"Kéo lại bằng phim mới, voucher quay lại, thông báo cá nhân hóa",267,2,12.2,1.0
121137,Khách lâu chưa quay lại,0.1304,model,"Kéo lại bằng phim mới, voucher quay lại, thông báo cá nhân hóa",268,2,12.2,1.0
182950,Khách thường xuyên,0.1304,model,"Duy trì, không cần giảm giá sâu",67,2,13.78,0.0
205199,Khách nhạy khuyến mãi,0.1303,model,"Chuyển từ giảm giá trực tiếp sang tích điểm, voucher cá nhân hóa",13,2,15.43,0.5
189873,Khách nhạy khuyến mãi,0.1303,model,"Chuyển từ giảm giá trực tiếp sang tích điểm, voucher cá nhân hóa",15,2,16.66,0.5
203278,Khách thường xuyên,0.1303,model,"Duy trì, không cần giảm giá sâu",14,2,21.44,0.0
215777,Khách giá trị cao,0.1303,model,"Membership, ưu đãi đặc quyền, đặt vé sớm phim hot",63,3,14.23,1.0
146165,Khách giá trị cao,0.1303,model,"Membership, ưu đãi đặc quyền, đặt vé sớm phim hot",89,3,21.76,0.3333
106813,Khách lâu chưa quay lại,0.1303,model,"Kéo lại bằng phim mới, voucher quay lại, thông báo cá nhân hóa",171,2,8.87,0.5
137535,Khách nhạy khuyến mãi,0.1303,model,"Chuyển từ giảm giá trực tiếp sang tích điểm, voucher cá nhân hóa",12,2,17.85,0.5
190837,Khách lâu chưa quay lại,0.1303,model,"Kéo lại bằng phim mới, voucher quay lại, thông báo cá nhân hóa",165,2,29.41,0.5
216008,Khách thường xuyên,0.1303,model,"Duy trì, không cần giảm giá sâu",58,2,18.72,0.0
219369,Khách lâu chưa quay lại,0.1303,model,"Kéo lại bằng phim mới, voucher quay lại, thông báo cá nhân hóa",118,2,7.79,0.5
139686,Khách giá trị cao,0.1303,model,"Membership, ưu đãi đặc quyền, đặt vé sớm phim hot",126,4,41.04,0.5
127513,Khách lâu chưa quay lại,0.1303,model,"Kéo lại bằng phim mới, voucher quay lại, thông báo cá nhân hóa",145,2,12.62,1.0
222487,Khách lâu chưa quay lại,0.1302,model,"Kéo lại bằng phim mới, voucher quay lại, thông báo cá nhân hóa",165,2,16.71,0.5
125573,Khách giá trị cao,0.1302,model,"Membership, ưu đãi đặc quyền, đặt vé sớm phim hot",129,3,18.19,0.6667
182700,Khách nhạy khuyến mãi,0.1302,model,"Chuyển từ giảm giá trực tiếp sang tích điểm, voucher cá nhân hóa",43,2,5.7,1.0
156547,Khách nhạy khuyến mãi,0.1302,model,"Chuyển từ giảm giá trực tiếp sang tích điểm, voucher cá nhân hóa",45,2,5.7,1.0
149913,Khách nhạy khuyến mãi,0.1302,model,"Chuyển từ giảm giá trực tiếp sang tích điểm, voucher cá nhân hóa",43,2,5.7,1.0
142388,Khách nhạy khuyến mãi,0.1302,model,"Chuyển từ giảm giá trực tiếp sang tích điểm, voucher cá nhân hóa",46,2,5.7,1.0
125031,Khách thường xuyên,0.1302,model,"Duy trì, không cần giảm giá sâu",6,2,18.25,0.0
123515,Khách giá trị cao,0.1302,model,"Membership, ưu đãi đặc quyền, đặt vé sớm phim hot",4,3,23.16,0.6667
131685,Khách lâu chưa quay lại,0.1302,model,"Kéo lại bằng phim mới, voucher quay lại, thông báo cá nhân hóa",270,3,12.66,1.0
144188,Khách lâu chưa quay lại,0.1302,model,"Kéo lại bằng phim mới, voucher quay lại, thông báo cá nhân hóa",260,3,19.33,0.6667
122337,Khách lâu chưa quay lại,0.1302,model,"Kéo lại bằng phim mới, voucher quay lại, thông báo cá nhân hóa",238,1,17.59,1.0
218013,Khách nhạy khuyến mãi,0.1302,model,"Chuyển từ giảm giá trực tiếp sang tích điểm, voucher cá nhân hóa",13,2,33.61,0.5
106203,Khách giá trị cao,0.1302,model,"Membership, ưu đãi đặc quyền, đặt vé sớm phim hot",155,3,13.48,0.3333
144958,Khách nhạy khuyến mãi,0.1302,model,"Chuyển từ giảm giá trực tiếp sang tích điểm, voucher cá nhân hóa",49,2,8.62,0.5
198929,Khách nhạy khuyến mãi,0.1301,model,"Chuyển từ giảm giá trực tiếp sang tích điểm, voucher cá nhân hóa",10,2,7.39,0.5
185317,Khách lâu chưa quay lại,0.1301,model,"Kéo lại bằng phim mới, voucher quay lại, thông báo cá nhân hóa",230,2,25.82,0.5
216768,Khách nhạy khuyến mãi,0.1301,model,"Chuyển từ giảm giá trực tiếp sang tích điểm, voucher cá nhân hóa",8,2,6.52,1.0
146938,Khách nhạy khuyến mãi,0.1301,model,"Chuyển từ giảm giá trực tiếp sang tích điểm, voucher cá nhân hóa",15,2,6.52,1.0
113724,Khách lâu chưa quay lại,0.1301,model,"Kéo lại bằng phim mới, voucher quay lại, thông báo cá nhân hóa",225,2,10.86,0.5
180491,Khách lâu chưa quay lại,0.1301,model,"Kéo lại bằng phim mới, voucher quay lại, thông báo cá nhân hóa",176,2,13.16,0.5
146094,Khách mua một lần (mới),0.1301,model,Tặng coupon cho lần mua thứ hai trong vòng 7–14 ngày,0,1,7.22,0.0
113421,Khách lâu chưa quay lại,0.1301,model,"Kéo lại bằng phim mới, voucher quay lại, thông báo cá nhân hóa",297,2,18.88,0.5
204817,Khách nhạy khuyến mãi,0.1301,model,"Chuyển từ giảm giá trực tiếp sang tích điểm, voucher cá nhân hóa",71,2,16.0,0.5
193969,Khách lâu chưa quay lại,0.1301,model,"Kéo lại bằng phim mới, voucher quay lại, thông báo cá nhân hóa",91,2,16.12,0.5
220540,Khách lâu chưa quay lại,0.13,model,"Kéo lại bằng phim mới, voucher quay lại, thông báo cá nhân hóa",159,2,9.16,0.0
206250,Khách nhạy khuyến mãi,0.13,model,"Chuyển từ giảm giá trực tiếp sang tích điểm, voucher cá nhân hóa",46,2,17.28,1.0
103123,Khách giá trị cao,0.13,model,"Membership, ưu đãi đặc quyền, đặt vé sớm phim hot",84,3,20.82,0.3333
120135,Khách nhạy khuyến mãi,0.13,model,"Chuyển từ giảm giá trực tiếp sang tích điểm, voucher cá nhân hóa",62,2,10.23,1.0
114560,Khách thường xuyên,0.13,model,"Duy trì, không cần giảm giá sâu",82,2,31.85,0.0
102561,Khách thường xuyên,0.13,model,"Duy trì, không cần giảm giá sâu",2,2,22.2,0.0
176166,Khách lâu chưa quay lại,0.13,model,"Kéo lại bằng phim mới, voucher quay lại, thông báo cá nhân hóa",147,2,16.85,0.0
104111,Khách lâu chưa quay lại,0.13,model,"Kéo lại bằng phim mới, voucher quay lại, thông báo cá nhân hóa",154,2,16.83,0.5
106526,Khách lâu chưa quay lại,0.13,model,"Kéo lại bằng phim mới, voucher quay lại, thông báo cá nhân hóa",94,2,23.09,0.0
225511,Khách nhạy khuyến mãi,0.1299,model,"Chuyển từ giảm giá trực tiếp sang tích điểm, voucher cá nhân hóa",10,2,11.38,1.0
207373,Khách nhạy khuyến mãi,0.1299,model,"Chuyển từ giảm giá trực tiếp sang tích điểm, voucher cá nhân hóa",8,2,21.08,0.5
100261,Khách giá trị cao,0.1299,model,"Membership, ưu đãi đặc quyền, đặt vé sớm phim hot",29,4,14.21,0.25
116869,Khách lâu chưa quay lại,0.1299,model,"Kéo lại bằng phim mới, voucher quay lại, thông báo cá nhân hóa",137,2,5.11,0.5
127452,Khách nhạy khuyến mãi,0.1299,model,"Chuyển từ giảm giá trực tiếp sang tích điểm, voucher cá nhân hóa",42,2,16.0,0.5
115185,Khách giá trị cao,0.1299,model,"Membership, ưu đãi đặc quyền, đặt vé sớm phim hot",35,4,17.91,0.75
215655,Khách lâu chưa quay lại,0.1299,model,"Kéo lại bằng phim mới, voucher quay lại, thông báo cá nhân hóa",134,2,15.22,0.5
221849,Khách nhạy khuyến mãi,0.1299,model,"Chuyển từ giảm giá trực tiếp sang tích điểm, voucher cá nhân hóa",42,2,14.69,0.5
120461,Khách nhạy khuyến mãi,0.1299,model,"Chuyển từ giảm giá trực tiếp sang tích điểm, voucher cá nhân hóa",45,2,14.76,0.5
120851,Khách lâu chưa quay lại,0.1299,model,"Kéo lại bằng phim mới, voucher quay lại, thông báo cá nhân hóa",176,2,12.16,1.0
173156,Khách lâu chưa quay lại,0.1299,model,"Kéo lại bằng phim mới, voucher quay lại, thông báo cá nhân hóa",192,3,31.46,0.6667
140385,Khách lâu chưa quay lại,0.1298,model,"Kéo lại bằng phim mới, voucher quay lại, thông báo cá nhân hóa",127,2,16.41,0.5
140238,Khách giá trị cao,0.1298,model,"Membership, ưu đãi đặc quyền, đặt vé sớm phim hot",126,3,22.18,0.6667
149505,Khách nhạy khuyến mãi,0.1298,model,"Chuyển từ giảm giá trực tiếp sang tích điểm, voucher cá nhân hóa",7,2,6.52,1.0
161924,Khách nhạy khuyến mãi,0.1298,model,"Chuyển từ giảm giá trực tiếp sang tích điểm, voucher cá nhân hóa",9,2,6.52,1.0
127716,Khách nhạy khuyến mãi,0.1298,model,"Chuyển từ giảm giá trực tiếp sang tích điểm, voucher cá nhân hóa",15,2,6.52,1.0
175836,Khách nhạy khuyến mãi,0.1298,model,"Chuyển từ giảm giá trực tiếp sang tích điểm, voucher cá nhân hóa",9,2,22.4,1.0
129379,Khách lâu chưa quay lại,0.1298,model,"Kéo lại bằng phim mới, voucher quay lại, thông báo cá nhân hóa",225,5,47.38,0.4
198297,Khách lâu chưa quay lại,0.1298,model,"Kéo lại bằng phim mới, voucher quay lại, thông báo cá nhân hóa",146,2,12.87,1.0
125418,Khách lâu chưa quay lại,0.1297,model,"Kéo lại bằng phim mới, voucher quay lại, thông báo cá nhân hóa",234,3,13.57,0.6667
206459,Khách thường xuyên,0.1297,model,"Duy trì, không cần giảm giá sâu",37,2,21.44,0.0
117327,Khách nhạy khuyến mãi,0.1297,model,"Chuyển từ giảm giá trực tiếp sang tích điểm, voucher cá nhân hóa",58,2,16.75,1.0
106853,Khách nhạy khuyến mãi,0.1297,model,"Chuyển từ giảm giá trực tiếp sang tích điểm, voucher cá nhân hóa",10,2,6.52,0.5
205474,Khách lâu chưa quay lại,0.1297,model,"Kéo lại bằng phim mới, voucher quay lại, thông báo cá nhân hóa",93,2,14.52,0.5
122626,Khách nhạy khuyến mãi,0.1297,model,"Chuyển từ giảm giá trực tiếp sang tích điểm, voucher cá nhân hóa",55,2,12.08,0.5
226617,Khách nhạy khuyến mãi,0.1297,model,"Chuyển từ giảm giá trực tiếp sang tích điểm, voucher cá nhân hóa",43,2,12.33,0.5
178222,Khách nhạy khuyến mãi,0.1297,model,"Chuyển từ giảm giá trực tiếp sang tích điểm, voucher cá nhân hóa",42,2,12.95,0.5
205992,Khách nhạy khuyến mãi,0.1297,model,"Chuyển từ giảm giá trực tiếp sang tích điểm, voucher cá nhân hóa",86,2,13.19,0.5
138353,Khách nhạy khuyến mãi,0.1297,model,"Chuyển từ giảm giá trực tiếp sang tích điểm, voucher cá nhân hóa",59,2,13.08,0.5
185397,Khách thường xuyên,0.1296,model,"Duy trì, không cần giảm giá sâu",8,2,14.23,0.0
103562,Khách nhạy khuyến mãi,0.1296,model,"Chuyển từ giảm giá trực tiếp sang tích điểm, voucher cá nhân hóa",3,2,6.11,0.5
129769,Khách lâu chưa quay lại,0.1296,model,"Kéo lại bằng phim mới, voucher quay lại, thông báo cá nhân hóa",92,2,11.67,0.5
182670,Khách giá trị cao,0.1296,model,"Membership, ưu đãi đặc quyền, đặt vé sớm phim hot",3,3,20.92,1.0
176815,Khách lâu chưa quay lại,0.1296,model,"Kéo lại bằng phim mới, voucher quay lại, thông báo cá nhân hóa",235,3,39.13,0.3333
166153,Khách thường xuyên,0.1296,model,"Duy trì, không cần giảm giá sâu",37,2,16.83,0.0
104110,Khách lâu chưa quay lại,0.1296,model,"Kéo lại bằng phim mới, voucher quay lại, thông báo cá nhân hóa",133,2,16.0,0.5
125152,Khách thường xuyên,0.1296,model,"Duy trì, không cần giảm giá sâu",86,2,49.18,0.0
173490,Khách giá trị cao,0.1296,model,"Membership, ưu đãi đặc quyền, đặt vé sớm phim hot",91,3,22.1,1.0
128734,Khách giá trị cao,0.1296,model,"Membership, ưu đãi đặc quyền, đặt vé sớm phim hot",70,3,29.49,1.0
119212,Khách giá trị cao,0.1296,model,"Membership, ưu đãi đặc quyền, đặt vé sớm phim hot",126,4,39.88,0.25
148327,Khách lâu chưa quay lại,0.1295,model,"Kéo lại bằng phim mới, voucher quay lại, thông báo cá nhân hóa",1052,4,13.94,0.5
199731,Khách nhạy khuyến mãi,0.1295,model,"Chuyển từ giảm giá trực tiếp sang tích điểm, voucher cá nhân hóa",42,2,14.1,1.0
217549,Khách nhạy khuyến mãi,0.1295,model,"Chuyển từ giảm giá trực tiếp sang tích điểm, voucher cá nhân hóa",56,2,17.11,0.5
186537,Khách nhạy khuyến mãi,0.1295,model,"Chuyển từ giảm giá trực tiếp sang tích điểm, voucher cá nhân hóa",65,2,6.15,0.5
121387,Khách nhạy khuyến mãi,0.1295,model,"Chuyển từ giảm giá trực tiếp sang tích điểm, voucher cá nhân hóa",12,2,34.03,0.5
124100,Khách thường xuyên,0.1295,model,"Duy trì, không cần giảm giá sâu",14,2,26.93,0.0
196820,Khách nhạy khuyến mãi,0.1295,model,"Chuyển từ giảm giá trực tiếp sang tích điểm, voucher cá nhân hóa",50,2,5.7,0.5
100340,Khách giá trị cao,0.1295,model,"Membership, ưu đãi đặc quyền, đặt vé sớm phim hot",65,3,23.62,0.6667
158124,Khách giá trị cao,0.1294,model,"Membership, ưu đãi đặc quyền, đặt vé sớm phim hot",176,3,10.73,0.6667
156212,Khách giá trị cao,0.1294,model,"Membership, ưu đãi đặc quyền, đặt vé sớm phim hot",169,3,47.48,1.0
117995,Khách lâu chưa quay lại,0.1294,model,"Kéo lại bằng phim mới, voucher quay lại, thông báo cá nhân hóa",177,2,14.77,0.5
162414,Khách nhạy khuyến mãi,0.1294,model,"Chuyển từ giảm giá trực tiếp sang tích điểm, voucher cá nhân hóa",32,2,16.08,0.5
168313,Khách thường xuyên,0.1294,model,"Duy trì, không cần giảm giá sâu",11,2,5.94,0.0
184835,Khách nhạy khuyến mãi,0.1294,model,"Chuyển từ giảm giá trực tiếp sang tích điểm, voucher cá nhân hóa",61,2,11.88,0.5
219430,Khách nhạy khuyến mãi,0.1294,model,"Chuyển từ giảm giá trực tiếp sang tích điểm, voucher cá nhân hóa",2,2,12.37,0.5
175156,Khách lâu chưa quay lại,0.1293,model,"Kéo lại bằng phim mới, voucher quay lại, thông báo cá nhân hóa",189,3,21.36,0.3333
141154,Khách giá trị cao,0.1293,model,"Membership, ưu đãi đặc quyền, đặt vé sớm phim hot",93,4,33.37,0.5
121241,Khách lâu chưa quay lại,0.1293,model,"Kéo lại bằng phim mới, voucher quay lại, thông báo cá nhân hóa",99,2,6.11,1.0
105572,Khách lâu chưa quay lại,0.1293,model,"Kéo lại bằng phim mới, voucher quay lại, thông báo cá nhân hóa",203,3,12.63,1.0
171868,Khách giá trị cao,0.1293,model,"Membership, ưu đãi đặc quyền, đặt vé sớm phim hot",161,3,32.87,0.0
182749,Khách nhạy khuyến mãi,0.1293,model,"Chuyển từ giảm giá trực tiếp sang tích điểm, voucher cá nhân hóa",49,2,17.28,1.0
147810,Khách thường xuyên,0.1293,model,"Duy trì, không cần giảm giá sâu",56,2,9.48,0.0
215413,Khách nhạy khuyến mãi,0.1293,model,"Chuyển từ giảm giá trực tiếp sang tích điểm, voucher cá nhân hóa",4,2,8.37,0.5
200677,Khách lâu chưa quay lại,0.1292,model,"Kéo lại bằng phim mới, voucher quay lại, thông báo cá nhân hóa",176,2,14.6,1.0
227884,Khách nhạy khuyến mãi,0.1292,model,"Chuyển từ giảm giá trực tiếp sang tích điểm, voucher cá nhân hóa",44,2,17.33,1.0
177175,Khách mua một lần (mới),0.1292,model,Tặng coupon cho lần mua thứ hai trong vòng 7–14 ngày,12,1,9.07,0.0
144781,Khách lâu chưa quay lại,0.1292,model,"Kéo lại bằng phim mới, voucher quay lại, thông báo cá nhân hóa",124,2,7.96,0.0
118242,Khách nhạy khuyến mãi,0.1291,model,"Chuyển từ giảm giá trực tiếp sang tích điểm, voucher cá nhân hóa",7,2,6.11,1.0
117019,Khách giá trị cao,0.1291,model,"Membership, ưu đãi đặc quyền, đặt vé sớm phim hot",173,3,20.88,0.6667
215812,Khách nhạy khuyến mãi,0.1291,model,"Chuyển từ giảm giá trực tiếp sang tích điểm, voucher cá nhân hóa",51,2,15.38,0.5
101324,Khách giá trị cao,0.1291,model,"Membership, ưu đãi đặc quyền, đặt vé sớm phim hot",30,5,33.41,0.6
171110,Khách nhạy khuyến mãi,0.1291,model,"Chuyển từ giảm giá trực tiếp sang tích điểm, voucher cá nhân hóa",49,2,20.21,1.0
102125,Khách giá trị cao,0.1291,model,"Membership, ưu đãi đặc quyền, đặt vé sớm phim hot",34,5,38.07,0.2
155346,Khách giá trị cao,0.1291,model,"Membership, ưu đãi đặc quyền, đặt vé sớm phim hot",95,3,29.04,0.3333
155880,Khách lâu chưa quay lại,0.1291,model,"Kéo lại bằng phim mới, voucher quay lại, thông báo cá nhân hóa",163,2,11.37,0.5
153471,Khách nhạy khuyến mãi,0.129,model,"Chuyển từ giảm giá trực tiếp sang tích điểm, voucher cá nhân hóa",35,2,10.51,0.5
101657,Khách lâu chưa quay lại,0.129,model,"Kéo lại bằng phim mới, voucher quay lại, thông báo cá nhân hóa",204,3,20.49,1.0
183444,Khách nhạy khuyến mãi,0.129,model,"Chuyển từ giảm giá trực tiếp sang tích điểm, voucher cá nhân hóa",12,2,7.59,0.5
110481,Khách nhạy khuyến mãi,0.129,model,"Chuyển từ giảm giá trực tiếp sang tích điểm, voucher cá nhân hóa",76,2,16.79,0.5
231096,Khách mua một lần (mới),0.129,model,Tặng coupon cho lần mua thứ hai trong vòng 7–14 ngày,19,1,21.65,0.0
102167,Khách giá trị cao,0.129,model,"Membership, ưu đãi đặc quyền, đặt vé sớm phim hot",171,4,24.83,1.0
121702,Khách lâu chưa quay lại,0.129,model,"Kéo lại bằng phim mới, voucher quay lại, thông báo cá nhân hóa",221,3,21.16,1.0
120981,Khách nhạy khuyến mãi,0.129,model,"Chuyển từ giảm giá trực tiếp sang tích điểm, voucher cá nhân hóa",81,2,5.12,0.5
198995,Khách thường xuyên,0.129,model,"Duy trì, không cần giảm giá sâu",88,2,9.78,0.0
126316,Khách giá trị cao,0.129,model,"Membership, ưu đãi đặc quyền, đặt vé sớm phim hot",85,4,13.12,0.5
109425,Khách nhạy khuyến mãi,0.129,model,"Chuyển từ giảm giá trực tiếp sang tích điểm, voucher cá nhân hóa",44,2,15.3,0.5
174662,Khách thường xuyên,0.129,model,"Duy trì, không cần giảm giá sâu",2,2,18.76,0.0
156252,Khách lâu chưa quay lại,0.129,model,"Kéo lại bằng phim mới, voucher quay lại, thông báo cá nhân hóa",268,2,15.63,1.0
134386,Khách nhạy khuyến mãi,0.129,model,"Chuyển từ giảm giá trực tiếp sang tích điểm, voucher cá nhân hóa",1,2,16.25,0.5
196054,Khách nhạy khuyến mãi,0.1289,model,"Chuyển từ giảm giá trực tiếp sang tích điểm, voucher cá nhân hóa",87,2,15.71,1.0
169820,Khách lâu chưa quay lại,0.1289,model,"Kéo lại bằng phim mới, voucher quay lại, thông báo cá nhân hóa",94,2,13.15,0.5
216308,Khách nhạy khuyến mãi,0.1289,model,"Chuyển từ giảm giá trực tiếp sang tích điểm, voucher cá nhân hóa",14,2,20.55,0.5
203312,Khách lâu chưa quay lại,0.1289,model,"Kéo lại bằng phim mới, voucher quay lại, thông báo cá nhân hóa",130,2,11.34,0.0
195942,Khách nhạy khuyến mãi,0.1289,model,"Chuyển từ giảm giá trực tiếp sang tích điểm, voucher cá nhân hóa",2,2,14.14,0.5
145653,Khách mua một lần (mới),0.1289,model,Tặng coupon cho lần mua thứ hai trong vòng 7–14 ngày,9,1,21.57,0.0
194556,Khách mua một lần (mới),0.1289,model,Tặng coupon cho lần mua thứ hai trong vòng 7–14 ngày,14,1,21.57,0.0
225435,Khách nhạy khuyến mãi,0.1289,model,"Chuyển từ giảm giá trực tiếp sang tích điểm, voucher cá nhân hóa",23,2,18.72,0.5
200003,Khách giá trị cao,0.1288,model,"Membership, ưu đãi đặc quyền, đặt vé sớm phim hot",162,3,14.23,1.0
178629,Khách nhạy khuyến mãi,0.1288,model,"Chuyển từ giảm giá trực tiếp sang tích điểm, voucher cá nhân hóa",9,2,5.94,0.5
200933,Khách lâu chưa quay lại,0.1288,model,"Kéo lại bằng phim mới, voucher quay lại, thông báo cá nhân hóa",132,2,24.17,0.0
179119,Khách thường xuyên,0.1287,model,"Duy trì, không cần giảm giá sâu",8,2,18.55,0.0
100706,Khách lâu chưa quay lại,0.1287,model,"Kéo lại bằng phim mới, voucher quay lại, thông báo cá nhân hóa",301,4,19.14,1.0
219659,Khách thường xuyên,0.1287,model,"Duy trì, không cần giảm giá sâu",81,2,14.56,0.0
139648,Khách thường xuyên,0.1287,model,"Duy trì, không cần giảm giá sâu",71,2,16.08,0.0
126697,Khách lâu chưa quay lại,0.1287,model,"Kéo lại bằng phim mới, voucher quay lại, thông báo cá nhân hóa",220,3,27.1,0.6667
118370,Khách lâu chưa quay lại,0.1287,model,"Kéo lại bằng phim mới, voucher quay lại, thông báo cá nhân hóa",1097,1,16.5,0.0
120829,Khách giá trị cao,0.1287,model,"Membership, ưu đãi đặc quyền, đặt vé sớm phim hot",58,3,34.8,0.6667
167967,Khách giá trị cao,0.1287,model,"Membership, ưu đãi đặc quyền, đặt vé sớm phim hot",8,3,38.18,0.6667
149667,Khách lâu chưa quay lại,0.1286,model,"Kéo lại bằng phim mới, voucher quay lại, thông báo cá nhân hóa",319,3,23.83,0.6667
152709,Khách nhạy khuyến mãi,0.1286,model,"Chuyển từ giảm giá trực tiếp sang tích điểm, voucher cá nhân hóa",49,2,13.69,0.5
172254,Khách nhạy khuyến mãi,0.1286,model,"Chuyển từ giảm giá trực tiếp sang tích điểm, voucher cá nhân hóa",1,2,13.57,0.5
146955,Khách nhạy khuyến mãi,0.1286,model,"Chuyển từ giảm giá trực tiếp sang tích điểm, voucher cá nhân hóa",45,2,10.03,1.0
146381,Khách giá trị cao,0.1286,model,"Membership, ưu đãi đặc quyền, đặt vé sớm phim hot",47,3,45.24,0.6667
160236,Khách giá trị cao,0.1286,model,"Membership, ưu đãi đặc quyền, đặt vé sớm phim hot",83,3,20.33,0.3333
145083,Khách nhạy khuyến mãi,0.1285,model,"Chuyển từ giảm giá trực tiếp sang tích điểm, voucher cá nhân hóa",9,2,15.59,1.0
203768,Khách giá trị cao,0.1285,model,"Membership, ưu đãi đặc quyền, đặt vé sớm phim hot",73,3,29.62,0.6667
194148,Khách nhạy khuyến mãi,0.1285,model,"Chuyển từ giảm giá trực tiếp sang tích điểm, voucher cá nhân hóa",39,2,12.46,0.5
102672,Khách nhạy khuyến mãi,0.1285,model,"Chuyển từ giảm giá trực tiếp sang tích điểm, voucher cá nhân hóa",54,2,13.12,0.5
110098,Khách giá trị cao,0.1285,model,"Membership, ưu đãi đặc quyền, đặt vé sớm phim hot",172,3,28.71,0.6667
145789,Khách lâu chưa quay lại,0.1285,model,"Kéo lại bằng phim mới, voucher quay lại, thông báo cá nhân hóa",311,3,23.1,0.3333
180200,Khách nhạy khuyến mãi,0.1285,model,"Chuyển từ giảm giá trực tiếp sang tích điểm, voucher cá nhân hóa",43,2,12.87,1.0
119361,Khách nhạy khuyến mãi,0.1285,model,"Chuyển từ giảm giá trực tiếp sang tích điểm, voucher cá nhân hóa",43,2,13.19,0.5
131707,Khách thường xuyên,0.1285,model,"Duy trì, không cần giảm giá sâu",65,1,3.84,0.0
219357,Khách nhạy khuyến mãi,0.1285,model,"Chuyển từ giảm giá trực tiếp sang tích điểm, voucher cá nhân hóa",58,2,22.14,0.5
115465,Khách nhạy khuyến mãi,0.1285,model,"Chuyển từ giảm giá trực tiếp sang tích điểm, voucher cá nhân hóa",77,2,15.18,1.0
216377,Khách nhạy khuyến mãi,0.1284,model,"Chuyển từ giảm giá trực tiếp sang tích điểm, voucher cá nhân hóa",41,2,5.7,0.5
123858,Khách nhạy khuyến mãi,0.1284,model,"Chuyển từ giảm giá trực tiếp sang tích điểm, voucher cá nhân hóa",38,2,5.7,0.5
115679,Khách nhạy khuyến mãi,0.1284,model,"Chuyển từ giảm giá trực tiếp sang tích điểm, voucher cá nhân hóa",37,2,5.7,0.5
139670,Khách lâu chưa quay lại,0.1284,model,"Kéo lại bằng phim mới, voucher quay lại, thông báo cá nhân hóa",228,3,27.92,0.0
128584,Khách lâu chưa quay lại,0.1284,model,"Kéo lại bằng phim mới, voucher quay lại, thông báo cá nhân hóa",281,2,9.37,1.0
225911,Khách nhạy khuyến mãi,0.1284,model,"Chuyển từ giảm giá trực tiếp sang tích điểm, voucher cá nhân hóa",37,2,12.57,0.5
218203,Khách thường xuyên,0.1284,model,"Duy trì, không cần giảm giá sâu",22,2,26.07,0.0
112199,Khách lâu chưa quay lại,0.1284,model,"Kéo lại bằng phim mới, voucher quay lại, thông báo cá nhân hóa",1162,3,37.11,0.0
126131,Khách lâu chưa quay lại,0.1284,model,"Kéo lại bằng phim mới, voucher quay lại, thông báo cá nhân hóa",319,5,40.53,0.4
190481,Khách thường xuyên,0.1284,model,"Duy trì, không cần giảm giá sâu",69,2,15.4,0.0
193080,Khách lâu chưa quay lại,0.1284,model,"Kéo lại bằng phim mới, voucher quay lại, thông báo cá nhân hóa",174,2,15.6,0.5
123796,Khách giá trị cao,0.1284,model,"Membership, ưu đãi đặc quyền, đặt vé sớm phim hot",97,5,33.37,0.6
125469,Khách lâu chưa quay lại,0.1284,model,"Kéo lại bằng phim mới, voucher quay lại, thông báo cá nhân hóa",127,2,17.07,0.0
175030,Khách lâu chưa quay lại,0.1284,model,"Kéo lại bằng phim mới, voucher quay lại, thông báo cá nhân hóa",91,2,12.13,0.0
126615,Khách lâu chưa quay lại,0.1284,model,"Kéo lại bằng phim mới, voucher quay lại, thông báo cá nhân hóa",1025,3,38.06,0.3333
203283,Khách mua một lần (mới),0.1284,model,Tặng coupon cho lần mua thứ hai trong vòng 7–14 ngày,1,1,21.86,0.0
120083,Khách nhạy khuyến mãi,0.1284,model,"Chuyển từ giảm giá trực tiếp sang tích điểm, voucher cá nhân hóa",89,2,6.1,0.5
116298,Khách giá trị cao,0.1284,model,"Membership, ưu đãi đặc quyền, đặt vé sớm phim hot",82,3,31.63,0.3333
181809,Khách giá trị cao,0.1283,model,"Membership, ưu đãi đặc quyền, đặt vé sớm phim hot",99,3,19.05,0.3333
154499,Khách nhạy khuyến mãi,0.1283,model,"Chuyển từ giảm giá trực tiếp sang tích điểm, voucher cá nhân hóa",26,2,14.35,0.5
184800,Khách nhạy khuyến mãi,0.1283,model,"Chuyển từ giảm giá trực tiếp sang tích điểm, voucher cá nhân hóa",2,2,6.11,0.5
148844,Khách giá trị cao,0.1283,model,"Membership, ưu đãi đặc quyền, đặt vé sớm phim hot",107,3,9.45,1.0
161953,Khách nhạy khuyến mãi,0.1283,model,"Chuyển từ giảm giá trực tiếp sang tích điểm, voucher cá nhân hóa",78,2,5.7,0.5
203865,Khách nhạy khuyến mãi,0.1283,model,"Chuyển từ giảm giá trực tiếp sang tích điểm, voucher cá nhân hóa",85,2,5.7,0.5
176814,Khách nhạy khuyến mãi,0.1283,model,"Chuyển từ giảm giá trực tiếp sang tích điểm, voucher cá nhân hóa",83,2,5.69,0.5
147659,Khách lâu chưa quay lại,0.1283,model,"Kéo lại bằng phim mới, voucher quay lại, thông báo cá nhân hóa",275,3,40.0,0.0
174651,Khách nhạy khuyến mãi,0.1283,model,"Chuyển từ giảm giá trực tiếp sang tích điểm, voucher cá nhân hóa",15,2,35.63,0.5
195110,Khách nhạy khuyến mãi,0.1283,model,"Chuyển từ giảm giá trực tiếp sang tích điểm, voucher cá nhân hóa",7,2,6.52,1.0
140120,Khách lâu chưa quay lại,0.1283,model,"Kéo lại bằng phim mới, voucher quay lại, thông báo cá nhân hóa",100,2,15.41,0.5
152018,Khách giá trị cao,0.1283,model,"Membership, ưu đãi đặc quyền, đặt vé sớm phim hot",157,3,24.66,0.3333
193392,Khách giá trị cao,0.1283,model,"Membership, ưu đãi đặc quyền, đặt vé sớm phim hot",175,3,19.38,1.0
155405,Khách lâu chưa quay lại,0.1283,model,"Kéo lại bằng phim mới, voucher quay lại, thông báo cá nhân hóa",211,2,13.0,0.5
116841,Khách nhạy khuyến mãi,0.1283,model,"Chuyển từ giảm giá trực tiếp sang tích điểm, voucher cá nhân hóa",59,2,14.1,1.0
181522,Khách nhạy khuyến mãi,0.1283,model,"Chuyển từ giảm giá trực tiếp sang tích điểm, voucher cá nhân hóa",42,2,21.16,0.5
179532,Khách nhạy khuyến mãi,0.1282,model,"Chuyển từ giảm giá trực tiếp sang tích điểm, voucher cá nhân hóa",8,2,14.84,0.5
104724,Khách lâu chưa quay lại,0.1282,model,"Kéo lại bằng phim mới, voucher quay lại, thông báo cá nhân hóa",159,2,14.72,0.5
200603,Khách thường xuyên,0.1282,model,"Duy trì, không cần giảm giá sâu",1,2,23.45,0.0
205631,Khách giá trị cao,0.1282,model,"Membership, ưu đãi đặc quyền, đặt vé sớm phim hot",28,3,31.95,0.6667
153681,Khách thường xuyên,0.1282,model,"Duy trì, không cần giảm giá sâu",50,2,18.19,0.0
223316,Khách thường xuyên,0.1282,model,"Duy trì, không cần giảm giá sâu",49,2,18.19,0.0
228816,Khách lâu chưa quay lại,0.1282,model,"Kéo lại bằng phim mới, voucher quay lại, thông báo cá nhân hóa",99,2,13.94,1.0
224752,Khách lâu chưa quay lại,0.1281,model,"Kéo lại bằng phim mới, voucher quay lại, thông báo cá nhân hóa",113,2,16.55,0.5
116815,Khách giá trị cao,0.1281,model,"Membership, ưu đãi đặc quyền, đặt vé sớm phim hot",43,4,59.76,0.0
138382,Khách giá trị cao,0.1281,model,"Membership, ưu đãi đặc quyền, đặt vé sớm phim hot",0,4,37.35,1.0
178939,Khách lâu chưa quay lại,0.1281,model,"Kéo lại bằng phim mới, voucher quay lại, thông báo cá nhân hóa",173,2,13.24,0.5
141118,Khách nhạy khuyến mãi,0.1281,model,"Chuyển từ giảm giá trực tiếp sang tích điểm, voucher cá nhân hóa",13,2,8.83,0.5
202230,Khách thường xuyên,0.1281,model,"Duy trì, không cần giảm giá sâu",9,2,32.16,0.0
225743,Khách lâu chưa quay lại,0.1281,model,"Kéo lại bằng phim mới, voucher quay lại, thông báo cá nhân hóa",118,2,15.22,0.0
120441,Khách giá trị cao,0.1281,model,"Membership, ưu đãi đặc quyền, đặt vé sớm phim hot",53,4,38.47,0.25
216849,Khách nhạy khuyến mãi,0.1281,model,"Chuyển từ giảm giá trực tiếp sang tích điểm, voucher cá nhân hóa",11,2,12.75,0.5
162388,Khách lâu chưa quay lại,0.1281,model,"Kéo lại bằng phim mới, voucher quay lại, thông báo cá nhân hóa",205,7,45.12,0.2857
115535,Khách nhạy khuyến mãi,0.128,model,"Chuyển từ giảm giá trực tiếp sang tích điểm, voucher cá nhân hóa",28,2,12.95,0.5
150926,Khách nhạy khuyến mãi,0.128,model,"Chuyển từ giảm giá trực tiếp sang tích điểm, voucher cá nhân hóa",21,2,18.72,0.5
157209,Khách lâu chưa quay lại,0.128,model,"Kéo lại bằng phim mới, voucher quay lại, thông báo cá nhân hóa",235,4,14.92,0.5
216032,Khách thường xuyên,0.128,model,"Duy trì, không cần giảm giá sâu",71,2,52.68,0.0
207944,Khách thường xuyên,0.128,model,"Duy trì, không cần giảm giá sâu",50,2,22.81,0.0
218885,Khách nhạy khuyến mãi,0.128,model,"Chuyển từ giảm giá trực tiếp sang tích điểm, voucher cá nhân hóa",89,2,12.98,0.5
140024,Khách nhạy khuyến mãi,0.128,model,"Chuyển từ giảm giá trực tiếp sang tích điểm, voucher cá nhân hóa",49,2,36.63,0.5
163373,Khách thường xuyên,0.128,model,"Duy trì, không cần giảm giá sâu",53,1,10.39,0.0
103505,Khách nhạy khuyến mãi,0.128,model,"Chuyển từ giảm giá trực tiếp sang tích điểm, voucher cá nhân hóa",39,2,12.54,1.0
214755,Khách nhạy khuyến mãi,0.128,model,"Chuyển từ giảm giá trực tiếp sang tích điểm, voucher cá nhân hóa",77,2,5.7,1.0
162670,Khách lâu chưa quay lại,0.128,model,"Kéo lại bằng phim mới, voucher quay lại, thông báo cá nhân hóa",204,3,9.32,0.3333
189695,Khách thường xuyên,0.128,model,"Duy trì, không cần giảm giá sâu",44,2,31.88,0.0
160480,Khách nhạy khuyến mãi,0.128,model,"Chuyển từ giảm giá trực tiếp sang tích điểm, voucher cá nhân hóa",84,2,14.19,0.5
205043,Khách thường xuyên,0.128,model,"Duy trì, không cần giảm giá sâu",54,2,24.0,0.0
176795,Khách lâu chưa quay lại,0.128,model,"Kéo lại bằng phim mới, voucher quay lại, thông báo cá nhân hóa",231,3,24.75,0.3333
157127,Khách thường xuyên,0.128,model,"Duy trì, không cần giảm giá sâu",56,2,23.75,0.0
144147,Khách nhạy khuyến mãi,0.128,model,"Chuyển từ giảm giá trực tiếp sang tích điểm, voucher cá nhân hóa",43,2,14.1,1.0
217231,Khách thường xuyên,0.128,model,"Duy trì, không cần giảm giá sâu",15,2,31.05,0.0
228572,Khách thường xuyên,0.128,model,"Duy trì, không cần giảm giá sâu",7,2,30.7,0.0
178177,Khách nhạy khuyến mãi,0.1279,model,"Chuyển từ giảm giá trực tiếp sang tích điểm, voucher cá nhân hóa",53,2,9.28,0.5
117340,Khách thường xuyên,0.1279,model,"Duy trì, không cần giảm giá sâu",37,1,8.78,0.0
137220,Khách nhạy khuyến mãi,0.1279,model,"Chuyển từ giảm giá trực tiếp sang tích điểm, voucher cá nhân hóa",35,2,9.16,0.5
197830,Khách lâu chưa quay lại,0.1279,model,"Kéo lại bằng phim mới, voucher quay lại, thông báo cá nhân hóa",140,2,9.53,0.5
197992,Khách giá trị cao,0.1279,model,"Membership, ưu đãi đặc quyền, đặt vé sớm phim hot",85,3,29.33,0.3333
223966,Khách lâu chưa quay lại,0.1279,model,"Kéo lại bằng phim mới, voucher quay lại, thông báo cá nhân hóa",96,2,6.52,0.5
174181,Khách lâu chưa quay lại,0.1279,model,"Kéo lại bằng phim mới, voucher quay lại, thông báo cá nhân hóa",110,2,6.52,0.5
142132,Khách lâu chưa quay lại,0.1279,model,"Kéo lại bằng phim mới, voucher quay lại, thông báo cá nhân hóa",154,2,3.26,0.5
128623,Khách giá trị cao,0.1279,model,"Membership, ưu đãi đặc quyền, đặt vé sớm phim hot",172,3,12.79,0.3333
215368,Khách nhạy khuyến mãi,0.1279,model,"Chuyển từ giảm giá trực tiếp sang tích điểm, voucher cá nhân hóa",30,2,6.11,1.0
173514,Khách nhạy khuyến mãi,0.1279,model,"Chuyển từ giảm giá trực tiếp sang tích điểm, voucher cá nhân hóa",10,2,6.35,0.5
104521,Khách thường xuyên,0.1279,model,"Duy trì, không cần giảm giá sâu",40,2,20.21,0.0
125374,Khách giá trị cao,0.1278,model,"Membership, ưu đãi đặc quyền, đặt vé sớm phim hot",62,3,27.17,0.6667
206809,Khách thường xuyên,0.1278,model,"Duy trì, không cần giảm giá sâu",5,2,25.01,0.0
137022,Khách giá trị cao,0.1278,model,"Membership, ưu đãi đặc quyền, đặt vé sớm phim hot",135,3,17.61,0.6667
194814,Khách thường xuyên,0.1278,model,"Duy trì, không cần giảm giá sâu",67,2,16.09,0.0
117689,Khách nhạy khuyến mãi,0.1278,model,"Chuyển từ giảm giá trực tiếp sang tích điểm, voucher cá nhân hóa",47,2,11.3,1.0
203236,Khách nhạy khuyến mãi,0.1278,model,"Chuyển từ giảm giá trực tiếp sang tích điểm, voucher cá nhân hóa",43,2,14.52,0.5
203636,Khách nhạy khuyến mãi,0.1278,model,"Chuyển từ giảm giá trực tiếp sang tích điểm, voucher cá nhân hóa",6,2,13.11,0.5
214979,Khách thường xuyên,0.1278,model,"Duy trì, không cần giảm giá sâu",4,2,21.91,0.0
116954,Khách lâu chưa quay lại,0.1278,model,"Kéo lại bằng phim mới, voucher quay lại, thông báo cá nhân hóa",294,3,21.71,0.6667
170874,Khách thường xuyên,0.1278,model,"Duy trì, không cần giảm giá sâu",57,2,21.24,0.0
146540,Khách nhạy khuyến mãi,0.1278,model,"Chuyển từ giảm giá trực tiếp sang tích điểm, voucher cá nhân hóa",4,2,9.53,1.0
209316,Khách nhạy khuyến mãi,0.1278,model,"Chuyển từ giảm giá trực tiếp sang tích điểm, voucher cá nhân hóa",43,2,16.0,1.0
117923,Khách giá trị cao,0.1278,model,"Membership, ưu đãi đặc quyền, đặt vé sớm phim hot",36,3,26.97,0.3333
111924,Khách giá trị cao,0.1277,model,"Membership, ưu đãi đặc quyền, đặt vé sớm phim hot",172,3,20.24,0.0
225725,Khách nhạy khuyến mãi,0.1277,model,"Chuyển từ giảm giá trực tiếp sang tích điểm, voucher cá nhân hóa",45,2,20.91,0.5
163393,Khách lâu chưa quay lại,0.1277,model,"Kéo lại bằng phim mới, voucher quay lại, thông báo cá nhân hóa",232,2,13.08,1.0
180305,Khách lâu chưa quay lại,0.1277,model,"Kéo lại bằng phim mới, voucher quay lại, thông báo cá nhân hóa",125,2,30.61,0.0
190725,Khách thường xuyên,0.1277,model,"Duy trì, không cần giảm giá sâu",89,2,15.01,0.0
194618,Khách nhạy khuyến mãi,0.1277,model,"Chuyển từ giảm giá trực tiếp sang tích điểm, voucher cá nhân hóa",61,2,20.66,0.5
128249,Khách giá trị cao,0.1276,model,"Membership, ưu đãi đặc quyền, đặt vé sớm phim hot",52,4,41.0,0.0
162486,Khách thường xuyên,0.1276,model,"Duy trì, không cần giảm giá sâu",46,1,8.66,0.0
164944,Khách giá trị cao,0.1276,model,"Membership, ưu đãi đặc quyền, đặt vé sớm phim hot",51,3,28.66,0.0
180524,Khách nhạy khuyến mãi,0.1276,model,"Chuyển từ giảm giá trực tiếp sang tích điểm, voucher cá nhân hóa",51,2,5.74,0.5
171322,Khách nhạy khuyến mãi,0.1276,model,"Chuyển từ giảm giá trực tiếp sang tích điểm, voucher cá nhân hóa",37,2,21.94,0.5
102001,Khách giá trị cao,0.1276,model,"Membership, ưu đãi đặc quyền, đặt vé sớm phim hot",174,4,22.89,0.25
106382,Khách lâu chưa quay lại,0.1275,model,"Kéo lại bằng phim mới, voucher quay lại, thông báo cá nhân hóa",253,2,12.21,1.0
175446,Khách nhạy khuyến mãi,0.1275,model,"Chuyển từ giảm giá trực tiếp sang tích điểm, voucher cá nhân hóa",55,2,13.57,0.5
168214,Khách lâu chưa quay lại,0.1275,model,"Kéo lại bằng phim mới, voucher quay lại, thông báo cá nhân hóa",291,3,27.14,0.6667
146513,Khách nhạy khuyến mãi,0.1275,model,"Chuyển từ giảm giá trực tiếp sang tích điểm, voucher cá nhân hóa",85,2,36.37,0.5
196273,Khách nhạy khuyến mãi,0.1275,model,"Chuyển từ giảm giá trực tiếp sang tích điểm, voucher cá nhân hóa",46,2,6.15,1.0
115058,Khách lâu chưa quay lại,0.1275,model,"Kéo lại bằng phim mới, voucher quay lại, thông báo cá nhân hóa",387,3,27.23,0.6667
192482,Khách thường xuyên,0.1275,model,"Duy trì, không cần giảm giá sâu",0,2,22.07,0.0
217979,Khách nhạy khuyến mãi,0.1275,model,"Chuyển từ giảm giá trực tiếp sang tích điểm, voucher cá nhân hóa",23,2,15.18,1.0
122731,Khách nhạy khuyến mãi,0.1275,model,"Chuyển từ giảm giá trực tiếp sang tích điểm, voucher cá nhân hóa",48,2,5.7,0.5
136263,Khách lâu chưa quay lại,0.1274,model,"Kéo lại bằng phim mới, voucher quay lại, thông báo cá nhân hóa",119,2,30.06,0.5
118073,Khách nhạy khuyến mãi,0.1274,model,"Chuyển từ giảm giá trực tiếp sang tích điểm, voucher cá nhân hóa",44,2,16.25,0.5
209107,Khách nhạy khuyến mãi,0.1274,model,"Chuyển từ giảm giá trực tiếp sang tích điểm, voucher cá nhân hóa",70,2,13.28,0.5
114835,Khách giá trị cao,0.1274,model,"Membership, ưu đãi đặc quyền, đặt vé sớm phim hot",38,3,29.32,0.6667
158565,Khách lâu chưa quay lại,0.1274,model,"Kéo lại bằng phim mới, voucher quay lại, thông báo cá nhân hóa",176,1,18.56,0.0
100131,Khách lâu chưa quay lại,0.1274,model,"Kéo lại bằng phim mới, voucher quay lại, thông báo cá nhân hóa",205,3,32.66,1.0
122368,Khách giá trị cao,0.1274,model,"Membership, ưu đãi đặc quyền, đặt vé sớm phim hot",76,3,38.52,0.6667
128693,Khách giá trị cao,0.1274,model,"Membership, ưu đãi đặc quyền, đặt vé sớm phim hot",176,3,33.9,1.0
143833,Khách giá trị cao,0.1274,model,"Membership, ưu đãi đặc quyền, đặt vé sớm phim hot",96,4,36.41,1.0
216553,Khách lâu chưa quay lại,0.1274,model,"Kéo lại bằng phim mới, voucher quay lại, thông báo cá nhân hóa",176,2,11.96,1.0
222283,Khách nhạy khuyến mãi,0.1274,model,"Chuyển từ giảm giá trực tiếp sang tích điểm, voucher cá nhân hóa",21,2,16.0,0.5
126726,Khách lâu chưa quay lại,0.1274,model,"Kéo lại bằng phim mới, voucher quay lại, thông báo cá nhân hóa",107,1,8.41,0.0
107183,Khách lâu chưa quay lại,0.1274,model,"Kéo lại bằng phim mới, voucher quay lại, thông báo cá nhân hóa",92,1,8.41,0.0
105140,Khách lâu chưa quay lại,0.1274,model,"Kéo lại bằng phim mới, voucher quay lại, thông báo cá nhân hóa",1052,4,26.89,0.5
120355,Khách lâu chưa quay lại,0.1274,model,"Kéo lại bằng phim mới, voucher quay lại, thông báo cá nhân hóa",109,2,5.94,0.5
114496,Khách nhạy khuyến mãi,0.1274,model,"Chuyển từ giảm giá trực tiếp sang tích điểm, voucher cá nhân hóa",74,2,5.94,0.5
156206,Khách nhạy khuyến mãi,0.1274,model,"Chuyển từ giảm giá trực tiếp sang tích điểm, voucher cá nhân hóa",74,2,5.94,0.5
172411,Khách thường xuyên,0.1274,model,"Duy trì, không cần giảm giá sâu",3,2,17.28,0.0
115027,Khách giá trị cao,0.1274,model,"Membership, ưu đãi đặc quyền, đặt vé sớm phim hot",50,3,57.41,0.0
170052,Khách nhạy khuyến mãi,0.1274,model,"Chuyển từ giảm giá trực tiếp sang tích điểm, voucher cá nhân hóa",28,2,14.07,1.0
179667,Khách giá trị cao,0.1273,model,"Membership, ưu đãi đặc quyền, đặt vé sớm phim hot",57,3,27.75,0.6667
116829,Khách nhạy khuyến mãi,0.1273,model,"Chuyển từ giảm giá trực tiếp sang tích điểm, voucher cá nhân hóa",79,2,11.96,1.0
187235,Khách thường xuyên,0.1273,model,"Duy trì, không cần giảm giá sâu",71,2,21.57,0.0
142743,Khách giá trị cao,0.1273,model,"Membership, ưu đãi đặc quyền, đặt vé sớm phim hot",99,3,29.52,0.3333
101896,Khách thường xuyên,0.1273,model,"Duy trì, không cần giảm giá sâu",1,2,15.3,0.0
101249,Khách thường xuyên,0.1273,model,"Duy trì, không cần giảm giá sâu",4,2,25.61,0.0
109753,Khách giá trị cao,0.1273,model,"Membership, ưu đãi đặc quyền, đặt vé sớm phim hot",99,4,43.75,0.75
117925,Khách nhạy khuyến mãi,0.1273,model,"Chuyển từ giảm giá trực tiếp sang tích điểm, voucher cá nhân hóa",8,2,14.1,1.0
178717,Khách thường xuyên,0.1273,model,"Duy trì, không cần giảm giá sâu",80,2,30.35,0.0
169604,Khách nhạy khuyến mãi,0.1273,model,"Chuyển từ giảm giá trực tiếp sang tích điểm, voucher cá nhân hóa",57,2,5.7,1.0
143492,Khách giá trị cao,0.1273,model,"Membership, ưu đãi đặc quyền, đặt vé sớm phim hot",145,4,19.14,1.0
140776,Khách lâu chưa quay lại,0.1273,model,"Kéo lại bằng phim mới, voucher quay lại, thông báo cá nhân hóa",219,3,26.93,0.3333
149246,Khách giá trị cao,0.1273,model,"Membership, ưu đãi đặc quyền, đặt vé sớm phim hot",175,5,16.22,1.0
146405,Khách lâu chưa quay lại,0.1272,model,"Kéo lại bằng phim mới, voucher quay lại, thông báo cá nhân hóa",227,3,32.87,1.0
125653,Khách lâu chưa quay lại,0.1272,model,"Kéo lại bằng phim mới, voucher quay lại, thông báo cá nhân hóa",217,4,38.56,0.5
109785,Khách nhạy khuyến mãi,0.1272,model,"Chuyển từ giảm giá trực tiếp sang tích điểm, voucher cá nhân hóa",7,2,30.57,0.5
215988,Khách nhạy khuyến mãi,0.1272,model,"Chuyển từ giảm giá trực tiếp sang tích điểm, voucher cá nhân hóa",6,2,21.2,0.5
125641,Khách lâu chưa quay lại,0.1272,model,"Kéo lại bằng phim mới, voucher quay lại, thông báo cá nhân hóa",650,1,21.57,0.0
198518,Khách nhạy khuyến mãi,0.1272,model,"Chuyển từ giảm giá trực tiếp sang tích điểm, voucher cá nhân hóa",41,2,26.69,0.5
217091,Khách thường xuyên,0.1272,model,"Duy trì, không cần giảm giá sâu",47,2,21.99,0.0
185654,Khách nhạy khuyến mãi,0.1272,model,"Chuyển từ giảm giá trực tiếp sang tích điểm, voucher cá nhân hóa",56,2,14.56,0.5
118576,Khách lâu chưa quay lại,0.1272,model,"Kéo lại bằng phim mới, voucher quay lại, thông báo cá nhân hóa",234,3,24.83,0.3333
142990,Khách thường xuyên,0.1272,model,"Duy trì, không cần giảm giá sâu",84,2,16.58,0.0
208072,Khách thường xuyên,0.1272,model,"Duy trì, không cần giảm giá sâu",48,1,7.84,0.0
135053,Khách nhạy khuyến mãi,0.1272,model,"Chuyển từ giảm giá trực tiếp sang tích điểm, voucher cá nhân hóa",50,2,17.93,0.5
129457,Khách thường xuyên,0.1272,model,"Duy trì, không cần giảm giá sâu",4,2,10.64,0.0
107801,Khách thường xuyên,0.1272,model,"Duy trì, không cần giảm giá sâu",49,2,21.61,0.0
190246,Khách thường xuyên,0.1272,model,"Duy trì, không cần giảm giá sâu",46,2,20.24,0.0
216044,Khách nhạy khuyến mãi,0.1271,model,"Chuyển từ giảm giá trực tiếp sang tích điểm, voucher cá nhân hóa",17,2,14.77,0.5
117470,Khách nhạy khuyến mãi,0.1271,model,"Chuyển từ giảm giá trực tiếp sang tích điểm, voucher cá nhân hóa",53,2,12.46,0.5
140002,Khách lâu chưa quay lại,0.1271,model,"Kéo lại bằng phim mới, voucher quay lại, thông báo cá nhân hóa",105,2,23.84,0.0
108598,Khách giá trị cao,0.1271,model,"Membership, ưu đãi đặc quyền, đặt vé sớm phim hot",96,4,25.66,0.25
132557,Khách nhạy khuyến mãi,0.1271,model,"Chuyển từ giảm giá trực tiếp sang tích điểm, voucher cá nhân hóa",59,2,5.69,0.5
147857,Khách lâu chưa quay lại,0.1271,model,"Kéo lại bằng phim mới, voucher quay lại, thông báo cá nhân hóa",204,3,28.44,1.0
172737,Khách lâu chưa quay lại,0.127,model,"Kéo lại bằng phim mới, voucher quay lại, thông báo cá nhân hóa",166,2,16.88,0.5
149691,Khách lâu chưa quay lại,0.127,model,"Kéo lại bằng phim mới, voucher quay lại, thông báo cá nhân hóa",141,2,11.87,0.5
192523,Khách nhạy khuyến mãi,0.127,model,"Chuyển từ giảm giá trực tiếp sang tích điểm, voucher cá nhân hóa",37,2,18.11,0.5
225213,Khách lâu chưa quay lại,0.127,model,"Kéo lại bằng phim mới, voucher quay lại, thông báo cá nhân hóa",114,2,19.53,1.0
162974,Khách lâu chưa quay lại,0.127,model,"Kéo lại bằng phim mới, voucher quay lại, thông báo cá nhân hóa",182,4,31.71,0.25
127292,Khách lâu chưa quay lại,0.127,model,"Kéo lại bằng phim mới, voucher quay lại, thông báo cá nhân hóa",115,2,16.69,0.5
132863,Khách mua một lần (mới),0.1269,model,Tặng coupon cho lần mua thứ hai trong vòng 7–14 ngày,2,1,9.77,0.0
104267,Khách lâu chưa quay lại,0.1269,model,"Kéo lại bằng phim mới, voucher quay lại, thông báo cá nhân hóa",102,2,15.84,0.0
101477,Khách lâu chưa quay lại,0.1269,model,"Kéo lại bằng phim mới, voucher quay lại, thông báo cá nhân hóa",203,3,33.54,0.3333
191773,Khách thường xuyên,0.1269,model,"Duy trì, không cần giảm giá sâu",29,2,38.99,0.0
181495,Khách thường xuyên,0.1269,model,"Duy trì, không cần giảm giá sâu",27,2,5.94,0.0
106199,Khách lâu chưa quay lại,0.1269,model,"Kéo lại bằng phim mới, voucher quay lại, thông báo cá nhân hóa",183,4,39.66,0.75
179135,Khách giá trị cao,0.1269,model,"Membership, ưu đãi đặc quyền, đặt vé sớm phim hot",88,3,35.91,0.6667
166181,Khách lâu chưa quay lại,0.1269,model,"Kéo lại bằng phim mới, voucher quay lại, thông báo cá nhân hóa",154,2,11.14,0.5
210918,Khách lâu chưa quay lại,0.1268,model,"Kéo lại bằng phim mới, voucher quay lại, thông báo cá nhân hóa",154,2,11.14,0.0
153017,Khách nhạy khuyến mãi,0.1268,model,"Chuyển từ giảm giá trực tiếp sang tích điểm, voucher cá nhân hóa",65,2,12.09,1.0
143997,Khách mua một lần (mới),0.1268,model,Tặng coupon cho lần mua thứ hai trong vòng 7–14 ngày,4,1,8.39,0.0
137995,Khách nhạy khuyến mãi,0.1268,model,"Chuyển từ giảm giá trực tiếp sang tích điểm, voucher cá nhân hóa",29,2,15.38,1.0
108761,Khách lâu chưa quay lại,0.1268,model,"Kéo lại bằng phim mới, voucher quay lại, thông báo cá nhân hóa",373,3,17.64,0.3333
181850,Khách nhạy khuyến mãi,0.1268,model,"Chuyển từ giảm giá trực tiếp sang tích điểm, voucher cá nhân hóa",43,2,5.7,1.0
181956,Khách nhạy khuyến mãi,0.1268,model,"Chuyển từ giảm giá trực tiếp sang tích điểm, voucher cá nhân hóa",28,2,16.41,1.0
137452,Khách mua một lần (mới),0.1268,model,Tặng coupon cho lần mua thứ hai trong vòng 7–14 ngày,4,1,7.59,0.0
169090,Khách lâu chưa quay lại,0.1268,model,"Kéo lại bằng phim mới, voucher quay lại, thông báo cá nhân hóa",102,2,14.02,0.0
170471,Khách thường xuyên,0.1268,model,"Duy trì, không cần giảm giá sâu",90,2,14.0,0.0
126429,Khách nhạy khuyến mãi,0.1268,model,"Chuyển từ giảm giá trực tiếp sang tích điểm, voucher cá nhân hóa",50,2,19.54,0.5
112576,Khách thường xuyên,0.1268,model,"Duy trì, không cần giảm giá sâu",2,2,13.41,0.0
109097,Khách lâu chưa quay lại,0.1268,model,"Kéo lại bằng phim mới, voucher quay lại, thông báo cá nhân hóa",181,3,24.29,0.6667
137960,Khách giá trị cao,0.1268,model,"Membership, ưu đãi đặc quyền, đặt vé sớm phim hot",44,4,42.48,0.5
152999,Khách giá trị cao,0.1268,model,"Membership, ưu đãi đặc quyền, đặt vé sớm phim hot",78,3,35.71,0.6667
145593,Khách giá trị cao,0.1268,model,"Membership, ưu đãi đặc quyền, đặt vé sớm phim hot",28,5,45.82,0.2
170384,Khách giá trị cao,0.1267,model,"Membership, ưu đãi đặc quyền, đặt vé sớm phim hot",57,3,12.6,0.3333
124249,Khách lâu chưa quay lại,0.1267,model,"Kéo lại bằng phim mới, voucher quay lại, thông báo cá nhân hóa",122,2,31.55,0.0
114895,Khách nhạy khuyến mãi,0.1267,model,"Chuyển từ giảm giá trực tiếp sang tích điểm, voucher cá nhân hóa",1,2,12.95,1.0
140951,Khách nhạy khuyến mãi,0.1267,model,"Chuyển từ giảm giá trực tiếp sang tích điểm, voucher cá nhân hóa",13,2,21.4,0.5
201400,Khách thường xuyên,0.1267,model,"Duy trì, không cần giảm giá sâu",85,2,15.58,0.0
101848,Khách giá trị cao,0.1267,model,"Membership, ưu đãi đặc quyền, đặt vé sớm phim hot",116,3,19.45,0.3333
186862,Khách nhạy khuyến mãi,0.1267,model,"Chuyển từ giảm giá trực tiếp sang tích điểm, voucher cá nhân hóa",4,2,7.97,0.5
184843,Khách giá trị cao,0.1267,model,"Membership, ưu đãi đặc quyền, đặt vé sớm phim hot",168,3,20.01,1.0
140638,Khách lâu chưa quay lại,0.1267,model,"Kéo lại bằng phim mới, voucher quay lại, thông báo cá nhân hóa",127,2,17.94,0.0
138042,Khách thường xuyên,0.1267,model,"Duy trì, không cần giảm giá sâu",55,2,6.14,0.0
205340,Khách nhạy khuyến mãi,0.1266,model,"Chuyển từ giảm giá trực tiếp sang tích điểm, voucher cá nhân hóa",8,2,15.38,1.0
184769,Khách lâu chưa quay lại,0.1266,model,"Kéo lại bằng phim mới, voucher quay lại, thông báo cá nhân hóa",212,2,20.2,0.5
177678,Khách lâu chưa quay lại,0.1266,model,"Kéo lại bằng phim mới, voucher quay lại, thông báo cá nhân hóa",165,2,16.37,0.0
147387,Khách nhạy khuyến mãi,0.1266,model,"Chuyển từ giảm giá trực tiếp sang tích điểm, voucher cá nhân hóa",4,2,17.88,0.5
166351,Khách thường xuyên,0.1266,model,"Duy trì, không cần giảm giá sâu",4,2,18.66,0.0
117851,Khách giá trị cao,0.1265,model,"Membership, ưu đãi đặc quyền, đặt vé sớm phim hot",171,3,27.92,0.6667
173549,Khách nhạy khuyến mãi,0.1265,model,"Chuyển từ giảm giá trực tiếp sang tích điểm, voucher cá nhân hóa",83,2,10.03,0.5
155153,Khách giá trị cao,0.1265,model,"Membership, ưu đãi đặc quyền, đặt vé sớm phim hot",170,3,30.72,0.3333
118476,Khách lâu chưa quay lại,0.1265,model,"Kéo lại bằng phim mới, voucher quay lại, thông báo cá nhân hóa",233,3,44.62,1.0
206716,Khách nhạy khuyến mãi,0.1265,model,"Chuyển từ giảm giá trực tiếp sang tích điểm, voucher cá nhân hóa",6,2,6.11,0.5
190249,Khách nhạy khuyến mãi,0.1265,model,"Chuyển từ giảm giá trực tiếp sang tích điểm, voucher cá nhân hóa",53,2,5.94,0.5
201403,Khách giá trị cao,0.1265,model,"Membership, ưu đãi đặc quyền, đặt vé sớm phim hot",21,3,51.59,1.0
225781,Khách lâu chưa quay lại,0.1265,model,"Kéo lại bằng phim mới, voucher quay lại, thông báo cá nhân hóa",219,2,11.26,1.0
110725,Khách thường xuyên,0.1265,model,"Duy trì, không cần giảm giá sâu",5,2,30.9,0.0
148189,Khách lâu chưa quay lại,0.1265,model,"Kéo lại bằng phim mới, voucher quay lại, thông báo cá nhân hóa",288,3,34.77,0.0
108296,Khách giá trị cao,0.1265,model,"Membership, ưu đãi đặc quyền, đặt vé sớm phim hot",67,3,15.17,0.0
192745,Khách thường xuyên,0.1264,model,"Duy trì, không cần giảm giá sâu",58,2,29.05,0.0
145686,Khách nhạy khuyến mãi,0.1264,model,"Chuyển từ giảm giá trực tiếp sang tích điểm, voucher cá nhân hóa",14,2,20.24,1.0
130554,Khách lâu chưa quay lại,0.1264,model,"Kéo lại bằng phim mới, voucher quay lại, thông báo cá nhân hóa",183,3,19.8,1.0
146744,Khách lâu chưa quay lại,0.1264,model,"Kéo lại bằng phim mới, voucher quay lại, thông báo cá nhân hóa",146,2,5.7,1.0
209466,Khách nhạy khuyến mãi,0.1264,model,"Chuyển từ giảm giá trực tiếp sang tích điểm, voucher cá nhân hóa",61,2,7.39,0.5
228685,Khách thường xuyên,0.1264,model,"Duy trì, không cần giảm giá sâu",38,2,27.35,0.0
169416,Khách giá trị cao,0.1264,model,"Membership, ưu đãi đặc quyền, đặt vé sớm phim hot",37,3,18.53,0.0
134490,Khách lâu chưa quay lại,0.1264,model,"Kéo lại bằng phim mới, voucher quay lại, thông báo cá nhân hóa",232,3,20.88,0.6667
139389,Khách lâu chưa quay lại,0.1264,model,"Kéo lại bằng phim mới, voucher quay lại, thông báo cá nhân hóa",312,3,20.19,0.0
201086,Khách giá trị cao,0.1264,model,"Membership, ưu đãi đặc quyền, đặt vé sớm phim hot",12,3,24.26,0.3333
178716,Khách mua một lần (mới),0.1263,model,Tặng coupon cho lần mua thứ hai trong vòng 7–14 ngày,25,1,10.39,0.0
218485,Khách giá trị cao,0.1263,model,"Membership, ưu đãi đặc quyền, đặt vé sớm phim hot",52,3,20.05,1.0
138392,Khách giá trị cao,0.1263,model,"Membership, ưu đãi đặc quyền, đặt vé sớm phim hot",0,3,15.14,1.0
106585,Khách giá trị cao,0.1263,model,"Membership, ưu đãi đặc quyền, đặt vé sớm phim hot",5,3,33.13,0.6667
128378,Khách lâu chưa quay lại,0.1263,model,"Kéo lại bằng phim mới, voucher quay lại, thông báo cá nhân hóa",285,3,27.06,0.3333
100175,Khách nhạy khuyến mãi,0.1263,model,"Chuyển từ giảm giá trực tiếp sang tích điểm, voucher cá nhân hóa",85,2,47.96,0.5
115521,Khách nhạy khuyến mãi,0.1263,model,"Chuyển từ giảm giá trực tiếp sang tích điểm, voucher cá nhân hóa",44,2,17.52,1.0
126022,Khách giá trị cao,0.1263,model,"Membership, ưu đãi đặc quyền, đặt vé sớm phim hot",98,4,38.92,0.25
158684,Khách thường xuyên,0.1263,model,"Duy trì, không cần giảm giá sâu",87,2,7.43,0.0
152643,Khách giá trị cao,0.1263,model,"Membership, ưu đãi đặc quyền, đặt vé sớm phim hot",46,4,32.9,0.75
127530,Khách lâu chưa quay lại,0.1263,model,"Kéo lại bằng phim mới, voucher quay lại, thông báo cá nhân hóa",267,2,12.2,1.0
148320,Khách lâu chưa quay lại,0.1262,model,"Kéo lại bằng phim mới, voucher quay lại, thông báo cá nhân hóa",310,2,18.64,0.5
108516,Khách lâu chưa quay lại,0.1262,model,"Kéo lại bằng phim mới, voucher quay lại, thông báo cá nhân hóa",138,2,13.16,0.0
103804,Khách lâu chưa quay lại,0.1262,model,"Kéo lại bằng phim mới, voucher quay lại, thông báo cá nhân hóa",258,3,20.04,0.0
162227,Khách thường xuyên,0.1262,model,"Duy trì, không cần giảm giá sâu",8,2,32.33,0.0
175801,Khách nhạy khuyến mãi,0.1262,model,"Chuyển từ giảm giá trực tiếp sang tích điểm, voucher cá nhân hóa",7,2,14.1,1.0
102602,Khách nhạy khuyến mãi,0.1262,model,"Chuyển từ giảm giá trực tiếp sang tích điểm, voucher cá nhân hóa",14,2,14.1,1.0
211958,Khách nhạy khuyến mãi,0.1262,model,"Chuyển từ giảm giá trực tiếp sang tích điểm, voucher cá nhân hóa",8,2,14.1,1.0
192719,Khách nhạy khuyến mãi,0.1262,model,"Chuyển từ giảm giá trực tiếp sang tích điểm, voucher cá nhân hóa",35,2,6.6,0.5
121705,Khách lâu chưa quay lại,0.1262,model,"Kéo lại bằng phim mới, voucher quay lại, thông báo cá nhân hóa",170,2,17.26,0.5
101913,Khách giá trị cao,0.1262,model,"Membership, ưu đãi đặc quyền, đặt vé sớm phim hot",107,3,17.4,0.3333
217932,Khách nhạy khuyến mãi,0.1262,model,"Chuyển từ giảm giá trực tiếp sang tích điểm, voucher cá nhân hóa",9,2,17.69,0.5
212947,Khách giá trị cao,0.1262,model,"Membership, ưu đãi đặc quyền, đặt vé sớm phim hot",47,3,21.62,0.6667
154616,Khách lâu chưa quay lại,0.1261,model,"Kéo lại bằng phim mới, voucher quay lại, thông báo cá nhân hóa",140,2,12.62,0.0
132587,Khách thường xuyên,0.1261,model,"Duy trì, không cần giảm giá sâu",68,2,6.76,0.0
176818,Khách thường xuyên,0.1261,model,"Duy trì, không cần giảm giá sâu",64,2,14.35,0.0
197681,Khách nhạy khuyến mãi,0.1261,model,"Chuyển từ giảm giá trực tiếp sang tích điểm, voucher cá nhân hóa",86,2,7.18,0.5
132035,Khách nhạy khuyến mãi,0.1261,model,"Chuyển từ giảm giá trực tiếp sang tích điểm, voucher cá nhân hóa",43,2,6.11,1.0
185282,Khách mua một lần (mới),0.1261,model,Tặng coupon cho lần mua thứ hai trong vòng 7–14 ngày,13,1,20.37,0.0
196469,Khách nhạy khuyến mãi,0.1261,model,"Chuyển từ giảm giá trực tiếp sang tích điểm, voucher cá nhân hóa",89,2,10.23,0.5
167815,Khách lâu chưa quay lại,0.126,model,"Kéo lại bằng phim mới, voucher quay lại, thông báo cá nhân hóa",116,2,14.03,0.5
119572,Khách thường xuyên,0.126,model,"Duy trì, không cần giảm giá sâu",32,2,19.19,0.0
126841,Khách giá trị cao,0.126,model,"Membership, ưu đãi đặc quyền, đặt vé sớm phim hot",88,4,43.55,0.5
117250,Khách nhạy khuyến mãi,0.126,model,"Chuyển từ giảm giá trực tiếp sang tích điểm, voucher cá nhân hóa",37,2,23.62,0.5
178157,Khách lâu chưa quay lại,0.126,model,"Kéo lại bằng phim mới, voucher quay lại, thông báo cá nhân hóa",140,2,8.42,0.5
133657,Khách thường xuyên,0.126,model,"Duy trì, không cần giảm giá sâu",25,2,24.83,0.0
134367,Khách lâu chưa quay lại,0.126,model,"Kéo lại bằng phim mới, voucher quay lại, thông báo cá nhân hóa",289,4,45.62,0.25
107427,Khách nhạy khuyến mãi,0.1259,model,"Chuyển từ giảm giá trực tiếp sang tích điểm, voucher cá nhân hóa",38,2,13.94,0.5
120356,Khách nhạy khuyến mãi,0.1259,model,"Chuyển từ giảm giá trực tiếp sang tích điểm, voucher cá nhân hóa",78,2,3.06,0.5
222960,Khách nhạy khuyến mãi,0.1259,model,"Chuyển từ giảm giá trực tiếp sang tích điểm, voucher cá nhân hóa",30,2,15.18,1.0
176401,Khách nhạy khuyến mãi,0.1259,model,"Chuyển từ giảm giá trực tiếp sang tích điểm, voucher cá nhân hóa",2,2,17.52,1.0
133937,Khách thường xuyên,0.1259,model,"Duy trì, không cần giảm giá sâu",63,1,11.13,0.0
158894,Khách thường xuyên,0.1259,model,"Duy trì, không cần giảm giá sâu",70,1,11.1,0.0
109850,Khách thường xuyên,0.1259,model,"Duy trì, không cần giảm giá sâu",45,2,26.07,0.0
157691,Khách lâu chưa quay lại,0.1259,model,"Kéo lại bằng phim mới, voucher quay lại, thông báo cá nhân hóa",127,2,9.78,1.0
101241,Khách lâu chưa quay lại,0.1259,model,"Kéo lại bằng phim mới, voucher quay lại, thông báo cá nhân hóa",647,3,84.95,0.0
210400,Khách mua một lần (mới),0.1259,model,Tặng coupon cho lần mua thứ hai trong vòng 7–14 ngày,3,1,14.85,0.0
158049,Khách mua một lần (mới),0.1259,model,Tặng coupon cho lần mua thứ hai trong vòng 7–14 ngày,6,1,14.43,0.0
107969,Khách mua một lần (mới),0.1259,model,Tặng coupon cho lần mua thứ hai trong vòng 7–14 ngày,7,1,14.43,0.0
121266,Khách nhạy khuyến mãi,0.1259,model,"Chuyển từ giảm giá trực tiếp sang tích điểm, voucher cá nhân hóa",3,2,23.41,0.5
141218,Khách giá trị cao,0.1258,model,"Membership, ưu đãi đặc quyền, đặt vé sớm phim hot",168,4,37.1,1.0
145430,Khách nhạy khuyến mãi,0.1258,model,"Chuyển từ giảm giá trực tiếp sang tích điểm, voucher cá nhân hóa",63,2,29.37,0.5
137063,Khách giá trị cao,0.1258,model,"Membership, ưu đãi đặc quyền, đặt vé sớm phim hot",9,5,51.53,0.6
121946,Khách lâu chưa quay lại,0.1258,model,"Kéo lại bằng phim mới, voucher quay lại, thông báo cá nhân hóa",109,2,15.57,0.5
158729,Khách lâu chưa quay lại,0.1258,model,"Kéo lại bằng phim mới, voucher quay lại, thông báo cá nhân hóa",141,2,13.57,0.0
119946,Khách lâu chưa quay lại,0.1258,model,"Kéo lại bằng phim mới, voucher quay lại, thông báo cá nhân hóa",162,2,49.36,0.0
198725,Khách nhạy khuyến mãi,0.1258,model,"Chuyển từ giảm giá trực tiếp sang tích điểm, voucher cá nhân hóa",16,2,15.14,1.0
164576,Khách nhạy khuyến mãi,0.1257,model,"Chuyển từ giảm giá trực tiếp sang tích điểm, voucher cá nhân hóa",37,2,5.7,1.0
104390,Khách nhạy khuyến mãi,0.1257,model,"Chuyển từ giảm giá trực tiếp sang tích điểm, voucher cá nhân hóa",7,2,13.41,0.5
185058,Khách nhạy khuyến mãi,0.1257,model,"Chuyển từ giảm giá trực tiếp sang tích điểm, voucher cá nhân hóa",28,2,16.0,0.5
146588,Khách lâu chưa quay lại,0.1257,model,"Kéo lại bằng phim mới, voucher quay lại, thông báo cá nhân hóa",108,2,24.0,0.5
134430,Khách lâu chưa quay lại,0.1257,model,"Kéo lại bằng phim mới, voucher quay lại, thông báo cá nhân hóa",112,1,8.41,0.0
197417,Khách lâu chưa quay lại,0.1257,model,"Kéo lại bằng phim mới, voucher quay lại, thông báo cá nhân hóa",209,3,9.64,0.3333
115891,Khách nhạy khuyến mãi,0.1257,model,"Chuyển từ giảm giá trực tiếp sang tích điểm, voucher cá nhân hóa",79,2,7.43,0.5
174240,Khách lâu chưa quay lại,0.1257,model,"Kéo lại bằng phim mới, voucher quay lại, thông báo cá nhân hóa",98,2,13.57,0.5
182768,Khách lâu chưa quay lại,0.1257,model,"Kéo lại bằng phim mới, voucher quay lại, thông báo cá nhân hóa",98,2,15.8,0.5
135594,Khách lâu chưa quay lại,0.1256,model,"Kéo lại bằng phim mới, voucher quay lại, thông báo cá nhân hóa",182,3,90.64,0.3333
166272,Khách lâu chưa quay lại,0.1256,model,"Kéo lại bằng phim mới, voucher quay lại, thông báo cá nhân hóa",105,2,16.0,0.5
122534,Khách nhạy khuyến mãi,0.1256,model,"Chuyển từ giảm giá trực tiếp sang tích điểm, voucher cá nhân hóa",46,2,17.24,1.0
142356,Khách nhạy khuyến mãi,0.1256,model,"Chuyển từ giảm giá trực tiếp sang tích điểm, voucher cá nhân hóa",13,2,15.22,1.0
162812,Khách giá trị cao,0.1256,model,"Membership, ưu đãi đặc quyền, đặt vé sớm phim hot",98,3,41.15,1.0
113892,Khách lâu chưa quay lại,0.1256,model,"Kéo lại bằng phim mới, voucher quay lại, thông báo cá nhân hóa",602,4,46.81,0.5
161366,Khách lâu chưa quay lại,0.1256,model,"Kéo lại bằng phim mới, voucher quay lại, thông báo cá nhân hóa",135,2,16.3,0.5
102451,Khách nhạy khuyến mãi,0.1256,model,"Chuyển từ giảm giá trực tiếp sang tích điểm, voucher cá nhân hóa",47,2,11.3,0.5
164309,Khách giá trị cao,0.1256,model,"Membership, ưu đãi đặc quyền, đặt vé sớm phim hot",141,3,17.12,0.6667
196413,Khách lâu chưa quay lại,0.1256,model,"Kéo lại bằng phim mới, voucher quay lại, thông báo cá nhân hóa",147,2,13.49,0.5
220287,Khách lâu chưa quay lại,0.1256,model,"Kéo lại bằng phim mới, voucher quay lại, thông báo cá nhân hóa",256,2,10.85,0.5
159579,Khách giá trị cao,0.1256,model,"Membership, ưu đãi đặc quyền, đặt vé sớm phim hot",85,4,23.88,0.75
218181,Khách nhạy khuyến mãi,0.1256,model,"Chuyển từ giảm giá trực tiếp sang tích điểm, voucher cá nhân hóa",8,2,30.07,0.5
178958,Khách mua một lần (mới),0.1255,model,Tặng coupon cho lần mua thứ hai trong vòng 7–14 ngày,4,1,9.88,0.0
195344,Khách lâu chưa quay lại,0.1255,model,"Kéo lại bằng phim mới, voucher quay lại, thông báo cá nhân hóa",178,2,50.03,0.5
224746,Khách lâu chưa quay lại,0.1255,model,"Kéo lại bằng phim mới, voucher quay lại, thông báo cá nhân hóa",219,3,19.95,0.6667
123132,Khách giá trị cao,0.1255,model,"Membership, ưu đãi đặc quyền, đặt vé sớm phim hot",44,3,8.8,1.0
108982,Khách nhạy khuyến mãi,0.1255,model,"Chuyển từ giảm giá trực tiếp sang tích điểm, voucher cá nhân hóa",9,2,22.4,1.0
109419,Khách nhạy khuyến mãi,0.1255,model,"Chuyển từ giảm giá trực tiếp sang tích điểm, voucher cá nhân hóa",42,2,23.8,0.5
214105,Khách nhạy khuyến mãi,0.1254,model,"Chuyển từ giảm giá trực tiếp sang tích điểm, voucher cá nhân hóa",11,2,13.28,1.0
137495,Khách lâu chưa quay lại,0.1254,model,"Kéo lại bằng phim mới, voucher quay lại, thông báo cá nhân hóa",607,4,13.81,0.5
180629,Khách giá trị cao,0.1254,model,"Membership, ưu đãi đặc quyền, đặt vé sớm phim hot",12,3,37.15,1.0
125612,Khách nhạy khuyến mãi,0.1254,model,"Chuyển từ giảm giá trực tiếp sang tích điểm, voucher cá nhân hóa",62,2,23.1,0.5
225508,Khách nhạy khuyến mãi,0.1254,model,"Chuyển từ giảm giá trực tiếp sang tích điểm, voucher cá nhân hóa",63,2,13.28,0.5
149344,Khách lâu chưa quay lại,0.1254,model,"Kéo lại bằng phim mới, voucher quay lại, thông báo cá nhân hóa",107,1,11.13,0.0
185466,Khách giá trị cao,0.1254,model,"Membership, ưu đãi đặc quyền, đặt vé sớm phim hot",73,3,21.86,0.6667
214317,Khách giá trị cao,0.1254,model,"Membership, ưu đãi đặc quyền, đặt vé sớm phim hot",45,3,21.16,1.0
113415,Khách thường xuyên,0.1254,model,"Duy trì, không cần giảm giá sâu",70,2,26.3,0.0
165079,Khách thường xuyên,0.1254,model,"Duy trì, không cần giảm giá sâu",27,2,12.37,0.0
189813,Khách giá trị cao,0.1254,model,"Membership, ưu đãi đặc quyền, đặt vé sớm phim hot",51,3,24.79,1.0
204982,Khách nhạy khuyến mãi,0.1254,model,"Chuyển từ giảm giá trực tiếp sang tích điểm, voucher cá nhân hóa",44,2,6.11,1.0
180851,Khách giá trị cao,0.1254,model,"Membership, ưu đãi đặc quyền, đặt vé sớm phim hot",63,3,19.38,1.0
121864,Khách lâu chưa quay lại,0.1254,model,"Kéo lại bằng phim mới, voucher quay lại, thông báo cá nhân hóa",183,3,15.87,1.0
218336,Khách thường xuyên,0.1254,model,"Duy trì, không cần giảm giá sâu",4,2,32.7,0.0
177240,Khách nhạy khuyến mãi,0.1254,model,"Chuyển từ giảm giá trực tiếp sang tích điểm, voucher cá nhân hóa",14,2,36.33,1.0
113265,Khách lâu chưa quay lại,0.1254,model,"Kéo lại bằng phim mới, voucher quay lại, thông báo cá nhân hóa",170,2,14.1,1.0
174456,Khách thường xuyên,0.1253,model,"Duy trì, không cần giảm giá sâu",60,2,9.62,0.0
120599,Khách giá trị cao,0.1253,model,"Membership, ưu đãi đặc quyền, đặt vé sớm phim hot",79,3,30.35,0.3333
184269,Khách giá trị cao,0.1253,model,"Membership, ưu đãi đặc quyền, đặt vé sớm phim hot",65,3,28.5,0.6667
104012,Khách mua một lần (mới),0.1253,model,Tặng coupon cho lần mua thứ hai trong vòng 7–14 ngày,6,1,28.88,0.0
197892,Khách nhạy khuyến mãi,0.1253,model,"Chuyển từ giảm giá trực tiếp sang tích điểm, voucher cá nhân hóa",89,2,7.38,0.5
130096,Khách giá trị cao,0.1253,model,"Membership, ưu đãi đặc quyền, đặt vé sớm phim hot",28,3,22.02,0.3333
149834,Khách giá trị cao,0.1253,model,"Membership, ưu đãi đặc quyền, đặt vé sớm phim hot",140,4,40.63,0.0
150081,Khách nhạy khuyến mãi,0.1253,model,"Chuyển từ giảm giá trực tiếp sang tích điểm, voucher cá nhân hóa",40,2,29.53,0.5
130326,Khách lâu chưa quay lại,0.1253,model,"Kéo lại bằng phim mới, voucher quay lại, thông báo cá nhân hóa",133,2,16.83,0.5
181847,Khách giá trị cao,0.1253,model,"Membership, ưu đãi đặc quyền, đặt vé sớm phim hot",84,3,22.52,0.6667
108476,Khách giá trị cao,0.1253,model,"Membership, ưu đãi đặc quyền, đặt vé sớm phim hot",172,3,18.76,0.6667
101520,Khách nhạy khuyến mãi,0.1252,model,"Chuyển từ giảm giá trực tiếp sang tích điểm, voucher cá nhân hóa",42,2,12.05,0.5
140644,Khách giá trị cao,0.1252,model,"Membership, ưu đãi đặc quyền, đặt vé sớm phim hot",118,3,22.47,0.6667
179089,Khách giá trị cao,0.1252,model,"Membership, ưu đãi đặc quyền, đặt vé sớm phim hot",122,3,25.64,0.6667
113380,Khách thường xuyên,0.1252,model,"Duy trì, không cần giảm giá sâu",56,2,5.7,0.0
169621,Khách lâu chưa quay lại,0.1252,model,"Kéo lại bằng phim mới, voucher quay lại, thông báo cá nhân hóa",163,2,16.0,0.5
105841,Khách nhạy khuyến mãi,0.1252,model,"Chuyển từ giảm giá trực tiếp sang tích điểm, voucher cá nhân hóa",63,2,21.65,1.0
133785,Khách giá trị cao,0.1252,model,"Membership, ưu đãi đặc quyền, đặt vé sớm phim hot",169,3,18.98,1.0
213675,Khách lâu chưa quay lại,0.1252,model,"Kéo lại bằng phim mới, voucher quay lại, thông báo cá nhân hóa",98,2,15.42,0.5
139333,Khách lâu chưa quay lại,0.1251,model,"Kéo lại bằng phim mới, voucher quay lại, thông báo cá nhân hóa",105,2,9.04,0.5
203140,Khách giá trị cao,0.1251,model,"Membership, ưu đãi đặc quyền, đặt vé sớm phim hot",93,3,43.3,1.0
145450,Khách nhạy khuyến mãi,0.1251,model,"Chuyển từ giảm giá trực tiếp sang tích điểm, voucher cá nhân hóa",10,2,12.01,1.0
152002,Khách lâu chưa quay lại,0.1251,model,"Kéo lại bằng phim mới, voucher quay lại, thông báo cá nhân hóa",119,1,10.72,0.0
108442,Khách giá trị cao,0.1251,model,"Membership, ưu đãi đặc quyền, đặt vé sớm phim hot",67,3,16.99,0.3333
142306,Khách thường xuyên,0.1251,model,"Duy trì, không cần giảm giá sâu",61,2,12.78,0.0
181076,Khách nhạy khuyến mãi,0.1251,model,"Chuyển từ giảm giá trực tiếp sang tích điểm, voucher cá nhân hóa",70,2,13.94,1.0
102194,Khách lâu chưa quay lại,0.1251,model,"Kéo lại bằng phim mới, voucher quay lại, thông báo cá nhân hóa",356,3,25.4,0.6667
207073,Khách lâu chưa quay lại,0.1251,model,"Kéo lại bằng phim mới, voucher quay lại, thông báo cá nhân hóa",127,2,15.67,0.5
183723,Khách nhạy khuyến mãi,0.1251,model,"Chuyển từ giảm giá trực tiếp sang tích điểm, voucher cá nhân hóa",19,2,12.87,1.0
188665,Khách thường xuyên,0.1251,model,"Duy trì, không cần giảm giá sâu",9,2,30.6,0.0
103670,Khách thường xuyên,0.1251,model,"Duy trì, không cần giảm giá sâu",3,2,17.08,0.0
208530,Khách lâu chưa quay lại,0.1251,model,"Kéo lại bằng phim mới, voucher quay lại, thông báo cá nhân hóa",163,2,8.01,0.5
138713,Khách giá trị cao,0.125,model,"Membership, ưu đãi đặc quyền, đặt vé sớm phim hot",98,3,27.42,0.6667
151419,Khách lâu chưa quay lại,0.125,model,"Kéo lại bằng phim mới, voucher quay lại, thông báo cá nhân hóa",146,2,12.34,0.5
176457,Khách giá trị cao,0.125,model,"Membership, ưu đãi đặc quyền, đặt vé sớm phim hot",132,3,22.39,0.6667
153628,Khách giá trị cao,0.125,model,"Membership, ưu đãi đặc quyền, đặt vé sớm phim hot",43,3,25.42,1.0
185620,Khách thường xuyên,0.125,model,"Duy trì, không cần giảm giá sâu",55,1,8.17,0.0
165319,Khách giá trị cao,0.125,model,"Membership, ưu đãi đặc quyền, đặt vé sớm phim hot",5,3,36.74,0.6667
205861,Khách nhạy khuyến mãi,0.125,model,"Chuyển từ giảm giá trực tiếp sang tích điểm, voucher cá nhân hóa",2,2,7.18,0.5
135819,Khách nhạy khuyến mãi,0.1249,model,"Chuyển từ giảm giá trực tiếp sang tích điểm, voucher cá nhân hóa",29,2,23.26,0.5
135331,Khách giá trị cao,0.1249,model,"Membership, ưu đãi đặc quyền, đặt vé sớm phim hot",60,3,21.4,0.0
219065,Khách thường xuyên,0.1249,model,"Duy trì, không cần giảm giá sâu",52,2,25.31,0.0
133701,Khách nhạy khuyến mãi,0.1249,model,"Chuyển từ giảm giá trực tiếp sang tích điểm, voucher cá nhân hóa",84,2,15.54,0.5
189910,Khách lâu chưa quay lại,0.1249,model,"Kéo lại bằng phim mới, voucher quay lại, thông báo cá nhân hóa",138,2,15.84,0.5
127903,Khách lâu chưa quay lại,0.1249,model,"Kéo lại bằng phim mới, voucher quay lại, thông báo cá nhân hóa",175,2,5.7,1.0
102438,Khách giá trị cao,0.1249,model,"Membership, ưu đãi đặc quyền, đặt vé sớm phim hot",132,3,29.24,0.3333
208513,Khách nhạy khuyến mãi,0.1249,model,"Chuyển từ giảm giá trực tiếp sang tích điểm, voucher cá nhân hóa",60,2,9.04,0.5
205200,Khách lâu chưa quay lại,0.1249,model,"Kéo lại bằng phim mới, voucher quay lại, thông báo cá nhân hóa",148,2,9.08,0.0
168734,Khách lâu chưa quay lại,0.1249,model,"Kéo lại bằng phim mới, voucher quay lại, thông báo cá nhân hóa",104,2,11.06,1.0
118431,Khách lâu chưa quay lại,0.1249,model,"Kéo lại bằng phim mới, voucher quay lại, thông báo cá nhân hóa",114,2,26.96,0.5
109095,Khách giá trị cao,0.1248,model,"Membership, ưu đãi đặc quyền, đặt vé sớm phim hot",22,3,39.72,0.6667
212245,Khách thường xuyên,0.1248,model,"Duy trì, không cần giảm giá sâu",83,2,19.68,0.0
101766,Khách giá trị cao,0.1248,model,"Membership, ưu đãi đặc quyền, đặt vé sớm phim hot",4,4,26.73,0.5
207465,Khách thường xuyên,0.1248,model,"Duy trì, không cần giảm giá sâu",2,2,14.44,0.0
121587,Khách giá trị cao,0.1248,model,"Membership, ưu đãi đặc quyền, đặt vé sớm phim hot",59,3,20.87,1.0
117987,Khách lâu chưa quay lại,0.1248,model,"Kéo lại bằng phim mới, voucher quay lại, thông báo cá nhân hóa",207,3,37.74,0.6667
161287,Khách giá trị cao,0.1248,model,"Membership, ưu đãi đặc quyền, đặt vé sớm phim hot",90,3,17.85,0.3333
115787,Khách lâu chưa quay lại,0.1248,model,"Kéo lại bằng phim mới, voucher quay lại, thông báo cá nhân hóa",142,2,16.37,0.0
130881,Khách lâu chưa quay lại,0.1247,model,"Kéo lại bằng phim mới, voucher quay lại, thông báo cá nhân hóa",254,3,27.82,1.0
223793,Khách nhạy khuyến mãi,0.1247,model,"Chuyển từ giảm giá trực tiếp sang tích điểm, voucher cá nhân hóa",86,2,15.67,1.0
220805,Khách thường xuyên,0.1247,model,"Duy trì, không cần giảm giá sâu",35,2,28.46,0.0
122486,Khách lâu chưa quay lại,0.1247,model,"Kéo lại bằng phim mới, voucher quay lại, thông báo cá nhân hóa",176,2,14.07,0.5
195952,Khách giá trị cao,0.1247,model,"Membership, ưu đãi đặc quyền, đặt vé sớm phim hot",29,3,32.43,0.6667
169010,Khách giá trị cao,0.1247,model,"Membership, ưu đãi đặc quyền, đặt vé sớm phim hot",16,3,21.16,0.6667
185127,Khách giá trị cao,0.1247,model,"Membership, ưu đãi đặc quyền, đặt vé sớm phim hot",45,3,22.27,0.6667
113750,Khách nhạy khuyến mãi,0.1247,model,"Chuyển từ giảm giá trực tiếp sang tích điểm, voucher cá nhân hóa",10,2,17.55,1.0
103912,Khách lâu chưa quay lại,0.1247,model,"Kéo lại bằng phim mới, voucher quay lại, thông báo cá nhân hóa",299,4,23.66,0.75
193476,Khách nhạy khuyến mãi,0.1246,model,"Chuyển từ giảm giá trực tiếp sang tích điểm, voucher cá nhân hóa",7,2,14.31,1.0
205031,Khách nhạy khuyến mãi,0.1246,model,"Chuyển từ giảm giá trực tiếp sang tích điểm, voucher cá nhân hóa",43,2,13.73,1.0
125683,Khách nhạy khuyến mãi,0.1246,model,"Chuyển từ giảm giá trực tiếp sang tích điểm, voucher cá nhân hóa",84,2,14.31,0.5
108551,Khách giá trị cao,0.1246,model,"Membership, ưu đãi đặc quyền, đặt vé sớm phim hot",135,3,22.77,0.6667
130095,Khách lâu chưa quay lại,0.1246,model,"Kéo lại bằng phim mới, voucher quay lại, thông báo cá nhân hóa",235,4,40.38,0.5
128047,Khách lâu chưa quay lại,0.1246,model,"Kéo lại bằng phim mới, voucher quay lại, thông báo cá nhân hóa",207,4,40.33,0.5
138157,Khách nhạy khuyến mãi,0.1246,model,"Chuyển từ giảm giá trực tiếp sang tích điểm, voucher cá nhân hóa",73,2,16.37,0.5
225585,Khách nhạy khuyến mãi,0.1246,model,"Chuyển từ giảm giá trực tiếp sang tích điểm, voucher cá nhân hóa",69,2,7.18,0.5
147463,Khách lâu chưa quay lại,0.1246,model,"Kéo lại bằng phim mới, voucher quay lại, thông báo cá nhân hóa",165,2,16.34,0.0
130997,Khách nhạy khuyến mãi,0.1246,model,"Chuyển từ giảm giá trực tiếp sang tích điểm, voucher cá nhân hóa",48,2,9.9,1.0
129655,Khách giá trị cao,0.1245,model,"Membership, ưu đãi đặc quyền, đặt vé sớm phim hot",100,3,29.16,1.0
105598,Khách lâu chưa quay lại,0.1245,model,"Kéo lại bằng phim mới, voucher quay lại, thông báo cá nhân hóa",652,5,60.76,0.4
206217,Khách nhạy khuyến mãi,0.1245,model,"Chuyển từ giảm giá trực tiếp sang tích điểm, voucher cá nhân hóa",22,2,5.7,1.0
142721,Khách nhạy khuyến mãi,0.1245,model,"Chuyển từ giảm giá trực tiếp sang tích điểm, voucher cá nhân hóa",6,2,7.8,0.5
113276,Khách nhạy khuyến mãi,0.1245,model,"Chuyển từ giảm giá trực tiếp sang tích điểm, voucher cá nhân hóa",22,2,5.7,1.0
164303,Khách nhạy khuyến mãi,0.1245,model,"Chuyển từ giảm giá trực tiếp sang tích điểm, voucher cá nhân hóa",29,2,5.7,1.0
116348,Khách nhạy khuyến mãi,0.1245,model,"Chuyển từ giảm giá trực tiếp sang tích điểm, voucher cá nhân hóa",45,2,5.7,1.0
184635,Khách nhạy khuyến mãi,0.1245,model,"Chuyển từ giảm giá trực tiếp sang tích điểm, voucher cá nhân hóa",44,2,5.7,1.0
104845,Khách lâu chưa quay lại,0.1245,model,"Kéo lại bằng phim mới, voucher quay lại, thông báo cá nhân hóa",173,2,8.87,0.5
197684,Khách nhạy khuyến mãi,0.1245,model,"Chuyển từ giảm giá trực tiếp sang tích điểm, voucher cá nhân hóa",44,2,5.7,1.0
125551,Khách lâu chưa quay lại,0.1245,model,"Kéo lại bằng phim mới, voucher quay lại, thông báo cá nhân hóa",162,2,7.54,0.5
178111,Khách lâu chưa quay lại,0.1244,model,"Kéo lại bằng phim mới, voucher quay lại, thông báo cá nhân hóa",322,3,24.24,0.6667
219321,Khách lâu chưa quay lại,0.1244,model,"Kéo lại bằng phim mới, voucher quay lại, thông báo cá nhân hóa",99,2,18.77,0.0
140863,Khách nhạy khuyến mãi,0.1244,model,"Chuyển từ giảm giá trực tiếp sang tích điểm, voucher cá nhân hóa",65,2,16.58,0.5
145308,Khách giá trị cao,0.1244,model,"Membership, ưu đãi đặc quyền, đặt vé sớm phim hot",129,3,25.12,0.0
177139,Khách lâu chưa quay lại,0.1244,model,"Kéo lại bằng phim mới, voucher quay lại, thông báo cá nhân hóa",274,3,18.71,1.0
154317,Khách thường xuyên,0.1244,model,"Duy trì, không cần giảm giá sâu",61,2,11.28,0.0
215078,Khách nhạy khuyến mãi,0.1244,model,"Chuyển từ giảm giá trực tiếp sang tích điểm, voucher cá nhân hóa",2,2,6.52,1.0
220599,Khách thường xuyên,0.1243,model,"Duy trì, không cần giảm giá sâu",45,2,21.28,0.0
214420,Khách nhạy khuyến mãi,0.1243,model,"Chuyển từ giảm giá trực tiếp sang tích điểm, voucher cá nhân hóa",66,2,7.6,0.5
148463,Khách nhạy khuyến mãi,0.1243,model,"Chuyển từ giảm giá trực tiếp sang tích điểm, voucher cá nhân hóa",64,2,5.7,1.0
195590,Khách nhạy khuyến mãi,0.1243,model,"Chuyển từ giảm giá trực tiếp sang tích điểm, voucher cá nhân hóa",46,2,5.7,1.0
133397,Khách giá trị cao,0.1243,model,"Membership, ưu đãi đặc quyền, đặt vé sớm phim hot",11,3,33.85,0.3333
178587,Khách nhạy khuyến mãi,0.1243,model,"Chuyển từ giảm giá trực tiếp sang tích điểm, voucher cá nhân hóa",41,2,12.84,0.5
119071,Khách giá trị cao,0.1243,model,"Membership, ưu đãi đặc quyền, đặt vé sớm phim hot",84,3,19.67,0.6667
102742,Khách giá trị cao,0.1243,model,"Membership, ưu đãi đặc quyền, đặt vé sớm phim hot",50,3,29.16,0.3333
168269,Khách giá trị cao,0.1243,model,"Membership, ưu đãi đặc quyền, đặt vé sớm phim hot",71,3,38.94,1.0
100003,Khách lâu chưa quay lại,0.1243,model,"Kéo lại bằng phim mới, voucher quay lại, thông báo cá nhân hóa",217,6,58.39,0.1667
209551,Khách thường xuyên,0.1243,model,"Duy trì, không cần giảm giá sâu",35,2,17.28,0.0
203451,Khách thường xuyên,0.1243,model,"Duy trì, không cần giảm giá sâu",2,2,15.05,0.0
119511,Khách thường xuyên,0.1242,model,"Duy trì, không cần giảm giá sâu",86,2,11.71,0.0
121672,Khách nhạy khuyến mãi,0.1242,model,"Chuyển từ giảm giá trực tiếp sang tích điểm, voucher cá nhân hóa",72,2,14.1,1.0
213614,Khách nhạy khuyến mãi,0.1242,model,"Chuyển từ giảm giá trực tiếp sang tích điểm, voucher cá nhân hóa",45,2,16.46,0.5
130386,Khách nhạy khuyến mãi,0.1242,model,"Chuyển từ giảm giá trực tiếp sang tích điểm, voucher cá nhân hóa",32,2,19.76,0.5
225196,Khách nhạy khuyến mãi,0.1242,model,"Chuyển từ giảm giá trực tiếp sang tích điểm, voucher cá nhân hóa",50,2,13.16,1.0
126759,Khách thường xuyên,0.1242,model,"Duy trì, không cần giảm giá sâu",47,2,27.34,0.0
205613,Khách nhạy khuyến mãi,0.1242,model,"Chuyển từ giảm giá trực tiếp sang tích điểm, voucher cá nhân hóa",0,2,25.2,0.5
150129,Khách nhạy khuyến mãi,0.1242,model,"Chuyển từ giảm giá trực tiếp sang tích điểm, voucher cá nhân hóa",45,2,12.75,1.0
164084,Khách mua một lần (mới),0.1242,model,Tặng coupon cho lần mua thứ hai trong vòng 7–14 ngày,15,1,24.0,0.0
123083,Khách lâu chưa quay lại,0.1242,model,"Kéo lại bằng phim mới, voucher quay lại, thông báo cá nhân hóa",310,3,24.25,0.3333
187294,Khách nhạy khuyến mãi,0.1242,model,"Chuyển từ giảm giá trực tiếp sang tích điểm, voucher cá nhân hóa",56,2,16.0,1.0
189568,Khách mua một lần (mới),0.1242,model,Tặng coupon cho lần mua thứ hai trong vòng 7–14 ngày,14,1,18.23,0.0
123437,Khách nhạy khuyến mãi,0.1242,model,"Chuyển từ giảm giá trực tiếp sang tích điểm, voucher cá nhân hóa",89,2,14.77,1.0
185136,Khách nhạy khuyến mãi,0.1242,model,"Chuyển từ giảm giá trực tiếp sang tích điểm, voucher cá nhân hóa",84,2,14.36,1.0
136626,Khách lâu chưa quay lại,0.1242,model,"Kéo lại bằng phim mới, voucher quay lại, thông báo cá nhân hóa",182,2,11.38,1.0
157427,Khách lâu chưa quay lại,0.1242,model,"Kéo lại bằng phim mới, voucher quay lại, thông báo cá nhân hóa",1340,1,4.17,1.0
153876,Khách lâu chưa quay lại,0.1242,model,"Kéo lại bằng phim mới, voucher quay lại, thông báo cá nhân hóa",1337,1,3.96,1.0
178743,Khách thường xuyên,0.1241,model,"Duy trì, không cần giảm giá sâu",35,1,10.31,0.0
104319,Khách thường xuyên,0.1241,model,"Duy trì, không cần giảm giá sâu",36,1,10.31,0.0
133745,Khách lâu chưa quay lại,0.1241,model,"Kéo lại bằng phim mới, voucher quay lại, thông báo cá nhân hóa",316,3,23.95,0.6667
181305,Khách mua một lần (mới),0.1241,model,Tặng coupon cho lần mua thứ hai trong vòng 7–14 ngày,14,1,7.22,0.0
104328,Khách lâu chưa quay lại,0.1241,model,"Kéo lại bằng phim mới, voucher quay lại, thông báo cá nhân hóa",190,7,21.58,1.0
106734,Khách lâu chưa quay lại,0.1241,model,"Kéo lại bằng phim mới, voucher quay lại, thông báo cá nhân hóa",142,2,8.95,1.0
101663,Khách lâu chưa quay lại,0.1241,model,"Kéo lại bằng phim mới, voucher quay lại, thông báo cá nhân hóa",253,3,26.22,0.6667
131399,Khách thường xuyên,0.1241,model,"Duy trì, không cần giảm giá sâu",74,2,17.98,0.0
116727,Khách giá trị cao,0.1241,model,"Membership, ưu đãi đặc quyền, đặt vé sớm phim hot",158,4,30.13,1.0
219731,Khách giá trị cao,0.1241,model,"Membership, ưu đãi đặc quyền, đặt vé sớm phim hot",126,3,22.44,0.6667
110536,Khách nhạy khuyến mãi,0.124,model,"Chuyển từ giảm giá trực tiếp sang tích điểm, voucher cá nhân hóa",37,2,6.11,0.5
160379,Khách lâu chưa quay lại,0.124,model,"Kéo lại bằng phim mới, voucher quay lại, thông báo cá nhân hóa",266,3,15.46,1.0
201565,Khách nhạy khuyến mãi,0.124,model,"Chuyển từ giảm giá trực tiếp sang tích điểm, voucher cá nhân hóa",49,2,8.83,1.0
142189,Khách lâu chưa quay lại,0.124,model,"Kéo lại bằng phim mới, voucher quay lại, thông báo cá nhân hóa",262,3,25.57,0.0
119711,Khách giá trị cao,0.124,model,"Membership, ưu đãi đặc quyền, đặt vé sớm phim hot",33,3,17.08,1.0
191944,Khách giá trị cao,0.124,model,"Membership, ưu đãi đặc quyền, đặt vé sớm phim hot",79,3,19.96,0.6667
218046,Khách nhạy khuyến mãi,0.1239,model,"Chuyển từ giảm giá trực tiếp sang tích điểm, voucher cá nhân hóa",64,2,18.31,0.5
166159,Khách lâu chưa quay lại,0.1239,model,"Kéo lại bằng phim mới, voucher quay lại, thông báo cá nhân hóa",235,3,26.28,0.6667
169585,Khách lâu chưa quay lại,0.1239,model,"Kéo lại bằng phim mới, voucher quay lại, thông báo cá nhân hóa",171,2,23.55,0.0
175785,Khách lâu chưa quay lại,0.1239,model,"Kéo lại bằng phim mới, voucher quay lại, thông báo cá nhân hóa",121,2,24.67,0.0
174852,Khách lâu chưa quay lại,0.1239,model,"Kéo lại bằng phim mới, voucher quay lại, thông báo cá nhân hóa",224,4,24.48,0.75
107568,Khách giá trị cao,0.1239,model,"Membership, ưu đãi đặc quyền, đặt vé sớm phim hot",70,3,19.38,1.0
130451,Khách lâu chưa quay lại,0.1239,model,"Kéo lại bằng phim mới, voucher quay lại, thông báo cá nhân hóa",282,5,25.5,0.2
183132,Khách nhạy khuyến mãi,0.1239,model,"Chuyển từ giảm giá trực tiếp sang tích điểm, voucher cá nhân hóa",65,2,14.36,0.5
101512,Khách lâu chưa quay lại,0.1239,model,"Kéo lại bằng phim mới, voucher quay lại, thông báo cá nhân hóa",189,3,73.12,0.0
117746,Khách giá trị cao,0.1239,model,"Membership, ưu đãi đặc quyền, đặt vé sớm phim hot",145,4,49.52,0.75
104303,Khách giá trị cao,0.1239,model,"Membership, ưu đãi đặc quyền, đặt vé sớm phim hot",174,3,19.39,1.0
133694,Khách lâu chưa quay lại,0.1239,model,"Kéo lại bằng phim mới, voucher quay lại, thông báo cá nhân hóa",104,2,13.36,1.0
163472,Khách lâu chưa quay lại,0.1238,model,"Kéo lại bằng phim mới, voucher quay lại, thông báo cá nhân hóa",266,2,9.0,1.0
125632,Khách thường xuyên,0.1238,model,"Duy trì, không cần giảm giá sâu",2,2,29.22,0.0
145152,Khách giá trị cao,0.1238,model,"Membership, ưu đãi đặc quyền, đặt vé sớm phim hot",85,4,47.67,0.0
157353,Khách giá trị cao,0.1238,model,"Membership, ưu đãi đặc quyền, đặt vé sớm phim hot",57,3,23.34,0.6667
168182,Khách lâu chưa quay lại,0.1238,model,"Kéo lại bằng phim mới, voucher quay lại, thông báo cá nhân hóa",121,2,15.65,0.5
120322,Khách thường xuyên,0.1238,model,"Duy trì, không cần giảm giá sâu",84,2,20.99,0.0
210391,Khách nhạy khuyến mãi,0.1238,model,"Chuyển từ giảm giá trực tiếp sang tích điểm, voucher cá nhân hóa",49,2,8.54,1.0
130058,Khách lâu chưa quay lại,0.1238,model,"Kéo lại bằng phim mới, voucher quay lại, thông báo cá nhân hóa",92,2,6.11,0.5
220443,Khách lâu chưa quay lại,0.1238,model,"Kéo lại bằng phim mới, voucher quay lại, thông báo cá nhân hóa",144,2,15.88,0.0
211693,Khách nhạy khuyến mãi,0.1238,model,"Chuyển từ giảm giá trực tiếp sang tích điểm, voucher cá nhân hóa",63,2,14.68,0.5
119247,Khách lâu chưa quay lại,0.1238,model,"Kéo lại bằng phim mới, voucher quay lại, thông báo cá nhân hóa",622,3,38.51,0.3333
188295,Khách lâu chưa quay lại,0.1238,model,"Kéo lại bằng phim mới, voucher quay lại, thông báo cá nhân hóa",129,1,11.1,0.0
139197,Khách nhạy khuyến mãi,0.1238,model,"Chuyển từ giảm giá trực tiếp sang tích điểm, voucher cá nhân hóa",82,2,13.0,0.5
162994,Khách giá trị cao,0.1238,model,"Membership, ưu đãi đặc quyền, đặt vé sớm phim hot",127,3,24.81,0.6667
201154,Khách thường xuyên,0.1237,model,"Duy trì, không cần giảm giá sâu",64,2,22.52,0.0
201430,Khách lâu chưa quay lại,0.1237,model,"Kéo lại bằng phim mới, voucher quay lại, thông báo cá nhân hóa",181,2,7.8,0.5
119406,Khách lâu chưa quay lại,0.1237,model,"Kéo lại bằng phim mới, voucher quay lại, thông báo cá nhân hóa",234,2,17.87,1.0
213521,Khách giá trị cao,0.1237,model,"Membership, ưu đãi đặc quyền, đặt vé sớm phim hot",176,3,22.15,0.6667
221927,Khách nhạy khuyến mãi,0.1236,model,"Chuyển từ giảm giá trực tiếp sang tích điểm, voucher cá nhân hóa",66,2,25.36,0.5
116171,Khách giá trị cao,0.1236,model,"Membership, ưu đãi đặc quyền, đặt vé sớm phim hot",46,3,22.09,0.6667
115399,Khách lâu chưa quay lại,0.1236,model,"Kéo lại bằng phim mới, voucher quay lại, thông báo cá nhân hóa",110,2,6.11,0.0
161905,Khách nhạy khuyến mãi,0.1236,model,"Chuyển từ giảm giá trực tiếp sang tích điểm, voucher cá nhân hóa",53,2,18.72,0.5
180420,Khách lâu chưa quay lại,0.1236,model,"Kéo lại bằng phim mới, voucher quay lại, thông báo cá nhân hóa",126,2,4.7,0.0
125109,Khách lâu chưa quay lại,0.1236,model,"Kéo lại bằng phim mới, voucher quay lại, thông báo cá nhân hóa",658,4,47.55,0.5
162688,Khách lâu chưa quay lại,0.1236,model,"Kéo lại bằng phim mới, voucher quay lại, thông báo cá nhân hóa",114,2,26.48,1.0
144784,Khách nhạy khuyến mãi,0.1236,model,"Chuyển từ giảm giá trực tiếp sang tích điểm, voucher cá nhân hóa",20,2,14.65,1.0
216645,Khách lâu chưa quay lại,0.1236,model,"Kéo lại bằng phim mới, voucher quay lại, thông báo cá nhân hóa",94,2,15.14,0.5
128504,Khách mua một lần (mới),0.1236,model,Tặng coupon cho lần mua thứ hai trong vòng 7–14 ngày,7,1,10.31,0.0
141205,Khách lâu chưa quay lại,0.1236,model,"Kéo lại bằng phim mới, voucher quay lại, thông báo cá nhân hóa",169,2,17.11,1.0
154586,Khách lâu chưa quay lại,0.1236,model,"Kéo lại bằng phim mới, voucher quay lại, thông báo cá nhân hóa",176,2,27.51,1.0
149417,Khách nhạy khuyến mãi,0.1235,model,"Chuyển từ giảm giá trực tiếp sang tích điểm, voucher cá nhân hóa",73,2,9.2,0.5
174042,Khách lâu chưa quay lại,0.1235,model,"Kéo lại bằng phim mới, voucher quay lại, thông báo cá nhân hóa",106,2,8.42,0.5
187865,Khách nhạy khuyến mãi,0.1235,model,"Chuyển từ giảm giá trực tiếp sang tích điểm, voucher cá nhân hóa",84,2,14.1,1.0
209130,Khách nhạy khuyến mãi,0.1235,model,"Chuyển từ giảm giá trực tiếp sang tích điểm, voucher cá nhân hóa",9,2,9.45,0.5
160364,Khách lâu chưa quay lại,0.1235,model,"Kéo lại bằng phim mới, voucher quay lại, thông báo cá nhân hóa",237,3,34.35,0.6667
171811,Khách lâu chưa quay lại,0.1235,model,"Kéo lại bằng phim mới, voucher quay lại, thông báo cá nhân hóa",153,2,21.77,0.5
225214,Khách giá trị cao,0.1235,model,"Membership, ưu đãi đặc quyền, đặt vé sớm phim hot",45,3,19.68,1.0
147507,Khách thường xuyên,0.1235,model,"Duy trì, không cần giảm giá sâu",7,2,18.27,0.0
123791,Khách lâu chưa quay lại,0.1235,model,"Kéo lại bằng phim mới, voucher quay lại, thông báo cá nhân hóa",120,2,22.6,0.0
201159,Khách nhạy khuyến mãi,0.1235,model,"Chuyển từ giảm giá trực tiếp sang tích điểm, voucher cá nhân hóa",36,2,13.95,0.5
136815,Khách lâu chưa quay lại,0.1234,model,"Kéo lại bằng phim mới, voucher quay lại, thông báo cá nhân hóa",605,2,15.09,0.0
176486,Khách nhạy khuyến mãi,0.1234,model,"Chuyển từ giảm giá trực tiếp sang tích điểm, voucher cá nhân hóa",39,2,12.05,0.5
103663,Khách lâu chưa quay lại,0.1234,model,"Kéo lại bằng phim mới, voucher quay lại, thông báo cá nhân hóa",234,2,20.3,0.5
102854,Khách giá trị cao,0.1234,model,"Membership, ưu đãi đặc quyền, đặt vé sớm phim hot",2,3,21.98,0.6667
205978,Khách nhạy khuyến mãi,0.1234,model,"Chuyển từ giảm giá trực tiếp sang tích điểm, voucher cá nhân hóa",66,2,17.48,1.0
109303,Khách giá trị cao,0.1234,model,"Membership, ưu đãi đặc quyền, đặt vé sớm phim hot",50,4,33.32,0.5
211296,Khách giá trị cao,0.1234,model,"Membership, ưu đãi đặc quyền, đặt vé sớm phim hot",42,3,22.19,0.6667
120910,Khách giá trị cao,0.1234,model,"Membership, ưu đãi đặc quyền, đặt vé sớm phim hot",157,4,42.12,0.5
199152,Khách lâu chưa quay lại,0.1234,model,"Kéo lại bằng phim mới, voucher quay lại, thông báo cá nhân hóa",93,2,16.82,1.0
149037,Khách giá trị cao,0.1234,model,"Membership, ưu đãi đặc quyền, đặt vé sớm phim hot",61,4,22.13,0.5
220112,Khách nhạy khuyến mãi,0.1234,model,"Chuyển từ giảm giá trực tiếp sang tích điểm, voucher cá nhân hóa",40,2,14.28,0.5
150114,Khách lâu chưa quay lại,0.1233,model,"Kéo lại bằng phim mới, voucher quay lại, thông báo cá nhân hóa",107,2,49.73,0.5
104215,Khách nhạy khuyến mãi,0.1233,model,"Chuyển từ giảm giá trực tiếp sang tích điểm, voucher cá nhân hóa",7,2,7.17,0.5
215736,Khách nhạy khuyến mãi,0.1233,model,"Chuyển từ giảm giá trực tiếp sang tích điểm, voucher cá nhân hóa",39,2,31.36,0.5
197293,Khách nhạy khuyến mãi,0.1233,model,"Chuyển từ giảm giá trực tiếp sang tích điểm, voucher cá nhân hóa",42,2,32.05,0.5
215644,Khách nhạy khuyến mãi,0.1233,model,"Chuyển từ giảm giá trực tiếp sang tích điểm, voucher cá nhân hóa",1,2,15.44,0.5
182517,Khách giá trị cao,0.1233,model,"Membership, ưu đãi đặc quyền, đặt vé sớm phim hot",125,3,19.47,0.6667
213199,Khách mua một lần (mới),0.1233,model,Tặng coupon cho lần mua thứ hai trong vòng 7–14 ngày,1,1,21.57,0.0
132341,Khách thường xuyên,0.1233,model,"Duy trì, không cần giảm giá sâu",85,2,29.33,0.0
126577,Khách lâu chưa quay lại,0.1232,model,"Kéo lại bằng phim mới, voucher quay lại, thông báo cá nhân hóa",106,2,16.37,1.0
194815,Khách giá trị cao,0.1232,model,"Membership, ưu đãi đặc quyền, đặt vé sớm phim hot",173,3,25.01,1.0
142059,Khách nhạy khuyến mãi,0.1232,model,"Chuyển từ giảm giá trực tiếp sang tích điểm, voucher cá nhân hóa",43,2,18.31,0.5
193034,Khách giá trị cao,0.1232,model,"Membership, ưu đãi đặc quyền, đặt vé sớm phim hot",43,3,27.79,1.0
163164,Khách lâu chưa quay lại,0.1232,model,"Kéo lại bằng phim mới, voucher quay lại, thông báo cá nhân hóa",289,2,15.59,0.5
136345,Khách nhạy khuyến mãi,0.1232,model,"Chuyển từ giảm giá trực tiếp sang tích điểm, voucher cá nhân hóa",46,2,21.65,1.0
121823,Khách lâu chưa quay lại,0.1232,model,"Kéo lại bằng phim mới, voucher quay lại, thông báo cá nhân hóa",607,3,34.64,0.3333
152091,Khách giá trị cao,0.1232,model,"Membership, ưu đãi đặc quyền, đặt vé sớm phim hot",174,3,21.94,0.6667
101100,Khách lâu chưa quay lại,0.1231,model,"Kéo lại bằng phim mới, voucher quay lại, thông báo cá nhân hóa",231,4,41.64,0.5
113319,Khách thường xuyên,0.1231,model,"Duy trì, không cần giảm giá sâu",85,1,8.58,0.0
171913,Khách lâu chưa quay lại,0.1231,model,"Kéo lại bằng phim mới, voucher quay lại, thông báo cá nhân hóa",97,2,13.71,0.5
198871,Khách nhạy khuyến mãi,0.1231,model,"Chuyển từ giảm giá trực tiếp sang tích điểm, voucher cá nhân hóa",85,2,13.49,0.5
100615,Khách lâu chưa quay lại,0.1231,model,"Kéo lại bằng phim mới, voucher quay lại, thông báo cá nhân hóa",110,2,13.16,0.5
105242,Khách nhạy khuyến mãi,0.1231,model,"Chuyển từ giảm giá trực tiếp sang tích điểm, voucher cá nhân hóa",53,2,11.88,0.5
105789,Khách mua một lần (mới),0.1231,model,Tặng coupon cho lần mua thứ hai trong vòng 7–14 ngày,1,1,14.43,0.0
178866,Khách nhạy khuyến mãi,0.1231,model,"Chuyển từ giảm giá trực tiếp sang tích điểm, voucher cá nhân hóa",40,2,15.18,1.0
117760,Khách giá trị cao,0.1231,model,"Membership, ưu đãi đặc quyền, đặt vé sớm phim hot",175,4,20.35,0.25
107403,Khách lâu chưa quay lại,0.1231,model,"Kéo lại bằng phim mới, voucher quay lại, thông báo cá nhân hóa",154,2,15.8,0.5
129838,Khách lâu chưa quay lại,0.1231,model,"Kéo lại bằng phim mới, voucher quay lại, thông báo cá nhân hóa",119,2,15.59,0.0
191954,Khách nhạy khuyến mãi,0.1231,model,"Chuyển từ giảm giá trực tiếp sang tích điểm, voucher cá nhân hóa",71,2,15.38,0.5
218585,Khách giá trị cao,0.1231,model,"Membership, ưu đãi đặc quyền, đặt vé sớm phim hot",28,3,31.71,0.6667
193434,Khách lâu chưa quay lại,0.1231,model,"Kéo lại bằng phim mới, voucher quay lại, thông báo cá nhân hóa",124,2,9.98,0.5
165137,Khách lâu chưa quay lại,0.1231,model,"Kéo lại bằng phim mới, voucher quay lại, thông báo cá nhân hóa",165,2,14.47,0.5
223071,Khách thường xuyên,0.1231,model,"Duy trì, không cần giảm giá sâu",65,2,32.99,0.0
210924,Khách thường xuyên,0.1231,model,"Duy trì, không cần giảm giá sâu",60,2,16.49,0.0
190802,Khách nhạy khuyến mãi,0.1231,model,"Chuyển từ giảm giá trực tiếp sang tích điểm, voucher cá nhân hóa",72,2,16.12,0.5
118666,Khách nhạy khuyến mãi,0.123,model,"Chuyển từ giảm giá trực tiếp sang tích điểm, voucher cá nhân hóa",49,2,5.7,0.5
134288,Khách nhạy khuyến mãi,0.123,model,"Chuyển từ giảm giá trực tiếp sang tích điểm, voucher cá nhân hóa",48,2,13.94,0.5
142779,Khách nhạy khuyến mãi,0.123,model,"Chuyển từ giảm giá trực tiếp sang tích điểm, voucher cá nhân hóa",83,2,9.12,0.5
176008,Khách nhạy khuyến mãi,0.123,model,"Chuyển từ giảm giá trực tiếp sang tích điểm, voucher cá nhân hóa",1,2,16.04,0.5
115422,Khách giá trị cao,0.123,model,"Membership, ưu đãi đặc quyền, đặt vé sớm phim hot",53,5,17.23,0.6
111255,Khách giá trị cao,0.123,model,"Membership, ưu đãi đặc quyền, đặt vé sớm phim hot",63,3,27.58,1.0
149296,Khách nhạy khuyến mãi,0.123,model,"Chuyển từ giảm giá trực tiếp sang tích điểm, voucher cá nhân hóa",42,2,29.45,0.5
142655,Khách mua một lần (mới),0.123,model,Tặng coupon cho lần mua thứ hai trong vòng 7–14 ngày,9,1,18.15,0.0
110110,Khách giá trị cao,0.123,model,"Membership, ưu đãi đặc quyền, đặt vé sớm phim hot",80,3,22.51,0.6667
134436,Khách lâu chưa quay lại,0.123,model,"Kéo lại bằng phim mới, voucher quay lại, thông báo cá nhân hóa",268,3,18.4,0.6667
136048,Khách nhạy khuyến mãi,0.1229,model,"Chuyển từ giảm giá trực tiếp sang tích điểm, voucher cá nhân hóa",35,2,16.12,0.5
115660,Khách lâu chưa quay lại,0.1229,model,"Kéo lại bằng phim mới, voucher quay lại, thông báo cá nhân hóa",205,3,20.46,0.6667
182776,Khách nhạy khuyến mãi,0.1229,model,"Chuyển từ giảm giá trực tiếp sang tích điểm, voucher cá nhân hóa",71,2,13.59,0.5
180908,Khách nhạy khuyến mãi,0.1229,model,"Chuyển từ giảm giá trực tiếp sang tích điểm, voucher cá nhân hóa",86,2,13.65,0.5
102592,Khách nhạy khuyến mãi,0.1229,model,"Chuyển từ giảm giá trực tiếp sang tích điểm, voucher cá nhân hóa",2,2,14.1,1.0
144622,Khách nhạy khuyến mãi,0.1229,model,"Chuyển từ giảm giá trực tiếp sang tích điểm, voucher cá nhân hóa",14,2,31.54,1.0
175272,Khách thường xuyên,0.1229,model,"Duy trì, không cần giảm giá sâu",39,2,18.1,0.0
217496,Khách lâu chưa quay lại,0.1229,model,"Kéo lại bằng phim mới, voucher quay lại, thông báo cá nhân hóa",134,2,18.48,0.0
168729,Khách nhạy khuyến mãi,0.1229,model,"Chuyển từ giảm giá trực tiếp sang tích điểm, voucher cá nhân hóa",8,2,6.52,1.0
122262,Khách lâu chưa quay lại,0.1229,model,"Kéo lại bằng phim mới, voucher quay lại, thông báo cá nhân hóa",211,3,25.52,1.0
148787,Khách lâu chưa quay lại,0.1229,model,"Kéo lại bằng phim mới, voucher quay lại, thông báo cá nhân hóa",144,2,10.28,1.0
122230,Khách nhạy khuyến mãi,0.1229,model,"Chuyển từ giảm giá trực tiếp sang tích điểm, voucher cá nhân hóa",12,2,16.25,0.5
120735,Khách nhạy khuyến mãi,0.1229,model,"Chuyển từ giảm giá trực tiếp sang tích điểm, voucher cá nhân hóa",8,2,25.44,0.5
130507,Khách lâu chưa quay lại,0.1229,model,"Kéo lại bằng phim mới, voucher quay lại, thông báo cá nhân hóa",211,4,26.15,0.75
220386,Khách nhạy khuyến mãi,0.1228,model,"Chuyển từ giảm giá trực tiếp sang tích điểm, voucher cá nhân hóa",43,2,18.72,0.5
100685,Khách thường xuyên,0.1228,model,"Duy trì, không cần giảm giá sâu",1,2,26.39,0.0
141894,Khách nhạy khuyến mãi,0.1228,model,"Chuyển từ giảm giá trực tiếp sang tích điểm, voucher cá nhân hóa",48,2,10.69,1.0
100717,Khách nhạy khuyến mãi,0.1228,model,"Chuyển từ giảm giá trực tiếp sang tích điểm, voucher cá nhân hóa",36,2,20.49,0.5
118715,Khách nhạy khuyến mãi,0.1228,model,"Chuyển từ giảm giá trực tiếp sang tích điểm, voucher cá nhân hóa",44,2,13.29,1.0
109438,Khách giá trị cao,0.1228,model,"Membership, ưu đãi đặc quyền, đặt vé sớm phim hot",47,3,10.43,0.6667
225556,Khách nhạy khuyến mãi,0.1228,model,"Chuyển từ giảm giá trực tiếp sang tích điểm, voucher cá nhân hóa",0,2,8.21,0.5
178723,Khách lâu chưa quay lại,0.1227,model,"Kéo lại bằng phim mới, voucher quay lại, thông báo cá nhân hóa",129,2,13.16,0.5
164510,Khách lâu chưa quay lại,0.1227,model,"Kéo lại bằng phim mới, voucher quay lại, thông báo cá nhân hóa",232,4,28.0,0.75
173732,Khách nhạy khuyến mãi,0.1227,model,"Chuyển từ giảm giá trực tiếp sang tích điểm, voucher cá nhân hóa",13,2,6.11,1.0
143001,Khách nhạy khuyến mãi,0.1227,model,"Chuyển từ giảm giá trực tiếp sang tích điểm, voucher cá nhân hóa",9,2,6.11,1.0
164923,Khách lâu chưa quay lại,0.1227,model,"Kéo lại bằng phim mới, voucher quay lại, thông báo cá nhân hóa",116,2,12.99,0.5
139657,Khách lâu chưa quay lại,0.1227,model,"Kéo lại bằng phim mới, voucher quay lại, thông báo cá nhân hóa",284,2,9.12,1.0
181176,Khách nhạy khuyến mãi,0.1227,model,"Chuyển từ giảm giá trực tiếp sang tích điểm, voucher cá nhân hóa",80,2,5.7,1.0
171392,Khách lâu chưa quay lại,0.1227,model,"Kéo lại bằng phim mới, voucher quay lại, thông báo cá nhân hóa",133,2,12.5,1.0
184449,Khách lâu chưa quay lại,0.1227,model,"Kéo lại bằng phim mới, voucher quay lại, thông báo cá nhân hóa",169,2,12.95,0.5
188557,Khách nhạy khuyến mãi,0.1227,model,"Chuyển từ giảm giá trực tiếp sang tích điểm, voucher cá nhân hóa",62,2,23.88,0.5
192857,Khách giá trị cao,0.1227,model,"Membership, ưu đãi đặc quyền, đặt vé sớm phim hot",27,3,14.73,1.0
169610,Khách nhạy khuyến mãi,0.1227,model,"Chuyển từ giảm giá trực tiếp sang tích điểm, voucher cá nhân hóa",9,2,27.81,0.5
147411,Khách lâu chưa quay lại,0.1227,model,"Kéo lại bằng phim mới, voucher quay lại, thông báo cá nhân hóa",115,2,21.72,0.5
168363,Khách nhạy khuyến mãi,0.1227,model,"Chuyển từ giảm giá trực tiếp sang tích điểm, voucher cá nhân hóa",30,2,22.84,0.5
101767,Khách lâu chưa quay lại,0.1227,model,"Kéo lại bằng phim mới, voucher quay lại, thông báo cá nhân hóa",175,2,3.92,0.5
207905,Khách nhạy khuyến mãi,0.1227,model,"Chuyển từ giảm giá trực tiếp sang tích điểm, voucher cá nhân hóa",47,2,26.89,1.0
125516,Khách nhạy khuyến mãi,0.1226,model,"Chuyển từ giảm giá trực tiếp sang tích điểm, voucher cá nhân hóa",77,2,21.41,0.5
105868,Khách lâu chưa quay lại,0.1226,model,"Kéo lại bằng phim mới, voucher quay lại, thông báo cá nhân hóa",115,2,21.14,0.5
225146,Khách nhạy khuyến mãi,0.1226,model,"Chuyển từ giảm giá trực tiếp sang tích điểm, voucher cá nhân hóa",58,2,16.0,1.0
180717,Khách nhạy khuyến mãi,0.1226,model,"Chuyển từ giảm giá trực tiếp sang tích điểm, voucher cá nhân hóa",1,2,23.24,0.5
193935,Khách nhạy khuyến mãi,0.1226,model,"Chuyển từ giảm giá trực tiếp sang tích điểm, voucher cá nhân hóa",11,2,7.39,0.5
165028,Khách nhạy khuyến mãi,0.1226,model,"Chuyển từ giảm giá trực tiếp sang tích điểm, voucher cá nhân hóa",25,2,5.7,1.0
190176,Khách nhạy khuyến mãi,0.1226,model,"Chuyển từ giảm giá trực tiếp sang tích điểm, voucher cá nhân hóa",56,2,21.73,0.5
220547,Khách lâu chưa quay lại,0.1226,model,"Kéo lại bằng phim mới, voucher quay lại, thông báo cá nhân hóa",175,2,12.7,1.0
119803,Khách nhạy khuyến mãi,0.1226,model,"Chuyển từ giảm giá trực tiếp sang tích điểm, voucher cá nhân hóa",6,2,19.05,0.5
203848,Khách nhạy khuyến mãi,0.1225,model,"Chuyển từ giảm giá trực tiếp sang tích điểm, voucher cá nhân hóa",38,2,8.7,1.0
133389,Khách lâu chưa quay lại,0.1225,model,"Kéo lại bằng phim mới, voucher quay lại, thông báo cá nhân hóa",130,2,5.94,0.5
167499,Khách nhạy khuyến mãi,0.1225,model,"Chuyển từ giảm giá trực tiếp sang tích điểm, voucher cá nhân hóa",76,2,12.09,1.0
137280,Khách lâu chưa quay lại,0.1225,model,"Kéo lại bằng phim mới, voucher quay lại, thông báo cá nhân hóa",253,2,15.46,1.0
189131,Khách nhạy khuyến mãi,0.1225,model,"Chuyển từ giảm giá trực tiếp sang tích điểm, voucher cá nhân hóa",16,2,6.35,0.5
100325,Khách nhạy khuyến mãi,0.1225,model,"Chuyển từ giảm giá trực tiếp sang tích điểm, voucher cá nhân hóa",86,2,13.16,1.0
186054,Khách nhạy khuyến mãi,0.1225,model,"Chuyển từ giảm giá trực tiếp sang tích điểm, voucher cá nhân hóa",43,2,37.37,0.5
104511,Khách lâu chưa quay lại,0.1225,model,"Kéo lại bằng phim mới, voucher quay lại, thông báo cá nhân hóa",233,3,20.45,0.6667
209837,Khách thường xuyên,0.1225,model,"Duy trì, không cần giảm giá sâu",51,2,21.73,0.0
118511,Khách giá trị cao,0.1225,model,"Membership, ưu đãi đặc quyền, đặt vé sớm phim hot",22,4,24.17,0.0
224073,Khách nhạy khuyến mãi,0.1225,model,"Chuyển từ giảm giá trực tiếp sang tích điểm, voucher cá nhân hóa",15,2,13.94,1.0
165039,Khách lâu chưa quay lại,0.1225,model,"Kéo lại bằng phim mới, voucher quay lại, thông báo cá nhân hóa",211,2,10.64,0.5
104912,Khách lâu chưa quay lại,0.1225,model,"Kéo lại bằng phim mới, voucher quay lại, thông báo cá nhân hóa",198,2,10.85,0.5
117021,Khách nhạy khuyến mãi,0.1225,model,"Chuyển từ giảm giá trực tiếp sang tích điểm, voucher cá nhân hóa",42,2,13.53,0.5
201629,Khách lâu chưa quay lại,0.1224,model,"Kéo lại bằng phim mới, voucher quay lại, thông báo cá nhân hóa",154,2,10.85,0.5
121146,Khách giá trị cao,0.1224,model,"Membership, ưu đãi đặc quyền, đặt vé sớm phim hot",29,3,10.56,1.0
172514,Khách nhạy khuyến mãi,0.1224,model,"Chuyển từ giảm giá trực tiếp sang tích điểm, voucher cá nhân hóa",23,2,20.62,0.5
160062,Khách giá trị cao,0.1224,model,"Membership, ưu đãi đặc quyền, đặt vé sớm phim hot",153,4,24.45,0.5
199453,Khách nhạy khuyến mãi,0.1224,model,"Chuyển từ giảm giá trực tiếp sang tích điểm, voucher cá nhân hóa",36,2,18.44,0.5
219982,Khách nhạy khuyến mãi,0.1224,model,"Chuyển từ giảm giá trực tiếp sang tích điểm, voucher cá nhân hóa",12,2,19.38,0.5
207006,Khách nhạy khuyến mãi,0.1224,model,"Chuyển từ giảm giá trực tiếp sang tích điểm, voucher cá nhân hóa",42,2,20.08,0.5
102629,Khách nhạy khuyến mãi,0.1224,model,"Chuyển từ giảm giá trực tiếp sang tích điểm, voucher cá nhân hóa",12,2,9.49,0.5
217130,Khách nhạy khuyến mãi,0.1224,model,"Chuyển từ giảm giá trực tiếp sang tích điểm, voucher cá nhân hóa",31,2,20.62,0.5
107625,Khách thường xuyên,0.1224,model,"Duy trì, không cần giảm giá sâu",61,2,31.47,0.0
150582,Khách giá trị cao,0.1224,model,"Membership, ưu đãi đặc quyền, đặt vé sớm phim hot",180,3,18.89,0.6667
122344,Khách nhạy khuyến mãi,0.1224,model,"Chuyển từ giảm giá trực tiếp sang tích điểm, voucher cá nhân hóa",49,2,20.71,0.5
105186,Khách giá trị cao,0.1224,model,"Membership, ưu đãi đặc quyền, đặt vé sớm phim hot",64,3,35.68,0.6667
131962,Khách lâu chưa quay lại,0.1223,model,"Kéo lại bằng phim mới, voucher quay lại, thông báo cá nhân hóa",132,1,11.1,0.0
128442,Khách lâu chưa quay lại,0.1223,model,"Kéo lại bằng phim mới, voucher quay lại, thông báo cá nhân hóa",163,2,12.75,1.0
189446,Khách lâu chưa quay lại,0.1223,model,"Kéo lại bằng phim mới, voucher quay lại, thông báo cá nhân hóa",271,2,11.38,1.0
216934,Khách lâu chưa quay lại,0.1223,model,"Kéo lại bằng phim mới, voucher quay lại, thông báo cá nhân hóa",260,2,11.38,1.0
141288,Khách lâu chưa quay lại,0.1223,model,"Kéo lại bằng phim mới, voucher quay lại, thông báo cá nhân hóa",299,2,11.38,1.0
207819,Khách lâu chưa quay lại,0.1223,model,"Kéo lại bằng phim mới, voucher quay lại, thông báo cá nhân hóa",258,2,11.38,1.0
226685,Khách lâu chưa quay lại,0.1223,model,"Kéo lại bằng phim mới, voucher quay lại, thông báo cá nhân hóa",97,2,16.87,1.0
150004,Khách lâu chưa quay lại,0.1223,model,"Kéo lại bằng phim mới, voucher quay lại, thông báo cá nhân hóa",132,2,18.23,0.0
223674,Khách giá trị cao,0.1223,model,"Membership, ưu đãi đặc quyền, đặt vé sớm phim hot",145,3,20.74,0.6667
196150,Khách giá trị cao,0.1223,model,"Membership, ưu đãi đặc quyền, đặt vé sớm phim hot",29,3,23.18,0.6667
144126,Khách giá trị cao,0.1223,model,"Membership, ưu đãi đặc quyền, đặt vé sớm phim hot",93,3,19.3,0.6667
168796,Khách nhạy khuyến mãi,0.1223,model,"Chuyển từ giảm giá trực tiếp sang tích điểm, voucher cá nhân hóa",5,2,45.37,0.5
114467,Khách lâu chưa quay lại,0.1223,model,"Kéo lại bằng phim mới, voucher quay lại, thông báo cá nhân hóa",140,2,18.14,0.0
112709,Khách giá trị cao,0.1222,model,"Membership, ưu đãi đặc quyền, đặt vé sớm phim hot",106,3,21.84,1.0
182969,Khách nhạy khuyến mãi,0.1222,model,"Chuyển từ giảm giá trực tiếp sang tích điểm, voucher cá nhân hóa",83,2,13.86,0.5
171141,Khách nhạy khuyến mãi,0.1222,model,"Chuyển từ giảm giá trực tiếp sang tích điểm, voucher cá nhân hóa",67,2,16.54,0.5
132846,Khách lâu chưa quay lại,0.1222,model,"Kéo lại bằng phim mới, voucher quay lại, thông báo cá nhân hóa",226,2,36.67,0.0
223373,Khách lâu chưa quay lại,0.1222,model,"Kéo lại bằng phim mới, voucher quay lại, thông báo cá nhân hóa",239,3,30.12,0.3333
108245,Khách lâu chưa quay lại,0.1222,model,"Kéo lại bằng phim mới, voucher quay lại, thông báo cá nhân hóa",141,2,29.86,0.0
139025,Khách lâu chưa quay lại,0.1222,model,"Kéo lại bằng phim mới, voucher quay lại, thông báo cá nhân hóa",116,2,14.6,0.5
167254,Khách giá trị cao,0.1222,model,"Membership, ưu đãi đặc quyền, đặt vé sớm phim hot",36,3,22.97,0.6667
171336,Khách thường xuyên,0.1222,model,"Duy trì, không cần giảm giá sâu",2,2,28.45,0.0
155157,Khách lâu chưa quay lại,0.1222,model,"Kéo lại bằng phim mới, voucher quay lại, thông báo cá nhân hóa",129,2,25.62,0.0
155029,Khách giá trị cao,0.1222,model,"Membership, ưu đãi đặc quyền, đặt vé sớm phim hot",38,3,20.61,1.0
166431,Khách giá trị cao,0.1222,model,"Membership, ưu đãi đặc quyền, đặt vé sớm phim hot",156,3,9.82,0.6667
197277,Khách nhạy khuyến mãi,0.1221,model,"Chuyển từ giảm giá trực tiếp sang tích điểm, voucher cá nhân hóa",88,2,7.96,0.5
115219,Khách lâu chưa quay lại,0.1221,model,"Kéo lại bằng phim mới, voucher quay lại, thông báo cá nhân hóa",116,2,37.49,0.5
104371,Khách lâu chưa quay lại,0.1221,model,"Kéo lại bằng phim mới, voucher quay lại, thông báo cá nhân hóa",92,2,8.95,1.0
230862,Khách thường xuyên,0.1221,model,"Duy trì, không cần giảm giá sâu",1,2,21.44,0.0
220561,Khách nhạy khuyến mãi,0.1221,model,"Chuyển từ giảm giá trực tiếp sang tích điểm, voucher cá nhân hóa",79,2,17.61,0.5
213970,Khách nhạy khuyến mãi,0.1221,model,"Chuyển từ giảm giá trực tiếp sang tích điểm, voucher cá nhân hóa",43,2,5.7,0.5
192370,Khách lâu chưa quay lại,0.1221,model,"Kéo lại bằng phim mới, voucher quay lại, thông báo cá nhân hóa",131,2,14.77,1.0
188550,Khách lâu chưa quay lại,0.1221,model,"Kéo lại bằng phim mới, voucher quay lại, thông báo cá nhân hóa",150,2,12.66,0.5
163760,Khách giá trị cao,0.1221,model,"Membership, ưu đãi đặc quyền, đặt vé sớm phim hot",17,3,15.43,0.3333
213314,Khách giá trị cao,0.1221,model,"Membership, ưu đãi đặc quyền, đặt vé sớm phim hot",101,3,9.61,1.0
223761,Khách nhạy khuyến mãi,0.122,model,"Chuyển từ giảm giá trực tiếp sang tích điểm, voucher cá nhân hóa",46,2,11.76,0.5
153925,Khách nhạy khuyến mãi,0.122,model,"Chuyển từ giảm giá trực tiếp sang tích điểm, voucher cá nhân hóa",43,2,11.67,0.5
182857,Khách nhạy khuyến mãi,0.122,model,"Chuyển từ giảm giá trực tiếp sang tích điểm, voucher cá nhân hóa",28,2,5.7,1.0
139919,Khách lâu chưa quay lại,0.122,model,"Kéo lại bằng phim mới, voucher quay lại, thông báo cá nhân hóa",91,2,15.05,0.5
107888,Khách giá trị cao,0.122,model,"Membership, ưu đãi đặc quyền, đặt vé sớm phim hot",63,3,21.69,0.3333
124323,Khách lâu chưa quay lại,0.122,model,"Kéo lại bằng phim mới, voucher quay lại, thông báo cá nhân hóa",174,2,16.7,1.0
104147,Khách nhạy khuyến mãi,0.122,model,"Chuyển từ giảm giá trực tiếp sang tích điểm, voucher cá nhân hóa",33,2,24.5,0.5
187353,Khách lâu chưa quay lại,0.122,model,"Kéo lại bằng phim mới, voucher quay lại, thông báo cá nhân hóa",169,2,17.08,0.5
218448,Khách nhạy khuyến mãi,0.122,model,"Chuyển từ giảm giá trực tiếp sang tích điểm, voucher cá nhân hóa",36,2,15.47,1.0
127225,Khách thường xuyên,0.122,model,"Duy trì, không cần giảm giá sâu",78,2,30.36,0.0
127268,Khách lâu chưa quay lại,0.122,model,"Kéo lại bằng phim mới, voucher quay lại, thông báo cá nhân hóa",159,1,25.78,0.0
219507,Khách lâu chưa quay lại,0.1219,model,"Kéo lại bằng phim mới, voucher quay lại, thông báo cá nhân hóa",118,2,17.82,0.0
206966,Khách thường xuyên,0.1219,model,"Duy trì, không cần giảm giá sâu",55,2,21.78,0.0
149027,Khách lâu chưa quay lại,0.1219,model,"Kéo lại bằng phim mới, voucher quay lại, thông báo cá nhân hóa",175,2,17.52,0.5
160219,Khách giá trị cao,0.1219,model,"Membership, ưu đãi đặc quyền, đặt vé sớm phim hot",38,3,25.29,0.6667
198916,Khách nhạy khuyến mãi,0.1219,model,"Chuyển từ giảm giá trực tiếp sang tích điểm, voucher cá nhân hóa",7,2,33.16,0.5
187795,Khách giá trị cao,0.1219,model,"Membership, ưu đãi đặc quyền, đặt vé sớm phim hot",152,3,31.28,0.6667
126275,Khách giá trị cao,0.1219,model,"Membership, ưu đãi đặc quyền, đặt vé sớm phim hot",167,3,16.83,0.3333
108549,Khách lâu chưa quay lại,0.1219,model,"Kéo lại bằng phim mới, voucher quay lại, thông báo cá nhân hóa",170,2,14.1,1.0
153724,Khách lâu chưa quay lại,0.1219,model,"Kéo lại bằng phim mới, voucher quay lại, thông báo cá nhân hóa",147,2,8.54,1.0
125275,Khách nhạy khuyến mãi,0.1219,model,"Chuyển từ giảm giá trực tiếp sang tích điểm, voucher cá nhân hóa",41,2,11.79,0.5
131254,Khách lâu chưa quay lại,0.1219,model,"Kéo lại bằng phim mới, voucher quay lại, thông báo cá nhân hóa",130,2,13.19,0.5
160393,Khách giá trị cao,0.1219,model,"Membership, ưu đãi đặc quyền, đặt vé sớm phim hot",170,3,27.92,0.6667
124792,Khách nhạy khuyến mãi,0.1219,model,"Chuyển từ giảm giá trực tiếp sang tích điểm, voucher cá nhân hóa",47,2,18.58,0.5
175631,Khách nhạy khuyến mãi,0.1218,model,"Chuyển từ giảm giá trực tiếp sang tích điểm, voucher cá nhân hóa",29,2,6.11,1.0
104826,Khách nhạy khuyến mãi,0.1218,model,"Chuyển từ giảm giá trực tiếp sang tích điểm, voucher cá nhân hóa",85,2,15.17,1.0
106772,Khách lâu chưa quay lại,0.1218,model,"Kéo lại bằng phim mới, voucher quay lại, thông báo cá nhân hóa",640,4,46.77,0.5
214177,Khách nhạy khuyến mãi,0.1218,model,"Chuyển từ giảm giá trực tiếp sang tích điểm, voucher cá nhân hóa",37,2,6.11,1.0
213927,Khách nhạy khuyến mãi,0.1218,model,"Chuyển từ giảm giá trực tiếp sang tích điểm, voucher cá nhân hóa",43,2,6.11,1.0
131717,Khách nhạy khuyến mãi,0.1218,model,"Chuyển từ giảm giá trực tiếp sang tích điểm, voucher cá nhân hóa",50,2,6.11,1.0
113659,Khách lâu chưa quay lại,0.1218,model,"Kéo lại bằng phim mới, voucher quay lại, thông báo cá nhân hóa",139,2,14.93,0.5
127619,Khách nhạy khuyến mãi,0.1218,model,"Chuyển từ giảm giá trực tiếp sang tích điểm, voucher cá nhân hóa",65,2,15.6,1.0
163257,Khách lâu chưa quay lại,0.1218,model,"Kéo lại bằng phim mới, voucher quay lại, thông báo cá nhân hóa",196,3,21.65,0.0
129494,Khách giá trị cao,0.1218,model,"Membership, ưu đãi đặc quyền, đặt vé sớm phim hot",133,3,19.04,0.3333
156980,Khách nhạy khuyến mãi,0.1218,model,"Chuyển từ giảm giá trực tiếp sang tích điểm, voucher cá nhân hóa",57,2,12.37,1.0
138911,Khách nhạy khuyến mãi,0.1218,model,"Chuyển từ giảm giá trực tiếp sang tích điểm, voucher cá nhân hóa",55,2,7.8,0.5
119596,Khách giá trị cao,0.1218,model,"Membership, ưu đãi đặc quyền, đặt vé sớm phim hot",64,3,18.83,0.6667
211941,Khách lâu chưa quay lại,0.1218,model,"Kéo lại bằng phim mới, voucher quay lại, thông báo cá nhân hóa",655,1,21.45,0.0
110944,Khách giá trị cao,0.1218,model,"Membership, ưu đãi đặc quyền, đặt vé sớm phim hot",166,3,22.15,0.6667
158782,Khách nhạy khuyến mãi,0.1218,model,"Chuyển từ giảm giá trực tiếp sang tích điểm, voucher cá nhân hóa",35,2,10.03,1.0
121497,Khách nhạy khuyến mãi,0.1218,model,"Chuyển từ giảm giá trực tiếp sang tích điểm, voucher cá nhân hóa",43,2,22.84,0.5
221346,Khách lâu chưa quay lại,0.1217,model,"Kéo lại bằng phim mới, voucher quay lại, thông báo cá nhân hóa",152,2,14.35,0.5
128537,Khách giá trị cao,0.1217,model,"Membership, ưu đãi đặc quyền, đặt vé sớm phim hot",86,3,18.43,0.6667
161774,Khách giá trị cao,0.1217,model,"Membership, ưu đãi đặc quyền, đặt vé sớm phim hot",133,3,18.36,0.6667
141951,Khách lâu chưa quay lại,0.1217,model,"Kéo lại bằng phim mới, voucher quay lại, thông báo cá nhân hóa",132,2,17.53,0.5
191304,Khách nhạy khuyến mãi,0.1217,model,"Chuyển từ giảm giá trực tiếp sang tích điểm, voucher cá nhân hóa",23,2,16.82,1.0
206411,Khách nhạy khuyến mãi,0.1217,model,"Chuyển từ giảm giá trực tiếp sang tích điểm, voucher cá nhân hóa",15,2,16.82,1.0
167832,Khách giá trị cao,0.1217,model,"Membership, ưu đãi đặc quyền, đặt vé sớm phim hot",8,3,12.09,0.6667
205660,Khách lâu chưa quay lại,0.1217,model,"Kéo lại bằng phim mới, voucher quay lại, thông báo cá nhân hóa",135,2,15.47,1.0
207571,Khách nhạy khuyến mãi,0.1217,model,"Chuyển từ giảm giá trực tiếp sang tích điểm, voucher cá nhân hóa",33,2,15.43,0.5
198643,Khách thường xuyên,0.1217,model,"Duy trì, không cần giảm giá sâu",81,2,15.88,0.0
184522,Khách thường xuyên,0.1217,model,"Duy trì, không cần giảm giá sâu",73,2,18.21,0.0
107426,Khách lâu chưa quay lại,0.1217,model,"Kéo lại bằng phim mới, voucher quay lại, thông báo cá nhân hóa",298,3,27.05,0.6667
182490,Khách lâu chưa quay lại,0.1217,model,"Kéo lại bằng phim mới, voucher quay lại, thông báo cá nhân hóa",140,2,16.42,0.5
186474,Khách nhạy khuyến mãi,0.1217,model,"Chuyển từ giảm giá trực tiếp sang tích điểm, voucher cá nhân hóa",82,2,20.34,0.5
153399,Khách giá trị cao,0.1217,model,"Membership, ưu đãi đặc quyền, đặt vé sớm phim hot",60,3,21.73,0.6667
191390,Khách thường xuyên,0.1217,model,"Duy trì, không cần giảm giá sâu",5,2,30.1,0.0
168586,Khách nhạy khuyến mãi,0.1216,model,"Chuyển từ giảm giá trực tiếp sang tích điểm, voucher cá nhân hóa",48,2,20.13,1.0
160899,Khách lâu chưa quay lại,0.1216,model,"Kéo lại bằng phim mới, voucher quay lại, thông báo cá nhân hóa",134,2,17.26,0.5
203433,Khách giá trị cao,0.1216,model,"Membership, ưu đãi đặc quyền, đặt vé sớm phim hot",9,3,37.82,0.6667
151536,Khách lâu chưa quay lại,0.1216,model,"Kéo lại bằng phim mới, voucher quay lại, thông báo cá nhân hóa",169,2,13.16,0.5
146543,Khách nhạy khuyến mãi,0.1216,model,"Chuyển từ giảm giá trực tiếp sang tích điểm, voucher cá nhân hóa",4,2,11.51,0.5
112087,Khách nhạy khuyến mãi,0.1216,model,"Chuyển từ giảm giá trực tiếp sang tích điểm, voucher cá nhân hóa",43,2,17.53,1.0
117764,Khách thường xuyên,0.1216,model,"Duy trì, không cần giảm giá sâu",2,2,7.3,0.0
145459,Khách lâu chưa quay lại,0.1216,model,"Kéo lại bằng phim mới, voucher quay lại, thông báo cá nhân hóa",91,2,13.98,0.0
187336,Khách lâu chưa quay lại,0.1216,model,"Kéo lại bằng phim mới, voucher quay lại, thông báo cá nhân hóa",111,2,18.52,0.5
228145,Khách nhạy khuyến mãi,0.1216,model,"Chuyển từ giảm giá trực tiếp sang tích điểm, voucher cá nhân hóa",90,2,17.98,0.5
125168,Khách nhạy khuyến mãi,0.1216,model,"Chuyển từ giảm giá trực tiếp sang tích điểm, voucher cá nhân hóa",71,2,12.66,0.5
133610,Khách lâu chưa quay lại,0.1216,model,"Kéo lại bằng phim mới, voucher quay lại, thông báo cá nhân hóa",214,4,57.07,0.0
137459,Khách lâu chưa quay lại,0.1215,model,"Kéo lại bằng phim mới, voucher quay lại, thông báo cá nhân hóa",253,4,25.22,1.0
192543,Khách thường xuyên,0.1215,model,"Duy trì, không cần giảm giá sâu",37,1,21.78,0.0
109560,Khách nhạy khuyến mãi,0.1215,model,"Chuyển từ giảm giá trực tiếp sang tích điểm, voucher cá nhân hóa",36,2,27.96,0.5
102512,Khách giá trị cao,0.1215,model,"Membership, ưu đãi đặc quyền, đặt vé sớm phim hot",102,3,45.12,0.0
114149,Khách lâu chưa quay lại,0.1215,model,"Kéo lại bằng phim mới, voucher quay lại, thông báo cá nhân hóa",192,5,45.37,0.4
179684,Khách nhạy khuyến mãi,0.1215,model,"Chuyển từ giảm giá trực tiếp sang tích điểm, voucher cá nhân hóa",90,2,15.88,0.5
104519,Khách giá trị cao,0.1215,model,"Membership, ưu đãi đặc quyền, đặt vé sớm phim hot",132,7,46.75,0.2857
194584,Khách lâu chưa quay lại,0.1215,model,"Kéo lại bằng phim mới, voucher quay lại, thông báo cá nhân hóa",157,2,10.97,0.5
184857,Khách nhạy khuyến mãi,0.1215,model,"Chuyển từ giảm giá trực tiếp sang tích điểm, voucher cá nhân hóa",25,2,21.2,0.5
230461,Khách nhạy khuyến mãi,0.1215,model,"Chuyển từ giảm giá trực tiếp sang tích điểm, voucher cá nhân hóa",47,2,14.18,1.0
103569,Khách lâu chưa quay lại,0.1215,model,"Kéo lại bằng phim mới, voucher quay lại, thông báo cá nhân hóa",294,2,9.37,1.0
131753,Khách lâu chưa quay lại,0.1215,model,"Kéo lại bằng phim mới, voucher quay lại, thông báo cá nhân hóa",199,3,11.96,1.0
171820,Khách nhạy khuyến mãi,0.1215,model,"Chuyển từ giảm giá trực tiếp sang tích điểm, voucher cá nhân hóa",22,2,5.7,1.0
128433,Khách nhạy khuyến mãi,0.1215,model,"Chuyển từ giảm giá trực tiếp sang tích điểm, voucher cá nhân hóa",64,2,52.44,0.5
137056,Khách giá trị cao,0.1215,model,"Membership, ưu đãi đặc quyền, đặt vé sớm phim hot",78,3,33.36,0.6667
103863,Khách lâu chưa quay lại,0.1215,model,"Kéo lại bằng phim mới, voucher quay lại, thông báo cá nhân hóa",1293,3,22.27,0.0
133437,Khách giá trị cao,0.1214,model,"Membership, ưu đãi đặc quyền, đặt vé sớm phim hot",86,3,23.13,0.0
205250,Khách thường xuyên,0.1214,model,"Duy trì, không cần giảm giá sâu",14,2,16.41,0.0
167151,Khách giá trị cao,0.1214,model,"Membership, ưu đãi đặc quyền, đặt vé sớm phim hot",94,3,17.69,0.6667
188122,Khách nhạy khuyến mãi,0.1214,model,"Chuyển từ giảm giá trực tiếp sang tích điểm, voucher cá nhân hóa",87,2,14.93,0.5
188275,Khách lâu chưa quay lại,0.1213,model,"Kéo lại bằng phim mới, voucher quay lại, thông báo cá nhân hóa",113,2,12.78,0.0
161118,Khách lâu chưa quay lại,0.1213,model,"Kéo lại bằng phim mới, voucher quay lại, thông báo cá nhân hóa",170,2,4.91,0.5
177839,Khách lâu chưa quay lại,0.1213,model,"Kéo lại bằng phim mới, voucher quay lại, thông báo cá nhân hóa",141,2,11.26,1.0
209406,Khách lâu chưa quay lại,0.1213,model,"Kéo lại bằng phim mới, voucher quay lại, thông báo cá nhân hóa",173,2,13.89,1.0
204908,Khách lâu chưa quay lại,0.1213,model,"Kéo lại bằng phim mới, voucher quay lại, thông báo cá nhân hóa",147,2,13.49,0.5
115149,Khách giá trị cao,0.1213,model,"Membership, ưu đãi đặc quyền, đặt vé sớm phim hot",148,5,51.97,0.0
185038,Khách lâu chưa quay lại,0.1213,model,"Kéo lại bằng phim mới, voucher quay lại, thông báo cá nhân hóa",103,2,17.65,0.0
217010,Khách lâu chưa quay lại,0.1213,model,"Kéo lại bằng phim mới, voucher quay lại, thông báo cá nhân hóa",129,2,49.49,1.0
104468,Khách lâu chưa quay lại,0.1213,model,"Kéo lại bằng phim mới, voucher quay lại, thông báo cá nhân hóa",105,2,19.32,0.0
109122,Khách lâu chưa quay lại,0.1212,model,"Kéo lại bằng phim mới, voucher quay lại, thông báo cá nhân hóa",101,2,14.51,0.5
129521,Khách lâu chưa quay lại,0.1212,model,"Kéo lại bằng phim mới, voucher quay lại, thông báo cá nhân hóa",310,5,47.97,0.8
102605,Khách nhạy khuyến mãi,0.1212,model,"Chuyển từ giảm giá trực tiếp sang tích điểm, voucher cá nhân hóa",89,2,14.64,0.5
179914,Khách lâu chưa quay lại,0.1212,model,"Kéo lại bằng phim mới, voucher quay lại, thông báo cá nhân hóa",101,2,14.84,0.0
169612,Khách giá trị cao,0.1212,model,"Membership, ưu đãi đặc quyền, đặt vé sớm phim hot",168,5,26.89,0.4
206337,Khách lâu chưa quay lại,0.1212,model,"Kéo lại bằng phim mới, voucher quay lại, thông báo cá nhân hóa",175,2,14.73,0.5
114602,Khách lâu chưa quay lại,0.1212,model,"Kéo lại bằng phim mới, voucher quay lại, thông báo cá nhân hóa",167,2,13.61,0.0
122833,Khách lâu chưa quay lại,0.1212,model,"Kéo lại bằng phim mới, voucher quay lại, thông báo cá nhân hóa",168,2,15.67,0.0
128295,Khách lâu chưa quay lại,0.1212,model,"Kéo lại bằng phim mới, voucher quay lại, thông báo cá nhân hóa",168,2,15.83,0.0
112037,Khách giá trị cao,0.1212,model,"Membership, ưu đãi đặc quyền, đặt vé sớm phim hot",78,3,23.88,0.6667
102632,Khách giá trị cao,0.1212,model,"Membership, ưu đãi đặc quyền, đặt vé sớm phim hot",46,3,8.25,0.0
136394,Khách lâu chưa quay lại,0.1212,model,"Kéo lại bằng phim mới, voucher quay lại, thông báo cá nhân hóa",182,2,15.71,1.0
183503,Khách lâu chưa quay lại,0.1212,model,"Kéo lại bằng phim mới, voucher quay lại, thông báo cá nhân hóa",178,2,15.59,1.0
182231,Khách giá trị cao,0.1212,model,"Membership, ưu đãi đặc quyền, đặt vé sớm phim hot",21,3,19.13,0.6667
162027,Khách nhạy khuyến mãi,0.1212,model,"Chuyển từ giảm giá trực tiếp sang tích điểm, voucher cá nhân hóa",3,2,50.43,0.5
189703,Khách lâu chưa quay lại,0.1212,model,"Kéo lại bằng phim mới, voucher quay lại, thông báo cá nhân hóa",165,2,8.12,0.0
123469,Khách nhạy khuyến mãi,0.1212,model,"Chuyển từ giảm giá trực tiếp sang tích điểm, voucher cá nhân hóa",70,2,8.42,0.5
189575,Khách thường xuyên,0.1212,model,"Duy trì, không cần giảm giá sâu",67,2,33.64,0.0
186615,Khách nhạy khuyến mãi,0.1212,model,"Chuyển từ giảm giá trực tiếp sang tích điểm, voucher cá nhân hóa",35,2,13.95,0.5
122750,Khách nhạy khuyến mãi,0.1211,model,"Chuyển từ giảm giá trực tiếp sang tích điểm, voucher cá nhân hóa",85,2,11.26,1.0
171270,Khách giá trị cao,0.1211,model,"Membership, ưu đãi đặc quyền, đặt vé sớm phim hot",98,3,16.05,0.6667
173736,Khách giá trị cao,0.1211,model,"Membership, ưu đãi đặc quyền, đặt vé sớm phim hot",132,3,13.9,0.3333
104982,Khách lâu chưa quay lại,0.1211,model,"Kéo lại bằng phim mới, voucher quay lại, thông báo cá nhân hóa",224,3,22.52,0.6667
163996,Khách thường xuyên,0.1211,model,"Duy trì, không cần giảm giá sâu",38,2,18.93,0.0
112045,Khách giá trị cao,0.1211,model,"Membership, ưu đãi đặc quyền, đặt vé sớm phim hot",8,3,17.53,0.3333
171565,Khách lâu chưa quay lại,0.1211,model,"Kéo lại bằng phim mới, voucher quay lại, thông báo cá nhân hóa",182,2,17.24,0.5
111502,Khách lâu chưa quay lại,0.1211,model,"Kéo lại bằng phim mới, voucher quay lại, thông báo cá nhân hóa",227,6,41.49,0.3333
179580,Khách lâu chưa quay lại,0.1211,model,"Kéo lại bằng phim mới, voucher quay lại, thông báo cá nhân hóa",127,2,13.36,0.5
211257,Khách lâu chưa quay lại,0.1211,model,"Kéo lại bằng phim mới, voucher quay lại, thông báo cá nhân hóa",162,2,14.8,0.0
213934,Khách nhạy khuyến mãi,0.1211,model,"Chuyển từ giảm giá trực tiếp sang tích điểm, voucher cá nhân hóa",51,2,4.71,0.5
108375,Khách thường xuyên,0.1211,model,"Duy trì, không cần giảm giá sâu",60,2,13.61,0.0
164742,Khách giá trị cao,0.1211,model,"Membership, ưu đãi đặc quyền, đặt vé sớm phim hot",23,3,21.4,1.0
178413,Khách giá trị cao,0.1211,model,"Membership, ưu đãi đặc quyền, đặt vé sớm phim hot",13,4,33.12,0.5
130765,Khách nhạy khuyến mãi,0.1211,model,"Chuyển từ giảm giá trực tiếp sang tích điểm, voucher cá nhân hóa",65,2,11.84,0.5
184308,Khách nhạy khuyến mãi,0.1211,model,"Chuyển từ giảm giá trực tiếp sang tích điểm, voucher cá nhân hóa",75,2,5.69,0.5
145149,Khách lâu chưa quay lại,0.1211,model,"Kéo lại bằng phim mới, voucher quay lại, thông báo cá nhân hóa",388,2,29.58,0.5
159197,Khách thường xuyên,0.1211,model,"Duy trì, không cần giảm giá sâu",57,2,16.7,0.0
133509,Khách nhạy khuyến mãi,0.1211,model,"Chuyển từ giảm giá trực tiếp sang tích điểm, voucher cá nhân hóa",58,2,13.69,0.5
174242,Khách thường xuyên,0.121,model,"Duy trì, không cần giảm giá sâu",90,2,6.6,0.0
195082,Khách nhạy khuyến mãi,0.121,model,"Chuyển từ giảm giá trực tiếp sang tích điểm, voucher cá nhân hóa",48,2,22.48,0.5
123176,Khách giá trị cao,0.121,model,"Membership, ưu đãi đặc quyền, đặt vé sớm phim hot",64,3,26.85,1.0
122423,Khách thường xuyên,0.121,model,"Duy trì, không cần giảm giá sâu",58,2,23.01,0.0
162674,Khách nhạy khuyến mãi,0.121,model,"Chuyển từ giảm giá trực tiếp sang tích điểm, voucher cá nhân hóa",43,2,5.7,0.5
195834,Khách lâu chưa quay lại,0.121,model,"Kéo lại bằng phim mới, voucher quay lại, thông báo cá nhân hóa",94,2,13.2,0.0
105760,Khách thường xuyên,0.121,model,"Duy trì, không cần giảm giá sâu",8,2,26.97,0.0
155373,Khách giá trị cao,0.121,model,"Membership, ưu đãi đặc quyền, đặt vé sớm phim hot",22,4,27.56,0.75
103391,Khách giá trị cao,0.121,model,"Membership, ưu đãi đặc quyền, đặt vé sớm phim hot",14,3,33.53,0.3333
115789,Khách giá trị cao,0.121,model,"Membership, ưu đãi đặc quyền, đặt vé sớm phim hot",148,3,43.84,0.0
190000,Khách nhạy khuyến mãi,0.1209,model,"Chuyển từ giảm giá trực tiếp sang tích điểm, voucher cá nhân hóa",41,2,9.12,0.5
106468,Khách giá trị cao,0.1209,model,"Membership, ưu đãi đặc quyền, đặt vé sớm phim hot",138,5,34.51,0.2
173970,Khách nhạy khuyến mãi,0.1209,model,"Chuyển từ giảm giá trực tiếp sang tích điểm, voucher cá nhân hóa",68,2,5.28,0.5
228807,Khách nhạy khuyến mãi,0.1209,model,"Chuyển từ giảm giá trực tiếp sang tích điểm, voucher cá nhân hóa",45,2,20.33,1.0
205573,Khách giá trị cao,0.1209,model,"Membership, ưu đãi đặc quyền, đặt vé sớm phim hot",175,3,24.77,1.0
196187,Khách giá trị cao,0.1209,model,"Membership, ưu đãi đặc quyền, đặt vé sớm phim hot",36,3,18.85,0.6667
134022,Khách mua một lần (mới),0.1209,model,Tặng coupon cho lần mua thứ hai trong vòng 7–14 ngày,6,1,6.68,1.0
215317,Khách nhạy khuyến mãi,0.1209,model,"Chuyển từ giảm giá trực tiếp sang tích điểm, voucher cá nhân hóa",64,2,10.07,1.0
213413,Khách nhạy khuyến mãi,0.1209,model,"Chuyển từ giảm giá trực tiếp sang tích điểm, voucher cá nhân hóa",30,2,10.44,1.0
143986,Khách giá trị cao,0.1209,model,"Membership, ưu đãi đặc quyền, đặt vé sớm phim hot",113,3,32.63,1.0
220263,Khách lâu chưa quay lại,0.1209,model,"Kéo lại bằng phim mới, voucher quay lại, thông báo cá nhân hóa",108,2,35.76,0.0
105990,Khách nhạy khuyến mãi,0.1209,model,"Chuyển từ giảm giá trực tiếp sang tích điểm, voucher cá nhân hóa",23,2,19.05,0.5
158659,Khách nhạy khuyến mãi,0.1209,model,"Chuyển từ giảm giá trực tiếp sang tích điểm, voucher cá nhân hóa",64,2,11.96,1.0
210600,Khách thường xuyên,0.1208,model,"Duy trì, không cần giảm giá sâu",87,2,23.01,0.0
187673,Khách nhạy khuyến mãi,0.1208,model,"Chuyển từ giảm giá trực tiếp sang tích điểm, voucher cá nhân hóa",49,2,5.74,0.5
202772,Khách giá trị cao,0.1208,model,"Membership, ưu đãi đặc quyền, đặt vé sớm phim hot",105,3,28.0,0.3333
157524,Khách lâu chưa quay lại,0.1208,model,"Kéo lại bằng phim mới, voucher quay lại, thông báo cá nhân hóa",118,2,9.07,0.0
225396,Khách lâu chưa quay lại,0.1208,model,"Kéo lại bằng phim mới, voucher quay lại, thông báo cá nhân hóa",234,17,66.83,1.0
151756,Khách thường xuyên,0.1208,model,"Duy trì, không cần giảm giá sâu",89,2,36.71,0.0
186019,Khách thường xuyên,0.1208,model,"Duy trì, không cần giảm giá sâu",66,2,37.2,0.0
129724,Khách giá trị cao,0.1208,model,"Membership, ưu đãi đặc quyền, đặt vé sớm phim hot",135,3,23.14,1.0
150908,Khách thường xuyên,0.1208,model,"Duy trì, không cần giảm giá sâu",62,1,8.38,0.0
157179,Khách giá trị cao,0.1208,model,"Membership, ưu đãi đặc quyền, đặt vé sớm phim hot",28,3,23.58,0.6667
138135,Khách thường xuyên,0.1207,model,"Duy trì, không cần giảm giá sâu",42,2,28.88,0.0
149197,Khách nhạy khuyến mãi,0.1207,model,"Chuyển từ giảm giá trực tiếp sang tích điểm, voucher cá nhân hóa",85,2,10.03,0.5
143780,Khách lâu chưa quay lại,0.1207,model,"Kéo lại bằng phim mới, voucher quay lại, thông báo cá nhân hóa",1060,3,21.11,0.0
199851,Khách nhạy khuyến mãi,0.1207,model,"Chuyển từ giảm giá trực tiếp sang tích điểm, voucher cá nhân hóa",66,2,12.71,1.0
131059,Khách lâu chưa quay lại,0.1207,model,"Kéo lại bằng phim mới, voucher quay lại, thông báo cá nhân hóa",134,2,14.19,0.5
222394,Khách nhạy khuyến mãi,0.1207,model,"Chuyển từ giảm giá trực tiếp sang tích điểm, voucher cá nhân hóa",38,2,8.62,0.5
124085,Khách giá trị cao,0.1207,model,"Membership, ưu đãi đặc quyền, đặt vé sớm phim hot",86,4,20.49,0.5
124827,Khách giá trị cao,0.1207,model,"Membership, ưu đãi đặc quyền, đặt vé sớm phim hot",129,3,24.96,0.0
187101,Khách mua một lần (mới),0.1207,model,Tặng coupon cho lần mua thứ hai trong vòng 7–14 ngày,30,1,11.92,0.0
130306,Khách nhạy khuyến mãi,0.1207,model,"Chuyển từ giảm giá trực tiếp sang tích điểm, voucher cá nhân hóa",23,2,12.33,0.5
102380,Khách nhạy khuyến mãi,0.1207,model,"Chuyển từ giảm giá trực tiếp sang tích điểm, voucher cá nhân hóa",76,2,6.11,1.0
204944,Khách lâu chưa quay lại,0.1207,model,"Kéo lại bằng phim mới, voucher quay lại, thông báo cá nhân hóa",106,2,13.15,0.5
158090,Khách nhạy khuyến mãi,0.1207,model,"Chuyển từ giảm giá trực tiếp sang tích điểm, voucher cá nhân hóa",28,2,24.04,0.5
155103,Khách lâu chưa quay lại,0.1207,model,"Kéo lại bằng phim mới, voucher quay lại, thông báo cá nhân hóa",135,2,18.72,0.5
179597,Khách lâu chưa quay lại,0.1207,model,"Kéo lại bằng phim mới, voucher quay lại, thông báo cá nhân hóa",171,2,8.66,0.5
103198,Khách lâu chưa quay lại,0.1207,model,"Kéo lại bằng phim mới, voucher quay lại, thông báo cá nhân hóa",176,2,9.08,0.5
112734,Khách lâu chưa quay lại,0.1207,model,"Kéo lại bằng phim mới, voucher quay lại, thông báo cá nhân hóa",91,2,6.11,1.0
215242,Khách lâu chưa quay lại,0.1207,model,"Kéo lại bằng phim mới, voucher quay lại, thông báo cá nhân hóa",99,2,6.11,1.0
145364,Khách lâu chưa quay lại,0.1207,model,"Kéo lại bằng phim mới, voucher quay lại, thông báo cá nhân hóa",92,2,6.11,1.0
131860,Khách nhạy khuyến mãi,0.1206,model,"Chuyển từ giảm giá trực tiếp sang tích điểm, voucher cá nhân hóa",50,2,10.72,0.5
180522,Khách lâu chưa quay lại,0.1206,model,"Kéo lại bằng phim mới, voucher quay lại, thông báo cá nhân hóa",99,2,20.33,0.5
223693,Khách lâu chưa quay lại,0.1206,model,"Kéo lại bằng phim mới, voucher quay lại, thông báo cá nhân hóa",159,2,7.59,0.0
154603,Khách lâu chưa quay lại,0.1206,model,"Kéo lại bằng phim mới, voucher quay lại, thông báo cá nhân hóa",150,2,13.98,0.0
173575,Khách lâu chưa quay lại,0.1206,model,"Kéo lại bằng phim mới, voucher quay lại, thông báo cá nhân hóa",286,3,14.1,0.3333
144162,Khách nhạy khuyến mãi,0.1206,model,"Chuyển từ giảm giá trực tiếp sang tích điểm, voucher cá nhân hóa",8,2,17.4,0.5
122222,Khách giá trị cao,0.1206,model,"Membership, ưu đãi đặc quyền, đặt vé sớm phim hot",109,3,42.36,0.6667
101892,Khách lâu chưa quay lại,0.1206,model,"Kéo lại bằng phim mới, voucher quay lại, thông báo cá nhân hóa",356,4,26.04,1.0
163825,Khách giá trị cao,0.1206,model,"Membership, ưu đãi đặc quyền, đặt vé sớm phim hot",154,4,39.22,1.0
104344,Khách nhạy khuyến mãi,0.1206,model,"Chuyển từ giảm giá trực tiếp sang tích điểm, voucher cá nhân hóa",63,2,21.27,0.5
145703,Khách lâu chưa quay lại,0.1205,model,"Kéo lại bằng phim mới, voucher quay lại, thông báo cá nhân hóa",232,3,27.95,0.3333
151581,Khách nhạy khuyến mãi,0.1205,model,"Chuyển từ giảm giá trực tiếp sang tích điểm, voucher cá nhân hóa",68,2,15.17,1.0
107277,Khách nhạy khuyến mãi,0.1205,model,"Chuyển từ giảm giá trực tiếp sang tích điểm, voucher cá nhân hóa",11,2,14.15,1.0
215417,Khách lâu chưa quay lại,0.1205,model,"Kéo lại bằng phim mới, voucher quay lại, thông báo cá nhân hóa",97,2,17.61,1.0
107104,Khách lâu chưa quay lại,0.1205,model,"Kéo lại bằng phim mới, voucher quay lại, thông báo cá nhân hóa",233,3,30.43,1.0
151226,Khách lâu chưa quay lại,0.1205,model,"Kéo lại bằng phim mới, voucher quay lại, thông báo cá nhân hóa",92,2,14.39,0.0
174676,Khách lâu chưa quay lại,0.1205,model,"Kéo lại bằng phim mới, voucher quay lại, thông báo cá nhân hóa",120,2,9.41,1.0
165668,Khách nhạy khuyến mãi,0.1205,model,"Chuyển từ giảm giá trực tiếp sang tích điểm, voucher cá nhân hóa",23,2,5.7,1.0
218960,Khách nhạy khuyến mãi,0.1205,model,"Chuyển từ giảm giá trực tiếp sang tích điểm, voucher cá nhân hóa",72,2,15.88,0.5
130403,Khách nhạy khuyến mãi,0.1205,model,"Chuyển từ giảm giá trực tiếp sang tích điểm, voucher cá nhân hóa",65,2,5.7,1.0
136957,Khách giá trị cao,0.1205,model,"Membership, ưu đãi đặc quyền, đặt vé sớm phim hot",169,3,32.63,0.6667
103867,Khách nhạy khuyến mãi,0.1205,model,"Chuyển từ giảm giá trực tiếp sang tích điểm, voucher cá nhân hóa",2,2,36.2,0.5
183186,Khách lâu chưa quay lại,0.1205,model,"Kéo lại bằng phim mới, voucher quay lại, thông báo cá nhân hóa",133,2,16.0,0.5
133506,Khách lâu chưa quay lại,0.1205,model,"Kéo lại bằng phim mới, voucher quay lại, thông báo cá nhân hóa",147,2,16.0,0.5
114615,Khách lâu chưa quay lại,0.1205,model,"Kéo lại bằng phim mới, voucher quay lại, thông báo cá nhân hóa",161,2,16.0,0.5
184004,Khách lâu chưa quay lại,0.1205,model,"Kéo lại bằng phim mới, voucher quay lại, thông báo cá nhân hóa",126,2,17.48,0.0
162753,Khách nhạy khuyến mãi,0.1205,model,"Chuyển từ giảm giá trực tiếp sang tích điểm, voucher cá nhân hóa",43,2,8.71,1.0
119392,Khách giá trị cao,0.1205,model,"Membership, ưu đãi đặc quyền, đặt vé sớm phim hot",105,3,27.38,0.0
151136,Khách nhạy khuyến mãi,0.1205,model,"Chuyển từ giảm giá trực tiếp sang tích điểm, voucher cá nhân hóa",38,2,22.43,0.5
133583,Khách lâu chưa quay lại,0.1205,model,"Kéo lại bằng phim mới, voucher quay lại, thông báo cá nhân hóa",172,2,13.28,0.5
185097,Khách lâu chưa quay lại,0.1204,model,"Kéo lại bằng phim mới, voucher quay lại, thông báo cá nhân hóa",98,2,17.07,1.0
178237,Khách giá trị cao,0.1204,model,"Membership, ưu đãi đặc quyền, đặt vé sớm phim hot",70,3,37.37,0.3333
183324,Khách nhạy khuyến mãi,0.1204,model,"Chuyển từ giảm giá trực tiếp sang tích điểm, voucher cá nhân hóa",58,2,13.78,0.5
112928,Khách nhạy khuyến mãi,0.1204,model,"Chuyển từ giảm giá trực tiếp sang tích điểm, voucher cá nhân hóa",6,2,36.54,0.5
135738,Khách giá trị cao,0.1204,model,"Membership, ưu đãi đặc quyền, đặt vé sớm phim hot",135,4,34.59,0.25
101739,Khách lâu chưa quay lại,0.1204,model,"Kéo lại bằng phim mới, voucher quay lại, thông báo cá nhân hóa",306,2,20.24,0.5
188298,Khách nhạy khuyến mãi,0.1204,model,"Chuyển từ giảm giá trực tiếp sang tích điểm, voucher cá nhân hóa",64,2,14.85,0.5
141258,Khách thường xuyên,0.1204,model,"Duy trì, không cần giảm giá sâu",44,2,20.3,0.0
215592,Khách nhạy khuyến mãi,0.1204,model,"Chuyển từ giảm giá trực tiếp sang tích điểm, voucher cá nhân hóa",10,2,22.89,0.5
120694,Khách lâu chưa quay lại,0.1204,model,"Kéo lại bằng phim mới, voucher quay lại, thông báo cá nhân hóa",259,2,25.87,1.0
181872,Khách giá trị cao,0.1204,model,"Membership, ưu đãi đặc quyền, đặt vé sớm phim hot",56,3,30.51,0.6667
183417,Khách nhạy khuyến mãi,0.1204,model,"Chuyển từ giảm giá trực tiếp sang tích điểm, voucher cá nhân hóa",64,2,21.99,0.5
113311,Khách nhạy khuyến mãi,0.1204,model,"Chuyển từ giảm giá trực tiếp sang tích điểm, voucher cá nhân hóa",89,2,7.18,0.5
227307,Khách nhạy khuyến mãi,0.1204,model,"Chuyển từ giảm giá trực tiếp sang tích điểm, voucher cá nhân hóa",79,2,7.18,0.5
102963,Khách giá trị cao,0.1204,model,"Membership, ưu đãi đặc quyền, đặt vé sớm phim hot",45,4,59.18,0.25
201960,Khách nhạy khuyến mãi,0.1203,model,"Chuyển từ giảm giá trực tiếp sang tích điểm, voucher cá nhân hóa",11,2,8.01,1.0
149462,Khách lâu chưa quay lại,0.1203,model,"Kéo lại bằng phim mới, voucher quay lại, thông báo cá nhân hóa",154,2,8.01,0.5
112725,Khách lâu chưa quay lại,0.1203,model,"Kéo lại bằng phim mới, voucher quay lại, thông báo cá nhân hóa",136,2,18.32,0.5
122749,Khách lâu chưa quay lại,0.1203,model,"Kéo lại bằng phim mới, voucher quay lại, thông báo cá nhân hóa",91,2,13.03,0.5
144711,Khách nhạy khuyến mãi,0.1203,model,"Chuyển từ giảm giá trực tiếp sang tích điểm, voucher cá nhân hóa",42,2,18.93,0.5
143350,Khách nhạy khuyến mãi,0.1203,model,"Chuyển từ giảm giá trực tiếp sang tích điểm, voucher cá nhân hóa",10,2,12.38,1.0
194575,Khách nhạy khuyến mãi,0.1203,model,"Chuyển từ giảm giá trực tiếp sang tích điểm, voucher cá nhân hóa",22,2,11.67,0.5
111792,Khách nhạy khuyến mãi,0.1203,model,"Chuyển từ giảm giá trực tiếp sang tích điểm, voucher cá nhân hóa",15,2,11.67,0.5
111162,Khách nhạy khuyến mãi,0.1203,model,"Chuyển từ giảm giá trực tiếp sang tích điểm, voucher cá nhân hóa",2,2,6.52,1.0
216225,Khách giá trị cao,0.1203,model,"Membership, ưu đãi đặc quyền, đặt vé sớm phim hot",138,3,39.26,0.6667
158602,Khách thường xuyên,0.1203,model,"Duy trì, không cần giảm giá sâu",26,2,8.25,0.0
119823,Khách lâu chưa quay lại,0.1203,model,"Kéo lại bằng phim mới, voucher quay lại, thông báo cá nhân hóa",163,1,12.75,1.0
230308,Khách nhạy khuyến mãi,0.1203,model,"Chuyển từ giảm giá trực tiếp sang tích điểm, voucher cá nhân hóa",3,2,6.31,0.5
152834,Khách nhạy khuyến mãi,0.1202,model,"Chuyển từ giảm giá trực tiếp sang tích điểm, voucher cá nhân hóa",84,2,15.18,0.5
114323,Khách nhạy khuyến mãi,0.1202,model,"Chuyển từ giảm giá trực tiếp sang tích điểm, voucher cá nhân hóa",85,2,14.52,0.5
111013,Khách lâu chưa quay lại,0.1202,model,"Kéo lại bằng phim mới, voucher quay lại, thông báo cá nhân hóa",161,2,14.35,0.5
189823,Khách lâu chưa quay lại,0.1202,model,"Kéo lại bằng phim mới, voucher quay lại, thông báo cá nhân hóa",185,2,10.64,0.5
212316,Khách nhạy khuyến mãi,0.1202,model,"Chuyển từ giảm giá trực tiếp sang tích điểm, voucher cá nhân hóa",42,2,14.19,1.0
206389,Khách nhạy khuyến mãi,0.1202,model,"Chuyển từ giảm giá trực tiếp sang tích điểm, voucher cá nhân hóa",87,2,14.1,0.5
168312,Khách nhạy khuyến mãi,0.1202,model,"Chuyển từ giảm giá trực tiếp sang tích điểm, voucher cá nhân hóa",42,2,13.69,1.0
167741,Khách nhạy khuyến mãi,0.1202,model,"Chuyển từ giảm giá trực tiếp sang tích điểm, voucher cá nhân hóa",9,2,16.41,0.5
133103,Khách nhạy khuyến mãi,0.1202,model,"Chuyển từ giảm giá trực tiếp sang tích điểm, voucher cá nhân hóa",5,2,19.45,0.5
210505,Khách nhạy khuyến mãi,0.1202,model,"Chuyển từ giảm giá trực tiếp sang tích điểm, voucher cá nhân hóa",68,2,15.96,0.5
149282,Khách giá trị cao,0.1202,model,"Membership, ưu đãi đặc quyền, đặt vé sớm phim hot",168,3,24.45,0.6667
101392,Khách mua một lần (mới),0.1202,model,Tặng coupon cho lần mua thứ hai trong vòng 7–14 ngày,14,1,15.34,0.0
153063,Khách nhạy khuyến mãi,0.1201,model,"Chuyển từ giảm giá trực tiếp sang tích điểm, voucher cá nhân hóa",13,2,5.98,0.5
138737,Khách thường xuyên,0.1201,model,"Duy trì, không cần giảm giá sâu",54,2,22.68,0.0
178510,Khách nhạy khuyến mãi,0.1201,model,"Chuyển từ giảm giá trực tiếp sang tích điểm, voucher cá nhân hóa",29,2,21.78,0.5
105463,Khách lâu chưa quay lại,0.1201,model,"Kéo lại bằng phim mới, voucher quay lại, thông báo cá nhân hóa",252,3,30.51,1.0
207926,Khách lâu chưa quay lại,0.1201,model,"Kéo lại bằng phim mới, voucher quay lại, thông báo cá nhân hóa",103,2,6.11,0.0
103939,Khách giá trị cao,0.1201,model,"Membership, ưu đãi đặc quyền, đặt vé sớm phim hot",169,4,29.25,0.0
191910,Khách nhạy khuyến mãi,0.1201,model,"Chuyển từ giảm giá trực tiếp sang tích điểm, voucher cá nhân hóa",27,2,21.37,0.5
155660,Khách giá trị cao,0.1201,model,"Membership, ưu đãi đặc quyền, đặt vé sớm phim hot",101,6,51.41,1.0
148123,Khách giá trị cao,0.1201,model,"Membership, ưu đãi đặc quyền, đặt vé sớm phim hot",91,3,31.29,0.6667
110485,Khách lâu chưa quay lại,0.1201,model,"Kéo lại bằng phim mới, voucher quay lại, thông báo cá nhân hóa",265,3,18.9,1.0
116678,Khách giá trị cao,0.1201,model,"Membership, ưu đãi đặc quyền, đặt vé sớm phim hot",49,3,31.02,0.6667
116048,Khách lâu chưa quay lại,0.1201,model,"Kéo lại bằng phim mới, voucher quay lại, thông báo cá nhân hóa",106,2,16.94,1.0
223871,Khách nhạy khuyến mãi,0.12,model,"Chuyển từ giảm giá trực tiếp sang tích điểm, voucher cá nhân hóa",67,2,14.1,1.0
118404,Khách nhạy khuyến mãi,0.12,model,"Chuyển từ giảm giá trực tiếp sang tích điểm, voucher cá nhân hóa",85,2,14.1,1.0
145190,Khách lâu chưa quay lại,0.12,model,"Kéo lại bằng phim mới, voucher quay lại, thông báo cá nhân hóa",229,4,50.23,0.25
214429,Khách nhạy khuyến mãi,0.12,model,"Chuyển từ giảm giá trực tiếp sang tích điểm, voucher cá nhân hóa",14,2,5.69,0.5
174544,Khách nhạy khuyến mãi,0.12,model,"Chuyển từ giảm giá trực tiếp sang tích điểm, voucher cá nhân hóa",75,2,15.1,1.0
100936,Khách lâu chưa quay lại,0.12,model,"Kéo lại bằng phim mới, voucher quay lại, thông báo cá nhân hóa",106,2,19.13,0.0
115741,Khách lâu chưa quay lại,0.12,model,"Kéo lại bằng phim mới, voucher quay lại, thông báo cá nhân hóa",636,4,24.33,0.0
206911,Khách nhạy khuyến mãi,0.12,model,"Chuyển từ giảm giá trực tiếp sang tích điểm, voucher cá nhân hóa",3,2,17.64,0.5
215432,Khách nhạy khuyến mãi,0.12,model,"Chuyển từ giảm giá trực tiếp sang tích điểm, voucher cá nhân hóa",45,2,24.17,0.5
205264,Khách lâu chưa quay lại,0.12,model,"Kéo lại bằng phim mới, voucher quay lại, thông báo cá nhân hóa",124,2,6.11,0.0
180229,Khách nhạy khuyến mãi,0.12,model,"Chuyển từ giảm giá trực tiếp sang tích điểm, voucher cá nhân hóa",8,2,14.68,1.0
177067,Khách nhạy khuyến mãi,0.12,model,"Chuyển từ giảm giá trực tiếp sang tích điểm, voucher cá nhân hóa",38,2,6.11,0.5
144568,Khách lâu chưa quay lại,0.12,model,"Kéo lại bằng phim mới, voucher quay lại, thông báo cá nhân hóa",91,2,29.0,0.0
109152,Khách giá trị cao,0.12,model,"Membership, ưu đãi đặc quyền, đặt vé sớm phim hot",45,3,21.53,0.6667
125440,Khách nhạy khuyến mãi,0.1199,model,"Chuyển từ giảm giá trực tiếp sang tích điểm, voucher cá nhân hóa",64,2,11.9,0.5
133073,Khách nhạy khuyến mãi,0.1199,model,"Chuyển từ giảm giá trực tiếp sang tích điểm, voucher cá nhân hóa",87,2,14.6,0.5
199678,Khách nhạy khuyến mãi,0.1199,model,"Chuyển từ giảm giá trực tiếp sang tích điểm, voucher cá nhân hóa",85,2,14.27,0.5
185707,Khách nhạy khuyến mãi,0.1199,model,"Chuyển từ giảm giá trực tiếp sang tích điểm, voucher cá nhân hóa",6,2,15.84,0.5
212551,Khách lâu chưa quay lại,0.1199,model,"Kéo lại bằng phim mới, voucher quay lại, thông báo cá nhân hóa",138,2,15.92,0.0
222248,Khách nhạy khuyến mãi,0.1199,model,"Chuyển từ giảm giá trực tiếp sang tích điểm, voucher cá nhân hóa",13,2,13.69,1.0
210969,Khách lâu chưa quay lại,0.1199,model,"Kéo lại bằng phim mới, voucher quay lại, thông báo cá nhân hóa",133,2,6.11,0.5
122006,Khách nhạy khuyến mãi,0.1199,model,"Chuyển từ giảm giá trực tiếp sang tích điểm, voucher cá nhân hóa",2,2,19.51,0.5
140077,Khách giá trị cao,0.1198,model,"Membership, ưu đãi đặc quyền, đặt vé sớm phim hot",173,4,28.79,0.5
167317,Khách nhạy khuyến mãi,0.1198,model,"Chuyển từ giảm giá trực tiếp sang tích điểm, voucher cá nhân hóa",58,2,12.66,1.0
106434,Khách giá trị cao,0.1198,model,"Membership, ưu đãi đặc quyền, đặt vé sớm phim hot",170,3,25.61,0.6667
206573,Khách mua một lần (mới),0.1198,model,Tặng coupon cho lần mua thứ hai trong vòng 7–14 ngày,2,1,12.08,0.0
211156,Khách lâu chưa quay lại,0.1198,model,"Kéo lại bằng phim mới, voucher quay lại, thông báo cá nhân hóa",93,2,11.26,1.0
145407,Khách lâu chưa quay lại,0.1198,model,"Kéo lại bằng phim mới, voucher quay lại, thông báo cá nhân hóa",105,2,11.26,1.0
107857,Khách giá trị cao,0.1198,model,"Membership, ưu đãi đặc quyền, đặt vé sớm phim hot",65,3,18.85,0.6667
102842,Khách giá trị cao,0.1198,model,"Membership, ưu đãi đặc quyền, đặt vé sớm phim hot",7,3,19.26,1.0
164783,Khách nhạy khuyến mãi,0.1198,model,"Chuyển từ giảm giá trực tiếp sang tích điểm, voucher cá nhân hóa",43,2,5.7,1.0
144962,Khách nhạy khuyến mãi,0.1198,model,"Chuyển từ giảm giá trực tiếp sang tích điểm, voucher cá nhân hóa",86,2,14.1,1.0
107536,Khách nhạy khuyến mãi,0.1198,model,"Chuyển từ giảm giá trực tiếp sang tích điểm, voucher cá nhân hóa",35,2,12.0,0.5
176652,Khách nhạy khuyến mãi,0.1198,model,"Chuyển từ giảm giá trực tiếp sang tích điểm, voucher cá nhân hóa",55,2,6.07,0.5
202974,Khách giá trị cao,0.1198,model,"Membership, ưu đãi đặc quyền, đặt vé sớm phim hot",8,3,36.87,0.6667
102968,Khách lâu chưa quay lại,0.1197,model,"Kéo lại bằng phim mới, voucher quay lại, thông báo cá nhân hóa",94,2,14.1,1.0
194635,Khách thường xuyên,0.1197,model,"Duy trì, không cần giảm giá sâu",77,2,22.32,0.0
125245,Khách giá trị cao,0.1197,model,"Membership, ưu đãi đặc quyền, đặt vé sớm phim hot",70,3,27.06,0.3333
110086,Khách nhạy khuyến mãi,0.1197,model,"Chuyển từ giảm giá trực tiếp sang tích điểm, voucher cá nhân hóa",9,2,8.42,0.5
207491,Khách lâu chưa quay lại,0.1197,model,"Kéo lại bằng phim mới, voucher quay lại, thông báo cá nhân hóa",91,2,23.25,0.5
132613,Khách lâu chưa quay lại,0.1197,model,"Kéo lại bằng phim mới, voucher quay lại, thông báo cá nhân hóa",296,5,35.85,1.0
103029,Khách lâu chưa quay lại,0.1197,model,"Kéo lại bằng phim mới, voucher quay lại, thông báo cá nhân hóa",736,5,59.67,0.2
140179,Khách nhạy khuyến mãi,0.1197,model,"Chuyển từ giảm giá trực tiếp sang tích điểm, voucher cá nhân hóa",8,2,12.7,0.5
102761,Khách nhạy khuyến mãi,0.1196,model,"Chuyển từ giảm giá trực tiếp sang tích điểm, voucher cá nhân hóa",66,2,15.58,1.0
216250,Khách lâu chưa quay lại,0.1196,model,"Kéo lại bằng phim mới, voucher quay lại, thông báo cá nhân hóa",142,2,6.11,0.0
160643,Khách giá trị cao,0.1196,model,"Membership, ưu đãi đặc quyền, đặt vé sớm phim hot",91,3,43.87,1.0
204902,Khách lâu chưa quay lại,0.1196,model,"Kéo lại bằng phim mới, voucher quay lại, thông báo cá nhân hóa",92,2,49.42,0.0
104007,Khách lâu chưa quay lại,0.1196,model,"Kéo lại bằng phim mới, voucher quay lại, thông báo cá nhân hóa",91,2,13.08,0.5
180939,Khách lâu chưa quay lại,0.1196,model,"Kéo lại bằng phim mới, voucher quay lại, thông báo cá nhân hóa",98,2,13.16,0.0
138175,Khách giá trị cao,0.1196,model,"Membership, ưu đãi đặc quyền, đặt vé sớm phim hot",47,5,17.66,1.0
110562,Khách thường xuyên,0.1196,model,"Duy trì, không cần giảm giá sâu",10,2,32.14,0.0
116448,Khách lâu chưa quay lại,0.1196,model,"Kéo lại bằng phim mới, voucher quay lại, thông báo cá nhân hóa",91,2,18.31,0.0
152416,Khách thường xuyên,0.1196,model,"Duy trì, không cần giảm giá sâu",50,2,8.66,0.0
119787,Khách nhạy khuyến mãi,0.1196,model,"Chuyển từ giảm giá trực tiếp sang tích điểm, voucher cá nhân hóa",82,2,5.7,0.5
149023,Khách lâu chưa quay lại,0.1196,model,"Kéo lại bằng phim mới, voucher quay lại, thông báo cá nhân hóa",246,2,16.41,1.0
140273,Khách lâu chưa quay lại,0.1196,model,"Kéo lại bằng phim mới, voucher quay lại, thông báo cá nhân hóa",185,2,9.4,0.5
172602,Khách lâu chưa quay lại,0.1196,model,"Kéo lại bằng phim mới, voucher quay lại, thông báo cá nhân hóa",352,3,24.12,0.6667
109889,Khách giá trị cao,0.1195,model,"Membership, ưu đãi đặc quyền, đặt vé sớm phim hot",12,3,22.19,1.0
199067,Khách nhạy khuyến mãi,0.1195,model,"Chuyển từ giảm giá trực tiếp sang tích điểm, voucher cá nhân hóa",41,2,15.88,1.0
120223,Khách lâu chưa quay lại,0.1195,model,"Kéo lại bằng phim mới, voucher quay lại, thông báo cá nhân hóa",166,2,10.34,0.0
121482,Khách lâu chưa quay lại,0.1195,model,"Kéo lại bằng phim mới, voucher quay lại, thông báo cá nhân hóa",105,2,29.27,0.5
108850,Khách lâu chưa quay lại,0.1195,model,"Kéo lại bằng phim mới, voucher quay lại, thông báo cá nhân hóa",147,2,11.26,1.0
211057,Khách thường xuyên,0.1195,model,"Duy trì, không cần giảm giá sâu",82,2,16.17,0.0
116878,Khách lâu chưa quay lại,0.1195,model,"Kéo lại bằng phim mới, voucher quay lại, thông báo cá nhân hóa",218,2,17.37,1.0
139035,Khách thường xuyên,0.1195,model,"Duy trì, không cần giảm giá sâu",36,1,10.31,0.0
103656,Khách giá trị cao,0.1195,model,"Membership, ưu đãi đặc quyền, đặt vé sớm phim hot",164,3,28.12,0.3333
154153,Khách lâu chưa quay lại,0.1195,model,"Kéo lại bằng phim mới, voucher quay lại, thông báo cá nhân hóa",162,2,30.07,0.5
150443,Khách lâu chưa quay lại,0.1195,model,"Kéo lại bằng phim mới, voucher quay lại, thông báo cá nhân hóa",91,2,17.6,0.5
119166,Khách nhạy khuyến mãi,0.1195,model,"Chuyển từ giảm giá trực tiếp sang tích điểm, voucher cá nhân hóa",1,2,13.11,1.0
150355,Khách nhạy khuyến mãi,0.1194,model,"Chuyển từ giảm giá trực tiếp sang tích điểm, voucher cá nhân hóa",79,2,15.38,0.5
137486,Khách thường xuyên,0.1194,model,"Duy trì, không cần giảm giá sâu",70,2,14.68,0.0
210059,Khách thường xuyên,0.1194,model,"Duy trì, không cần giảm giá sâu",68,2,14.97,0.0
225575,Khách lâu chưa quay lại,0.1194,model,"Kéo lại bằng phim mới, voucher quay lại, thông báo cá nhân hóa",172,2,8.58,0.5
188541,Khách lâu chưa quay lại,0.1194,model,"Kéo lại bằng phim mới, voucher quay lại, thông báo cá nhân hóa",153,2,14.84,0.0
201462,Khách lâu chưa quay lại,0.1194,model,"Kéo lại bằng phim mới, voucher quay lại, thông báo cá nhân hóa",166,2,15.38,0.0
220577,Khách nhạy khuyến mãi,0.1194,model,"Chuyển từ giảm giá trực tiếp sang tích điểm, voucher cá nhân hóa",86,2,11.47,0.5
129903,Khách nhạy khuyến mãi,0.1194,model,"Chuyển từ giảm giá trực tiếp sang tích điểm, voucher cá nhân hóa",42,2,18.19,0.5
180627,Khách nhạy khuyến mãi,0.1194,model,"Chuyển từ giảm giá trực tiếp sang tích điểm, voucher cá nhân hóa",44,2,18.27,0.5
136174,Khách thường xuyên,0.1194,model,"Duy trì, không cần giảm giá sâu",70,2,5.7,0.0
122904,Khách lâu chưa quay lại,0.1194,model,"Kéo lại bằng phim mới, voucher quay lại, thông báo cá nhân hóa",143,2,6.77,1.0
122783,Khách lâu chưa quay lại,0.1194,model,"Kéo lại bằng phim mới, voucher quay lại, thông báo cá nhân hóa",212,9,30.13,0.1111
111175,Khách nhạy khuyến mãi,0.1194,model,"Chuyển từ giảm giá trực tiếp sang tích điểm, voucher cá nhân hóa",7,2,13.57,0.5
121496,Khách lâu chưa quay lại,0.1193,model,"Kéo lại bằng phim mới, voucher quay lại, thông báo cá nhân hóa",374,3,24.08,1.0
134774,Khách nhạy khuyến mãi,0.1193,model,"Chuyển từ giảm giá trực tiếp sang tích điểm, voucher cá nhân hóa",90,2,10.64,0.5
187740,Khách nhạy khuyến mãi,0.1193,model,"Chuyển từ giảm giá trực tiếp sang tích điểm, voucher cá nhân hóa",9,2,25.86,0.5
105046,Khách nhạy khuyến mãi,0.1193,model,"Chuyển từ giảm giá trực tiếp sang tích điểm, voucher cá nhân hóa",6,2,24.71,0.5
156946,Khách lâu chưa quay lại,0.1193,model,"Kéo lại bằng phim mới, voucher quay lại, thông báo cá nhân hóa",216,4,40.79,0.0
194585,Khách nhạy khuyến mãi,0.1193,model,"Chuyển từ giảm giá trực tiếp sang tích điểm, voucher cá nhân hóa",10,2,8.82,1.0
125788,Khách lâu chưa quay lại,0.1193,model,"Kéo lại bằng phim mới, voucher quay lại, thông báo cá nhân hóa",113,2,14.72,0.5
136542,Khách lâu chưa quay lại,0.1193,model,"Kéo lại bằng phim mới, voucher quay lại, thông báo cá nhân hóa",640,2,15.63,0.0
113013,Khách lâu chưa quay lại,0.1193,model,"Kéo lại bằng phim mới, voucher quay lại, thông báo cá nhân hóa",233,4,20.44,0.5
133913,Khách nhạy khuyến mãi,0.1193,model,"Chuyển từ giảm giá trực tiếp sang tích điểm, voucher cá nhân hóa",3,2,9.77,1.0
137628,Khách nhạy khuyến mãi,0.1193,model,"Chuyển từ giảm giá trực tiếp sang tích điểm, voucher cá nhân hóa",55,2,7.8,0.5
185894,Khách lâu chưa quay lại,0.1193,model,"Kéo lại bằng phim mới, voucher quay lại, thông báo cá nhân hóa",173,2,14.81,0.5
203250,Khách nhạy khuyến mãi,0.1193,model,"Chuyển từ giảm giá trực tiếp sang tích điểm, voucher cá nhân hóa",46,2,36.86,0.5
219681,Khách lâu chưa quay lại,0.1193,model,"Kéo lại bằng phim mới, voucher quay lại, thông báo cá nhân hóa",177,2,15.56,0.0
155202,Khách nhạy khuyến mãi,0.1193,model,"Chuyển từ giảm giá trực tiếp sang tích điểm, voucher cá nhân hóa",65,2,17.94,0.5
154863,Khách nhạy khuyến mãi,0.1193,model,"Chuyển từ giảm giá trực tiếp sang tích điểm, voucher cá nhân hóa",8,2,21.19,0.5
125476,Khách giá trị cao,0.1193,model,"Membership, ưu đãi đặc quyền, đặt vé sớm phim hot",85,3,20.58,0.0
204592,Khách nhạy khuyến mãi,0.1193,model,"Chuyển từ giảm giá trực tiếp sang tích điểm, voucher cá nhân hóa",59,2,12.34,0.5
218640,Khách nhạy khuyến mãi,0.1193,model,"Chuyển từ giảm giá trực tiếp sang tích điểm, voucher cá nhân hóa",9,2,8.42,0.5
184690,Khách nhạy khuyến mãi,0.1193,model,"Chuyển từ giảm giá trực tiếp sang tích điểm, voucher cá nhân hóa",6,2,27.05,0.5
126722,Khách nhạy khuyến mãi,0.1193,model,"Chuyển từ giảm giá trực tiếp sang tích điểm, voucher cá nhân hóa",1,2,17.11,0.5
131082,Khách giá trị cao,0.1192,model,"Membership, ưu đãi đặc quyền, đặt vé sớm phim hot",153,3,31.75,0.0
141414,Khách nhạy khuyến mãi,0.1192,model,"Chuyển từ giảm giá trực tiếp sang tích điểm, voucher cá nhân hóa",78,2,14.11,1.0
225005,Khách lâu chưa quay lại,0.1192,model,"Kéo lại bằng phim mới, voucher quay lại, thông báo cá nhân hóa",133,2,14.1,1.0
101175,Khách nhạy khuyến mãi,0.1192,model,"Chuyển từ giảm giá trực tiếp sang tích điểm, voucher cá nhân hóa",87,2,14.81,0.5
101266,Khách nhạy khuyến mãi,0.1192,model,"Chuyển từ giảm giá trực tiếp sang tích điểm, voucher cá nhân hóa",43,2,14.19,1.0
125091,Khách lâu chưa quay lại,0.1192,model,"Kéo lại bằng phim mới, voucher quay lại, thông báo cá nhân hóa",127,2,16.25,0.0
190313,Khách nhạy khuyến mãi,0.1192,model,"Chuyển từ giảm giá trực tiếp sang tích điểm, voucher cá nhân hóa",44,2,11.67,0.5
130465,Khách nhạy khuyến mãi,0.1192,model,"Chuyển từ giảm giá trực tiếp sang tích điểm, voucher cá nhân hóa",56,2,16.0,1.0
114063,Khách giá trị cao,0.1192,model,"Membership, ưu đãi đặc quyền, đặt vé sớm phim hot",120,4,29.29,0.5
131963,Khách lâu chưa quay lại,0.1192,model,"Kéo lại bằng phim mới, voucher quay lại, thông báo cá nhân hóa",123,2,11.14,0.0
184194,Khách nhạy khuyến mãi,0.1191,model,"Chuyển từ giảm giá trực tiếp sang tích điểm, voucher cá nhân hóa",37,2,21.36,0.5
198365,Khách giá trị cao,0.1191,model,"Membership, ưu đãi đặc quyền, đặt vé sớm phim hot",47,3,19.26,1.0
119057,Khách lâu chưa quay lại,0.1191,model,"Kéo lại bằng phim mới, voucher quay lại, thông báo cá nhân hóa",302,3,18.72,1.0
101505,Khách lâu chưa quay lại,0.1191,model,"Kéo lại bằng phim mới, voucher quay lại, thông báo cá nhân hóa",236,4,34.43,0.0
140819,Khách lâu chưa quay lại,0.1191,model,"Kéo lại bằng phim mới, voucher quay lại, thông báo cá nhân hóa",137,2,5.94,0.5
195451,Khách nhạy khuyến mãi,0.1191,model,"Chuyển từ giảm giá trực tiếp sang tích điểm, voucher cá nhân hóa",46,2,14.19,0.5
142911,Khách lâu chưa quay lại,0.1191,model,"Kéo lại bằng phim mới, voucher quay lại, thông báo cá nhân hóa",205,2,31.51,0.0
145500,Khách giá trị cao,0.1191,model,"Membership, ưu đãi đặc quyền, đặt vé sớm phim hot",9,3,31.02,0.3333
159740,Khách lâu chưa quay lại,0.1191,model,"Kéo lại bằng phim mới, voucher quay lại, thông báo cá nhân hóa",93,2,11.26,1.0
184104,Khách nhạy khuyến mãi,0.1191,model,"Chuyển từ giảm giá trực tiếp sang tích điểm, voucher cá nhân hóa",86,2,14.1,1.0
137068,Khách lâu chưa quay lại,0.1191,model,"Kéo lại bằng phim mới, voucher quay lại, thông báo cá nhân hóa",224,4,22.55,0.5
149899,Khách lâu chưa quay lại,0.1191,model,"Kéo lại bằng phim mới, voucher quay lại, thông báo cá nhân hóa",182,2,13.94,0.5
194927,Khách lâu chưa quay lại,0.119,model,"Kéo lại bằng phim mới, voucher quay lại, thông báo cá nhân hóa",163,2,8.66,0.0
107383,Khách lâu chưa quay lại,0.119,model,"Kéo lại bằng phim mới, voucher quay lại, thông báo cá nhân hóa",182,5,26.14,0.6
143455,Khách lâu chưa quay lại,0.119,model,"Kéo lại bằng phim mới, voucher quay lại, thông báo cá nhân hóa",178,2,11.38,0.5
161677,Khách nhạy khuyến mãi,0.119,model,"Chuyển từ giảm giá trực tiếp sang tích điểm, voucher cá nhân hóa",44,2,23.55,0.5
106945,Khách lâu chưa quay lại,0.119,model,"Kéo lại bằng phim mới, voucher quay lại, thông báo cá nhân hóa",94,2,23.6,0.5
164492,Khách giá trị cao,0.119,model,"Membership, ưu đãi đặc quyền, đặt vé sớm phim hot",162,3,15.96,0.6667
221325,Khách nhạy khuyến mãi,0.119,model,"Chuyển từ giảm giá trực tiếp sang tích điểm, voucher cá nhân hóa",47,2,23.13,0.5
120517,Khách nhạy khuyến mãi,0.119,model,"Chuyển từ giảm giá trực tiếp sang tích điểm, voucher cá nhân hóa",44,2,12.82,0.5
180564,Khách nhạy khuyến mãi,0.119,model,"Chuyển từ giảm giá trực tiếp sang tích điểm, voucher cá nhân hóa",78,2,13.78,0.5
137785,Khách nhạy khuyến mãi,0.119,model,"Chuyển từ giảm giá trực tiếp sang tích điểm, voucher cá nhân hóa",6,2,17.7,0.5
220573,Khách nhạy khuyến mãi,0.119,model,"Chuyển từ giảm giá trực tiếp sang tích điểm, voucher cá nhân hóa",87,2,6.11,0.5
133017,Khách lâu chưa quay lại,0.119,model,"Kéo lại bằng phim mới, voucher quay lại, thông báo cá nhân hóa",98,2,6.11,0.5
134187,Khách lâu chưa quay lại,0.119,model,"Kéo lại bằng phim mới, voucher quay lại, thông báo cá nhân hóa",102,2,6.39,0.5
138456,Khách nhạy khuyến mãi,0.119,model,"Chuyển từ giảm giá trực tiếp sang tích điểm, voucher cá nhân hóa",81,2,5.94,0.5
105207,Khách lâu chưa quay lại,0.119,model,"Kéo lại bằng phim mới, voucher quay lại, thông báo cá nhân hóa",286,5,21.82,0.2
196679,Khách nhạy khuyến mãi,0.119,model,"Chuyển từ giảm giá trực tiếp sang tích điểm, voucher cá nhân hóa",68,2,15.48,1.0
196718,Khách thường xuyên,0.119,model,"Duy trì, không cần giảm giá sâu",0,2,14.11,0.0
104747,Khách lâu chưa quay lại,0.119,model,"Kéo lại bằng phim mới, voucher quay lại, thông báo cá nhân hóa",197,3,23.63,0.3333
133808,Khách lâu chưa quay lại,0.119,model,"Kéo lại bằng phim mới, voucher quay lại, thông báo cá nhân hóa",633,4,46.11,1.0
178925,Khách lâu chưa quay lại,0.119,model,"Kéo lại bằng phim mới, voucher quay lại, thông báo cá nhân hóa",157,2,8.74,0.5
100722,Khách lâu chưa quay lại,0.119,model,"Kéo lại bằng phim mới, voucher quay lại, thông báo cá nhân hóa",608,3,19.71,0.0
130786,Khách lâu chưa quay lại,0.119,model,"Kéo lại bằng phim mới, voucher quay lại, thông báo cá nhân hóa",185,3,32.61,0.6667
145854,Khách nhạy khuyến mãi,0.1189,model,"Chuyển từ giảm giá trực tiếp sang tích điểm, voucher cá nhân hóa",47,2,6.11,0.5
131968,Khách nhạy khuyến mãi,0.1189,model,"Chuyển từ giảm giá trực tiếp sang tích điểm, voucher cá nhân hóa",14,2,21.57,1.0
160505,Khách nhạy khuyến mãi,0.1189,model,"Chuyển từ giảm giá trực tiếp sang tích điểm, voucher cá nhân hóa",9,2,9.53,0.5
135659,Khách nhạy khuyến mãi,0.1189,model,"Chuyển từ giảm giá trực tiếp sang tích điểm, voucher cá nhân hóa",83,2,16.67,0.5
193215,Khách giá trị cao,0.1189,model,"Membership, ưu đãi đặc quyền, đặt vé sớm phim hot",33,3,20.47,1.0
170841,Khách nhạy khuyến mãi,0.1189,model,"Chuyển từ giảm giá trực tiếp sang tích điểm, voucher cá nhân hóa",39,2,9.83,0.5
185086,Khách thường xuyên,0.1189,model,"Duy trì, không cần giảm giá sâu",36,2,28.86,0.0
116515,Khách lâu chưa quay lại,0.1189,model,"Kéo lại bằng phim mới, voucher quay lại, thông báo cá nhân hóa",94,2,21.28,0.5
157946,Khách lâu chưa quay lại,0.1189,model,"Kéo lại bằng phim mới, voucher quay lại, thông báo cá nhân hóa",169,2,29.21,0.5
220243,Khách lâu chưa quay lại,0.1189,model,"Kéo lại bằng phim mới, voucher quay lại, thông báo cá nhân hóa",262,1,12.21,1.0
152583,Khách lâu chưa quay lại,0.1189,model,"Kéo lại bằng phim mới, voucher quay lại, thông báo cá nhân hóa",102,2,11.88,0.5
202143,Khách nhạy khuyến mãi,0.1189,model,"Chuyển từ giảm giá trực tiếp sang tích điểm, voucher cá nhân hóa",85,2,13.16,0.5
188148,Khách lâu chưa quay lại,0.1189,model,"Kéo lại bằng phim mới, voucher quay lại, thông báo cá nhân hóa",97,2,12.12,0.5
140079,Khách lâu chưa quay lại,0.1189,model,"Kéo lại bằng phim mới, voucher quay lại, thông báo cá nhân hóa",95,2,12.46,0.5
209706,Khách lâu chưa quay lại,0.1189,model,"Kéo lại bằng phim mới, voucher quay lại, thông báo cá nhân hóa",95,2,13.09,0.5
106828,Khách giá trị cao,0.1188,model,"Membership, ưu đãi đặc quyền, đặt vé sớm phim hot",155,3,23.54,0.6667
179522,Khách giá trị cao,0.1188,model,"Membership, ưu đãi đặc quyền, đặt vé sớm phim hot",149,3,23.35,0.6667
163003,Khách giá trị cao,0.1188,model,"Membership, ưu đãi đặc quyền, đặt vé sớm phim hot",37,3,18.52,0.3333
109687,Khách lâu chưa quay lại,0.1188,model,"Kéo lại bằng phim mới, voucher quay lại, thông báo cá nhân hóa",1341,1,13.61,0.0
109443,Khách nhạy khuyến mãi,0.1188,model,"Chuyển từ giảm giá trực tiếp sang tích điểm, voucher cá nhân hóa",65,2,59.47,0.5
141326,Khách lâu chưa quay lại,0.1188,model,"Kéo lại bằng phim mới, voucher quay lại, thông báo cá nhân hóa",170,2,19.14,0.5
219368,Khách lâu chưa quay lại,0.1188,model,"Kéo lại bằng phim mới, voucher quay lại, thông báo cá nhân hóa",267,2,17.24,0.5
130129,Khách lâu chưa quay lại,0.1188,model,"Kéo lại bằng phim mới, voucher quay lại, thông báo cá nhân hóa",272,2,17.19,0.5
102493,Khách lâu chưa quay lại,0.1188,model,"Kéo lại bằng phim mới, voucher quay lại, thông báo cá nhân hóa",197,2,17.2,0.5
150929,Khách thường xuyên,0.1188,model,"Duy trì, không cần giảm giá sâu",5,2,22.2,0.0
110983,Khách nhạy khuyến mãi,0.1188,model,"Chuyển từ giảm giá trực tiếp sang tích điểm, voucher cá nhân hóa",57,2,24.5,0.5
123717,Khách giá trị cao,0.1188,model,"Membership, ưu đãi đặc quyền, đặt vé sớm phim hot",65,3,17.6,0.3333
107513,Khách giá trị cao,0.1188,model,"Membership, ưu đãi đặc quyền, đặt vé sớm phim hot",92,3,23.33,0.6667
175397,Khách nhạy khuyến mãi,0.1188,model,"Chuyển từ giảm giá trực tiếp sang tích điểm, voucher cá nhân hóa",54,2,11.96,0.5
205014,Khách giá trị cao,0.1188,model,"Membership, ưu đãi đặc quyền, đặt vé sớm phim hot",14,3,29.44,0.6667
137946,Khách thường xuyên,0.1188,model,"Duy trì, không cần giảm giá sâu",81,1,9.61,0.0
146578,Khách nhạy khuyến mãi,0.1188,model,"Chuyển từ giảm giá trực tiếp sang tích điểm, voucher cá nhân hóa",86,2,13.9,1.0
