customer_id,segment,score,score_source,action,recency_days,frequency,monetary,promo_share
168132,Khách giá trị cao,0.7352,model,"Membership, ưu đãi đặc quyền, đặt vé sớm phim hot",80,18,48.14,0.0
105771,Khách giá trị cao,0.6637,model,"Membership, ưu đãi đặc quyền, đặt vé sớm phim hot",60,6,16.84,0.3333
153588,Khách giá trị cao,0.6568,model,"Membership, ưu đãi đặc quyền, đặt vé sớm phim hot",2,38,148.79,0.0
109473,Khách giá trị cao,0.5851,model,"Membership, ưu đãi đặc quyền, đặt vé sớm phim hot",43,4,54.68,0.0
117727,Khách nhạy khuyến mãi,0.5799,model,"Chuyển từ giảm giá trực tiếp sang tích điểm, voucher cá nhân hóa",51,2,13.03,1.0
100818,Khách giá trị cao,0.5797,model,"Membership, ưu đãi đặc quyền, đặt vé sớm phim hot",72,11,43.7,0.2727
101307,Khách giá trị cao,0.5621,model,"Membership, ưu đãi đặc quyền, đặt vé sớm phim hot",49,6,40.98,0.5
115829,Khách lâu chưa quay lại,0.5395,model,"Kéo lại bằng phim mới, voucher quay lại, thông báo cá nhân hóa",960,2,33.4,0.0
125583,Khách giá trị cao,0.5175,model,"Membership, ưu đãi đặc quyền, đặt vé sớm phim hot",7,11,34.35,0.0909
110963,Khách lâu chưa quay lại,0.5132,model,"Kéo lại bằng phim mới, voucher quay lại, thông báo cá nhân hóa",1005,2,33.4,0.0
110649,Khách giá trị cao,0.4796,model,"Membership, ưu đãi đặc quyền, đặt vé sớm phim hot",78,3,1.52,0.0
151627,Khách lâu chưa quay lại,0.4587,model,"Kéo lại bằng phim mới, voucher quay lại, thông báo cá nhân hóa",1037,4,27.59,0.25
118408,Khách giá trị cao,0.4485,model,"Membership, ưu đãi đặc quyền, đặt vé sớm phim hot",77,8,51.57,0.75
122783,Khách giá trị cao,0.4284,model,"Membership, ưu đãi đặc quyền, đặt vé sớm phim hot",15,7,23.87,0.0
119590,Khách lâu chưa quay lại,0.4181,model,"Kéo lại bằng phim mới, voucher quay lại, thông báo cá nhân hóa",452,9,65.54,0.5556
105234,Khách lâu chưa quay lại,0.409,model,"Kéo lại bằng phim mới, voucher quay lại, thông báo cá nhân hóa",362,6,37.32,0.1667
101540,Khách giá trị cao,0.4042,model,"Membership, ưu đãi đặc quyền, đặt vé sớm phim hot",62,7,47.34,0.2857
100014,Khách lâu chưa quay lại,0.3976,model,"Kéo lại bằng phim mới, voucher quay lại, thông báo cá nhân hóa",420,4,29.16,0.5
160202,Khách giá trị cao,0.395,model,"Membership, ưu đãi đặc quyền, đặt vé sớm phim hot",21,3,7.88,0.6667
102948,Khách giá trị cao,0.382,model,"Membership, ưu đãi đặc quyền, đặt vé sớm phim hot",1,92,409.28,0.0109
122093,Khách lâu chưa quay lại,0.3703,model,"Kéo lại bằng phim mới, voucher quay lại, thông báo cá nhân hóa",1075,1,3.09,0.0
117362,Khách giá trị cao,0.3688,model,"Membership, ưu đãi đặc quyền, đặt vé sớm phim hot",16,56,430.24,0.0357
121697,Khách lâu chưa quay lại,0.357,model,"Kéo lại bằng phim mới, voucher quay lại, thông báo cá nhân hóa",440,7,52.09,0.4286
108680,Khách giá trị cao,0.3294,model,"Membership, ưu đãi đặc quyền, đặt vé sớm phim hot",23,10,41.1,0.6
153124,Khách lâu chưa quay lại,0.3287,model,"Kéo lại bằng phim mới, voucher quay lại, thông báo cá nhân hóa",324,45,300.96,0.1333
150694,Khách lâu chưa quay lại,0.3245,model,"Kéo lại bằng phim mới, voucher quay lại, thông báo cá nhân hóa",351,2,33.36,0.0
164114,Khách giá trị cao,0.3231,model,"Membership, ưu đãi đặc quyền, đặt vé sớm phim hot",3,10,41.97,0.1
178578,Khách nhạy khuyến mãi,0.3203,model,"Chuyển từ giảm giá trực tiếp sang tích điểm, voucher cá nhân hóa",19,2,11.06,0.5
110483,Khách lâu chưa quay lại,0.3175,model,"Kéo lại bằng phim mới, voucher quay lại, thông báo cá nhân hóa",360,20,70.71,0.0
131542,Khách lâu chưa quay lại,0.3172,model,"Kéo lại bằng phim mới, voucher quay lại, thông báo cá nhân hóa",434,5,34.69,0.6
111478,Khách giá trị cao,0.3107,model,"Membership, ưu đãi đặc quyền, đặt vé sớm phim hot",1,3,40.5,0.0
114376,Khách nhạy khuyến mãi,0.3074,model,"Chuyển từ giảm giá trực tiếp sang tích điểm, voucher cá nhân hóa",52,2,8.42,0.5
134511,Khách lâu chưa quay lại,0.3034,model,"Kéo lại bằng phim mới, voucher quay lại, thông báo cá nhân hóa",365,4,3.89,0.25
117889,Khách lâu chưa quay lại,0.3024,model,"Kéo lại bằng phim mới, voucher quay lại, thông báo cá nhân hóa",470,5,35.51,0.8
141911,Khách giá trị cao,0.299,model,"Membership, ưu đãi đặc quyền, đặt vé sớm phim hot",68,4,14.64,0.0
101445,Khách nhạy khuyến mãi,0.2989,model,"Chuyển từ giảm giá trực tiếp sang tích điểm, voucher cá nhân hóa",74,2,13.03,1.0
113523,Khách lâu chưa quay lại,0.2945,model,"Kéo lại bằng phim mới, voucher quay lại, thông báo cá nhân hóa",456,7,44.87,1.0
100885,Khách giá trị cao,0.2942,model,"Membership, ưu đãi đặc quyền, đặt vé sớm phim hot",24,3,39.55,0.0
113016,Khách lâu chưa quay lại,0.2888,model,"Kéo lại bằng phim mới, voucher quay lại, thông báo cá nhân hóa",409,4,33.72,0.25
112709,Khách lâu chưa quay lại,0.286,model,"Kéo lại bằng phim mới, voucher quay lại, thông báo cá nhân hóa",744,2,13.02,1.0
115205,Khách lâu chưa quay lại,0.2825,model,"Kéo lại bằng phim mới, voucher quay lại, thông báo cá nhân hóa",1109,1,2.89,0.0
119814,Khách lâu chưa quay lại,0.2825,model,"Kéo lại bằng phim mới, voucher quay lại, thông báo cá nhân hóa",1108,1,2.89,0.0
114287,Khách lâu chưa quay lại,0.2825,model,"Kéo lại bằng phim mới, voucher quay lại, thông báo cá nhân hóa",1134,1,2.89,0.0
101393,Khách lâu chưa quay lại,0.2825,model,"Kéo lại bằng phim mới, voucher quay lại, thông báo cá nhân hóa",1125,1,2.89,0.0
136600,Khách lâu chưa quay lại,0.2825,model,"Kéo lại bằng phim mới, voucher quay lại, thông báo cá nhân hóa",1074,1,2.89,0.0
148195,Khách lâu chưa quay lại,0.2825,model,"Kéo lại bằng phim mới, voucher quay lại, thông báo cá nhân hóa",1159,1,2.89,0.0
103932,Khách lâu chưa quay lại,0.2825,model,"Kéo lại bằng phim mới, voucher quay lại, thông báo cá nhân hóa",1119,1,2.89,0.0
139268,Khách lâu chưa quay lại,0.2825,model,"Kéo lại bằng phim mới, voucher quay lại, thông báo cá nhân hóa",1113,1,2.89,0.0
147259,Khách lâu chưa quay lại,0.2825,model,"Kéo lại bằng phim mới, voucher quay lại, thông báo cá nhân hóa",1149,1,2.89,0.0
117909,Khách lâu chưa quay lại,0.2825,model,"Kéo lại bằng phim mới, voucher quay lại, thông báo cá nhân hóa",1114,1,2.89,0.0
111644,Khách giá trị cao,0.2813,model,"Membership, ưu đãi đặc quyền, đặt vé sớm phim hot",1,33,187.2,0.2121
110781,Khách lâu chưa quay lại,0.2788,model,"Kéo lại bằng phim mới, voucher quay lại, thông báo cá nhân hóa",487,5,48.5,0.2
108162,Khách giá trị cao,0.2772,model,"Membership, ưu đãi đặc quyền, đặt vé sớm phim hot",12,41,256.29,0.0244
101664,Khách lâu chưa quay lại,0.276,model,"Kéo lại bằng phim mới, voucher quay lại, thông báo cá nhân hóa",344,3,38.76,0.0
134429,Khách giá trị cao,0.2748,model,"Membership, ưu đãi đặc quyền, đặt vé sớm phim hot",19,7,49.41,0.7143
126353,Khách lâu chưa quay lại,0.2695,model,"Kéo lại bằng phim mới, voucher quay lại, thông báo cá nhân hóa",917,1,9.77,1.0
177516,Khách lâu chưa quay lại,0.2676,model,"Kéo lại bằng phim mới, voucher quay lại, thông báo cá nhân hóa",312,6,3.29,0.0
102772,Khách lâu chưa quay lại,0.2668,model,"Kéo lại bằng phim mới, voucher quay lại, thông báo cá nhân hóa",442,4,13.04,1.0
142409,Khách lâu chưa quay lại,0.2666,model,"Kéo lại bằng phim mới, voucher quay lại, thông báo cá nhân hóa",1096,1,2.89,0.0
135483,Khách lâu chưa quay lại,0.2666,model,"Kéo lại bằng phim mới, voucher quay lại, thông báo cá nhân hóa",1113,1,2.89,0.0
120620,Khách lâu chưa quay lại,0.2666,model,"Kéo lại bằng phim mới, voucher quay lại, thông báo cá nhân hóa",1124,1,2.89,0.0
142856,Khách lâu chưa quay lại,0.2666,model,"Kéo lại bằng phim mới, voucher quay lại, thông báo cá nhân hóa",1143,1,2.89,0.0
132413,Khách lâu chưa quay lại,0.2637,model,"Kéo lại bằng phim mới, voucher quay lại, thông báo cá nhân hóa",912,1,9.77,1.0
111359,Khách lâu chưa quay lại,0.2633,model,"Kéo lại bằng phim mới, voucher quay lại, thông báo cá nhân hóa",364,3,41.12,0.3333
136108,Khách giá trị cao,0.2633,model,"Membership, ưu đãi đặc quyền, đặt vé sớm phim hot",78,4,52.98,0.0
117830,Khách lâu chưa quay lại,0.2557,model,"Kéo lại bằng phim mới, voucher quay lại, thông báo cá nhân hóa",1016,4,67.56,0.25
103847,Khách giá trị cao,0.2536,model,"Membership, ưu đãi đặc quyền, đặt vé sớm phim hot",15,4,26.5,0.5
117140,Khách lâu chưa quay lại,0.2516,model,"Kéo lại bằng phim mới, voucher quay lại, thông báo cá nhân hóa",338,23,94.11,0.2174
102508,Khách lâu chưa quay lại,0.2507,model,"Kéo lại bằng phim mới, voucher quay lại, thông báo cá nhân hóa",314,17,141.16,0.0
104519,Khách lâu chưa quay lại,0.2456,model,"Kéo lại bằng phim mới, voucher quay lại, thông báo cá nhân hóa",428,6,40.98,0.3333
134182,Khách lâu chưa quay lại,0.2455,model,"Kéo lại bằng phim mới, voucher quay lại, thông báo cá nhân hóa",437,4,37.24,0.0
169091,Khách lâu chưa quay lại,0.2452,model,"Kéo lại bằng phim mới, voucher quay lại, thông báo cá nhân hóa",344,3,19.54,1.0
131905,Khách lâu chưa quay lại,0.2447,model,"Kéo lại bằng phim mới, voucher quay lại, thông báo cá nhân hóa",430,16,90.78,0.0
136595,Khách lâu chưa quay lại,0.2405,model,"Kéo lại bằng phim mới, voucher quay lại, thông báo cá nhân hóa",438,4,22.19,0.25
129014,Khách giá trị cao,0.2403,model,"Membership, ưu đãi đặc quyền, đặt vé sớm phim hot",21,6,37.47,1.0
115422,Khách lâu chưa quay lại,0.2384,model,"Kéo lại bằng phim mới, voucher quay lại, thông báo cá nhân hóa",364,3,9.4,0.3333
108631,Khách lâu chưa quay lại,0.2383,model,"Kéo lại bằng phim mới, voucher quay lại, thông báo cá nhân hóa",1047,5,36.62,0.0
115149,Khách lâu chưa quay lại,0.238,model,"Kéo lại bằng phim mới, voucher quay lại, thông báo cá nhân hóa",948,4,27.43,0.0
121815,Khách giá trị cao,0.2359,model,"Membership, ưu đãi đặc quyền, đặt vé sớm phim hot",1,11,68.56,0.6364
100125,Khách lâu chưa quay lại,0.2358,model,"Kéo lại bằng phim mới, voucher quay lại, thông báo cá nhân hóa",496,5,34.15,0.2
105970,Khách giá trị cao,0.2352,model,"Membership, ưu đãi đặc quyền, đặt vé sớm phim hot",23,18,97.29,0.3889
195462,Khách lâu chưa quay lại,0.2352,model,"Kéo lại bằng phim mới, voucher quay lại, thông báo cá nhân hóa",342,10,42.93,0.0
143226,Khách lâu chưa quay lại,0.2342,model,"Kéo lại bằng phim mới, voucher quay lại, thông báo cá nhân hóa",491,2,13.02,1.0
104343,Khách lâu chưa quay lại,0.2333,model,"Kéo lại bằng phim mới, voucher quay lại, thông báo cá nhân hóa",1089,1,3.09,0.0
153763,Khách nhạy khuyến mãi,0.2333,model,"Chuyển từ giảm giá trực tiếp sang tích điểm, voucher cá nhân hóa",16,2,12.78,0.5
154121,Khách lâu chưa quay lại,0.2321,model,"Kéo lại bằng phim mới, voucher quay lại, thông báo cá nhân hóa",1106,1,2.88,1.0
107105,Khách lâu chưa quay lại,0.2313,model,"Kéo lại bằng phim mới, voucher quay lại, thông báo cá nhân hóa",1045,1,2.89,0.0
125418,Khách nhạy khuyến mãi,0.2306,model,"Chuyển từ giảm giá trực tiếp sang tích điểm, voucher cá nhân hóa",17,2,7.38,0.5
116388,Khách lâu chưa quay lại,0.2295,model,"Kéo lại bằng phim mới, voucher quay lại, thông báo cá nhân hóa",344,7,20.58,0.2857
143312,Khách nhạy khuyến mãi,0.229,model,"Chuyển từ giảm giá trực tiếp sang tích điểm, voucher cá nhân hóa",6,2,7.8,0.5
128915,Khách lâu chưa quay lại,0.2288,model,"Kéo lại bằng phim mới, voucher quay lại, thông báo cá nhân hóa",322,9,78.57,0.3333
223589,Khách thường xuyên,0.2278,model,"Duy trì, không cần giảm giá sâu",4,2,13.28,0.0
142924,Khách lâu chưa quay lại,0.2256,model,"Kéo lại bằng phim mới, voucher quay lại, thông báo cá nhân hóa",1156,1,2.89,1.0
132108,Khách lâu chưa quay lại,0.2217,model,"Kéo lại bằng phim mới, voucher quay lại, thông báo cá nhân hóa",325,4,67.29,0.25
154425,Khách lâu chưa quay lại,0.2205,model,"Kéo lại bằng phim mới, voucher quay lại, thông báo cá nhân hóa",955,2,33.77,0.0
101698,Khách lâu chưa quay lại,0.2173,model,"Kéo lại bằng phim mới, voucher quay lại, thông báo cá nhân hóa",511,4,34.04,0.5
126995,Khách lâu chưa quay lại,0.2172,model,"Kéo lại bằng phim mới, voucher quay lại, thông báo cá nhân hóa",361,8,108.13,0.125
113123,Khách nhạy khuyến mãi,0.2171,model,"Chuyển từ giảm giá trực tiếp sang tích điểm, voucher cá nhân hóa",78,2,13.03,1.0
102037,Khách nhạy khuyến mãi,0.2165,model,"Chuyển từ giảm giá trực tiếp sang tích điểm, voucher cá nhân hóa",79,2,13.02,1.0
103436,Khách lâu chưa quay lại,0.2152,model,"Kéo lại bằng phim mới, voucher quay lại, thông báo cá nhân hóa",331,2,13.04,1.0
112512,Khách nhạy khuyến mãi,0.2135,model,"Chuyển từ giảm giá trực tiếp sang tích điểm, voucher cá nhân hóa",25,2,12.2,1.0
107273,Khách nhạy khuyến mãi,0.2131,model,"Chuyển từ giảm giá trực tiếp sang tích điểm, voucher cá nhân hóa",79,2,13.03,1.0
119234,Khách lâu chưa quay lại,0.2128,model,"Kéo lại bằng phim mới, voucher quay lại, thông báo cá nhân hóa",322,2,16.3,1.0
116928,Khách giá trị cao,0.2121,model,"Membership, ưu đãi đặc quyền, đặt vé sớm phim hot",15,4,42.15,0.5
114205,Khách giá trị cao,0.21,model,"Membership, ưu đãi đặc quyền, đặt vé sớm phim hot",24,27,153.24,0.2593
117580,Khách giá trị cao,0.2092,model,"Membership, ưu đãi đặc quyền, đặt vé sớm phim hot",14,5,43.22,0.2
102039,Khách lâu chưa quay lại,0.2091,model,"Kéo lại bằng phim mới, voucher quay lại, thông báo cá nhân hóa",413,5,32.46,0.2
120080,Khách giá trị cao,0.2075,model,"Membership, ưu đãi đặc quyền, đặt vé sớm phim hot",64,5,53.98,0.2
164015,Khách lâu chưa quay lại,0.2058,model,"Kéo lại bằng phim mới, voucher quay lại, thông báo cá nhân hóa",906,1,9.77,1.0
102512,Khách thường xuyên,0.2047,model,"Duy trì, không cần giảm giá sâu",42,2,30.11,0.0
126859,Khách giá trị cao,0.2027,model,"Membership, ưu đãi đặc quyền, đặt vé sớm phim hot",19,3,12.86,0.6667
133631,Khách lâu chưa quay lại,0.2013,model,"Kéo lại bằng phim mới, voucher quay lại, thông báo cá nhân hóa",848,1,9.77,1.0
119284,Khách lâu chưa quay lại,0.1987,model,"Kéo lại bằng phim mới, voucher quay lại, thông báo cá nhân hóa",307,3,38.72,0.0
206849,Khách lâu chưa quay lại,0.1982,model,"Kéo lại bằng phim mới, voucher quay lại, thông báo cá nhân hóa",324,2,16.3,1.0
142603,Khách giá trị cao,0.1976,model,"Membership, ưu đãi đặc quyền, đặt vé sớm phim hot",35,4,32.85,0.5
103569,Khách nhạy khuyến mãi,0.1974,model,"Chuyển từ giảm giá trực tiếp sang tích điểm, voucher cá nhân hóa",0,2,9.37,1.0
107893,Khách lâu chưa quay lại,0.1968,model,"Kéo lại bằng phim mới, voucher quay lại, thông báo cá nhân hóa",1096,1,3.09,0.0
128016,Khách lâu chưa quay lại,0.1968,model,"Kéo lại bằng phim mới, voucher quay lại, thông báo cá nhân hóa",1120,1,3.09,0.0
100245,Khách lâu chưa quay lại,0.1968,model,"Kéo lại bằng phim mới, voucher quay lại, thông báo cá nhân hóa",1075,1,3.09,0.0
100910,Khách lâu chưa quay lại,0.1968,model,"Kéo lại bằng phim mới, voucher quay lại, thông báo cá nhân hóa",1084,1,3.09,0.0
136016,Khách lâu chưa quay lại,0.1968,model,"Kéo lại bằng phim mới, voucher quay lại, thông báo cá nhân hóa",1090,1,3.09,0.0
115749,Khách lâu chưa quay lại,0.1968,model,"Kéo lại bằng phim mới, voucher quay lại, thông báo cá nhân hóa",1082,1,3.09,0.0
118349,Khách giá trị cao,0.1967,model,"Membership, ưu đãi đặc quyền, đặt vé sớm phim hot",3,35,166.7,0.0286
136977,Khách lâu chưa quay lại,0.1963,model,"Kéo lại bằng phim mới, voucher quay lại, thông báo cá nhân hóa",861,3,19.21,0.6667
114279,Khách lâu chưa quay lại,0.1948,model,"Kéo lại bằng phim mới, voucher quay lại, thông báo cá nhân hóa",874,1,9.77,1.0
189516,Khách lâu chưa quay lại,0.1939,model,"Kéo lại bằng phim mới, voucher quay lại, thông báo cá nhân hóa",330,4,42.35,1.0
147498,Khách giá trị cao,0.1934,model,"Membership, ưu đãi đặc quyền, đặt vé sớm phim hot",77,3,9.94,0.3333
101667,Khách nhạy khuyến mãi,0.1933,model,"Chuyển từ giảm giá trực tiếp sang tích điểm, voucher cá nhân hóa",78,2,13.04,1.0
145632,Khách lâu chưa quay lại,0.1929,model,"Kéo lại bằng phim mới, voucher quay lại, thông báo cá nhân hóa",875,4,39.42,0.5
129668,Khách lâu chưa quay lại,0.1927,model,"Kéo lại bằng phim mới, voucher quay lại, thông báo cá nhân hóa",343,2,9.77,1.0
104328,Khách giá trị cao,0.1927,model,"Membership, ưu đãi đặc quyền, đặt vé sớm phim hot",56,5,15.88,1.0
118119,Khách lâu chưa quay lại,0.191,model,"Kéo lại bằng phim mới, voucher quay lại, thông báo cá nhân hóa",731,2,7.09,0.5
146563,Khách nhạy khuyến mãi,0.1908,model,"Chuyển từ giảm giá trực tiếp sang tích điểm, voucher cá nhân hóa",16,2,12.21,1.0
125470,Khách lâu chưa quay lại,0.1906,model,"Kéo lại bằng phim mới, voucher quay lại, thông báo cá nhân hóa",883,5,37.74,0.6
126131,Khách giá trị cao,0.1897,model,"Membership, ưu đãi đặc quyền, đặt vé sớm phim hot",25,5,40.53,0.4
125801,Khách nhạy khuyến mãi,0.1891,model,"Chuyển từ giảm giá trực tiếp sang tích điểm, voucher cá nhân hóa",74,2,6.11,0.5
108110,Khách lâu chưa quay lại,0.1888,model,"Kéo lại bằng phim mới, voucher quay lại, thông báo cá nhân hóa",361,22,94.09,0.0
158089,Khách giá trị cao,0.1883,model,"Membership, ưu đãi đặc quyền, đặt vé sớm phim hot",20,50,239.12,0.02
140693,Khách giá trị cao,0.1883,model,"Membership, ưu đãi đặc quyền, đặt vé sớm phim hot",17,4,37.33,0.5
158845,Khách lâu chưa quay lại,0.1879,model,"Kéo lại bằng phim mới, voucher quay lại, thông báo cá nhân hóa",1057,1,3.09,1.0
119468,Khách lâu chưa quay lại,0.1877,model,"Kéo lại bằng phim mới, voucher quay lại, thông báo cá nhân hóa",518,1,6.51,1.0
182634,Khách nhạy khuyến mãi,0.1873,model,"Chuyển từ giảm giá trực tiếp sang tích điểm, voucher cá nhân hóa",23,2,9.36,1.0
109277,Khách giá trị cao,0.1871,model,"Membership, ưu đãi đặc quyền, đặt vé sớm phim hot",102,4,30.27,0.75
120653,Khách lâu chưa quay lại,0.187,model,"Kéo lại bằng phim mới, voucher quay lại, thông báo cá nhân hóa",466,4,31.54,0.0
128772,Khách giá trị cao,0.1851,model,"Membership, ưu đãi đặc quyền, đặt vé sớm phim hot",18,8,54.63,0.25
127373,Khách lâu chưa quay lại,0.1842,model,"Kéo lại bằng phim mới, voucher quay lại, thông báo cá nhân hóa",363,5,50.06,0.0
106556,Khách lâu chưa quay lại,0.1833,model,"Kéo lại bằng phim mới, voucher quay lại, thông báo cá nhân hóa",363,10,54.85,0.3
160795,Khách lâu chưa quay lại,0.1833,model,"Kéo lại bằng phim mới, voucher quay lại, thông báo cá nhân hóa",601,2,33.41,0.0
148204,Khách lâu chưa quay lại,0.1832,model,"Kéo lại bằng phim mới, voucher quay lại, thông báo cá nhân hóa",443,6,31.97,0.5
106389,Khách giá trị cao,0.1829,model,"Membership, ưu đãi đặc quyền, đặt vé sớm phim hot",77,4,25.07,0.5
116060,Khách lâu chưa quay lại,0.1822,model,"Kéo lại bằng phim mới, voucher quay lại, thông báo cá nhân hóa",427,4,32.45,0.5
185825,Khách nhạy khuyến mãi,0.1819,model,"Chuyển từ giảm giá trực tiếp sang tích điểm, voucher cá nhân hóa",26,2,8.95,1.0
126060,Khách lâu chưa quay lại,0.1819,model,"Kéo lại bằng phim mới, voucher quay lại, thông báo cá nhân hóa",343,4,53.65,0.75
145834,Khách lâu chưa quay lại,0.1818,model,"Kéo lại bằng phim mới, voucher quay lại, thông báo cá nhân hóa",496,5,25.85,0.4
146335,Khách lâu chưa quay lại,0.1815,model,"Kéo lại bằng phim mới, voucher quay lại, thông báo cá nhân hóa",880,9,58.76,0.0
139646,Khách giá trị cao,0.1799,model,"Membership, ưu đãi đặc quyền, đặt vé sớm phim hot",0,4,27.01,1.0
103347,Khách giá trị cao,0.1792,model,"Membership, ưu đãi đặc quyền, đặt vé sớm phim hot",16,19,75.13,0.1579
149288,Khách lâu chưa quay lại,0.1787,model,"Kéo lại bằng phim mới, voucher quay lại, thông báo cá nhân hóa",316,2,13.03,1.0
114954,Khách lâu chưa quay lại,0.1785,model,"Kéo lại bằng phim mới, voucher quay lại, thông báo cá nhân hóa",363,2,32.58,0.0
144865,Khách lâu chưa quay lại,0.1778,model,"Kéo lại bằng phim mới, voucher quay lại, thông báo cá nhân hóa",884,1,9.77,1.0
116368,Khách lâu chưa quay lại,0.1769,model,"Kéo lại bằng phim mới, voucher quay lại, thông báo cá nhân hóa",337,2,13.02,1.0
100205,Khách lâu chưa quay lại,0.176,model,"Kéo lại bằng phim mới, voucher quay lại, thông báo cá nhân hóa",451,8,76.45,0.375
179204,Khách thường xuyên,0.1748,model,"Duy trì, không cần giảm giá sâu",17,2,5.16,0.0
139162,Khách lâu chưa quay lại,0.1745,model,"Kéo lại bằng phim mới, voucher quay lại, thông báo cá nhân hóa",361,4,36.17,0.25
169547,Khách lâu chưa quay lại,0.1737,model,"Kéo lại bằng phim mới, voucher quay lại, thông báo cá nhân hóa",351,2,9.78,1.0
115770,Khách lâu chưa quay lại,0.1726,model,"Kéo lại bằng phim mới, voucher quay lại, thông báo cá nhân hóa",314,18,92.66,0.1111
165626,Khách giá trị cao,0.1716,model,"Membership, ưu đãi đặc quyền, đặt vé sớm phim hot",20,4,28.05,0.0
120139,Khách lâu chưa quay lại,0.1713,model,"Kéo lại bằng phim mới, voucher quay lại, thông báo cá nhân hóa",1039,3,40.41,0.0
157192,Khách lâu chưa quay lại,0.1713,model,"Kéo lại bằng phim mới, voucher quay lại, thông báo cá nhân hóa",595,5,39.39,0.4
135473,Khách lâu chưa quay lại,0.1712,model,"Kéo lại bằng phim mới, voucher quay lại, thông báo cá nhân hóa",461,4,22.55,0.25
100710,Khách lâu chưa quay lại,0.1709,model,"Kéo lại bằng phim mới, voucher quay lại, thông báo cá nhân hóa",435,4,25.64,0.0
101752,Khách lâu chưa quay lại,0.1708,model,"Kéo lại bằng phim mới, voucher quay lại, thông báo cá nhân hóa",343,2,13.02,1.0
107896,Khách lâu chưa quay lại,0.1708,model,"Kéo lại bằng phim mới, voucher quay lại, thông báo cá nhân hóa",330,2,13.02,1.0
111540,Khách lâu chưa quay lại,0.1707,model,"Kéo lại bằng phim mới, voucher quay lại, thông báo cá nhân hóa",1116,2,12.78,0.5
147891,Khách lâu chưa quay lại,0.1698,model,"Kéo lại bằng phim mới, voucher quay lại, thông báo cá nhân hóa",428,3,27.6,0.3333
182609,Khách nhạy khuyến mãi,0.1697,model,"Chuyển từ giảm giá trực tiếp sang tích điểm, voucher cá nhân hóa",79,2,14.77,1.0
181661,Khách lâu chưa quay lại,0.1695,model,"Kéo lại bằng phim mới, voucher quay lại, thông báo cá nhân hóa",330,2,13.03,1.0
128678,Khách thường xuyên,0.1689,model,"Duy trì, không cần giảm giá sâu",69,2,7.29,0.0
101920,Khách lâu chưa quay lại,0.1688,model,"Kéo lại bằng phim mới, voucher quay lại, thông báo cá nhân hóa",343,5,36.33,0.4
107060,Khách lâu chưa quay lại,0.1687,model,"Kéo lại bằng phim mới, voucher quay lại, thông báo cá nhân hóa",446,4,34.88,0.5
179605,Khách giá trị cao,0.1685,model,"Membership, ưu đãi đặc quyền, đặt vé sớm phim hot",82,3,16.75,0.3333
101676,Khách giá trị cao,0.168,model,"Membership, ưu đãi đặc quyền, đặt vé sớm phim hot",26,4,28.29,0.0
100990,Khách lâu chưa quay lại,0.1678,model,"Kéo lại bằng phim mới, voucher quay lại, thông báo cá nhân hóa",366,4,36.71,0.0
100146,Khách giá trị cao,0.1676,model,"Membership, ưu đãi đặc quyền, đặt vé sớm phim hot",16,3,15.88,1.0
131472,Khách lâu chưa quay lại,0.1676,model,"Kéo lại bằng phim mới, voucher quay lại, thông báo cá nhân hóa",1105,1,3.09,0.0
127401,Khách lâu chưa quay lại,0.1676,model,"Kéo lại bằng phim mới, voucher quay lại, thông báo cá nhân hóa",1159,1,3.09,0.0
132760,Khách lâu chưa quay lại,0.1676,model,"Kéo lại bằng phim mới, voucher quay lại, thông báo cá nhân hóa",1138,1,3.09,0.0
132974,Khách lâu chưa quay lại,0.1676,model,"Kéo lại bằng phim mới, voucher quay lại, thông báo cá nhân hóa",1145,1,3.09,0.0
104293,Khách lâu chưa quay lại,0.1673,model,"Kéo lại bằng phim mới, voucher quay lại, thông báo cá nhân hóa",356,4,27.25,0.25
107172,Khách lâu chưa quay lại,0.1672,model,"Kéo lại bằng phim mới, voucher quay lại, thông báo cá nhân hóa",1015,4,38.2,0.5
130554,Khách nhạy khuyến mãi,0.1671,model,"Chuyển từ giảm giá trực tiếp sang tích điểm, voucher cá nhân hóa",22,2,8.95,1.0
188586,Khách nhạy khuyến mãi,0.1669,model,"Chuyển từ giảm giá trực tiếp sang tích điểm, voucher cá nhân hóa",74,1,3.26,1.0
163152,Khách nhạy khuyến mãi,0.1669,model,"Chuyển từ giảm giá trực tiếp sang tích điểm, voucher cá nhân hóa",78,1,3.26,1.0
199565,Khách nhạy khuyến mãi,0.1669,model,"Chuyển từ giảm giá trực tiếp sang tích điểm, voucher cá nhân hóa",68,1,3.26,1.0
168161,Khách giá trị cao,0.1668,model,"Membership, ưu đãi đặc quyền, đặt vé sớm phim hot",16,4,18.52,0.5
103519,Khách giá trị cao,0.1663,model,"Membership, ưu đãi đặc quyền, đặt vé sớm phim hot",24,12,72.41,0.4167
119845,Khách lâu chưa quay lại,0.1661,model,"Kéo lại bằng phim mới, voucher quay lại, thông báo cá nhân hóa",443,2,6.97,0.5
134929,Khách giá trị cao,0.1655,model,"Membership, ưu đãi đặc quyền, đặt vé sớm phim hot",1,4,28.75,0.5
102233,Khách lâu chưa quay lại,0.1652,model,"Kéo lại bằng phim mới, voucher quay lại, thông báo cá nhân hóa",365,3,69.29,0.0
102050,Khách lâu chưa quay lại,0.1647,model,"Kéo lại bằng phim mới, voucher quay lại, thông báo cá nhân hóa",354,4,27.21,0.0
114896,Khách lâu chưa quay lại,0.1647,model,"Kéo lại bằng phim mới, voucher quay lại, thông báo cá nhân hóa",369,7,76.34,0.4286
100605,Khách lâu chưa quay lại,0.1641,model,"Kéo lại bằng phim mới, voucher quay lại, thông báo cá nhân hóa",372,7,36.62,0.1429
135332,Khách giá trị cao,0.1639,model,"Membership, ưu đãi đặc quyền, đặt vé sớm phim hot",20,5,48.32,0.2
115613,Khách lâu chưa quay lại,0.1636,model,"Kéo lại bằng phim mới, voucher quay lại, thông báo cá nhân hóa",1123,1,47.84,0.0
112655,Khách lâu chưa quay lại,0.1631,model,"Kéo lại bằng phim mới, voucher quay lại, thông báo cá nhân hóa",349,4,11.35,1.0
122212,Khách lâu chưa quay lại,0.1628,model,"Kéo lại bằng phim mới, voucher quay lại, thông báo cá nhân hóa",899,3,38.98,0.6667
154621,Khách lâu chưa quay lại,0.1622,model,"Kéo lại bằng phim mới, voucher quay lại, thông báo cá nhân hóa",358,3,27.88,0.0
137177,Khách nhạy khuyến mãi,0.1617,model,"Chuyển từ giảm giá trực tiếp sang tích điểm, voucher cá nhân hóa",29,2,12.2,1.0
117897,Khách nhạy khuyến mãi,0.1617,model,"Chuyển từ giảm giá trực tiếp sang tích điểm, voucher cá nhân hóa",13,2,6.68,0.5
107444,Khách lâu chưa quay lại,0.1609,model,"Kéo lại bằng phim mới, voucher quay lại, thông báo cá nhân hóa",358,2,13.03,1.0
101547,Khách nhạy khuyến mãi,0.1608,model,"Chuyển từ giảm giá trực tiếp sang tích điểm, voucher cá nhân hóa",80,1,6.52,1.0
143684,Khách lâu chưa quay lại,0.1608,model,"Kéo lại bằng phim mới, voucher quay lại, thông báo cá nhân hóa",93,1,6.52,1.0
122964,Khách lâu chưa quay lại,0.1607,model,"Kéo lại bằng phim mới, voucher quay lại, thông báo cá nhân hóa",406,5,30.84,0.0
131418,Khách lâu chưa quay lại,0.1605,model,"Kéo lại bằng phim mới, voucher quay lại, thông báo cá nhân hóa",447,7,26.01,0.1429
132120,Khách lâu chưa quay lại,0.1594,model,"Kéo lại bằng phim mới, voucher quay lại, thông báo cá nhân hóa",929,8,51.84,0.875
157733,Khách giá trị cao,0.1593,model,"Membership, ưu đãi đặc quyền, đặt vé sớm phim hot",15,3,11.63,1.0
155655,Khách lâu chưa quay lại,0.1593,model,"Kéo lại bằng phim mới, voucher quay lại, thông báo cá nhân hóa",315,2,16.3,1.0
145746,Khách lâu chưa quay lại,0.1581,model,"Kéo lại bằng phim mới, voucher quay lại, thông báo cá nhân hóa",853,6,40.83,0.0
182048,Khách thường xuyên,0.158,model,"Duy trì, không cần giảm giá sâu",24,2,6.19,0.0
106072,Khách lâu chưa quay lại,0.1576,model,"Kéo lại bằng phim mới, voucher quay lại, thông báo cá nhân hóa",896,1,9.77,1.0
120699,Khách giá trị cao,0.1561,model,"Membership, ưu đãi đặc quyền, đặt vé sớm phim hot",82,5,40.98,0.6
103418,Khách thường xuyên,0.1559,model,"Duy trì, không cần giảm giá sâu",33,2,11.37,0.0
106350,Khách nhạy khuyến mãi,0.1557,model,"Chuyển từ giảm giá trực tiếp sang tích điểm, voucher cá nhân hóa",19,2,12.37,0.5
126324,Khách lâu chưa quay lại,0.1553,model,"Kéo lại bằng phim mới, voucher quay lại, thông báo cá nhân hóa",449,2,9.77,1.0
133564,Khách giá trị cao,0.155,model,"Membership, ưu đãi đặc quyền, đặt vé sớm phim hot",0,6,38.02,0.6667
117492,Khách lâu chưa quay lại,0.1548,model,"Kéo lại bằng phim mới, voucher quay lại, thông báo cá nhân hóa",442,4,41.65,0.0
102010,Khách lâu chưa quay lại,0.1545,model,"Kéo lại bằng phim mới, voucher quay lại, thông báo cá nhân hóa",926,2,33.32,0.5
194853,Khách lâu chưa quay lại,0.1542,model,"Kéo lại bằng phim mới, voucher quay lại, thông báo cá nhân hóa",307,4,12.91,0.5
167567,Khách lâu chưa quay lại,0.1538,model,"Kéo lại bằng phim mới, voucher quay lại, thông báo cá nhân hóa",961,1,9.4,1.0
128852,Khách lâu chưa quay lại,0.1537,model,"Kéo lại bằng phim mới, voucher quay lại, thông báo cá nhân hóa",352,3,24.51,0.6667
109103,Khách lâu chưa quay lại,0.1533,model,"Kéo lại bằng phim mới, voucher quay lại, thông báo cá nhân hóa",343,2,16.3,1.0
120081,Khách lâu chưa quay lại,0.1533,model,"Kéo lại bằng phim mới, voucher quay lại, thông báo cá nhân hóa",343,2,16.3,1.0
110118,Khách lâu chưa quay lại,0.1531,model,"Kéo lại bằng phim mới, voucher quay lại, thông báo cá nhân hóa",370,4,15.5,0.5
132719,Khách nhạy khuyến mãi,0.1526,model,"Chuyển từ giảm giá trực tiếp sang tích điểm, voucher cá nhân hóa",72,1,6.52,1.0
155858,Khách nhạy khuyến mãi,0.1526,model,"Chuyển từ giảm giá trực tiếp sang tích điểm, voucher cá nhân hóa",78,1,6.52,1.0
176196,Khách nhạy khuyến mãi,0.1526,model,"Chuyển từ giảm giá trực tiếp sang tích điểm, voucher cá nhân hóa",75,1,6.52,1.0
125125,Khách lâu chưa quay lại,0.1522,model,"Kéo lại bằng phim mới, voucher quay lại, thông báo cá nhân hóa",325,5,50.88,0.6
145152,Khách lâu chưa quay lại,0.1519,model,"Kéo lại bằng phim mới, voucher quay lại, thông báo cá nhân hóa",879,3,40.62,0.0
109232,Khách lâu chưa quay lại,0.1519,model,"Kéo lại bằng phim mới, voucher quay lại, thông báo cá nhân hóa",557,4,24.67,0.25
157184,Khách giá trị cao,0.1515,model,"Membership, ưu đãi đặc quyền, đặt vé sớm phim hot",24,10,49.96,0.1
133087,Khách mua một lần (mới),0.1506,model,Tặng coupon cho lần mua thứ hai trong vòng 7–14 ngày,24,1,2.85,1.0
126761,Khách nhạy khuyến mãi,0.1502,model,"Chuyển từ giảm giá trực tiếp sang tích điểm, voucher cá nhân hóa",1,2,11.38,1.0
161434,Khách nhạy khuyến mãi,0.15,model,"Chuyển từ giảm giá trực tiếp sang tích điểm, voucher cá nhân hóa",0,2,13.45,1.0
148552,Khách nhạy khuyến mãi,0.1498,model,"Chuyển từ giảm giá trực tiếp sang tích điểm, voucher cá nhân hóa",18,2,6.47,0.5
116080,Khách lâu chưa quay lại,0.1497,model,"Kéo lại bằng phim mới, voucher quay lại, thông báo cá nhân hóa",334,4,27.59,0.25
106706,Khách lâu chưa quay lại,0.1491,model,"Kéo lại bằng phim mới, voucher quay lại, thông báo cá nhân hóa",1044,4,25.55,0.25
104242,Khách lâu chưa quay lại,0.1486,model,"Kéo lại bằng phim mới, voucher quay lại, thông báo cá nhân hóa",1121,2,29.28,0.0
138545,Khách lâu chưa quay lại,0.1484,model,"Kéo lại bằng phim mới, voucher quay lại, thông báo cá nhân hóa",434,3,31.56,0.6667
115772,Khách lâu chưa quay lại,0.1483,model,"Kéo lại bằng phim mới, voucher quay lại, thông báo cá nhân hóa",437,6,63.26,0.5
169434,Khách thường xuyên,0.148,model,"Duy trì, không cần giảm giá sâu",70,2,11.88,0.0
135950,Khách lâu chưa quay lại,0.1479,model,"Kéo lại bằng phim mới, voucher quay lại, thông báo cá nhân hóa",983,2,33.24,1.0
130049,Khách lâu chưa quay lại,0.1477,model,"Kéo lại bằng phim mới, voucher quay lại, thông báo cá nhân hóa",366,3,45.74,0.0
135193,Khách nhạy khuyến mãi,0.1477,model,"Chuyển từ giảm giá trực tiếp sang tích điểm, voucher cá nhân hóa",58,2,11.06,0.5
149694,Khách lâu chưa quay lại,0.1474,model,"Kéo lại bằng phim mới, voucher quay lại, thông báo cá nhân hóa",455,2,9.77,1.0
111196,Khách lâu chưa quay lại,0.1472,model,"Kéo lại bằng phim mới, voucher quay lại, thông báo cá nhân hóa",442,2,13.04,1.0
155195,Khách lâu chưa quay lại,0.1472,model,"Kéo lại bằng phim mới, voucher quay lại, thông báo cá nhân hóa",750,7,39.16,0.0
129689,Khách lâu chưa quay lại,0.1471,model,"Kéo lại bằng phim mới, voucher quay lại, thông báo cá nhân hóa",351,4,26.04,1.0
173184,Khách giá trị cao,0.147,model,"Membership, ưu đãi đặc quyền, đặt vé sớm phim hot",20,3,21.85,0.0
150311,Khách thường xuyên,0.1469,model,"Duy trì, không cần giảm giá sâu",65,2,7.51,0.0
100268,Khách lâu chưa quay lại,0.1468,model,"Kéo lại bằng phim mới, voucher quay lại, thông báo cá nhân hóa",351,4,26.06,1.0
102350,Khách lâu chưa quay lại,0.1462,model,"Kéo lại bằng phim mới, voucher quay lại, thông báo cá nhân hóa",827,6,33.98,0.5
121407,Khách lâu chưa quay lại,0.1461,model,"Kéo lại bằng phim mới, voucher quay lại, thông báo cá nhân hóa",1004,1,3.71,0.0
124044,Khách lâu chưa quay lại,0.1457,model,"Kéo lại bằng phim mới, voucher quay lại, thông báo cá nhân hóa",352,2,9.77,1.0
102953,Khách lâu chưa quay lại,0.1457,model,"Kéo lại bằng phim mới, voucher quay lại, thông báo cá nhân hóa",730,5,36.0,0.2
160130,Khách nhạy khuyến mãi,0.1456,model,"Chuyển từ giảm giá trực tiếp sang tích điểm, voucher cá nhân hóa",58,2,13.02,1.0
107921,Khách lâu chưa quay lại,0.1454,model,"Kéo lại bằng phim mới, voucher quay lại, thông báo cá nhân hóa",317,3,38.35,0.6667
170995,Khách thường xuyên,0.1453,model,"Duy trì, không cần giảm giá sâu",8,2,11.67,0.0
202898,Khách lâu chưa quay lại,0.1442,model,"Kéo lại bằng phim mới, voucher quay lại, thông báo cá nhân hóa",101,1,6.52,1.0
133679,Khách nhạy khuyến mãi,0.1438,model,"Chuyển từ giảm giá trực tiếp sang tích điểm, voucher cá nhân hóa",16,2,12.75,0.5
125315,Khách giá trị cao,0.1432,model,"Membership, ưu đãi đặc quyền, đặt vé sớm phim hot",13,5,41.34,0.0
100003,Khách lâu chưa quay lại,0.1431,model,"Kéo lại bằng phim mới, voucher quay lại, thông báo cá nhân hóa",409,5,46.47,0.2
116058,Khách lâu chưa quay lại,0.1431,model,"Kéo lại bằng phim mới, voucher quay lại, thông báo cá nhân hóa",771,6,39.58,0.0
222500,Khách nhạy khuyến mãi,0.1428,model,"Chuyển từ giảm giá trực tiếp sang tích điểm, voucher cá nhân hóa",22,2,8.54,1.0
113610,Khách thường xuyên,0.1426,model,"Duy trì, không cần giảm giá sâu",43,2,4.7,0.0
100619,Khách lâu chưa quay lại,0.1423,model,"Kéo lại bằng phim mới, voucher quay lại, thông báo cá nhân hóa",960,3,19.54,1.0
144696,Khách lâu chưa quay lại,0.1421,model,"Kéo lại bằng phim mới, voucher quay lại, thông báo cá nhân hóa",1124,1,43.88,0.0
104603,Khách nhạy khuyến mãi,0.1418,model,"Chuyển từ giảm giá trực tiếp sang tích điểm, voucher cá nhân hóa",57,2,13.02,1.0
133308,Khách lâu chưa quay lại,0.1415,model,"Kéo lại bằng phim mới, voucher quay lại, thông báo cá nhân hóa",883,4,39.93,0.5
112556,Khách nhạy khuyến mãi,0.141,model,"Chuyển từ giảm giá trực tiếp sang tích điểm, voucher cá nhân hóa",83,2,12.7,0.5
121326,Khách giá trị cao,0.1408,model,"Membership, ưu đãi đặc quyền, đặt vé sớm phim hot",2,24,98.62,0.125
107256,Khách lâu chưa quay lại,0.1398,model,"Kéo lại bằng phim mới, voucher quay lại, thông báo cá nhân hóa",524,4,26.81,0.0
135408,Khách lâu chưa quay lại,0.1396,model,"Kéo lại bằng phim mới, voucher quay lại, thông báo cá nhân hóa",1115,1,17.32,0.0
105865,Khách lâu chưa quay lại,0.1391,model,"Kéo lại bằng phim mới, voucher quay lại, thông báo cá nhân hóa",497,4,26.32,0.25
109351,Khách lâu chưa quay lại,0.1391,model,"Kéo lại bằng phim mới, voucher quay lại, thông báo cá nhân hóa",954,3,41.52,0.0
177173,Khách nhạy khuyến mãi,0.1388,model,"Chuyển từ giảm giá trực tiếp sang tích điểm, voucher cá nhân hóa",62,1,6.51,1.0
129216,Khách lâu chưa quay lại,0.1386,model,"Kéo lại bằng phim mới, voucher quay lại, thông báo cá nhân hóa",308,2,13.04,1.0
174156,Khách thường xuyên,0.1385,model,"Duy trì, không cần giảm giá sâu",20,2,8.37,0.0
156624,Khách nhạy khuyến mãi,0.1385,model,"Chuyển từ giảm giá trực tiếp sang tích điểm, voucher cá nhân hóa",78,2,6.97,0.5
108071,Khách lâu chưa quay lại,0.1382,model,"Kéo lại bằng phim mới, voucher quay lại, thông báo cá nhân hóa",502,3,27.88,0.0
105244,Khách lâu chưa quay lại,0.1381,model,"Kéo lại bằng phim mới, voucher quay lại, thông báo cá nhân hóa",314,8,33.43,0.375
137140,Khách lâu chưa quay lại,0.1379,model,"Kéo lại bằng phim mới, voucher quay lại, thông báo cá nhân hóa",1116,1,2.68,0.0
137600,Khách lâu chưa quay lại,0.1379,model,"Kéo lại bằng phim mới, voucher quay lại, thông báo cá nhân hóa",1110,1,2.68,0.0
105221,Khách lâu chưa quay lại,0.1379,model,"Kéo lại bằng phim mới, voucher quay lại, thông báo cá nhân hóa",1152,1,2.64,0.0
129762,Khách lâu chưa quay lại,0.1379,model,"Kéo lại bằng phim mới, voucher quay lại, thông báo cá nhân hóa",1117,1,2.6,0.0
104178,Khách lâu chưa quay lại,0.1379,model,"Kéo lại bằng phim mới, voucher quay lại, thông báo cá nhân hóa",1069,1,2.68,0.0
189000,Khách nhạy khuyến mãi,0.1375,model,"Chuyển từ giảm giá trực tiếp sang tích điểm, voucher cá nhân hóa",56,2,8.95,1.0
143858,Khách giá trị cao,0.1371,model,"Membership, ưu đãi đặc quyền, đặt vé sớm phim hot",15,3,39.8,1.0
114840,Khách lâu chưa quay lại,0.1367,model,"Kéo lại bằng phim mới, voucher quay lại, thông báo cá nhân hóa",324,2,33.7,0.5
140907,Khách lâu chưa quay lại,0.1365,model,"Kéo lại bằng phim mới, voucher quay lại, thông báo cá nhân hóa",959,3,29.11,0.6667
118034,Khách lâu chưa quay lại,0.1362,model,"Kéo lại bằng phim mới, voucher quay lại, thông báo cá nhân hóa",957,4,27.89,0.5
103004,Khách lâu chưa quay lại,0.136,model,"Kéo lại bằng phim mới, voucher quay lại, thông báo cá nhân hóa",595,4,37.53,0.0
105463,Khách nhạy khuyến mãi,0.1357,model,"Chuyển từ giảm giá trực tiếp sang tích điểm, voucher cá nhân hóa",78,2,13.03,1.0
111426,Khách lâu chưa quay lại,0.1343,model,"Kéo lại bằng phim mới, voucher quay lại, thông báo cá nhân hóa",476,1,6.51,1.0
161822,Khách lâu chưa quay lại,0.1343,model,"Kéo lại bằng phim mới, voucher quay lại, thông báo cá nhân hóa",350,2,9.77,1.0
125520,Khách nhạy khuyến mãi,0.134,model,"Chuyển từ giảm giá trực tiếp sang tích điểm, voucher cá nhân hóa",58,2,13.03,1.0
106801,Khách lâu chưa quay lại,0.134,model,"Kéo lại bằng phim mới, voucher quay lại, thông báo cá nhân hóa",434,2,6.52,1.0
116523,Khách lâu chưa quay lại,0.1338,model,"Kéo lại bằng phim mới, voucher quay lại, thông báo cá nhân hóa",100,1,6.52,1.0
150047,Khách nhạy khuyến mãi,0.1338,model,"Chuyển từ giảm giá trực tiếp sang tích điểm, voucher cá nhân hóa",75,1,6.52,1.0
180831,Khách lâu chưa quay lại,0.1338,model,"Kéo lại bằng phim mới, voucher quay lại, thông báo cá nhân hóa",98,1,6.52,1.0
151111,Khách nhạy khuyến mãi,0.1337,model,"Chuyển từ giảm giá trực tiếp sang tích điểm, voucher cá nhân hóa",3,2,8.95,1.0
107365,Khách nhạy khuyến mãi,0.1337,model,"Chuyển từ giảm giá trực tiếp sang tích điểm, voucher cá nhân hóa",85,2,13.03,1.0
132001,Khách lâu chưa quay lại,0.1334,model,"Kéo lại bằng phim mới, voucher quay lại, thông báo cá nhân hóa",442,4,33.32,0.25
112095,Khách lâu chưa quay lại,0.1333,model,"Kéo lại bằng phim mới, voucher quay lại, thông báo cá nhân hóa",444,2,13.03,1.0
104680,Khách lâu chưa quay lại,0.1332,model,"Kéo lại bằng phim mới, voucher quay lại, thông báo cá nhân hóa",882,1,9.77,1.0
137280,Khách lâu chưa quay lại,0.1332,model,"Kéo lại bằng phim mới, voucher quay lại, thông báo cá nhân hóa",883,1,9.77,1.0
102331,Khách lâu chưa quay lại,0.1328,model,"Kéo lại bằng phim mới, voucher quay lại, thông báo cá nhân hóa",906,6,31.35,0.0
132734,Khách nhạy khuyến mãi,0.1322,model,"Chuyển từ giảm giá trực tiếp sang tích điểm, voucher cá nhân hóa",19,2,9.81,0.5
105207,Khách giá trị cao,0.1315,model,"Membership, ưu đãi đặc quyền, đặt vé sớm phim hot",62,4,18.97,0.0
112222,Khách nhạy khuyến mãi,0.1314,model,"Chuyển từ giảm giá trực tiếp sang tích điểm, voucher cá nhân hóa",79,1,6.52,1.0
142584,Khách nhạy khuyến mãi,0.1314,model,"Chuyển từ giảm giá trực tiếp sang tích điểm, voucher cá nhân hóa",78,1,6.52,1.0
184843,Khách nhạy khuyến mãi,0.1314,model,"Chuyển từ giảm giá trực tiếp sang tích điểm, voucher cá nhân hóa",85,1,6.52,1.0
147737,Khách lâu chưa quay lại,0.1314,model,"Kéo lại bằng phim mới, voucher quay lại, thông báo cá nhân hóa",357,2,13.03,1.0
152236,Khách lâu chưa quay lại,0.1312,model,"Kéo lại bằng phim mới, voucher quay lại, thông báo cá nhân hóa",1029,3,16.42,0.3333
128799,Khách lâu chưa quay lại,0.1311,model,"Kéo lại bằng phim mới, voucher quay lại, thông báo cá nhân hóa",1118,1,2.27,0.0
139560,Khách giá trị cao,0.131,model,"Membership, ưu đãi đặc quyền, đặt vé sớm phim hot",33,5,42.92,0.2
101829,Khách lâu chưa quay lại,0.1309,model,"Kéo lại bằng phim mới, voucher quay lại, thông báo cá nhân hóa",524,3,13.77,0.3333
147979,Khách lâu chưa quay lại,0.1308,model,"Kéo lại bằng phim mới, voucher quay lại, thông báo cá nhân hóa",449,1,6.51,1.0
149023,Khách lâu chưa quay lại,0.1308,model,"Kéo lại bằng phim mới, voucher quay lại, thông báo cá nhân hóa",449,1,6.51,1.0
155021,Khách giá trị cao,0.1307,model,"Membership, ưu đãi đặc quyền, đặt vé sớm phim hot",38,4,28.77,0.5
136774,Khách nhạy khuyến mãi,0.1307,model,"Chuyển từ giảm giá trực tiếp sang tích điểm, voucher cá nhân hóa",82,2,12.71,0.5
100464,Khách lâu chưa quay lại,0.1303,model,"Kéo lại bằng phim mới, voucher quay lại, thông báo cá nhân hóa",523,5,42.4,0.4
105399,Khách giá trị cao,0.1302,model,"Membership, ưu đãi đặc quyền, đặt vé sớm phim hot",56,5,44.0,1.0
150371,Khách lâu chưa quay lại,0.1297,model,"Kéo lại bằng phim mới, voucher quay lại, thông báo cá nhân hóa",434,4,69.08,0.5
188083,Khách mua một lần (mới),0.1295,model,Tặng coupon cho lần mua thứ hai trong vòng 7–14 ngày,21,1,4.21,0.0
113347,Khách lâu chưa quay lại,0.1293,model,"Kéo lại bằng phim mới, voucher quay lại, thông báo cá nhân hóa",356,4,23.71,0.0
221316,Khách nhạy khuyến mãi,0.129,model,"Chuyển từ giảm giá trực tiếp sang tích điểm, voucher cá nhân hóa",75,2,13.84,0.5
153934,Khách lâu chưa quay lại,0.1289,model,"Kéo lại bằng phim mới, voucher quay lại, thông báo cá nhân hóa",1040,3,17.33,0.0
129975,Khách lâu chưa quay lại,0.1285,model,"Kéo lại bằng phim mới, voucher quay lại, thông báo cá nhân hóa",969,5,39.05,0.4
147554,Khách lâu chưa quay lại,0.1285,model,"Kéo lại bằng phim mới, voucher quay lại, thông báo cá nhân hóa",519,2,13.03,1.0
101515,Khách lâu chưa quay lại,0.1285,model,"Kéo lại bằng phim mới, voucher quay lại, thông báo cá nhân hóa",933,4,27.18,0.25
155145,Khách lâu chưa quay lại,0.1284,model,"Kéo lại bằng phim mới, voucher quay lại, thông báo cá nhân hóa",362,3,25.04,0.3333
133178,Khách lâu chưa quay lại,0.1276,model,"Kéo lại bằng phim mới, voucher quay lại, thông báo cá nhân hóa",371,6,41.79,0.5
100155,Khách lâu chưa quay lại,0.1275,model,"Kéo lại bằng phim mới, voucher quay lại, thông báo cá nhân hóa",1160,1,27.22,0.0
129845,Khách lâu chưa quay lại,0.1273,model,"Kéo lại bằng phim mới, voucher quay lại, thông báo cá nhân hóa",357,2,13.03,1.0
113543,Khách giá trị cao,0.1264,model,"Membership, ưu đãi đặc quyền, đặt vé sớm phim hot",6,4,29.28,0.0
118151,Khách lâu chưa quay lại,0.1259,model,"Kéo lại bằng phim mới, voucher quay lại, thông báo cá nhân hóa",497,2,13.03,1.0
118352,Khách lâu chưa quay lại,0.1255,model,"Kéo lại bằng phim mới, voucher quay lại, thông báo cá nhân hóa",1103,1,3.67,0.0
121609,Khách giá trị cao,0.1255,model,"Membership, ưu đãi đặc quyền, đặt vé sớm phim hot",21,4,31.99,0.5
161525,Khách lâu chưa quay lại,0.1254,model,"Kéo lại bằng phim mới, voucher quay lại, thông báo cá nhân hóa",343,2,13.02,1.0
112721,Khách lâu chưa quay lại,0.1249,model,"Kéo lại bằng phim mới, voucher quay lại, thông báo cá nhân hóa",344,5,46.71,0.8
141408,Khách lâu chưa quay lại,0.1249,model,"Kéo lại bằng phim mới, voucher quay lại, thông báo cá nhân hóa",424,4,33.9,0.75
137286,Khách lâu chưa quay lại,0.1248,model,"Kéo lại bằng phim mới, voucher quay lại, thông báo cá nhân hóa",537,4,41.61,0.0
134791,Khách lâu chưa quay lại,0.1246,model,"Kéo lại bằng phim mới, voucher quay lại, thông báo cá nhân hóa",441,2,13.03,1.0
115779,Khách lâu chưa quay lại,0.1246,model,"Kéo lại bằng phim mới, voucher quay lại, thông báo cá nhân hóa",478,1,6.51,1.0
120820,Khách lâu chưa quay lại,0.1246,model,"Kéo lại bằng phim mới, voucher quay lại, thông báo cá nhân hóa",511,1,6.51,1.0
100317,Khách lâu chưa quay lại,0.1245,model,"Kéo lại bằng phim mới, voucher quay lại, thông báo cá nhân hóa",870,5,56.08,0.0
123920,Khách lâu chưa quay lại,0.1244,model,"Kéo lại bằng phim mới, voucher quay lại, thông báo cá nhân hóa",423,3,16.29,1.0
151951,Khách lâu chưa quay lại,0.1244,model,"Kéo lại bằng phim mới, voucher quay lại, thông báo cá nhân hóa",358,4,26.06,1.0
161931,Khách lâu chưa quay lại,0.1244,model,"Kéo lại bằng phim mới, voucher quay lại, thông báo cá nhân hóa",362,4,34.55,0.5
132979,Khách giá trị cao,0.1242,model,"Membership, ưu đãi đặc quyền, đặt vé sớm phim hot",29,3,18.72,1.0
128106,Khách nhạy khuyến mãi,0.1237,model,"Chuyển từ giảm giá trực tiếp sang tích điểm, voucher cá nhân hóa",80,2,13.02,1.0
145009,Khách lâu chưa quay lại,0.1234,model,"Kéo lại bằng phim mới, voucher quay lại, thông báo cá nhân hóa",862,3,19.21,0.6667
142421,Khách lâu chưa quay lại,0.1232,model,"Kéo lại bằng phim mới, voucher quay lại, thông báo cá nhân hóa",1046,3,19.3,0.3333
123384,Khách thường xuyên,0.1228,model,"Duy trì, không cần giảm giá sâu",63,1,13.4,0.0
130366,Khách lâu chưa quay lại,0.1223,model,"Kéo lại bằng phim mới, voucher quay lại, thông báo cá nhân hóa",1009,7,49.53,0.0
172084,Khách giá trị cao,0.1221,model,"Membership, ưu đãi đặc quyền, đặt vé sớm phim hot",15,6,46.8,0.0
159501,Khách lâu chưa quay lại,0.1219,model,"Kéo lại bằng phim mới, voucher quay lại, thông báo cá nhân hóa",1037,2,34.06,1.0
122375,Khách lâu chưa quay lại,0.1217,model,"Kéo lại bằng phim mới, voucher quay lại, thông báo cá nhân hóa",362,7,49.48,0.0
188938,Khách lâu chưa quay lại,0.1214,model,"Kéo lại bằng phim mới, voucher quay lại, thông báo cá nhân hóa",325,2,13.02,1.0
100706,Khách giá trị cao,0.1213,model,"Membership, ưu đãi đặc quyền, đặt vé sớm phim hot",7,4,19.14,1.0
145219,Khách lâu chưa quay lại,0.1212,model,"Kéo lại bằng phim mới, voucher quay lại, thông báo cá nhân hóa",501,1,6.51,1.0
179485,Khách lâu chưa quay lại,0.1212,model,"Kéo lại bằng phim mới, voucher quay lại, thông báo cá nhân hóa",500,1,6.51,1.0
224899,Khách nhạy khuyến mãi,0.1209,model,"Chuyển từ giảm giá trực tiếp sang tích điểm, voucher cá nhân hóa",31,1,3.29,1.0
125057,Khách thường xuyên,0.1208,model,"Duy trì, không cần giảm giá sâu",20,2,13.19,0.0
103200,Khách giá trị cao,0.1205,model,"Membership, ưu đãi đặc quyền, đặt vé sớm phim hot",17,4,15.05,1.0
167062,Khách lâu chưa quay lại,0.1204,model,"Kéo lại bằng phim mới, voucher quay lại, thông báo cá nhân hóa",470,2,33.81,0.0
138027,Khách lâu chưa quay lại,0.1201,model,"Kéo lại bằng phim mới, voucher quay lại, thông báo cá nhân hóa",464,2,13.49,1.0
142087,Khách lâu chưa quay lại,0.12,model,"Kéo lại bằng phim mới, voucher quay lại, thông báo cá nhân hóa",932,4,20.95,0.25
160310,Khách lâu chưa quay lại,0.12,model,"Kéo lại bằng phim mới, voucher quay lại, thông báo cá nhân hóa",1046,1,2.72,1.0
139773,Khách lâu chưa quay lại,0.1197,model,"Kéo lại bằng phim mới, voucher quay lại, thông báo cá nhân hóa",931,5,33.94,0.2
127420,Khách lâu chưa quay lại,0.1196,model,"Kéo lại bằng phim mới, voucher quay lại, thông báo cá nhân hóa",910,1,9.4,1.0
116382,Khách lâu chưa quay lại,0.1195,model,"Kéo lại bằng phim mới, voucher quay lại, thông báo cá nhân hóa",372,4,28.37,1.0
164873,Khách lâu chưa quay lại,0.1194,model,"Kéo lại bằng phim mới, voucher quay lại, thông báo cá nhân hóa",98,1,3.25,1.0
129634,Khách lâu chưa quay lại,0.1193,model,"Kéo lại bằng phim mới, voucher quay lại, thông báo cá nhân hóa",499,3,28.7,0.3333
189190,Khách thường xuyên,0.1193,model,"Duy trì, không cần giảm giá sâu",25,2,9.46,0.0
143620,Khách lâu chưa quay lại,0.1191,model,"Kéo lại bằng phim mới, voucher quay lại, thông báo cá nhân hóa",454,5,71.39,0.4
104671,Khách nhạy khuyến mãi,0.1189,model,"Chuyển từ giảm giá trực tiếp sang tích điểm, voucher cá nhân hóa",48,1,6.52,1.0
185171,Khách nhạy khuyến mãi,0.1189,model,"Chuyển từ giảm giá trực tiếp sang tích điểm, voucher cá nhân hóa",62,1,6.52,1.0
114172,Khách lâu chưa quay lại,0.1188,model,"Kéo lại bằng phim mới, voucher quay lại, thông báo cá nhân hóa",567,3,34.27,0.3333
174854,Khách lâu chưa quay lại,0.1187,model,"Kéo lại bằng phim mới, voucher quay lại, thông báo cá nhân hóa",449,2,13.03,1.0
166658,Khách nhạy khuyến mãi,0.1184,model,"Chuyển từ giảm giá trực tiếp sang tích điểm, voucher cá nhân hóa",16,2,14.31,0.5
106513,Khách lâu chưa quay lại,0.1183,model,"Kéo lại bằng phim mới, voucher quay lại, thông báo cá nhân hóa",355,2,25.99,0.0
145171,Khách lâu chưa quay lại,0.1181,model,"Kéo lại bằng phim mới, voucher quay lại, thông báo cá nhân hóa",413,1,6.51,1.0
110234,Khách lâu chưa quay lại,0.1181,model,"Kéo lại bằng phim mới, voucher quay lại, thông báo cá nhân hóa",424,1,6.51,1.0
136443,Khách lâu chưa quay lại,0.1181,model,"Kéo lại bằng phim mới, voucher quay lại, thông báo cá nhân hóa",312,4,67.31,0.25
154782,Khách lâu chưa quay lại,0.118,model,"Kéo lại bằng phim mới, voucher quay lại, thông báo cá nhân hóa",947,2,29.24,0.0
104588,Khách nhạy khuyến mãi,0.118,model,"Chuyển từ giảm giá trực tiếp sang tích điểm, voucher cá nhân hóa",85,2,12.9,0.5
120002,Khách lâu chưa quay lại,0.1178,model,"Kéo lại bằng phim mới, voucher quay lại, thông báo cá nhân hóa",663,5,37.12,0.0
134602,Khách lâu chưa quay lại,0.1175,model,"Kéo lại bằng phim mới, voucher quay lại, thông báo cá nhân hóa",344,2,29.32,1.0
121651,Khách lâu chưa quay lại,0.1174,model,"Kéo lại bằng phim mới, voucher quay lại, thông báo cá nhân hóa",350,4,26.04,1.0
102876,Khách lâu chưa quay lại,0.1173,model,"Kéo lại bằng phim mới, voucher quay lại, thông báo cá nhân hóa",361,8,43.14,0.375
103802,Khách nhạy khuyến mãi,0.1172,model,"Chuyển từ giảm giá trực tiếp sang tích điểm, voucher cá nhân hóa",77,2,13.02,1.0
103366,Khách lâu chưa quay lại,0.1172,model,"Kéo lại bằng phim mới, voucher quay lại, thông báo cá nhân hóa",1091,2,30.93,0.0
107996,Khách lâu chưa quay lại,0.1172,model,"Kéo lại bằng phim mới, voucher quay lại, thông báo cá nhân hóa",1010,5,38.19,0.4
128559,Khách lâu chưa quay lại,0.1167,model,"Kéo lại bằng phim mới, voucher quay lại, thông báo cá nhân hóa",877,1,9.77,1.0
127402,Khách giá trị cao,0.1163,model,"Membership, ưu đãi đặc quyền, đặt vé sớm phim hot",25,4,22.4,1.0
123732,Khách nhạy khuyến mãi,0.1162,model,"Chuyển từ giảm giá trực tiếp sang tích điểm, voucher cá nhân hóa",15,2,2.89,1.0
186904,Khách nhạy khuyến mãi,0.1156,model,"Chuyển từ giảm giá trực tiếp sang tích điểm, voucher cá nhân hóa",28,2,3.46,0.5
105185,Khách lâu chưa quay lại,0.1154,model,"Kéo lại bằng phim mới, voucher quay lại, thông báo cá nhân hóa",341,4,33.6,0.25
142553,Khách lâu chưa quay lại,0.1154,model,"Kéo lại bằng phim mới, voucher quay lại, thông báo cá nhân hóa",999,3,17.11,0.0
132421,Khách lâu chưa quay lại,0.1151,model,"Kéo lại bằng phim mới, voucher quay lại, thông báo cá nhân hóa",975,4,16.01,0.5
140519,Khách lâu chưa quay lại,0.115,model,"Kéo lại bằng phim mới, voucher quay lại, thông báo cá nhân hóa",491,3,15.43,0.6667
136559,Khách nhạy khuyến mãi,0.115,model,"Chuyển từ giảm giá trực tiếp sang tích điểm, voucher cá nhân hóa",58,2,12.2,1.0
114716,Khách lâu chưa quay lại,0.1148,model,"Kéo lại bằng phim mới, voucher quay lại, thông báo cá nhân hóa",846,4,39.25,0.25
123238,Khách lâu chưa quay lại,0.1147,model,"Kéo lại bằng phim mới, voucher quay lại, thông báo cá nhân hóa",974,1,9.4,1.0
115423,Khách lâu chưa quay lại,0.1147,model,"Kéo lại bằng phim mới, voucher quay lại, thông báo cá nhân hóa",925,3,18.8,0.3333
112819,Khách lâu chưa quay lại,0.1147,model,"Kéo lại bằng phim mới, voucher quay lại, thông báo cá nhân hóa",950,3,18.07,0.3333
116930,Khách giá trị cao,0.114,model,"Membership, ưu đãi đặc quyền, đặt vé sớm phim hot",14,4,27.67,1.0
185885,Khách lâu chưa quay lại,0.1139,model,"Kéo lại bằng phim mới, voucher quay lại, thông báo cá nhân hóa",353,2,18.03,1.0
164492,Khách nhạy khuyến mãi,0.1138,model,"Chuyển từ giảm giá trực tiếp sang tích điểm, voucher cá nhân hóa",14,2,13.11,0.5
134287,Khách nhạy khuyến mãi,0.1134,model,"Chuyển từ giảm giá trực tiếp sang tích điểm, voucher cá nhân hóa",72,1,6.52,1.0
187299,Khách nhạy khuyến mãi,0.1134,model,"Chuyển từ giảm giá trực tiếp sang tích điểm, voucher cá nhân hóa",77,1,6.52,1.0
114641,Khách nhạy khuyến mãi,0.1134,model,"Chuyển từ giảm giá trực tiếp sang tích điểm, voucher cá nhân hóa",78,1,6.52,1.0
152723,Khách nhạy khuyến mãi,0.1134,model,"Chuyển từ giảm giá trực tiếp sang tích điểm, voucher cá nhân hóa",74,1,6.52,1.0
154604,Khách nhạy khuyến mãi,0.1134,model,"Chuyển từ giảm giá trực tiếp sang tích điểm, voucher cá nhân hóa",72,1,6.52,1.0
221849,Khách nhạy khuyến mãi,0.1134,model,"Chuyển từ giảm giá trực tiếp sang tích điểm, voucher cá nhân hóa",85,1,6.52,1.0
137854,Khách nhạy khuyến mãi,0.1134,model,"Chuyển từ giảm giá trực tiếp sang tích điểm, voucher cá nhân hóa",72,1,6.52,1.0
197249,Khách nhạy khuyến mãi,0.1134,model,"Chuyển từ giảm giá trực tiếp sang tích điểm, voucher cá nhân hóa",83,1,6.52,1.0
130700,Khách nhạy khuyến mãi,0.1134,model,"Chuyển từ giảm giá trực tiếp sang tích điểm, voucher cá nhân hóa",78,1,6.52,1.0
155202,Khách nhạy khuyến mãi,0.1134,model,"Chuyển từ giảm giá trực tiếp sang tích điểm, voucher cá nhân hóa",80,1,6.52,1.0
105022,Khách lâu chưa quay lại,0.1134,model,"Kéo lại bằng phim mới, voucher quay lại, thông báo cá nhân hóa",99,1,6.52,1.0
162525,Khách nhạy khuyến mãi,0.1134,model,"Chuyển từ giảm giá trực tiếp sang tích điểm, voucher cá nhân hóa",85,1,6.52,1.0
179691,Khách nhạy khuyến mãi,0.1134,model,"Chuyển từ giảm giá trực tiếp sang tích điểm, voucher cá nhân hóa",67,1,6.52,1.0
217682,Khách nhạy khuyến mãi,0.1134,model,"Chuyển từ giảm giá trực tiếp sang tích điểm, voucher cá nhân hóa",78,1,6.52,1.0
170969,Khách giá trị cao,0.1133,model,"Membership, ưu đãi đặc quyền, đặt vé sớm phim hot",25,5,50.15,0.4
173703,Khách nhạy khuyến mãi,0.1131,model,"Chuyển từ giảm giá trực tiếp sang tích điểm, voucher cá nhân hóa",50,2,12.7,0.5
106317,Khách mua một lần (mới),0.1131,model,Tặng coupon cho lần mua thứ hai trong vòng 7–14 ngày,29,1,9.77,1.0
155033,Khách lâu chưa quay lại,0.1127,model,"Kéo lại bằng phim mới, voucher quay lại, thông báo cá nhân hóa",327,5,34.37,0.6
107219,Khách lâu chưa quay lại,0.1127,model,"Kéo lại bằng phim mới, voucher quay lại, thông báo cá nhân hóa",308,2,13.02,1.0
125213,Khách nhạy khuyến mãi,0.1126,model,"Chuyển từ giảm giá trực tiếp sang tích điểm, voucher cá nhân hóa",45,2,11.88,0.5
212711,Khách mua một lần (mới),0.1126,model,Tặng coupon cho lần mua thứ hai trong vòng 7–14 ngày,4,1,13.36,1.0
123476,Khách nhạy khuyến mãi,0.1126,model,"Chuyển từ giảm giá trực tiếp sang tích điểm, voucher cá nhân hóa",71,1,13.26,1.0
176116,Khách nhạy khuyến mãi,0.1126,model,"Chuyển từ giảm giá trực tiếp sang tích điểm, voucher cá nhân hóa",78,1,13.23,1.0
122800,Khách nhạy khuyến mãi,0.1124,model,"Chuyển từ giảm giá trực tiếp sang tích điểm, voucher cá nhân hóa",3,2,10.68,0.5
110070,Khách lâu chưa quay lại,0.1124,model,"Kéo lại bằng phim mới, voucher quay lại, thông báo cá nhân hóa",1108,1,2.8,1.0
145993,Khách lâu chưa quay lại,0.1122,model,"Kéo lại bằng phim mới, voucher quay lại, thông báo cá nhân hóa",435,3,13.04,1.0
192991,Khách lâu chưa quay lại,0.112,model,"Kéo lại bằng phim mới, voucher quay lại, thông báo cá nhân hóa",345,2,13.03,1.0
112492,Khách nhạy khuyến mãi,0.112,model,"Chuyển từ giảm giá trực tiếp sang tích điểm, voucher cá nhân hóa",1,2,11.92,0.5
133584,Khách lâu chưa quay lại,0.1119,model,"Kéo lại bằng phim mới, voucher quay lại, thông báo cá nhân hóa",400,2,13.02,1.0
208052,Khách giá trị cao,0.1116,model,"Membership, ưu đãi đặc quyền, đặt vé sớm phim hot",25,4,23.84,0.0
112313,Khách lâu chưa quay lại,0.1115,model,"Kéo lại bằng phim mới, voucher quay lại, thông báo cá nhân hóa",993,3,21.35,0.3333
152979,Khách lâu chưa quay lại,0.1115,model,"Kéo lại bằng phim mới, voucher quay lại, thông báo cá nhân hóa",444,4,29.6,0.25
109763,Khách nhạy khuyến mãi,0.1113,model,"Chuyển từ giảm giá trực tiếp sang tích điểm, voucher cá nhân hóa",21,2,12.61,1.0
206810,Khách nhạy khuyến mãi,0.1112,model,"Chuyển từ giảm giá trực tiếp sang tích điểm, voucher cá nhân hóa",48,2,6.52,1.0
100794,Khách lâu chưa quay lại,0.111,model,"Kéo lại bằng phim mới, voucher quay lại, thông báo cá nhân hóa",324,4,24.66,0.5
103875,Khách lâu chưa quay lại,0.111,model,"Kéo lại bằng phim mới, voucher quay lại, thông báo cá nhân hóa",356,3,63.76,0.0
135475,Khách lâu chưa quay lại,0.1108,model,"Kéo lại bằng phim mới, voucher quay lại, thông báo cá nhân hóa",1123,1,16.99,0.0
140790,Khách lâu chưa quay lại,0.1108,model,"Kéo lại bằng phim mới, voucher quay lại, thông báo cá nhân hóa",1157,1,16.91,0.0
159352,Khách lâu chưa quay lại,0.1107,model,"Kéo lại bằng phim mới, voucher quay lại, thông báo cá nhân hóa",413,5,52.62,0.4
155029,Khách nhạy khuyến mãi,0.1106,model,"Chuyển từ giảm giá trực tiếp sang tích điểm, voucher cá nhân hóa",62,2,13.02,1.0
145244,Khách lâu chưa quay lại,0.1105,model,"Kéo lại bằng phim mới, voucher quay lại, thông báo cá nhân hóa",492,2,13.48,0.5
113040,Khách mua một lần (mới),0.1105,model,Tặng coupon cho lần mua thứ hai trong vòng 7–14 ngày,2,1,13.4,1.0
153741,Khách lâu chưa quay lại,0.1105,model,"Kéo lại bằng phim mới, voucher quay lại, thông báo cá nhân hóa",869,4,26.8,0.5
101486,Khách lâu chưa quay lại,0.1103,model,"Kéo lại bằng phim mới, voucher quay lại, thông báo cá nhân hóa",419,5,46.48,0.2
123631,Khách lâu chưa quay lại,0.1102,model,"Kéo lại bằng phim mới, voucher quay lại, thông báo cá nhân hóa",449,4,27.88,0.75
125358,Khách mua một lần (mới),0.1101,model,Tặng coupon cho lần mua thứ hai trong vòng 7–14 ngày,19,1,13.28,0.0
172343,Khách mua một lần (mới),0.1101,model,Tặng coupon cho lần mua thứ hai trong vòng 7–14 ngày,6,1,13.32,0.0
102631,Khách mua một lần (mới),0.1101,model,Tặng coupon cho lần mua thứ hai trong vòng 7–14 ngày,0,1,13.3,0.0
120793,Khách mua một lần (mới),0.1101,model,Tặng coupon cho lần mua thứ hai trong vòng 7–14 ngày,26,1,13.28,0.0
196595,Khách mua một lần (mới),0.1101,model,Tặng coupon cho lần mua thứ hai trong vòng 7–14 ngày,21,1,13.32,0.0
168835,Khách mua một lần (mới),0.1101,model,Tặng coupon cho lần mua thứ hai trong vòng 7–14 ngày,5,1,13.28,0.0
169585,Khách mua một lần (mới),0.1101,model,Tặng coupon cho lần mua thứ hai trong vòng 7–14 ngày,13,1,13.28,0.0
142298,Khách mua một lần (mới),0.1101,model,Tặng coupon cho lần mua thứ hai trong vòng 7–14 ngày,3,1,13.28,0.0
220613,Khách mua một lần (mới),0.1101,model,Tặng coupon cho lần mua thứ hai trong vòng 7–14 ngày,24,1,13.32,0.0
217078,Khách thường xuyên,0.1101,model,"Duy trì, không cần giảm giá sâu",31,1,13.35,0.0
149438,Khách mua một lần (mới),0.1101,model,Tặng coupon cho lần mua thứ hai trong vòng 7–14 ngày,20,1,13.28,0.0
124024,Khách giá trị cao,0.1101,model,"Membership, ưu đãi đặc quyền, đặt vé sớm phim hot",79,4,29.41,0.5
158520,Khách lâu chưa quay lại,0.1101,model,"Kéo lại bằng phim mới, voucher quay lại, thông báo cá nhân hóa",1059,1,2.72,1.0
134191,Khách lâu chưa quay lại,0.11,model,"Kéo lại bằng phim mới, voucher quay lại, thông báo cá nhân hóa",93,2,6.52,1.0
107193,Khách giá trị cao,0.1099,model,"Membership, ưu đãi đặc quyền, đặt vé sớm phim hot",18,3,12.22,1.0
192602,Khách nhạy khuyến mãi,0.1098,model,"Chuyển từ giảm giá trực tiếp sang tích điểm, voucher cá nhân hóa",33,1,3.29,1.0
107035,Khách lâu chưa quay lại,0.1097,model,"Kéo lại bằng phim mới, voucher quay lại, thông báo cá nhân hóa",343,2,13.03,1.0
121995,Khách lâu chưa quay lại,0.1097,model,"Kéo lại bằng phim mới, voucher quay lại, thông báo cá nhân hóa",345,4,31.66,0.25
102169,Khách lâu chưa quay lại,0.1095,model,"Kéo lại bằng phim mới, voucher quay lại, thông báo cá nhân hóa",428,3,22.01,0.6667
133379,Khách lâu chưa quay lại,0.1093,model,"Kéo lại bằng phim mới, voucher quay lại, thông báo cá nhân hóa",498,2,13.02,1.0
111886,Khách lâu chưa quay lại,0.1093,model,"Kéo lại bằng phim mới, voucher quay lại, thông báo cá nhân hóa",498,2,13.02,1.0
204863,Khách thường xuyên,0.1093,model,"Duy trì, không cần giảm giá sâu",16,2,7.34,0.0
103035,Khách lâu chưa quay lại,0.109,model,"Kéo lại bằng phim mới, voucher quay lại, thông báo cá nhân hóa",438,18,164.02,0.0
115584,Khách lâu chưa quay lại,0.109,model,"Kéo lại bằng phim mới, voucher quay lại, thông báo cá nhân hóa",995,4,30.51,0.0
100110,Khách lâu chưa quay lại,0.1089,model,"Kéo lại bằng phim mới, voucher quay lại, thông báo cá nhân hóa",875,2,13.93,0.5
115045,Khách lâu chưa quay lại,0.1089,model,"Kéo lại bằng phim mới, voucher quay lại, thông báo cá nhân hóa",919,2,13.93,0.5
118771,Khách lâu chưa quay lại,0.1089,model,"Kéo lại bằng phim mới, voucher quay lại, thông báo cá nhân hóa",959,4,26.67,0.5
202903,Khách thường xuyên,0.1088,model,"Duy trì, không cần giảm giá sâu",1,2,13.7,0.0
182899,Khách lâu chưa quay lại,0.1088,model,"Kéo lại bằng phim mới, voucher quay lại, thông báo cá nhân hóa",98,1,6.52,1.0
137764,Khách lâu chưa quay lại,0.1088,model,"Kéo lại bằng phim mới, voucher quay lại, thông báo cá nhân hóa",101,1,6.52,1.0
155420,Khách lâu chưa quay lại,0.1086,model,"Kéo lại bằng phim mới, voucher quay lại, thông báo cá nhân hóa",344,2,13.02,1.0
120825,Khách nhạy khuyến mãi,0.1084,model,"Chuyển từ giảm giá trực tiếp sang tích điểm, voucher cá nhân hóa",55,2,9.35,1.0
129060,Khách lâu chưa quay lại,0.1083,model,"Kéo lại bằng phim mới, voucher quay lại, thông báo cá nhân hóa",420,4,26.07,1.0
164251,Khách lâu chưa quay lại,0.108,model,"Kéo lại bằng phim mới, voucher quay lại, thông báo cá nhân hóa",450,2,13.02,1.0
111446,Khách lâu chưa quay lại,0.1077,model,"Kéo lại bằng phim mới, voucher quay lại, thông báo cá nhân hóa",435,2,13.52,0.5
147110,Khách lâu chưa quay lại,0.1077,model,"Kéo lại bằng phim mới, voucher quay lại, thông báo cá nhân hóa",1157,1,2.89,1.0
113513,Khách lâu chưa quay lại,0.1075,model,"Kéo lại bằng phim mới, voucher quay lại, thông báo cá nhân hóa",1077,4,19.76,0.0
110243,Khách lâu chưa quay lại,0.1069,model,"Kéo lại bằng phim mới, voucher quay lại, thông báo cá nhân hóa",997,4,29.27,0.0
188478,Khách lâu chưa quay lại,0.1068,model,"Kéo lại bằng phim mới, voucher quay lại, thông báo cá nhân hóa",357,2,5.32,0.5
108143,Khách lâu chưa quay lại,0.1066,model,"Kéo lại bằng phim mới, voucher quay lại, thông báo cá nhân hóa",434,3,19.38,0.0
149667,Khách giá trị cao,0.1066,model,"Membership, ưu đãi đặc quyền, đặt vé sớm phim hot",25,3,23.83,0.6667
141945,Khách lâu chưa quay lại,0.1063,model,"Kéo lại bằng phim mới, voucher quay lại, thông báo cá nhân hóa",457,1,1.69,0.0
110140,Khách giá trị cao,0.1062,model,"Membership, ưu đãi đặc quyền, đặt vé sớm phim hot",16,13,66.09,0.3077
153618,Khách lâu chưa quay lại,0.106,model,"Kéo lại bằng phim mới, voucher quay lại, thông báo cá nhân hóa",359,1,27.3,1.0
125961,Khách lâu chưa quay lại,0.106,model,"Kéo lại bằng phim mới, voucher quay lại, thông báo cá nhân hóa",360,1,27.3,1.0
172493,Khách lâu chưa quay lại,0.1059,model,"Kéo lại bằng phim mới, voucher quay lại, thông báo cá nhân hóa",336,2,13.03,1.0
109831,Khách lâu chưa quay lại,0.1058,model,"Kéo lại bằng phim mới, voucher quay lại, thông báo cá nhân hóa",978,3,18.6,0.0
112688,Khách lâu chưa quay lại,0.1057,model,"Kéo lại bằng phim mới, voucher quay lại, thông báo cá nhân hóa",311,1,9.77,1.0
121403,Khách lâu chưa quay lại,0.1056,model,"Kéo lại bằng phim mới, voucher quay lại, thông báo cá nhân hóa",751,6,46.74,0.5
137866,Khách lâu chưa quay lại,0.1055,model,"Kéo lại bằng phim mới, voucher quay lại, thông báo cá nhân hóa",524,3,17.64,0.3333
163439,Khách lâu chưa quay lại,0.1055,model,"Kéo lại bằng phim mới, voucher quay lại, thông báo cá nhân hóa",329,3,16.29,1.0
155341,Khách nhạy khuyến mãi,0.1054,model,"Chuyển từ giảm giá trực tiếp sang tích điểm, voucher cá nhân hóa",79,1,3.25,1.0
123395,Khách nhạy khuyến mãi,0.1054,model,"Chuyển từ giảm giá trực tiếp sang tích điểm, voucher cá nhân hóa",82,1,3.25,1.0
184909,Khách lâu chưa quay lại,0.1053,model,"Kéo lại bằng phim mới, voucher quay lại, thông báo cá nhân hóa",99,1,6.52,1.0
104808,Khách lâu chưa quay lại,0.1051,model,"Kéo lại bằng phim mới, voucher quay lại, thông báo cá nhân hóa",330,4,27.26,0.5
195890,Khách nhạy khuyến mãi,0.105,model,"Chuyển từ giảm giá trực tiếp sang tích điểm, voucher cá nhân hóa",83,1,6.52,1.0
195634,Khách nhạy khuyến mãi,0.105,model,"Chuyển từ giảm giá trực tiếp sang tích điểm, voucher cá nhân hóa",80,1,6.52,1.0
166982,Khách nhạy khuyến mãi,0.105,model,"Chuyển từ giảm giá trực tiếp sang tích điểm, voucher cá nhân hóa",73,1,6.52,1.0
184786,Khách nhạy khuyến mãi,0.105,model,"Chuyển từ giảm giá trực tiếp sang tích điểm, voucher cá nhân hóa",77,1,6.52,1.0
183698,Khách nhạy khuyến mãi,0.105,model,"Chuyển từ giảm giá trực tiếp sang tích điểm, voucher cá nhân hóa",79,1,6.52,1.0
111687,Khách nhạy khuyến mãi,0.105,model,"Chuyển từ giảm giá trực tiếp sang tích điểm, voucher cá nhân hóa",82,1,6.52,1.0
101156,Khách nhạy khuyến mãi,0.105,model,"Chuyển từ giảm giá trực tiếp sang tích điểm, voucher cá nhân hóa",86,1,6.52,1.0
128365,Khách nhạy khuyến mãi,0.105,model,"Chuyển từ giảm giá trực tiếp sang tích điểm, voucher cá nhân hóa",80,1,6.52,1.0
200658,Khách lâu chưa quay lại,0.105,model,"Kéo lại bằng phim mới, voucher quay lại, thông báo cá nhân hóa",93,1,6.52,1.0
183990,Khách nhạy khuyến mãi,0.105,model,"Chuyển từ giảm giá trực tiếp sang tích điểm, voucher cá nhân hóa",71,1,6.52,1.0
102188,Khách nhạy khuyến mãi,0.105,model,"Chuyển từ giảm giá trực tiếp sang tích điểm, voucher cá nhân hóa",78,1,6.52,1.0
219204,Khách nhạy khuyến mãi,0.105,model,"Chuyển từ giảm giá trực tiếp sang tích điểm, voucher cá nhân hóa",84,1,6.52,1.0
146537,Khách nhạy khuyến mãi,0.105,model,"Chuyển từ giảm giá trực tiếp sang tích điểm, voucher cá nhân hóa",85,1,6.52,1.0
123397,Khách nhạy khuyến mãi,0.105,model,"Chuyển từ giảm giá trực tiếp sang tích điểm, voucher cá nhân hóa",78,1,6.52,1.0
107814,Khách nhạy khuyến mãi,0.105,model,"Chuyển từ giảm giá trực tiếp sang tích điểm, voucher cá nhân hóa",78,1,6.52,1.0
132506,Khách nhạy khuyến mãi,0.105,model,"Chuyển từ giảm giá trực tiếp sang tích điểm, voucher cá nhân hóa",85,1,6.52,1.0
140514,Khách nhạy khuyến mãi,0.105,model,"Chuyển từ giảm giá trực tiếp sang tích điểm, voucher cá nhân hóa",83,1,6.52,1.0
193919,Khách nhạy khuyến mãi,0.105,model,"Chuyển từ giảm giá trực tiếp sang tích điểm, voucher cá nhân hóa",85,1,6.52,1.0
131749,Khách nhạy khuyến mãi,0.105,model,"Chuyển từ giảm giá trực tiếp sang tích điểm, voucher cá nhân hóa",73,1,6.52,1.0
131697,Khách lâu chưa quay lại,0.105,model,"Kéo lại bằng phim mới, voucher quay lại, thông báo cá nhân hóa",93,1,6.52,1.0
173364,Khách nhạy khuyến mãi,0.105,model,"Chuyển từ giảm giá trực tiếp sang tích điểm, voucher cá nhân hóa",71,1,6.52,1.0
138595,Khách nhạy khuyến mãi,0.105,model,"Chuyển từ giảm giá trực tiếp sang tích điểm, voucher cá nhân hóa",82,1,6.52,1.0
178268,Khách nhạy khuyến mãi,0.105,model,"Chuyển từ giảm giá trực tiếp sang tích điểm, voucher cá nhân hóa",85,1,6.52,1.0
201955,Khách nhạy khuyến mãi,0.105,model,"Chuyển từ giảm giá trực tiếp sang tích điểm, voucher cá nhân hóa",77,1,6.52,1.0
179648,Khách nhạy khuyến mãi,0.105,model,"Chuyển từ giảm giá trực tiếp sang tích điểm, voucher cá nhân hóa",74,1,6.52,1.0
217140,Khách nhạy khuyến mãi,0.105,model,"Chuyển từ giảm giá trực tiếp sang tích điểm, voucher cá nhân hóa",84,1,6.52,1.0
133112,Khách nhạy khuyến mãi,0.1049,model,"Chuyển từ giảm giá trực tiếp sang tích điểm, voucher cá nhân hóa",83,2,11.79,0.5
104442,Khách lâu chưa quay lại,0.1046,model,"Kéo lại bằng phim mới, voucher quay lại, thông báo cá nhân hóa",767,3,17.98,1.0
141984,Khách nhạy khuyến mãi,0.1043,model,"Chuyển từ giảm giá trực tiếp sang tích điểm, voucher cá nhân hóa",19,2,7.1,1.0
110168,Khách lâu chưa quay lại,0.1043,model,"Kéo lại bằng phim mới, voucher quay lại, thông báo cá nhân hóa",1028,4,21.86,0.0
107257,Khách lâu chưa quay lại,0.1042,model,"Kéo lại bằng phim mới, voucher quay lại, thông báo cá nhân hóa",358,5,25.28,1.0
152958,Khách lâu chưa quay lại,0.104,model,"Kéo lại bằng phim mới, voucher quay lại, thông báo cá nhân hóa",330,2,16.3,1.0
132849,Khách lâu chưa quay lại,0.1039,model,"Kéo lại bằng phim mới, voucher quay lại, thông báo cá nhân hóa",343,4,69.69,0.5
208149,Khách nhạy khuyến mãi,0.1039,model,"Chuyển từ giảm giá trực tiếp sang tích điểm, voucher cá nhân hóa",20,2,12.21,1.0
105840,Khách lâu chưa quay lại,0.1038,model,"Kéo lại bằng phim mới, voucher quay lại, thông báo cá nhân hóa",939,5,55.47,0.0
163274,Khách lâu chưa quay lại,0.1037,model,"Kéo lại bằng phim mới, voucher quay lại, thông báo cá nhân hóa",950,3,19.84,0.3333
113446,Khách lâu chưa quay lại,0.1035,model,"Kéo lại bằng phim mới, voucher quay lại, thông báo cá nhân hóa",949,2,34.64,0.0
107015,Khách lâu chưa quay lại,0.1034,model,"Kéo lại bằng phim mới, voucher quay lại, thông báo cá nhân hóa",434,3,16.92,0.0
130020,Khách giá trị cao,0.1032,model,"Membership, ưu đãi đặc quyền, đặt vé sớm phim hot",23,4,51.34,0.5
142831,Khách giá trị cao,0.1031,model,"Membership, ưu đãi đặc quyền, đặt vé sớm phim hot",31,5,50.96,0.2
116366,Khách giá trị cao,0.1031,model,"Membership, ưu đãi đặc quyền, đặt vé sớm phim hot",101,4,38.39,0.5
136105,Khách giá trị cao,0.103,model,"Membership, ưu đãi đặc quyền, đặt vé sớm phim hot",83,3,11.91,0.6667
101036,Khách lâu chưa quay lại,0.1027,model,"Kéo lại bằng phim mới, voucher quay lại, thông báo cá nhân hóa",421,2,13.03,1.0
111218,Khách nhạy khuyến mãi,0.1025,model,"Chuyển từ giảm giá trực tiếp sang tích điểm, voucher cá nhân hóa",23,2,6.56,0.5
135747,Khách lâu chưa quay lại,0.1025,model,"Kéo lại bằng phim mới, voucher quay lại, thông báo cá nhân hóa",323,2,13.02,1.0
129754,Khách nhạy khuyến mãi,0.1024,model,"Chuyển từ giảm giá trực tiếp sang tích điểm, voucher cá nhân hóa",24,2,13.12,0.5
104248,Khách nhạy khuyến mãi,0.1024,model,"Chuyển từ giảm giá trực tiếp sang tích điểm, voucher cá nhân hóa",24,2,12.2,1.0
222641,Khách giá trị cao,0.1023,model,"Membership, ưu đãi đặc quyền, đặt vé sớm phim hot",5,11,63.33,0.1818
139021,Khách lâu chưa quay lại,0.1021,model,"Kéo lại bằng phim mới, voucher quay lại, thông báo cá nhân hóa",359,5,33.58,0.2
147944,Khách lâu chưa quay lại,0.1021,model,"Kéo lại bằng phim mới, voucher quay lại, thông báo cá nhân hóa",1157,1,2.89,1.0
114218,Khách lâu chưa quay lại,0.102,model,"Kéo lại bằng phim mới, voucher quay lại, thông báo cá nhân hóa",1001,1,9.4,1.0
139621,Khách lâu chưa quay lại,0.102,model,"Kéo lại bằng phim mới, voucher quay lại, thông báo cá nhân hóa",998,3,14.85,0.0
177990,Khách giá trị cao,0.1019,model,"Membership, ưu đãi đặc quyền, đặt vé sớm phim hot",23,3,38.67,0.3333
137495,Khách lâu chưa quay lại,0.1019,model,"Kéo lại bằng phim mới, voucher quay lại, thông báo cá nhân hóa",313,4,13.81,0.5
117760,Khách lâu chưa quay lại,0.1018,model,"Kéo lại bằng phim mới, voucher quay lại, thông báo cá nhân hóa",444,3,13.98,0.0
150321,Khách nhạy khuyến mãi,0.1018,model,"Chuyển từ giảm giá trực tiếp sang tích điểm, voucher cá nhân hóa",3,2,7.38,0.5
149475,Khách nhạy khuyến mãi,0.1017,model,"Chuyển từ giảm giá trực tiếp sang tích điểm, voucher cá nhân hóa",28,2,12.21,1.0
103381,Khách lâu chưa quay lại,0.1015,model,"Kéo lại bằng phim mới, voucher quay lại, thông báo cá nhân hóa",1100,5,52.58,0.0
111512,Khách thường xuyên,0.1014,model,"Duy trì, không cần giảm giá sâu",3,2,15.26,0.0
127130,Khách giá trị cao,0.1013,model,"Membership, ưu đãi đặc quyền, đặt vé sớm phim hot",23,4,31.38,1.0
111666,Khách lâu chưa quay lại,0.1011,model,"Kéo lại bằng phim mới, voucher quay lại, thông báo cá nhân hóa",93,2,10.63,0.5
137243,Khách lâu chưa quay lại,0.1009,model,"Kéo lại bằng phim mới, voucher quay lại, thông báo cá nhân hóa",926,3,17.97,0.6667
118995,Khách lâu chưa quay lại,0.1009,model,"Kéo lại bằng phim mới, voucher quay lại, thông báo cá nhân hóa",1093,3,28.04,0.0
123090,Khách giá trị cao,0.1008,model,"Membership, ưu đãi đặc quyền, đặt vé sớm phim hot",85,3,11.87,0.6667
212918,Khách nhạy khuyến mãi,0.1007,model,"Chuyển từ giảm giá trực tiếp sang tích điểm, voucher cá nhân hóa",21,2,13.11,0.5
141566,Khách lâu chưa quay lại,0.1005,model,"Kéo lại bằng phim mới, voucher quay lại, thông báo cá nhân hóa",323,6,83.65,0.0
112889,Khách giá trị cao,0.1003,model,"Membership, ưu đãi đặc quyền, đặt vé sớm phim hot",31,3,13.44,0.0
110906,Khách lâu chưa quay lại,0.1002,model,"Kéo lại bằng phim mới, voucher quay lại, thông báo cá nhân hóa",929,3,19.84,0.0
145945,Khách lâu chưa quay lại,0.1001,model,"Kéo lại bằng phim mới, voucher quay lại, thông báo cá nhân hóa",1077,2,12.78,0.0
111450,Khách giá trị cao,0.1001,model,"Membership, ưu đãi đặc quyền, đặt vé sớm phim hot",2,18,71.04,0.0
124639,Khách lâu chưa quay lại,0.1,model,"Kéo lại bằng phim mới, voucher quay lại, thông báo cá nhân hóa",497,3,30.88,0.0
154967,Khách lâu chưa quay lại,0.0999,model,"Kéo lại bằng phim mới, voucher quay lại, thông báo cá nhân hóa",324,2,13.02,1.0
100640,Khách lâu chưa quay lại,0.0995,model,"Kéo lại bằng phim mới, voucher quay lại, thông báo cá nhân hóa",360,2,14.77,0.5
123703,Khách lâu chưa quay lại,0.0994,model,"Kéo lại bằng phim mới, voucher quay lại, thông báo cá nhân hóa",328,3,25.36,0.0
192895,Khách nhạy khuyến mãi,0.0994,model,"Chuyển từ giảm giá trực tiếp sang tích điểm, voucher cá nhân hóa",71,2,13.03,1.0
123017,Khách lâu chưa quay lại,0.0993,model,"Kéo lại bằng phim mới, voucher quay lại, thông báo cá nhân hóa",1109,2,7.42,0.5
100389,Khách lâu chưa quay lại,0.0993,model,"Kéo lại bằng phim mới, voucher quay lại, thông báo cá nhân hóa",986,3,15.05,0.0
116271,Khách lâu chưa quay lại,0.0989,model,"Kéo lại bằng phim mới, voucher quay lại, thông báo cá nhân hóa",493,3,20.03,0.6667
115843,Khách giá trị cao,0.0989,model,"Membership, ưu đãi đặc quyền, đặt vé sớm phim hot",47,4,49.57,0.0
144406,Khách nhạy khuyến mãi,0.0989,model,"Chuyển từ giảm giá trực tiếp sang tích điểm, voucher cá nhân hóa",64,1,6.52,1.0
105350,Khách giá trị cao,0.0988,model,"Membership, ưu đãi đặc quyền, đặt vé sớm phim hot",53,3,15.31,0.6667
137240,Khách lâu chưa quay lại,0.0987,model,"Kéo lại bằng phim mới, voucher quay lại, thông báo cá nhân hóa",493,18,68.59,0.0
181300,Khách nhạy khuyến mãi,0.0986,model,"Chuyển từ giảm giá trực tiếp sang tích điểm, voucher cá nhân hóa",71,1,6.52,1.0
183365,Khách nhạy khuyến mãi,0.0986,model,"Chuyển từ giảm giá trực tiếp sang tích điểm, voucher cá nhân hóa",66,1,6.52,1.0
129211,Khách nhạy khuyến mãi,0.0986,model,"Chuyển từ giảm giá trực tiếp sang tích điểm, voucher cá nhân hóa",79,1,6.52,1.0
105737,Khách nhạy khuyến mãi,0.0986,model,"Chuyển từ giảm giá trực tiếp sang tích điểm, voucher cá nhân hóa",83,1,6.52,1.0
180482,Khách nhạy khuyến mãi,0.0986,model,"Chuyển từ giảm giá trực tiếp sang tích điểm, voucher cá nhân hóa",72,1,6.52,1.0
152927,Khách lâu chưa quay lại,0.0985,model,"Kéo lại bằng phim mới, voucher quay lại, thông báo cá nhân hóa",93,2,13.03,1.0
103117,Khách lâu chưa quay lại,0.0981,model,"Kéo lại bằng phim mới, voucher quay lại, thông báo cá nhân hóa",1122,1,40.21,0.0
125274,Khách lâu chưa quay lại,0.098,model,"Kéo lại bằng phim mới, voucher quay lại, thông báo cá nhân hóa",868,5,35.87,0.0
119146,Khách lâu chưa quay lại,0.0979,model,"Kéo lại bằng phim mới, voucher quay lại, thông báo cá nhân hóa",527,2,13.02,1.0
120962,Khách lâu chưa quay lại,0.0977,model,"Kéo lại bằng phim mới, voucher quay lại, thông báo cá nhân hóa",355,4,23.49,0.75
155006,Khách nhạy khuyến mãi,0.0977,model,"Chuyển từ giảm giá trực tiếp sang tích điểm, voucher cá nhân hóa",85,2,13.02,1.0
101512,Khách lâu chưa quay lại,0.0974,model,"Kéo lại bằng phim mới, voucher quay lại, thông báo cá nhân hóa",1121,2,61.2,0.0
146843,Khách lâu chưa quay lại,0.0973,model,"Kéo lại bằng phim mới, voucher quay lại, thông báo cá nhân hóa",1005,3,21.78,0.3333
125271,Khách lâu chưa quay lại,0.097,model,"Kéo lại bằng phim mới, voucher quay lại, thông báo cá nhân hóa",1009,3,19.72,0.3333
113892,Khách lâu chưa quay lại,0.097,model,"Kéo lại bằng phim mới, voucher quay lại, thông báo cá nhân hóa",308,4,46.81,0.5
110885,Khách nhạy khuyến mãi,0.0969,model,"Chuyển từ giảm giá trực tiếp sang tích điểm, voucher cá nhân hóa",87,2,11.51,0.5
104103,Khách lâu chưa quay lại,0.0969,model,"Kéo lại bằng phim mới, voucher quay lại, thông báo cá nhân hóa",449,6,32.76,0.5
127520,Khách nhạy khuyến mãi,0.0969,model,"Chuyển từ giảm giá trực tiếp sang tích điểm, voucher cá nhân hóa",21,2,8.95,1.0
113112,Khách nhạy khuyến mãi,0.0967,model,"Chuyển từ giảm giá trực tiếp sang tích điểm, voucher cá nhân hóa",13,2,9.73,0.5
149443,Khách lâu chưa quay lại,0.0965,model,"Kéo lại bằng phim mới, voucher quay lại, thông báo cá nhân hóa",360,7,49.38,0.7143
101462,Khách giá trị cao,0.0963,model,"Membership, ưu đãi đặc quyền, đặt vé sớm phim hot",82,3,25.46,0.0
142426,Khách lâu chưa quay lại,0.0963,model,"Kéo lại bằng phim mới, voucher quay lại, thông báo cá nhân hóa",884,1,9.4,1.0
150960,Khách lâu chưa quay lại,0.0961,model,"Kéo lại bằng phim mới, voucher quay lại, thông báo cá nhân hóa",356,3,22.1,0.0
122172,Khách lâu chưa quay lại,0.096,model,"Kéo lại bằng phim mới, voucher quay lại, thông báo cá nhân hóa",364,2,13.03,1.0
130533,Khách lâu chưa quay lại,0.096,model,"Kéo lại bằng phim mới, voucher quay lại, thông báo cá nhân hóa",351,4,33.99,0.0
132681,Khách lâu chưa quay lại,0.0958,model,"Kéo lại bằng phim mới, voucher quay lại, thông báo cá nhân hóa",893,3,23.5,0.0
123578,Khách nhạy khuyến mãi,0.0957,model,"Chuyển từ giảm giá trực tiếp sang tích điểm, voucher cá nhân hóa",20,2,11.88,0.5
108503,Khách lâu chưa quay lại,0.0955,model,"Kéo lại bằng phim mới, voucher quay lại, thông báo cá nhân hóa",494,4,23.51,0.0
121875,Khách lâu chưa quay lại,0.0955,model,"Kéo lại bằng phim mới, voucher quay lại, thông báo cá nhân hóa",1068,1,3.09,0.0
155622,Khách lâu chưa quay lại,0.0955,model,"Kéo lại bằng phim mới, voucher quay lại, thông báo cá nhân hóa",1068,1,3.09,0.0
101654,Khách lâu chưa quay lại,0.0955,model,"Kéo lại bằng phim mới, voucher quay lại, thông báo cá nhân hóa",356,5,73.15,0.4
107678,Khách lâu chưa quay lại,0.0954,model,"Kéo lại bằng phim mới, voucher quay lại, thông báo cá nhân hóa",455,3,26.06,1.0
203687,Khách thường xuyên,0.0953,model,"Duy trì, không cần giảm giá sâu",73,1,4.18,0.0
222949,Khách mua một lần (mới),0.0953,model,Tặng coupon cho lần mua thứ hai trong vòng 7–14 ngày,22,1,4.21,0.0
115591,Khách mua một lần (mới),0.0953,model,Tặng coupon cho lần mua thứ hai trong vòng 7–14 ngày,19,1,4.32,0.0
112822,Khách mua một lần (mới),0.0953,model,Tặng coupon cho lần mua thứ hai trong vòng 7–14 ngày,30,1,4.24,0.0
152627,Khách thường xuyên,0.0953,model,"Duy trì, không cần giảm giá sâu",33,1,4.24,0.0
101573,Khách nhạy khuyến mãi,0.0953,model,"Chuyển từ giảm giá trực tiếp sang tích điểm, voucher cá nhân hóa",80,1,3.25,1.0
100941,Khách nhạy khuyến mãi,0.0953,model,"Chuyển từ giảm giá trực tiếp sang tích điểm, voucher cá nhân hóa",77,1,3.25,1.0
197379,Khách nhạy khuyến mãi,0.0953,model,"Chuyển từ giảm giá trực tiếp sang tích điểm, voucher cá nhân hóa",78,1,3.25,1.0
140654,Khách nhạy khuyến mãi,0.0953,model,"Chuyển từ giảm giá trực tiếp sang tích điểm, voucher cá nhân hóa",85,1,3.25,1.0
135066,Khách lâu chưa quay lại,0.0953,model,"Kéo lại bằng phim mới, voucher quay lại, thông báo cá nhân hóa",441,6,46.6,0.0
141431,Khách lâu chưa quay lại,0.0952,model,"Kéo lại bằng phim mới, voucher quay lại, thông báo cá nhân hóa",346,3,29.15,0.3333
120377,Khách lâu chưa quay lại,0.0951,model,"Kéo lại bằng phim mới, voucher quay lại, thông báo cá nhân hóa",308,2,16.3,1.0
171878,Khách lâu chưa quay lại,0.0951,model,"Kéo lại bằng phim mới, voucher quay lại, thông báo cá nhân hóa",324,2,13.03,1.0
176157,Khách nhạy khuyến mãi,0.095,model,"Chuyển từ giảm giá trực tiếp sang tích điểm, voucher cá nhân hóa",16,2,10.69,0.5
115650,Khách lâu chưa quay lại,0.095,model,"Kéo lại bằng phim mới, voucher quay lại, thông báo cá nhân hóa",884,1,9.4,1.0
142205,Khách lâu chưa quay lại,0.095,model,"Kéo lại bằng phim mới, voucher quay lại, thông báo cá nhân hóa",1064,1,2.89,0.0
149656,Khách giá trị cao,0.095,model,"Membership, ưu đãi đặc quyền, đặt vé sớm phim hot",16,6,42.78,0.3333
123567,Khách lâu chưa quay lại,0.0949,model,"Kéo lại bằng phim mới, voucher quay lại, thông báo cá nhân hóa",1032,2,28.04,0.0
107811,Khách lâu chưa quay lại,0.0949,model,"Kéo lại bằng phim mới, voucher quay lại, thông báo cá nhân hóa",1052,2,28.46,0.0
120388,Khách lâu chưa quay lại,0.0949,model,"Kéo lại bằng phim mới, voucher quay lại, thông báo cá nhân hóa",378,4,34.02,0.5
130781,Khách lâu chưa quay lại,0.0948,model,"Kéo lại bằng phim mới, voucher quay lại, thông báo cá nhân hóa",494,3,20.21,0.0
105911,Khách lâu chưa quay lại,0.0947,model,"Kéo lại bằng phim mới, voucher quay lại, thông báo cá nhân hóa",438,3,23.71,1.0
129027,Khách lâu chưa quay lại,0.0943,model,"Kéo lại bằng phim mới, voucher quay lại, thông báo cá nhân hóa",350,4,16.14,0.0
115165,Khách lâu chưa quay lại,0.0942,model,"Kéo lại bằng phim mới, voucher quay lại, thông báo cá nhân hóa",456,7,57.22,0.1429
171470,Khách lâu chưa quay lại,0.0941,model,"Kéo lại bằng phim mới, voucher quay lại, thông báo cá nhân hóa",307,4,50.01,0.5
161014,Khách thường xuyên,0.0937,model,"Duy trì, không cần giảm giá sâu",21,2,33.86,0.0
162878,Khách lâu chưa quay lại,0.0937,model,"Kéo lại bằng phim mới, voucher quay lại, thông báo cá nhân hóa",358,2,19.56,1.0
138754,Khách lâu chưa quay lại,0.0936,model,"Kéo lại bằng phim mới, voucher quay lại, thông báo cá nhân hóa",977,2,37.74,0.0
104280,Khách lâu chưa quay lại,0.0936,model,"Kéo lại bằng phim mới, voucher quay lại, thông báo cá nhân hóa",360,6,39.07,1.0
132750,Khách lâu chưa quay lại,0.0936,model,"Kéo lại bằng phim mới, voucher quay lại, thông báo cá nhân hóa",364,3,31.26,0.6667
130510,Khách lâu chưa quay lại,0.0935,model,"Kéo lại bằng phim mới, voucher quay lại, thông báo cá nhân hóa",365,9,102.29,0.0
146693,Khách giá trị cao,0.0932,model,"Membership, ưu đãi đặc quyền, đặt vé sớm phim hot",62,5,65.27,0.4
133466,Khách lâu chưa quay lại,0.0931,model,"Kéo lại bằng phim mới, voucher quay lại, thông báo cá nhân hóa",1050,2,61.57,0.0
127249,Khách lâu chưa quay lại,0.0931,model,"Kéo lại bằng phim mới, voucher quay lại, thông báo cá nhân hóa",779,6,41.82,0.5
135701,Khách lâu chưa quay lại,0.0931,model,"Kéo lại bằng phim mới, voucher quay lại, thông báo cá nhân hóa",402,2,16.71,1.0
112714,Khách nhạy khuyến mãi,0.093,model,"Chuyển từ giảm giá trực tiếp sang tích điểm, voucher cá nhân hóa",78,2,9.78,1.0
128646,Khách lâu chưa quay lại,0.093,model,"Kéo lại bằng phim mới, voucher quay lại, thông báo cá nhân hóa",807,5,29.49,0.0
167162,Khách giá trị cao,0.0928,model,"Membership, ưu đãi đặc quyền, đặt vé sớm phim hot",21,4,28.32,0.75
110789,Khách nhạy khuyến mãi,0.0928,model,"Chuyển từ giảm giá trực tiếp sang tích điểm, voucher cá nhân hóa",71,2,10.22,0.5
120720,Khách lâu chưa quay lại,0.0928,model,"Kéo lại bằng phim mới, voucher quay lại, thông báo cá nhân hóa",436,2,13.02,1.0
119388,Khách giá trị cao,0.0927,model,"Membership, ưu đãi đặc quyền, đặt vé sớm phim hot",24,15,105.91,0.2667
110478,Khách giá trị cao,0.0927,model,"Membership, ưu đãi đặc quyền, đặt vé sớm phim hot",16,3,8.96,1.0
113751,Khách lâu chưa quay lại,0.0927,model,"Kéo lại bằng phim mới, voucher quay lại, thông báo cá nhân hóa",1050,2,30.51,0.0
139979,Khách lâu chưa quay lại,0.0927,model,"Kéo lại bằng phim mới, voucher quay lại, thông báo cá nhân hóa",1043,2,29.69,0.0
166624,Khách lâu chưa quay lại,0.0927,model,"Kéo lại bằng phim mới, voucher quay lại, thông báo cá nhân hóa",960,1,10.22,1.0
168287,Khách lâu chưa quay lại,0.0927,model,"Kéo lại bằng phim mới, voucher quay lại, thông báo cá nhân hóa",959,1,10.22,1.0
147165,Khách giá trị cao,0.0926,model,"Membership, ưu đãi đặc quyền, đặt vé sớm phim hot",0,4,29.64,0.5
111191,Khách lâu chưa quay lại,0.0923,model,"Kéo lại bằng phim mới, voucher quay lại, thông báo cá nhân hóa",351,2,13.02,1.0
108991,Khách thường xuyên,0.0922,model,"Duy trì, không cần giảm giá sâu",41,2,11.14,0.0
148163,Khách lâu chưa quay lại,0.0922,model,"Kéo lại bằng phim mới, voucher quay lại, thông báo cá nhân hóa",1052,1,62.69,0.0
132224,Khách nhạy khuyến mãi,0.0922,model,"Chuyển từ giảm giá trực tiếp sang tích điểm, voucher cá nhân hóa",51,1,3.26,1.0
129118,Khách nhạy khuyến mãi,0.0922,model,"Chuyển từ giảm giá trực tiếp sang tích điểm, voucher cá nhân hóa",58,1,3.26,1.0
139774,Khách lâu chưa quay lại,0.0922,model,"Kéo lại bằng phim mới, voucher quay lại, thông báo cá nhân hóa",912,4,24.58,0.5
126022,Khách lâu chưa quay lại,0.0921,model,"Kéo lại bằng phim mới, voucher quay lại, thông báo cá nhân hóa",994,3,30.51,0.0
116852,Khách lâu chưa quay lại,0.092,model,"Kéo lại bằng phim mới, voucher quay lại, thông báo cá nhân hóa",364,4,26.52,0.5
149536,Khách giá trị cao,0.0919,model,"Membership, ưu đãi đặc quyền, đặt vé sớm phim hot",6,3,13.07,0.3333
143068,Khách nhạy khuyến mãi,0.0918,model,"Chuyển từ giảm giá trực tiếp sang tích điểm, voucher cá nhân hóa",63,1,3.26,1.0
149876,Khách lâu chưa quay lại,0.0918,model,"Kéo lại bằng phim mới, voucher quay lại, thông báo cá nhân hóa",1084,1,2.68,0.0
102346,Khách lâu chưa quay lại,0.0918,model,"Kéo lại bằng phim mới, voucher quay lại, thông báo cá nhân hóa",1090,1,2.68,0.0
129685,Khách lâu chưa quay lại,0.0918,model,"Kéo lại bằng phim mới, voucher quay lại, thông báo cá nhân hóa",1118,1,2.68,0.0
116506,Khách lâu chưa quay lại,0.0917,model,"Kéo lại bằng phim mới, voucher quay lại, thông báo cá nhân hóa",338,2,13.11,0.0
141394,Khách thường xuyên,0.0916,model,"Duy trì, không cần giảm giá sâu",7,2,9.07,0.0
106423,Khách thường xuyên,0.0914,model,"Duy trì, không cần giảm giá sâu",22,2,11.69,0.0
141012,Khách lâu chưa quay lại,0.0913,model,"Kéo lại bằng phim mới, voucher quay lại, thông báo cá nhân hóa",466,3,19.53,1.0
211705,Khách nhạy khuyến mãi,0.0912,model,"Chuyển từ giảm giá trực tiếp sang tích điểm, voucher cá nhân hóa",33,1,3.29,1.0
218607,Khách nhạy khuyến mãi,0.0912,model,"Chuyển từ giảm giá trực tiếp sang tích điểm, voucher cá nhân hóa",31,1,3.29,1.0
128005,Khách nhạy khuyến mãi,0.0912,model,"Chuyển từ giảm giá trực tiếp sang tích điểm, voucher cá nhân hóa",33,1,3.29,1.0
204037,Khách nhạy khuyến mãi,0.0912,model,"Chuyển từ giảm giá trực tiếp sang tích điểm, voucher cá nhân hóa",33,1,3.29,1.0
108993,Khách nhạy khuyến mãi,0.0912,model,"Chuyển từ giảm giá trực tiếp sang tích điểm, voucher cá nhân hóa",33,1,3.29,1.0
104545,Khách lâu chưa quay lại,0.0912,model,"Kéo lại bằng phim mới, voucher quay lại, thông báo cá nhân hóa",427,5,35.11,0.8
177139,Khách lâu chưa quay lại,0.0911,model,"Kéo lại bằng phim mới, voucher quay lại, thông báo cá nhân hóa",322,2,13.02,1.0
102801,Khách lâu chưa quay lại,0.091,model,"Kéo lại bằng phim mới, voucher quay lại, thông báo cá nhân hóa",1119,1,16.5,0.0
155340,Khách lâu chưa quay lại,0.091,model,"Kéo lại bằng phim mới, voucher quay lại, thông báo cá nhân hóa",1085,1,16.5,0.0
116975,Khách lâu chưa quay lại,0.091,model,"Kéo lại bằng phim mới, voucher quay lại, thông báo cá nhân hóa",1106,1,16.5,0.0
113239,Khách lâu chưa quay lại,0.091,model,"Kéo lại bằng phim mới, voucher quay lại, thông báo cá nhân hóa",1119,1,16.5,0.0
122494,Khách lâu chưa quay lại,0.091,model,"Kéo lại bằng phim mới, voucher quay lại, thông báo cá nhân hóa",1106,1,16.5,0.0
119679,Khách lâu chưa quay lại,0.0907,model,"Kéo lại bằng phim mới, voucher quay lại, thông báo cá nhân hóa",666,3,20.17,0.0
127930,Khách lâu chưa quay lại,0.0907,model,"Kéo lại bằng phim mới, voucher quay lại, thông báo cá nhân hóa",441,3,13.48,0.0
161666,Khách lâu chưa quay lại,0.0904,model,"Kéo lại bằng phim mới, voucher quay lại, thông báo cá nhân hóa",450,2,16.49,0.0
167739,Khách nhạy khuyến mãi,0.0904,model,"Chuyển từ giảm giá trực tiếp sang tích điểm, voucher cá nhân hóa",52,2,12.7,0.5
126501,Khách lâu chưa quay lại,0.0904,model,"Kéo lại bằng phim mới, voucher quay lại, thông báo cá nhân hóa",312,14,86.29,0.0
110373,Khách lâu chưa quay lại,0.0903,model,"Kéo lại bằng phim mới, voucher quay lại, thông báo cá nhân hóa",358,4,39.72,0.75
150096,Khách lâu chưa quay lại,0.0903,model,"Kéo lại bằng phim mới, voucher quay lại, thông báo cá nhân hóa",359,7,57.68,0.4286
114578,Khách lâu chưa quay lại,0.0902,model,"Kéo lại bằng phim mới, voucher quay lại, thông báo cá nhân hóa",420,2,13.04,1.0
153340,Khách lâu chưa quay lại,0.0901,model,"Kéo lại bằng phim mới, voucher quay lại, thông báo cá nhân hóa",346,4,128.68,0.0
111977,Khách lâu chưa quay lại,0.09,model,"Kéo lại bằng phim mới, voucher quay lại, thông báo cá nhân hóa",329,4,39.15,0.5
112618,Khách giá trị cao,0.0899,model,"Membership, ưu đãi đặc quyền, đặt vé sớm phim hot",0,7,42.43,0.1429
191976,Khách lâu chưa quay lại,0.0898,model,"Kéo lại bằng phim mới, voucher quay lại, thông báo cá nhân hóa",358,1,26.35,0.0
126248,Khách lâu chưa quay lại,0.0897,model,"Kéo lại bằng phim mới, voucher quay lại, thông báo cá nhân hóa",455,3,21.25,1.0
125631,Khách lâu chưa quay lại,0.0896,model,"Kéo lại bằng phim mới, voucher quay lại, thông báo cá nhân hóa",344,3,25.04,0.3333
144174,Khách giá trị cao,0.0895,model,"Membership, ưu đãi đặc quyền, đặt vé sớm phim hot",73,3,15.22,0.3333
135321,Khách giá trị cao,0.0894,model,"Membership, ưu đãi đặc quyền, đặt vé sớm phim hot",75,4,19.81,0.25
117649,Khách lâu chưa quay lại,0.0894,model,"Kéo lại bằng phim mới, voucher quay lại, thông báo cá nhân hóa",441,2,7.01,0.5
169263,Khách giá trị cao,0.0893,model,"Membership, ưu đãi đặc quyền, đặt vé sớm phim hot",14,4,28.12,1.0
151940,Khách lâu chưa quay lại,0.0892,model,"Kéo lại bằng phim mới, voucher quay lại, thông báo cá nhân hóa",474,3,18.73,0.3333
170976,Khách lâu chưa quay lại,0.0891,model,"Kéo lại bằng phim mới, voucher quay lại, thông báo cá nhân hóa",354,1,9.77,1.0
115901,Khách lâu chưa quay lại,0.0891,model,"Kéo lại bằng phim mới, voucher quay lại, thông báo cá nhân hóa",348,4,31.55,0.0
122019,Khách giá trị cao,0.0891,model,"Membership, ưu đãi đặc quyền, đặt vé sớm phim hot",15,3,24.65,0.3333
167681,Khách nhạy khuyến mãi,0.089,model,"Chuyển từ giảm giá trực tiếp sang tích điểm, voucher cá nhân hóa",14,2,6.11,1.0
109409,Khách nhạy khuyến mãi,0.089,model,"Chuyển từ giảm giá trực tiếp sang tích điểm, voucher cá nhân hóa",18,2,11.18,0.5
176265,Khách lâu chưa quay lại,0.0889,model,"Kéo lại bằng phim mới, voucher quay lại, thông báo cá nhân hóa",310,3,29.28,0.0
143538,Khách nhạy khuyến mãi,0.0888,model,"Chuyển từ giảm giá trực tiếp sang tích điểm, voucher cá nhân hóa",80,1,6.52,1.0
145468,Khách nhạy khuyến mãi,0.0888,model,"Chuyển từ giảm giá trực tiếp sang tích điểm, voucher cá nhân hóa",79,1,6.52,1.0
116725,Khách nhạy khuyến mãi,0.0888,model,"Chuyển từ giảm giá trực tiếp sang tích điểm, voucher cá nhân hóa",67,1,6.52,1.0
131779,Khách lâu chưa quay lại,0.0884,model,"Kéo lại bằng phim mới, voucher quay lại, thông báo cá nhân hóa",943,4,36.28,0.0
105696,Khách lâu chưa quay lại,0.0884,model,"Kéo lại bằng phim mới, voucher quay lại, thông báo cá nhân hóa",500,6,53.83,0.0
139438,Khách lâu chưa quay lại,0.0883,model,"Kéo lại bằng phim mới, voucher quay lại, thông báo cá nhân hóa",1116,1,1.81,0.0
158750,Khách lâu chưa quay lại,0.0882,model,"Kéo lại bằng phim mới, voucher quay lại, thông báo cá nhân hóa",345,4,28.95,1.0
105380,Khách lâu chưa quay lại,0.0881,model,"Kéo lại bằng phim mới, voucher quay lại, thông báo cá nhân hóa",1061,1,2.93,0.0
150210,Khách lâu chưa quay lại,0.088,model,"Kéo lại bằng phim mới, voucher quay lại, thông báo cá nhân hóa",353,2,49.48,0.0
106015,Khách lâu chưa quay lại,0.0879,model,"Kéo lại bằng phim mới, voucher quay lại, thông báo cá nhân hóa",525,2,13.03,1.0
142907,Khách lâu chưa quay lại,0.0877,model,"Kéo lại bằng phim mới, voucher quay lại, thông báo cá nhân hóa",1088,1,16.5,0.0
103170,Khách lâu chưa quay lại,0.0876,model,"Kéo lại bằng phim mới, voucher quay lại, thông báo cá nhân hóa",450,7,70.75,0.5714
106332,Khách lâu chưa quay lại,0.0876,model,"Kéo lại bằng phim mới, voucher quay lại, thông báo cá nhân hóa",344,3,30.34,0.6667
140954,Khách lâu chưa quay lại,0.0875,model,"Kéo lại bằng phim mới, voucher quay lại, thông báo cá nhân hóa",1003,3,19.53,1.0
158209,Khách nhạy khuyến mãi,0.0875,model,"Chuyển từ giảm giá trực tiếp sang tích điểm, voucher cá nhân hóa",53,2,6.1,1.0
121033,Khách lâu chưa quay lại,0.0874,model,"Kéo lại bằng phim mới, voucher quay lại, thông báo cá nhân hóa",337,15,94.75,0.2
212364,Khách nhạy khuyến mãi,0.0874,model,"Chuyển từ giảm giá trực tiếp sang tích điểm, voucher cá nhân hóa",23,2,12.22,1.0
147828,Khách giá trị cao,0.0874,model,"Membership, ưu đãi đặc quyền, đặt vé sớm phim hot",69,4,36.52,0.0
159298,Khách lâu chưa quay lại,0.0873,model,"Kéo lại bằng phim mới, voucher quay lại, thông báo cá nhân hóa",506,2,12.75,0.0
103150,Khách giá trị cao,0.0873,model,"Membership, ưu đãi đặc quyền, đặt vé sớm phim hot",91,3,27.85,0.0
165883,Khách lâu chưa quay lại,0.087,model,"Kéo lại bằng phim mới, voucher quay lại, thông báo cá nhân hóa",375,3,27.75,0.6667
125109,Khách lâu chưa quay lại,0.0869,model,"Kéo lại bằng phim mới, voucher quay lại, thông báo cá nhân hóa",364,4,47.55,0.5
134259,Khách nhạy khuyến mãi,0.0868,model,"Chuyển từ giảm giá trực tiếp sang tích điểm, voucher cá nhân hóa",58,2,6.52,1.0
161821,Khách lâu chưa quay lại,0.0867,model,"Kéo lại bằng phim mới, voucher quay lại, thông báo cá nhân hóa",315,5,39.38,0.6
137619,Khách lâu chưa quay lại,0.0866,model,"Kéo lại bằng phim mới, voucher quay lại, thông báo cá nhân hóa",770,2,30.06,0.0
203727,Khách lâu chưa quay lại,0.0866,model,"Kéo lại bằng phim mới, voucher quay lại, thông báo cá nhân hóa",524,1,2.06,0.0
150902,Khách lâu chưa quay lại,0.0866,model,"Kéo lại bằng phim mới, voucher quay lại, thông báo cá nhân hóa",552,1,2.06,0.0
124113,Khách lâu chưa quay lại,0.0864,model,"Kéo lại bằng phim mới, voucher quay lại, thông báo cá nhân hóa",961,2,13.93,0.5
196398,Khách thường xuyên,0.0863,model,"Duy trì, không cần giảm giá sâu",22,2,8.89,0.0
133264,Khách nhạy khuyến mãi,0.0863,model,"Chuyển từ giảm giá trực tiếp sang tích điểm, voucher cá nhân hóa",24,2,15.05,1.0
101529,Khách lâu chưa quay lại,0.0863,model,"Kéo lại bằng phim mới, voucher quay lại, thông báo cá nhân hóa",430,2,14.19,0.5
127682,Khách lâu chưa quay lại,0.0862,model,"Kéo lại bằng phim mới, voucher quay lại, thông báo cá nhân hóa",414,2,14.31,0.5
120821,Khách lâu chưa quay lại,0.086,model,"Kéo lại bằng phim mới, voucher quay lại, thông báo cá nhân hóa",330,6,66.11,0.6667
121916,Khách lâu chưa quay lại,0.0859,model,"Kéo lại bằng phim mới, voucher quay lại, thông báo cá nhân hóa",353,2,13.02,1.0
119057,Khách giá trị cao,0.0857,model,"Membership, ưu đãi đặc quyền, đặt vé sớm phim hot",8,3,18.72,1.0
111709,Khách nhạy khuyến mãi,0.0857,model,"Chuyển từ giảm giá trực tiếp sang tích điểm, voucher cá nhân hóa",25,2,12.2,1.0
119839,Khách giá trị cao,0.0856,model,"Membership, ưu đãi đặc quyền, đặt vé sớm phim hot",21,5,30.46,0.2
107282,Khách lâu chưa quay lại,0.0856,model,"Kéo lại bằng phim mới, voucher quay lại, thông báo cá nhân hóa",443,4,24.21,0.75
101322,Khách lâu chưa quay lại,0.0856,model,"Kéo lại bằng phim mới, voucher quay lại, thông báo cá nhân hóa",414,2,13.03,1.0
117545,Khách lâu chưa quay lại,0.0855,model,"Kéo lại bằng phim mới, voucher quay lại, thông báo cá nhân hóa",325,3,18.47,0.3333
142147,Khách lâu chưa quay lại,0.0854,model,"Kéo lại bằng phim mới, voucher quay lại, thông báo cá nhân hóa",1108,1,1.36,0.0
105640,Khách lâu chưa quay lại,0.0854,model,"Kéo lại bằng phim mới, voucher quay lại, thông báo cá nhân hóa",1124,1,1.65,0.0
118274,Khách lâu chưa quay lại,0.0854,model,"Kéo lại bằng phim mới, voucher quay lại, thông báo cá nhân hóa",1108,1,0.82,0.0
131177,Khách lâu chưa quay lại,0.0854,model,"Kéo lại bằng phim mới, voucher quay lại, thông báo cá nhân hóa",1118,1,1.24,0.0
141162,Khách lâu chưa quay lại,0.0854,model,"Kéo lại bằng phim mới, voucher quay lại, thông báo cá nhân hóa",1152,1,1.24,0.0
148512,Khách lâu chưa quay lại,0.0854,model,"Kéo lại bằng phim mới, voucher quay lại, thông báo cá nhân hóa",1134,1,1.24,0.0
139778,Khách lâu chưa quay lại,0.0854,model,"Kéo lại bằng phim mới, voucher quay lại, thông báo cá nhân hóa",1115,1,1.24,0.0
103256,Khách lâu chưa quay lại,0.0854,model,"Kéo lại bằng phim mới, voucher quay lại, thông báo cá nhân hóa",344,3,17.14,0.6667
219324,Khách nhạy khuyến mãi,0.0853,model,"Chuyển từ giảm giá trực tiếp sang tích điểm, voucher cá nhân hóa",32,1,3.29,1.0
217114,Khách nhạy khuyến mãi,0.0853,model,"Chuyển từ giảm giá trực tiếp sang tích điểm, voucher cá nhân hóa",32,1,3.29,1.0
106493,Khách nhạy khuyến mãi,0.0853,model,"Chuyển từ giảm giá trực tiếp sang tích điểm, voucher cá nhân hóa",32,1,3.29,1.0
193075,Khách nhạy khuyến mãi,0.0853,model,"Chuyển từ giảm giá trực tiếp sang tích điểm, voucher cá nhân hóa",31,1,3.29,1.0
145273,Khách giá trị cao,0.0853,model,"Membership, ưu đãi đặc quyền, đặt vé sớm phim hot",11,4,26.75,0.5
159468,Khách lâu chưa quay lại,0.0853,model,"Kéo lại bằng phim mới, voucher quay lại, thông báo cá nhân hóa",920,1,9.4,1.0
117768,Khách lâu chưa quay lại,0.0852,model,"Kéo lại bằng phim mới, voucher quay lại, thông báo cá nhân hóa",1051,3,15.88,0.0
116472,Khách nhạy khuyến mãi,0.0852,model,"Chuyển từ giảm giá trực tiếp sang tích điểm, voucher cá nhân hóa",24,2,12.86,1.0
174871,Khách lâu chưa quay lại,0.0849,model,"Kéo lại bằng phim mới, voucher quay lại, thông báo cá nhân hóa",337,1,27.3,1.0
124774,Khách lâu chưa quay lại,0.0849,model,"Kéo lại bằng phim mới, voucher quay lại, thông báo cá nhân hóa",342,6,56.32,0.3333
126225,Khách giá trị cao,0.0848,model,"Membership, ưu đãi đặc quyền, đặt vé sớm phim hot",15,4,27.58,0.25
103826,Khách lâu chưa quay lại,0.0848,model,"Kéo lại bằng phim mới, voucher quay lại, thông báo cá nhân hóa",318,3,26.06,0.0
100169,Khách lâu chưa quay lại,0.0847,model,"Kéo lại bằng phim mới, voucher quay lại, thông báo cá nhân hóa",1016,3,18.96,0.0
136570,Khách lâu chưa quay lại,0.0847,model,"Kéo lại bằng phim mới, voucher quay lại, thông báo cá nhân hóa",322,2,13.03,1.0
124829,Khách giá trị cao,0.0846,model,"Membership, ưu đãi đặc quyền, đặt vé sớm phim hot",22,5,28.24,0.4
203031,Khách lâu chưa quay lại,0.0846,model,"Kéo lại bằng phim mới, voucher quay lại, thông báo cá nhân hóa",315,3,12.36,0.0
111366,Khách lâu chưa quay lại,0.0845,model,"Kéo lại bằng phim mới, voucher quay lại, thông báo cá nhân hóa",829,5,46.12,0.2
107489,Khách lâu chưa quay lại,0.0843,model,"Kéo lại bằng phim mới, voucher quay lại, thông báo cá nhân hóa",518,2,9.77,1.0
188093,Khách lâu chưa quay lại,0.0842,model,"Kéo lại bằng phim mới, voucher quay lại, thông báo cá nhân hóa",347,2,13.04,1.0
132350,Khách lâu chưa quay lại,0.0842,model,"Kéo lại bằng phim mới, voucher quay lại, thông báo cá nhân hóa",1071,1,18.97,0.0
105188,Khách lâu chưa quay lại,0.0842,model,"Kéo lại bằng phim mới, voucher quay lại, thông báo cá nhân hóa",1069,1,18.97,0.0
115847,Khách lâu chưa quay lại,0.084,model,"Kéo lại bằng phim mới, voucher quay lại, thông báo cá nhân hóa",323,3,9.78,0.6667
124793,Khách lâu chưa quay lại,0.084,model,"Kéo lại bằng phim mới, voucher quay lại, thông báo cá nhân hóa",366,5,33.47,0.6
104867,Khách giá trị cao,0.084,model,"Membership, ưu đãi đặc quyền, đặt vé sớm phim hot",2,3,18.72,1.0
104726,Khách giá trị cao,0.084,model,"Membership, ưu đãi đặc quyền, đặt vé sớm phim hot",77,4,29.0,0.5
201503,Khách lâu chưa quay lại,0.0839,model,"Kéo lại bằng phim mới, voucher quay lại, thông báo cá nhân hóa",345,2,13.9,1.0
113044,Khách lâu chưa quay lại,0.0839,model,"Kéo lại bằng phim mới, voucher quay lại, thông báo cá nhân hóa",435,4,39.05,0.25
107431,Khách lâu chưa quay lại,0.0839,model,"Kéo lại bằng phim mới, voucher quay lại, thông báo cá nhân hóa",983,4,24.75,0.0
151382,Khách lâu chưa quay lại,0.0839,model,"Kéo lại bằng phim mới, voucher quay lại, thông báo cá nhân hóa",345,2,25.94,0.0
121057,Khách lâu chưa quay lại,0.0839,model,"Kéo lại bằng phim mới, voucher quay lại, thông báo cá nhân hóa",436,2,19.54,1.0
105768,Khách lâu chưa quay lại,0.0837,model,"Kéo lại bằng phim mới, voucher quay lại, thông báo cá nhân hóa",1015,1,9.41,1.0
109059,Khách lâu chưa quay lại,0.0836,model,"Kéo lại bằng phim mới, voucher quay lại, thông báo cá nhân hóa",356,1,25.98,0.0
129484,Khách lâu chưa quay lại,0.0835,model,"Kéo lại bằng phim mới, voucher quay lại, thông báo cá nhân hóa",311,2,15.54,0.5
112118,Khách nhạy khuyến mãi,0.0835,model,"Chuyển từ giảm giá trực tiếp sang tích điểm, voucher cá nhân hóa",66,1,3.26,1.0
101493,Khách nhạy khuyến mãi,0.0835,model,"Chuyển từ giảm giá trực tiếp sang tích điểm, voucher cá nhân hóa",73,1,3.26,1.0
204013,Khách nhạy khuyến mãi,0.0835,model,"Chuyển từ giảm giá trực tiếp sang tích điểm, voucher cá nhân hóa",8,2,12.21,1.0
114038,Khách lâu chưa quay lại,0.0835,model,"Kéo lại bằng phim mới, voucher quay lại, thông báo cá nhân hóa",342,3,33.73,0.0
109412,Khách lâu chưa quay lại,0.0835,model,"Kéo lại bằng phim mới, voucher quay lại, thông báo cá nhân hóa",359,1,6.51,1.0
121885,Khách lâu chưa quay lại,0.0834,model,"Kéo lại bằng phim mới, voucher quay lại, thông báo cá nhân hóa",793,5,34.83,0.8
100009,Khách lâu chưa quay lại,0.0833,model,"Kéo lại bằng phim mới, voucher quay lại, thông báo cá nhân hóa",336,5,35.82,1.0
115762,Khách nhạy khuyến mãi,0.0833,model,"Chuyển từ giảm giá trực tiếp sang tích điểm, voucher cá nhân hóa",79,2,13.04,1.0
113815,Khách nhạy khuyến mãi,0.0832,model,"Chuyển từ giảm giá trực tiếp sang tích điểm, voucher cá nhân hóa",50,1,6.51,1.0
184202,Khách nhạy khuyến mãi,0.0832,model,"Chuyển từ giảm giá trực tiếp sang tích điểm, voucher cá nhân hóa",52,1,6.51,1.0
152064,Khách nhạy khuyến mãi,0.0832,model,"Chuyển từ giảm giá trực tiếp sang tích điểm, voucher cá nhân hóa",63,1,6.51,1.0
128493,Khách nhạy khuyến mãi,0.0832,model,"Chuyển từ giảm giá trực tiếp sang tích điểm, voucher cá nhân hóa",50,1,6.51,1.0
107937,Khách nhạy khuyến mãi,0.0832,model,"Chuyển từ giảm giá trực tiếp sang tích điểm, voucher cá nhân hóa",59,1,6.51,1.0
141343,Khách nhạy khuyến mãi,0.0832,model,"Chuyển từ giảm giá trực tiếp sang tích điểm, voucher cá nhân hóa",49,1,6.51,1.0
194423,Khách nhạy khuyến mãi,0.0832,model,"Chuyển từ giảm giá trực tiếp sang tích điểm, voucher cá nhân hóa",64,1,6.51,1.0
190946,Khách nhạy khuyến mãi,0.0832,model,"Chuyển từ giảm giá trực tiếp sang tích điểm, voucher cá nhân hóa",43,1,6.51,1.0
168965,Khách thường xuyên,0.0831,model,"Duy trì, không cần giảm giá sâu",33,1,4.24,0.0
145155,Khách lâu chưa quay lại,0.0831,model,"Kéo lại bằng phim mới, voucher quay lại, thông báo cá nhân hóa",1101,1,19.8,0.0
150599,Khách lâu chưa quay lại,0.0831,model,"Kéo lại bằng phim mới, voucher quay lại, thông báo cá nhân hóa",1125,1,19.8,0.0
142786,Khách lâu chưa quay lại,0.083,model,"Kéo lại bằng phim mới, voucher quay lại, thông báo cá nhân hóa",984,6,50.23,0.0
111006,Khách nhạy khuyến mãi,0.083,model,"Chuyển từ giảm giá trực tiếp sang tích điểm, voucher cá nhân hóa",3,2,11.88,0.5
113250,Khách lâu chưa quay lại,0.083,model,"Kéo lại bằng phim mới, voucher quay lại, thông báo cá nhân hóa",362,4,31.95,0.5
149957,Khách lâu chưa quay lại,0.0829,model,"Kéo lại bằng phim mới, voucher quay lại, thông báo cá nhân hóa",1009,2,39.27,0.5
202157,Khách lâu chưa quay lại,0.0828,model,"Kéo lại bằng phim mới, voucher quay lại, thông báo cá nhân hóa",473,1,2.47,1.0
178464,Khách lâu chưa quay lại,0.0828,model,"Kéo lại bằng phim mới, voucher quay lại, thông báo cá nhân hóa",466,1,2.47,1.0
131705,Khách lâu chưa quay lại,0.0828,model,"Kéo lại bằng phim mới, voucher quay lại, thông báo cá nhân hóa",448,1,2.47,1.0
104042,Khách lâu chưa quay lại,0.0828,model,"Kéo lại bằng phim mới, voucher quay lại, thông báo cá nhân hóa",428,4,35.92,1.0
115294,Khách giá trị cao,0.0827,model,"Membership, ưu đãi đặc quyền, đặt vé sớm phim hot",22,3,18.73,1.0
209291,Khách lâu chưa quay lại,0.0826,model,"Kéo lại bằng phim mới, voucher quay lại, thông báo cá nhân hóa",360,1,2.06,0.0
101927,Khách lâu chưa quay lại,0.0826,model,"Kéo lại bằng phim mới, voucher quay lại, thông báo cá nhân hóa",873,5,35.88,0.0
133733,Khách lâu chưa quay lại,0.0825,model,"Kéo lại bằng phim mới, voucher quay lại, thông báo cá nhân hóa",855,4,26.05,1.0
105298,Khách lâu chưa quay lại,0.0825,model,"Kéo lại bằng phim mới, voucher quay lại, thông báo cá nhân hóa",361,3,19.47,0.0
144404,Khách lâu chưa quay lại,0.0824,model,"Kéo lại bằng phim mới, voucher quay lại, thông báo cá nhân hóa",524,3,23.01,0.3333
165022,Khách lâu chưa quay lại,0.0824,model,"Kéo lại bằng phim mới, voucher quay lại, thông báo cá nhân hóa",449,3,16.29,1.0
143392,Khách lâu chưa quay lại,0.0824,model,"Kéo lại bằng phim mới, voucher quay lại, thông báo cá nhân hóa",886,2,13.02,1.0
100521,Khách giá trị cao,0.0824,model,"Membership, ưu đãi đặc quyền, đặt vé sớm phim hot",64,4,33.33,0.25
222028,Khách thường xuyên,0.0824,model,"Duy trì, không cần giảm giá sâu",78,2,3.5,0.0
216702,Khách nhạy khuyến mãi,0.0823,model,"Chuyển từ giảm giá trực tiếp sang tích điểm, voucher cá nhân hóa",22,2,12.75,1.0
115092,Khách nhạy khuyến mãi,0.0823,model,"Chuyển từ giảm giá trực tiếp sang tích điểm, voucher cá nhân hóa",36,1,6.52,1.0
122851,Khách nhạy khuyến mãi,0.0823,model,"Chuyển từ giảm giá trực tiếp sang tích điểm, voucher cá nhân hóa",50,1,6.52,1.0
108197,Khách nhạy khuyến mãi,0.0823,model,"Chuyển từ giảm giá trực tiếp sang tích điểm, voucher cá nhân hóa",63,1,6.52,1.0
103958,Khách nhạy khuyến mãi,0.0823,model,"Chuyển từ giảm giá trực tiếp sang tích điểm, voucher cá nhân hóa",39,1,6.52,1.0
193209,Khách nhạy khuyến mãi,0.0823,model,"Chuyển từ giảm giá trực tiếp sang tích điểm, voucher cá nhân hóa",37,1,6.52,1.0
101375,Khách nhạy khuyến mãi,0.0823,model,"Chuyển từ giảm giá trực tiếp sang tích điểm, voucher cá nhân hóa",63,1,6.52,1.0
118271,Khách nhạy khuyến mãi,0.0823,model,"Chuyển từ giảm giá trực tiếp sang tích điểm, voucher cá nhân hóa",57,1,6.52,1.0
194895,Khách nhạy khuyến mãi,0.0823,model,"Chuyển từ giảm giá trực tiếp sang tích điểm, voucher cá nhân hóa",43,1,6.52,1.0
105069,Khách nhạy khuyến mãi,0.0823,model,"Chuyển từ giảm giá trực tiếp sang tích điểm, voucher cá nhân hóa",63,1,6.52,1.0
149670,Khách nhạy khuyến mãi,0.0823,model,"Chuyển từ giảm giá trực tiếp sang tích điểm, voucher cá nhân hóa",35,1,6.52,1.0
192395,Khách nhạy khuyến mãi,0.0823,model,"Chuyển từ giảm giá trực tiếp sang tích điểm, voucher cá nhân hóa",63,1,6.52,1.0
104824,Khách nhạy khuyến mãi,0.0823,model,"Chuyển từ giảm giá trực tiếp sang tích điểm, voucher cá nhân hóa",43,1,6.52,1.0
111061,Khách giá trị cao,0.0822,model,"Membership, ưu đãi đặc quyền, đặt vé sớm phim hot",17,4,31.66,0.5
112780,Khách giá trị cao,0.0821,model,"Membership, ưu đãi đặc quyền, đặt vé sớm phim hot",78,5,39.01,0.4
117558,Khách giá trị cao,0.0821,model,"Membership, ưu đãi đặc quyền, đặt vé sớm phim hot",80,6,53.0,0.3333
195607,Khách mua một lần (mới),0.082,model,Tặng coupon cho lần mua thứ hai trong vòng 7–14 ngày,14,1,2.47,1.0
121872,Khách mua một lần (mới),0.082,model,Tặng coupon cho lần mua thứ hai trong vòng 7–14 ngày,25,1,2.47,1.0
120891,Khách lâu chưa quay lại,0.082,model,"Kéo lại bằng phim mới, voucher quay lại, thông báo cá nhân hóa",340,7,48.21,0.1429
146751,Khách nhạy khuyến mãi,0.082,model,"Chuyển từ giảm giá trực tiếp sang tích điểm, voucher cá nhân hóa",15,2,12.21,1.0
125327,Khách nhạy khuyến mãi,0.0819,model,"Chuyển từ giảm giá trực tiếp sang tích điểm, voucher cá nhân hóa",6,2,8.95,1.0
148839,Khách nhạy khuyến mãi,0.0818,model,"Chuyển từ giảm giá trực tiếp sang tích điểm, voucher cá nhân hóa",1,2,13.08,1.0
123938,Khách lâu chưa quay lại,0.0818,model,"Kéo lại bằng phim mới, voucher quay lại, thông báo cá nhân hóa",525,3,17.99,0.6667
128444,Khách lâu chưa quay lại,0.0818,model,"Kéo lại bằng phim mới, voucher quay lại, thông báo cá nhân hóa",1052,1,9.4,1.0
147624,Khách lâu chưa quay lại,0.0817,model,"Kéo lại bằng phim mới, voucher quay lại, thông báo cá nhân hóa",835,4,25.2,0.5
110866,Khách lâu chưa quay lại,0.0816,model,"Kéo lại bằng phim mới, voucher quay lại, thông báo cá nhân hóa",344,4,34.09,0.5
109832,Khách lâu chưa quay lại,0.0816,model,"Kéo lại bằng phim mới, voucher quay lại, thông báo cá nhân hóa",486,3,20.45,0.6667
142299,Khách lâu chưa quay lại,0.0815,model,"Kéo lại bằng phim mới, voucher quay lại, thông báo cá nhân hóa",947,3,22.09,0.6667
156723,Khách lâu chưa quay lại,0.0813,model,"Kéo lại bằng phim mới, voucher quay lại, thông báo cá nhân hóa",329,3,20.44,0.6667
105305,Khách lâu chưa quay lại,0.0813,model,"Kéo lại bằng phim mới, voucher quay lại, thông báo cá nhân hóa",323,5,29.06,0.4
124122,Khách lâu chưa quay lại,0.0813,model,"Kéo lại bằng phim mới, voucher quay lại, thông báo cá nhân hóa",356,4,37.94,0.0
134642,Khách lâu chưa quay lại,0.0813,model,"Kéo lại bằng phim mới, voucher quay lại, thông báo cá nhân hóa",428,2,13.03,1.0
110587,Khách lâu chưa quay lại,0.0813,model,"Kéo lại bằng phim mới, voucher quay lại, thông báo cá nhân hóa",353,7,40.36,0.4286
131089,Khách lâu chưa quay lại,0.0812,model,"Kéo lại bằng phim mới, voucher quay lại, thông báo cá nhân hóa",416,4,22.34,0.5
155660,Khách lâu chưa quay lại,0.0811,model,"Kéo lại bằng phim mới, voucher quay lại, thông báo cá nhân hóa",317,5,48.15,1.0
107509,Khách lâu chưa quay lại,0.0811,model,"Kéo lại bằng phim mới, voucher quay lại, thông báo cá nhân hóa",450,2,13.04,1.0
137352,Khách lâu chưa quay lại,0.081,model,"Kéo lại bằng phim mới, voucher quay lại, thông báo cá nhân hóa",745,2,13.93,0.5
150867,Khách giá trị cao,0.0809,model,"Membership, ưu đãi đặc quyền, đặt vé sớm phim hot",11,3,18.12,0.0
142142,Khách lâu chưa quay lại,0.0808,model,"Kéo lại bằng phim mới, voucher quay lại, thông báo cá nhân hóa",856,3,18.48,0.3333
131346,Khách lâu chưa quay lại,0.0808,model,"Kéo lại bằng phim mới, voucher quay lại, thông báo cá nhân hóa",487,4,42.36,0.25
151610,Khách lâu chưa quay lại,0.0808,model,"Kéo lại bằng phim mới, voucher quay lại, thông báo cá nhân hóa",320,2,16.08,0.0
140567,Khách lâu chưa quay lại,0.0808,model,"Kéo lại bằng phim mới, voucher quay lại, thông báo cá nhân hóa",834,3,16.3,1.0
106370,Khách lâu chưa quay lại,0.0807,model,"Kéo lại bằng phim mới, voucher quay lại, thông báo cá nhân hóa",1071,1,17.32,0.0
103160,Khách lâu chưa quay lại,0.0807,model,"Kéo lại bằng phim mới, voucher quay lại, thông báo cá nhân hóa",1135,1,17.32,0.0
123643,Khách lâu chưa quay lại,0.0807,model,"Kéo lại bằng phim mới, voucher quay lại, thông báo cá nhân hóa",1151,1,17.32,0.0
108366,Khách lâu chưa quay lại,0.0807,model,"Kéo lại bằng phim mới, voucher quay lại, thông báo cá nhân hóa",1124,1,17.32,0.0
124805,Khách lâu chưa quay lại,0.0806,model,"Kéo lại bằng phim mới, voucher quay lại, thông báo cá nhân hóa",330,2,13.03,1.0
121429,Khách lâu chưa quay lại,0.0806,model,"Kéo lại bằng phim mới, voucher quay lại, thông báo cá nhân hóa",1082,1,9.9,0.0
114574,Khách lâu chưa quay lại,0.0806,model,"Kéo lại bằng phim mới, voucher quay lại, thông báo cá nhân hóa",315,2,21.2,1.0
101980,Khách lâu chưa quay lại,0.0805,model,"Kéo lại bằng phim mới, voucher quay lại, thông báo cá nhân hóa",422,2,13.02,1.0
126283,Khách lâu chưa quay lại,0.0804,model,"Kéo lại bằng phim mới, voucher quay lại, thông báo cá nhân hóa",470,5,55.66,0.4
101126,Khách lâu chưa quay lại,0.0803,model,"Kéo lại bằng phim mới, voucher quay lại, thông báo cá nhân hóa",498,2,10.22,0.5
167314,Khách thường xuyên,0.0802,model,"Duy trì, không cần giảm giá sâu",30,2,5.77,0.0
173518,Khách lâu chưa quay lại,0.0801,model,"Kéo lại bằng phim mới, voucher quay lại, thông báo cá nhân hóa",913,1,9.73,1.0
107827,Khách lâu chưa quay lại,0.08,model,"Kéo lại bằng phim mới, voucher quay lại, thông báo cá nhân hóa",314,2,5.32,0.5
129081,Khách lâu chưa quay lại,0.0799,model,"Kéo lại bằng phim mới, voucher quay lại, thông báo cá nhân hóa",1120,1,41.24,0.0
120575,Khách lâu chưa quay lại,0.0799,model,"Kéo lại bằng phim mới, voucher quay lại, thông báo cá nhân hóa",354,4,44.38,0.0
142282,Khách lâu chưa quay lại,0.0798,model,"Kéo lại bằng phim mới, voucher quay lại, thông báo cá nhân hóa",317,2,16.29,1.0
154610,Khách lâu chưa quay lại,0.0798,model,"Kéo lại bằng phim mới, voucher quay lại, thông báo cá nhân hóa",948,3,17.32,0.0
102293,Khách lâu chưa quay lại,0.0798,model,"Kéo lại bằng phim mới, voucher quay lại, thông báo cá nhân hóa",344,3,38.73,0.0
171816,Khách lâu chưa quay lại,0.0798,model,"Kéo lại bằng phim mới, voucher quay lại, thông báo cá nhân hóa",308,5,41.45,0.4
120909,Khách lâu chưa quay lại,0.0797,model,"Kéo lại bằng phim mới, voucher quay lại, thông báo cá nhân hóa",895,2,31.76,0.0
135664,Khách lâu chưa quay lại,0.0797,model,"Kéo lại bằng phim mới, voucher quay lại, thông báo cá nhân hóa",855,4,30.75,0.5
128348,Khách giá trị cao,0.0797,model,"Membership, ưu đãi đặc quyền, đặt vé sớm phim hot",10,4,23.06,0.75
191450,Khách lâu chưa quay lại,0.0797,model,"Kéo lại bằng phim mới, voucher quay lại, thông báo cá nhân hóa",320,2,15.02,0.5
122884,Khách giá trị cao,0.0797,model,"Membership, ưu đãi đặc quyền, đặt vé sớm phim hot",72,3,23.7,0.6667
192726,Khách thường xuyên,0.0796,model,"Duy trì, không cần giảm giá sâu",19,2,4.95,0.0
111436,Khách lâu chưa quay lại,0.0796,model,"Kéo lại bằng phim mới, voucher quay lại, thông báo cá nhân hóa",455,4,24.48,0.75
191261,Khách lâu chưa quay lại,0.0796,model,"Kéo lại bằng phim mới, voucher quay lại, thông báo cá nhân hóa",357,2,15.3,1.0
128656,Khách nhạy khuyến mãi,0.0796,model,"Chuyển từ giảm giá trực tiếp sang tích điểm, voucher cá nhân hóa",84,1,3.25,1.0
151291,Khách nhạy khuyến mãi,0.0796,model,"Chuyển từ giảm giá trực tiếp sang tích điểm, voucher cá nhân hóa",77,1,3.25,1.0
172141,Khách nhạy khuyến mãi,0.0796,model,"Chuyển từ giảm giá trực tiếp sang tích điểm, voucher cá nhân hóa",80,1,3.25,1.0
100735,Khách nhạy khuyến mãi,0.0796,model,"Chuyển từ giảm giá trực tiếp sang tích điểm, voucher cá nhân hóa",82,1,3.25,1.0
122781,Khách nhạy khuyến mãi,0.0796,model,"Chuyển từ giảm giá trực tiếp sang tích điểm, voucher cá nhân hóa",77,1,3.25,1.0
120051,Khách nhạy khuyến mãi,0.0796,model,"Chuyển từ giảm giá trực tiếp sang tích điểm, voucher cá nhân hóa",18,2,13.69,0.5
115107,Khách lâu chưa quay lại,0.0796,model,"Kéo lại bằng phim mới, voucher quay lại, thông báo cá nhân hóa",995,3,49.73,0.6667
118111,Khách giá trị cao,0.0795,model,"Membership, ưu đãi đặc quyền, đặt vé sớm phim hot",10,3,24.49,0.6667
101892,Khách giá trị cao,0.0795,model,"Membership, ưu đãi đặc quyền, đặt vé sớm phim hot",62,4,26.04,1.0
196345,Khách thường xuyên,0.0795,model,"Duy trì, không cần giảm giá sâu",22,2,6.18,0.0
186390,Khách nhạy khuyến mãi,0.0795,model,"Chuyển từ giảm giá trực tiếp sang tích điểm, voucher cá nhân hóa",85,1,3.26,1.0
140027,Khách nhạy khuyến mãi,0.0795,model,"Chuyển từ giảm giá trực tiếp sang tích điểm, voucher cá nhân hóa",80,1,3.26,1.0
143480,Khách nhạy khuyến mãi,0.0795,model,"Chuyển từ giảm giá trực tiếp sang tích điểm, voucher cá nhân hóa",79,1,3.26,1.0
200433,Khách nhạy khuyến mãi,0.0795,model,"Chuyển từ giảm giá trực tiếp sang tích điểm, voucher cá nhân hóa",78,1,3.26,1.0
117689,Khách nhạy khuyến mãi,0.0795,model,"Chuyển từ giảm giá trực tiếp sang tích điểm, voucher cá nhân hóa",77,1,3.26,1.0
183494,Khách lâu chưa quay lại,0.0795,model,"Kéo lại bằng phim mới, voucher quay lại, thông báo cá nhân hóa",324,2,19.55,1.0
159414,Khách lâu chưa quay lại,0.0793,model,"Kéo lại bằng phim mới, voucher quay lại, thông báo cá nhân hóa",345,2,14.77,0.5
103294,Khách lâu chưa quay lại,0.0793,model,"Kéo lại bằng phim mới, voucher quay lại, thông báo cá nhân hóa",470,3,17.14,0.6667
117767,Khách lâu chưa quay lại,0.0792,model,"Kéo lại bằng phim mới, voucher quay lại, thông báo cá nhân hóa",361,3,18.94,0.0
145180,Khách lâu chưa quay lại,0.0792,model,"Kéo lại bằng phim mới, voucher quay lại, thông báo cá nhân hóa",1059,2,32.58,0.0
114994,Khách lâu chưa quay lại,0.0792,model,"Kéo lại bằng phim mới, voucher quay lại, thông báo cá nhân hóa",441,6,49.57,0.6667
131643,Khách lâu chưa quay lại,0.0791,model,"Kéo lại bằng phim mới, voucher quay lại, thông báo cá nhân hóa",442,2,13.03,1.0
112542,Khách lâu chưa quay lại,0.0791,model,"Kéo lại bằng phim mới, voucher quay lại, thông báo cá nhân hóa",987,3,9.48,0.3333
137176,Khách lâu chưa quay lại,0.079,model,"Kéo lại bằng phim mới, voucher quay lại, thông báo cá nhân hóa",940,5,38.6,0.4
128873,Khách lâu chưa quay lại,0.079,model,"Kéo lại bằng phim mới, voucher quay lại, thông báo cá nhân hóa",1150,1,3.51,0.0
102750,Khách giá trị cao,0.0789,model,"Membership, ưu đãi đặc quyền, đặt vé sớm phim hot",57,4,24.53,0.75
104805,Khách lâu chưa quay lại,0.0788,model,"Kéo lại bằng phim mới, voucher quay lại, thông báo cá nhân hóa",1011,1,3.26,1.0
121269,Khách lâu chưa quay lại,0.0788,model,"Kéo lại bằng phim mới, voucher quay lại, thông báo cá nhân hóa",796,6,30.93,0.0
136935,Khách lâu chưa quay lại,0.0787,model,"Kéo lại bằng phim mới, voucher quay lại, thông báo cá nhân hóa",796,4,34.6,0.0
129796,Khách nhạy khuyến mãi,0.0786,model,"Chuyển từ giảm giá trực tiếp sang tích điểm, voucher cá nhân hóa",43,2,13.12,0.5
103863,Khách lâu chưa quay lại,0.0786,model,"Kéo lại bằng phim mới, voucher quay lại, thông báo cá nhân hóa",999,3,22.27,0.0
122628,Khách lâu chưa quay lại,0.0785,model,"Kéo lại bằng phim mới, voucher quay lại, thông báo cá nhân hóa",908,4,33.4,0.0
120047,Khách lâu chưa quay lại,0.0784,model,"Kéo lại bằng phim mới, voucher quay lại, thông báo cá nhân hóa",1110,2,12.79,0.5
102440,Khách lâu chưa quay lại,0.0784,model,"Kéo lại bằng phim mới, voucher quay lại, thông báo cá nhân hóa",323,2,5.53,0.5
126817,Khách nhạy khuyến mãi,0.0784,model,"Chuyển từ giảm giá trực tiếp sang tích điểm, voucher cá nhân hóa",10,2,12.2,1.0
147011,Khách lâu chưa quay lại,0.0784,model,"Kéo lại bằng phim mới, voucher quay lại, thông báo cá nhân hóa",1061,2,13.82,0.0
118859,Khách lâu chưa quay lại,0.0783,model,"Kéo lại bằng phim mới, voucher quay lại, thông báo cá nhân hóa",344,6,42.28,0.5
158268,Khách lâu chưa quay lại,0.0783,model,"Kéo lại bằng phim mới, voucher quay lại, thông báo cá nhân hóa",1058,1,2.89,0.0
123995,Khách lâu chưa quay lại,0.0781,model,"Kéo lại bằng phim mới, voucher quay lại, thông báo cá nhân hóa",352,1,26.35,0.0
144840,Khách lâu chưa quay lại,0.078,model,"Kéo lại bằng phim mới, voucher quay lại, thông báo cá nhân hóa",330,4,33.9,0.25
122944,Khách nhạy khuyến mãi,0.0779,model,"Chuyển từ giảm giá trực tiếp sang tích điểm, voucher cá nhân hóa",20,2,12.21,1.0
122746,Khách nhạy khuyến mãi,0.0777,model,"Chuyển từ giảm giá trực tiếp sang tích điểm, voucher cá nhân hóa",27,2,11.38,1.0
118190,Khách lâu chưa quay lại,0.0776,model,"Kéo lại bằng phim mới, voucher quay lại, thông báo cá nhân hóa",359,4,60.42,0.5
105576,Khách lâu chưa quay lại,0.0776,model,"Kéo lại bằng phim mới, voucher quay lại, thông báo cá nhân hóa",1066,1,3.09,0.0
165817,Khách lâu chưa quay lại,0.0776,model,"Kéo lại bằng phim mới, voucher quay lại, thông báo cá nhân hóa",338,3,19.54,1.0
103234,Khách lâu chưa quay lại,0.0775,model,"Kéo lại bằng phim mới, voucher quay lại, thông báo cá nhân hóa",1096,1,20.21,0.0
154400,Khách nhạy khuyến mãi,0.0774,model,"Chuyển từ giảm giá trực tiếp sang tích điểm, voucher cá nhân hóa",58,2,7.46,0.5
147243,Khách lâu chưa quay lại,0.0772,model,"Kéo lại bằng phim mới, voucher quay lại, thông báo cá nhân hóa",1160,1,0.16,0.0
108018,Khách lâu chưa quay lại,0.0772,model,"Kéo lại bằng phim mới, voucher quay lại, thông báo cá nhân hóa",1145,1,0.04,0.0
127079,Khách lâu chưa quay lại,0.0772,model,"Kéo lại bằng phim mới, voucher quay lại, thông báo cá nhân hóa",1105,1,0.62,0.0
120668,Khách lâu chưa quay lại,0.0772,model,"Kéo lại bằng phim mới, voucher quay lại, thông báo cá nhân hóa",1122,1,0.62,0.0
102759,Khách lâu chưa quay lại,0.0772,model,"Kéo lại bằng phim mới, voucher quay lại, thông báo cá nhân hóa",354,4,41.66,0.0
151455,Khách lâu chưa quay lại,0.0771,model,"Kéo lại bằng phim mới, voucher quay lại, thông báo cá nhân hóa",350,2,16.29,1.0
121871,Khách lâu chưa quay lại,0.0771,model,"Kéo lại bằng phim mới, voucher quay lại, thông báo cá nhân hóa",353,4,17.41,0.5
110984,Khách giá trị cao,0.0771,model,"Membership, ưu đãi đặc quyền, đặt vé sớm phim hot",18,6,55.51,0.1667
110157,Khách lâu chưa quay lại,0.0771,model,"Kéo lại bằng phim mới, voucher quay lại, thông báo cá nhân hóa",91,2,11.4,0.5
116546,Khách lâu chưa quay lại,0.077,model,"Kéo lại bằng phim mới, voucher quay lại, thông báo cá nhân hóa",1122,1,2.47,0.0
108303,Khách lâu chưa quay lại,0.077,model,"Kéo lại bằng phim mới, voucher quay lại, thông báo cá nhân hóa",1100,1,2.47,0.0
124433,Khách lâu chưa quay lại,0.077,model,"Kéo lại bằng phim mới, voucher quay lại, thông báo cá nhân hóa",1121,1,2.47,0.0
143594,Khách lâu chưa quay lại,0.077,model,"Kéo lại bằng phim mới, voucher quay lại, thông báo cá nhân hóa",1119,1,2.52,0.0
150655,Khách lâu chưa quay lại,0.077,model,"Kéo lại bằng phim mới, voucher quay lại, thông báo cá nhân hóa",1119,1,2.47,0.0
126173,Khách lâu chưa quay lại,0.077,model,"Kéo lại bằng phim mới, voucher quay lại, thông báo cá nhân hóa",1155,1,2.47,0.0
107248,Khách lâu chưa quay lại,0.077,model,"Kéo lại bằng phim mới, voucher quay lại, thông báo cá nhân hóa",330,2,13.02,1.0
138412,Khách lâu chưa quay lại,0.077,model,"Kéo lại bằng phim mới, voucher quay lại, thông báo cá nhân hóa",328,2,13.02,1.0
125224,Khách giá trị cao,0.077,model,"Membership, ưu đãi đặc quyền, đặt vé sớm phim hot",0,4,28.28,0.0
122916,Khách lâu chưa quay lại,0.0769,model,"Kéo lại bằng phim mới, voucher quay lại, thông báo cá nhân hóa",518,2,13.03,1.0
118187,Khách lâu chưa quay lại,0.0769,model,"Kéo lại bằng phim mới, voucher quay lại, thông báo cá nhân hóa",434,6,33.87,0.8333
100347,Khách lâu chưa quay lại,0.0769,model,"Kéo lại bằng phim mới, voucher quay lại, thông báo cá nhân hóa",319,6,86.76,0.3333
186962,Khách lâu chưa quay lại,0.0768,model,"Kéo lại bằng phim mới, voucher quay lại, thông báo cá nhân hóa",410,2,3.63,0.5
141001,Khách giá trị cao,0.0768,model,"Membership, ưu đãi đặc quyền, đặt vé sớm phim hot",20,3,28.78,0.6667
141976,Khách lâu chưa quay lại,0.0768,model,"Kéo lại bằng phim mới, voucher quay lại, thông báo cá nhân hóa",354,4,17.78,0.75
133634,Khách lâu chưa quay lại,0.0768,model,"Kéo lại bằng phim mới, voucher quay lại, thông báo cá nhân hóa",1020,3,18.96,0.6667
107442,Khách lâu chưa quay lại,0.0767,model,"Kéo lại bằng phim mới, voucher quay lại, thông báo cá nhân hóa",498,7,88.44,0.5714
104152,Khách nhạy khuyến mãi,0.0766,model,"Chuyển từ giảm giá trực tiếp sang tích điểm, voucher cá nhân hóa",74,1,3.26,1.0
119710,Khách lâu chưa quay lại,0.0766,model,"Kéo lại bằng phim mới, voucher quay lại, thông báo cá nhân hóa",582,3,50.32,0.0
107967,Khách lâu chưa quay lại,0.0766,model,"Kéo lại bằng phim mới, voucher quay lại, thông báo cá nhân hóa",358,3,16.3,1.0
120957,Khách lâu chưa quay lại,0.0766,model,"Kéo lại bằng phim mới, voucher quay lại, thông báo cá nhân hóa",328,3,16.92,0.0
116081,Khách lâu chưa quay lại,0.0765,model,"Kéo lại bằng phim mới, voucher quay lại, thông báo cá nhân hóa",897,3,16.96,0.6667
105654,Khách lâu chưa quay lại,0.0765,model,"Kéo lại bằng phim mới, voucher quay lại, thông báo cá nhân hóa",1067,2,14.85,0.0
110060,Khách lâu chưa quay lại,0.0764,model,"Kéo lại bằng phim mới, voucher quay lại, thông báo cá nhân hóa",323,3,13.03,1.0
127617,Khách giá trị cao,0.0764,model,"Membership, ưu đãi đặc quyền, đặt vé sớm phim hot",21,4,25.33,0.75
126336,Khách lâu chưa quay lại,0.0763,model,"Kéo lại bằng phim mới, voucher quay lại, thông báo cá nhân hóa",485,2,19.54,1.0
115075,Khách giá trị cao,0.0763,model,"Membership, ưu đãi đặc quyền, đặt vé sớm phim hot",30,5,49.31,0.4
105994,Khách nhạy khuyến mãi,0.0762,model,"Chuyển từ giảm giá trực tiếp sang tích điểm, voucher cá nhân hóa",53,1,6.52,1.0
144787,Khách nhạy khuyến mãi,0.0762,model,"Chuyển từ giảm giá trực tiếp sang tích điểm, voucher cá nhân hóa",45,1,6.52,1.0
212513,Khách nhạy khuyến mãi,0.0762,model,"Chuyển từ giảm giá trực tiếp sang tích điểm, voucher cá nhân hóa",61,1,6.52,1.0
136036,Khách lâu chưa quay lại,0.0761,model,"Kéo lại bằng phim mới, voucher quay lại, thông báo cá nhân hóa",322,2,13.02,1.0
100919,Khách lâu chưa quay lại,0.0761,model,"Kéo lại bằng phim mới, voucher quay lại, thông báo cá nhân hóa",918,2,6.97,0.5
156501,Khách thường xuyên,0.076,model,"Duy trì, không cần giảm giá sâu",69,1,3.66,0.0
182400,Khách mua một lần (mới),0.076,model,Tặng coupon cho lần mua thứ hai trong vòng 7–14 ngày,6,1,3.71,0.0
212282,Khách thường xuyên,0.076,model,"Duy trì, không cần giảm giá sâu",74,1,3.66,0.0
176161,Khách thường xuyên,0.076,model,"Duy trì, không cần giảm giá sâu",76,1,3.66,0.0
108995,Khách thường xuyên,0.076,model,"Duy trì, không cần giảm giá sâu",64,1,3.71,0.0
124358,Khách lâu chưa quay lại,0.076,model,"Kéo lại bằng phim mới, voucher quay lại, thông báo cá nhân hóa",322,2,19.46,0.0
156890,Khách lâu chưa quay lại,0.076,model,"Kéo lại bằng phim mới, voucher quay lại, thông báo cá nhân hóa",1049,1,2.89,0.0
136959,Khách lâu chưa quay lại,0.076,model,"Kéo lại bằng phim mới, voucher quay lại, thông báo cá nhân hóa",1051,1,2.89,0.0
116405,Khách lâu chưa quay lại,0.076,model,"Kéo lại bằng phim mới, voucher quay lại, thông báo cá nhân hóa",1045,1,2.89,0.0
119082,Khách lâu chưa quay lại,0.076,model,"Kéo lại bằng phim mới, voucher quay lại, thông báo cá nhân hóa",1044,1,2.89,0.0
106340,Khách lâu chưa quay lại,0.076,model,"Kéo lại bằng phim mới, voucher quay lại, thông báo cá nhân hóa",1052,1,2.89,0.0
104498,Khách lâu chưa quay lại,0.0759,model,"Kéo lại bằng phim mới, voucher quay lại, thông báo cá nhân hóa",421,2,13.04,1.0
110412,Khách lâu chưa quay lại,0.0759,model,"Kéo lại bằng phim mới, voucher quay lại, thông báo cá nhân hóa",950,1,10.22,1.0
153668,Khách lâu chưa quay lại,0.0758,model,"Kéo lại bằng phim mới, voucher quay lại, thông báo cá nhân hóa",1042,4,35.51,0.0
122596,Khách lâu chưa quay lại,0.0758,model,"Kéo lại bằng phim mới, voucher quay lại, thông báo cá nhân hóa",961,1,9.4,1.0
159190,Khách lâu chưa quay lại,0.0758,model,"Kéo lại bằng phim mới, voucher quay lại, thông báo cá nhân hóa",310,5,39.83,0.6
138166,Khách lâu chưa quay lại,0.0758,model,"Kéo lại bằng phim mới, voucher quay lại, thông báo cá nhân hóa",436,4,29.43,0.5
125841,Khách nhạy khuyến mãi,0.0758,model,"Chuyển từ giảm giá trực tiếp sang tích điểm, voucher cá nhân hóa",23,2,12.2,1.0
115599,Khách nhạy khuyến mãi,0.0758,model,"Chuyển từ giảm giá trực tiếp sang tích điểm, voucher cá nhân hóa",30,2,12.2,1.0
144609,Khách lâu chưa quay lại,0.0756,model,"Kéo lại bằng phim mới, voucher quay lại, thông báo cá nhân hóa",344,3,19.56,1.0
117254,Khách lâu chưa quay lại,0.0755,model,"Kéo lại bằng phim mới, voucher quay lại, thông báo cá nhân hóa",361,4,31.52,0.75
156460,Khách lâu chưa quay lại,0.0754,model,"Kéo lại bằng phim mới, voucher quay lại, thông báo cá nhân hóa",1010,1,3.26,1.0
147534,Khách nhạy khuyến mãi,0.0753,model,"Chuyển từ giảm giá trực tiếp sang tích điểm, voucher cá nhân hóa",58,1,6.52,1.0
115376,Khách lâu chưa quay lại,0.0753,model,"Kéo lại bằng phim mới, voucher quay lại, thông báo cá nhân hóa",420,2,13.28,0.0
149698,Khách lâu chưa quay lại,0.0753,model,"Kéo lại bằng phim mới, voucher quay lại, thông báo cá nhân hóa",498,2,13.02,1.0
146341,Khách giá trị cao,0.0752,model,"Membership, ưu đãi đặc quyền, đặt vé sớm phim hot",21,4,19.8,0.25
130962,Khách thường xuyên,0.0752,model,"Duy trì, không cần giảm giá sâu",57,2,30.27,0.0
125163,Khách lâu chưa quay lại,0.0751,model,"Kéo lại bằng phim mới, voucher quay lại, thông báo cá nhân hóa",552,4,20.74,0.0
117126,Khách lâu chưa quay lại,0.0751,model,"Kéo lại bằng phim mới, voucher quay lại, thông báo cá nhân hóa",309,5,42.47,0.2
211266,Khách lâu chưa quay lại,0.075,model,"Kéo lại bằng phim mới, voucher quay lại, thông báo cá nhân hóa",359,2,16.3,1.0
160775,Khách giá trị cao,0.0749,model,"Membership, ưu đãi đặc quyền, đặt vé sớm phim hot",85,5,33.62,0.8
152283,Khách lâu chưa quay lại,0.0748,model,"Kéo lại bằng phim mới, voucher quay lại, thông báo cá nhân hóa",1048,2,34.64,0.0
146173,Khách lâu chưa quay lại,0.0748,model,"Kéo lại bằng phim mới, voucher quay lại, thông báo cá nhân hóa",967,1,9.41,1.0
101362,Khách lâu chưa quay lại,0.0748,model,"Kéo lại bằng phim mới, voucher quay lại, thông báo cá nhân hóa",308,4,36.42,0.25
107697,Khách lâu chưa quay lại,0.0748,model,"Kéo lại bằng phim mới, voucher quay lại, thông báo cá nhân hóa",1015,1,10.22,1.0
108470,Khách giá trị cao,0.0748,model,"Membership, ưu đãi đặc quyền, đặt vé sớm phim hot",18,4,26.92,0.75
111607,Khách giá trị cao,0.0747,model,"Membership, ưu đãi đặc quyền, đặt vé sớm phim hot",69,4,33.62,0.25
103022,Khách lâu chưa quay lại,0.0746,model,"Kéo lại bằng phim mới, voucher quay lại, thông báo cá nhân hóa",339,5,17.82,0.2
113615,Khách nhạy khuyến mãi,0.0746,model,"Chuyển từ giảm giá trực tiếp sang tích điểm, voucher cá nhân hóa",18,2,10.22,0.5
145483,Khách giá trị cao,0.0746,model,"Membership, ưu đãi đặc quyền, đặt vé sớm phim hot",23,5,33.03,0.4
116255,Khách nhạy khuyến mãi,0.0745,model,"Chuyển từ giảm giá trực tiếp sang tích điểm, voucher cá nhân hóa",28,2,6.11,1.0
106453,Khách giá trị cao,0.0745,model,"Membership, ưu đãi đặc quyền, đặt vé sớm phim hot",18,10,88.26,0.3
101689,Khách lâu chưa quay lại,0.0745,model,"Kéo lại bằng phim mới, voucher quay lại, thông báo cá nhân hóa",436,4,30.3,0.5
142774,Khách lâu chưa quay lại,0.0744,model,"Kéo lại bằng phim mới, voucher quay lại, thông báo cá nhân hóa",1097,2,10.72,0.0
159279,Khách lâu chưa quay lại,0.0743,model,"Kéo lại bằng phim mới, voucher quay lại, thông báo cá nhân hóa",331,2,16.3,1.0
127146,Khách thường xuyên,0.0742,model,"Duy trì, không cần giảm giá sâu",21,2,10.52,0.0
125217,Khách lâu chưa quay lại,0.0742,model,"Kéo lại bằng phim mới, voucher quay lại, thông báo cá nhân hóa",438,2,4.99,0.5
107061,Khách lâu chưa quay lại,0.0742,model,"Kéo lại bằng phim mới, voucher quay lại, thông báo cá nhân hóa",322,2,13.04,1.0
146568,Khách lâu chưa quay lại,0.0742,model,"Kéo lại bằng phim mới, voucher quay lại, thông báo cá nhân hóa",1008,1,54.03,0.0
206470,Khách lâu chưa quay lại,0.0741,model,"Kéo lại bằng phim mới, voucher quay lại, thông báo cá nhân hóa",427,2,13.03,1.0
155721,Khách lâu chưa quay lại,0.0741,model,"Kéo lại bằng phim mới, voucher quay lại, thông báo cá nhân hóa",363,5,71.91,0.6
162215,Khách mua một lần (mới),0.0741,model,Tặng coupon cho lần mua thứ hai trong vòng 7–14 ngày,13,1,5.69,1.0
106150,Khách lâu chưa quay lại,0.0741,model,"Kéo lại bằng phim mới, voucher quay lại, thông báo cá nhân hóa",445,2,13.02,1.0
175158,Khách mua một lần (mới),0.074,model,Tặng coupon cho lần mua thứ hai trong vòng 7–14 ngày,6,1,4.33,1.0
183925,Khách mua một lần (mới),0.074,model,Tặng coupon cho lần mua thứ hai trong vòng 7–14 ngày,1,1,4.33,1.0
101082,Khách lâu chưa quay lại,0.0739,model,"Kéo lại bằng phim mới, voucher quay lại, thông báo cá nhân hóa",338,2,24.57,0.5
122663,Khách nhạy khuyến mãi,0.0739,model,"Chuyển từ giảm giá trực tiếp sang tích điểm, voucher cá nhân hóa",0,2,13.11,0.5
144869,Khách nhạy khuyến mãi,0.0738,model,"Chuyển từ giảm giá trực tiếp sang tích điểm, voucher cá nhân hóa",73,2,13.69,0.5
129799,Khách lâu chưa quay lại,0.0738,model,"Kéo lại bằng phim mới, voucher quay lại, thông báo cá nhân hóa",988,2,36.29,0.0
144346,Khách lâu chưa quay lại,0.0738,model,"Kéo lại bằng phim mới, voucher quay lại, thông báo cá nhân hóa",344,2,49.61,0.5
108778,Khách lâu chưa quay lại,0.0737,model,"Kéo lại bằng phim mới, voucher quay lại, thông báo cá nhân hóa",310,1,27.38,0.0
101137,Khách lâu chưa quay lại,0.0737,model,"Kéo lại bằng phim mới, voucher quay lại, thông báo cá nhân hóa",319,1,27.63,0.0
105127,Khách lâu chưa quay lại,0.0737,model,"Kéo lại bằng phim mới, voucher quay lại, thông báo cá nhân hóa",769,13,96.01,0.0769
106146,Khách lâu chưa quay lại,0.0737,model,"Kéo lại bằng phim mới, voucher quay lại, thông báo cá nhân hóa",359,2,24.74,0.0
100303,Khách lâu chưa quay lại,0.0737,model,"Kéo lại bằng phim mới, voucher quay lại, thông báo cá nhân hóa",359,2,13.04,1.0
199220,Khách thường xuyên,0.0736,model,"Duy trì, không cần giảm giá sâu",69,1,3.25,0.0
121199,Khách lâu chưa quay lại,0.0735,model,"Kéo lại bằng phim mới, voucher quay lại, thông báo cá nhân hóa",96,2,12.62,0.5
145908,Khách lâu chưa quay lại,0.0735,model,"Kéo lại bằng phim mới, voucher quay lại, thông báo cá nhân hóa",896,1,9.94,1.0
107348,Khách lâu chưa quay lại,0.0735,model,"Kéo lại bằng phim mới, voucher quay lại, thông báo cá nhân hóa",357,2,16.28,1.0
111542,Khách lâu chưa quay lại,0.0735,model,"Kéo lại bằng phim mới, voucher quay lại, thông báo cá nhân hóa",490,2,13.02,1.0
152221,Khách lâu chưa quay lại,0.0734,model,"Kéo lại bằng phim mới, voucher quay lại, thông báo cá nhân hóa",1002,2,11.96,0.0
119246,Khách lâu chưa quay lại,0.0734,model,"Kéo lại bằng phim mới, voucher quay lại, thông báo cá nhân hóa",743,6,30.22,0.8333
101711,Khách lâu chưa quay lại,0.0734,model,"Kéo lại bằng phim mới, voucher quay lại, thông báo cá nhân hóa",1015,2,35.06,0.0
123159,Khách lâu chưa quay lại,0.0733,model,"Kéo lại bằng phim mới, voucher quay lại, thông báo cá nhân hóa",345,2,13.03,1.0
153980,Khách lâu chưa quay lại,0.0732,model,"Kéo lại bằng phim mới, voucher quay lại, thông báo cá nhân hóa",1060,2,39.59,0.0
114080,Khách lâu chưa quay lại,0.0732,model,"Kéo lại bằng phim mới, voucher quay lại, thông báo cá nhân hóa",553,3,30.93,0.0
111382,Khách lâu chưa quay lại,0.0731,model,"Kéo lại bằng phim mới, voucher quay lại, thông báo cá nhân hóa",346,7,67.68,0.0
116639,Khách lâu chưa quay lại,0.0731,model,"Kéo lại bằng phim mới, voucher quay lại, thông báo cá nhân hóa",553,2,33.82,0.0
136562,Khách lâu chưa quay lại,0.073,model,"Kéo lại bằng phim mới, voucher quay lại, thông báo cá nhân hóa",1052,3,20.61,0.0
152259,Khách lâu chưa quay lại,0.0729,model,"Kéo lại bằng phim mới, voucher quay lại, thông báo cá nhân hóa",358,3,20.2,0.0
122393,Khách lâu chưa quay lại,0.0729,model,"Kéo lại bằng phim mới, voucher quay lại, thông báo cá nhân hóa",322,4,42.18,0.5
112332,Khách lâu chưa quay lại,0.0729,model,"Kéo lại bằng phim mới, voucher quay lại, thông báo cá nhân hóa",331,2,26.07,1.0
205851,Khách nhạy khuyến mãi,0.0729,model,"Chuyển từ giảm giá trực tiếp sang tích điểm, voucher cá nhân hóa",76,1,3.26,1.0
164362,Khách lâu chưa quay lại,0.0728,model,"Kéo lại bằng phim mới, voucher quay lại, thông báo cá nhân hóa",350,3,29.78,1.0
103217,Khách lâu chưa quay lại,0.0728,model,"Kéo lại bằng phim mới, voucher quay lại, thông báo cá nhân hóa",911,1,9.4,1.0
132694,Khách lâu chưa quay lại,0.0727,model,"Kéo lại bằng phim mới, voucher quay lại, thông báo cá nhân hóa",979,3,33.81,0.0
158562,Khách lâu chưa quay lại,0.0726,model,"Kéo lại bằng phim mới, voucher quay lại, thông báo cá nhân hóa",353,2,13.03,1.0
131627,Khách lâu chưa quay lại,0.0726,model,"Kéo lại bằng phim mới, voucher quay lại, thông báo cá nhân hóa",330,2,13.04,1.0
127796,Khách lâu chưa quay lại,0.0725,model,"Kéo lại bằng phim mới, voucher quay lại, thông báo cá nhân hóa",991,3,28.86,0.0
127119,Khách lâu chưa quay lại,0.0724,model,"Kéo lại bằng phim mới, voucher quay lại, thông báo cá nhân hóa",406,2,13.03,1.0
102344,Khách giá trị cao,0.0724,model,"Membership, ưu đãi đặc quyền, đặt vé sớm phim hot",31,7,71.38,0.5714
139107,Khách nhạy khuyến mãi,0.0723,model,"Chuyển từ giảm giá trực tiếp sang tích điểm, voucher cá nhân hóa",23,2,9.86,0.5
137013,Khách lâu chưa quay lại,0.0722,model,"Kéo lại bằng phim mới, voucher quay lại, thông báo cá nhân hóa",1080,1,16.5,0.0
156009,Khách thường xuyên,0.0722,model,"Duy trì, không cần giảm giá sâu",69,1,1.83,0.0
195695,Khách thường xuyên,0.0722,model,"Duy trì, không cần giảm giá sâu",25,2,9.9,0.0
177105,Khách thường xuyên,0.0722,model,"Duy trì, không cần giảm giá sâu",73,2,9.6,0.0
168823,Khách lâu chưa quay lại,0.0721,model,"Kéo lại bằng phim mới, voucher quay lại, thông báo cá nhân hóa",756,2,13.03,1.0
104875,Khách lâu chưa quay lại,0.0721,model,"Kéo lại bằng phim mới, voucher quay lại, thông báo cá nhân hóa",99,2,13.88,0.5
120592,Khách lâu chưa quay lại,0.0721,model,"Kéo lại bằng phim mới, voucher quay lại, thông báo cá nhân hóa",343,2,15.47,0.0
212458,Khách nhạy khuyến mãi,0.0721,model,"Chuyển từ giảm giá trực tiếp sang tích điểm, voucher cá nhân hóa",63,1,6.51,1.0
182106,Khách nhạy khuyến mãi,0.0721,model,"Chuyển từ giảm giá trực tiếp sang tích điểm, voucher cá nhân hóa",44,1,6.51,1.0
202495,Khách nhạy khuyến mãi,0.0721,model,"Chuyển từ giảm giá trực tiếp sang tích điểm, voucher cá nhân hóa",63,1,6.51,1.0
164708,Khách lâu chưa quay lại,0.072,model,"Kéo lại bằng phim mới, voucher quay lại, thông báo cá nhân hóa",360,1,24.66,0.0
124951,Khách lâu chưa quay lại,0.072,model,"Kéo lại bằng phim mới, voucher quay lại, thông báo cá nhân hóa",330,2,17.23,0.5
145076,Khách lâu chưa quay lại,0.072,model,"Kéo lại bằng phim mới, voucher quay lại, thông báo cá nhân hóa",414,3,20.98,0.0
111138,Khách lâu chưa quay lại,0.072,model,"Kéo lại bằng phim mới, voucher quay lại, thông báo cá nhân hóa",440,2,18.93,0.0
108871,Khách nhạy khuyến mãi,0.0719,model,"Chuyển từ giảm giá trực tiếp sang tích điểm, voucher cá nhân hóa",22,2,12.21,1.0
114332,Khách lâu chưa quay lại,0.0717,model,"Kéo lại bằng phim mới, voucher quay lại, thông báo cá nhân hóa",330,2,13.02,1.0
102364,Khách lâu chưa quay lại,0.0716,model,"Kéo lại bằng phim mới, voucher quay lại, thông báo cá nhân hóa",453,4,29.97,0.25
104226,Khách mua một lần (mới),0.0715,model,Tặng coupon cho lần mua thứ hai trong vòng 7–14 ngày,26,1,13.28,0.0
131871,Khách lâu chưa quay lại,0.0715,model,"Kéo lại bằng phim mới, voucher quay lại, thông báo cá nhân hóa",848,1,9.4,1.0
124827,Khách lâu chưa quay lại,0.0714,model,"Kéo lại bằng phim mới, voucher quay lại, thông báo cá nhân hóa",443,2,12.75,0.0
130937,Khách lâu chưa quay lại,0.0714,model,"Kéo lại bằng phim mới, voucher quay lại, thông báo cá nhân hóa",358,3,19.33,0.6667
121975,Khách lâu chưa quay lại,0.0713,model,"Kéo lại bằng phim mới, voucher quay lại, thông báo cá nhân hóa",759,2,13.93,0.5
138570,Khách nhạy khuyến mãi,0.0712,model,"Chuyển từ giảm giá trực tiếp sang tích điểm, voucher cá nhân hóa",79,2,10.63,0.5
115977,Khách lâu chưa quay lại,0.0711,model,"Kéo lại bằng phim mới, voucher quay lại, thông báo cá nhân hóa",322,2,16.28,1.0
134675,Khách giá trị cao,0.0711,model,"Membership, ưu đãi đặc quyền, đặt vé sớm phim hot",22,4,28.99,0.75
168098,Khách lâu chưa quay lại,0.071,model,"Kéo lại bằng phim mới, voucher quay lại, thông báo cá nhân hóa",511,2,13.03,1.0
133075,Khách lâu chưa quay lại,0.071,model,"Kéo lại bằng phim mới, voucher quay lại, thông báo cá nhân hóa",910,3,15.92,1.0
151867,Khách lâu chưa quay lại,0.071,model,"Kéo lại bằng phim mới, voucher quay lại, thông báo cá nhân hóa",365,4,20.95,0.5
129018,Khách lâu chưa quay lại,0.071,model,"Kéo lại bằng phim mới, voucher quay lại, thông báo cá nhân hóa",864,3,33.61,0.0
128441,Khách lâu chưa quay lại,0.071,model,"Kéo lại bằng phim mới, voucher quay lại, thông báo cá nhân hóa",991,3,21.03,0.0
176659,Khách lâu chưa quay lại,0.071,model,"Kéo lại bằng phim mới, voucher quay lại, thông báo cá nhân hóa",358,3,18.28,0.3333
134190,Khách lâu chưa quay lại,0.0709,model,"Kéo lại bằng phim mới, voucher quay lại, thông báo cá nhân hóa",975,3,19.38,0.0
106220,Khách nhạy khuyến mãi,0.0709,model,"Chuyển từ giảm giá trực tiếp sang tích điểm, voucher cá nhân hóa",11,2,11.97,1.0
132464,Khách lâu chưa quay lại,0.0709,model,"Kéo lại bằng phim mới, voucher quay lại, thông báo cá nhân hóa",840,2,18.8,1.0
117693,Khách giá trị cao,0.0709,model,"Membership, ưu đãi đặc quyền, đặt vé sớm phim hot",21,13,59.45,0.0
144207,Khách lâu chưa quay lại,0.0709,model,"Kéo lại bằng phim mới, voucher quay lại, thông báo cá nhân hóa",513,2,13.04,1.0
128123,Khách lâu chưa quay lại,0.0709,model,"Kéo lại bằng phim mới, voucher quay lại, thông báo cá nhân hóa",310,3,28.37,0.3333
113901,Khách lâu chưa quay lại,0.0708,model,"Kéo lại bằng phim mới, voucher quay lại, thông báo cá nhân hóa",1052,3,35.63,0.0
184455,Khách lâu chưa quay lại,0.0708,model,"Kéo lại bằng phim mới, voucher quay lại, thông báo cá nhân hóa",332,2,9.78,1.0
182651,Khách lâu chưa quay lại,0.0708,model,"Kéo lại bằng phim mới, voucher quay lại, thông báo cá nhân hóa",358,8,33.69,0.0
130392,Khách lâu chưa quay lại,0.0708,model,"Kéo lại bằng phim mới, voucher quay lại, thông báo cá nhân hóa",322,6,64.29,0.0
104170,Khách lâu chưa quay lại,0.0707,model,"Kéo lại bằng phim mới, voucher quay lại, thông báo cá nhân hóa",307,4,43.46,0.0
128834,Khách giá trị cao,0.0707,model,"Membership, ưu đãi đặc quyền, đặt vé sớm phim hot",2,5,36.11,0.4
139133,Khách lâu chưa quay lại,0.0707,model,"Kéo lại bằng phim mới, voucher quay lại, thông báo cá nhân hóa",855,4,28.92,0.75
110116,Khách lâu chưa quay lại,0.0706,model,"Kéo lại bằng phim mới, voucher quay lại, thông báo cá nhân hóa",349,2,16.78,1.0
124322,Khách lâu chưa quay lại,0.0706,model,"Kéo lại bằng phim mới, voucher quay lại, thông báo cá nhân hóa",884,3,18.05,0.3333
123854,Khách lâu chưa quay lại,0.0705,model,"Kéo lại bằng phim mới, voucher quay lại, thông báo cá nhân hóa",867,3,20.34,0.0
161535,Khách mua một lần (mới),0.0705,model,Tặng coupon cho lần mua thứ hai trong vòng 7–14 ngày,12,1,2.85,1.0
206416,Khách nhạy khuyến mãi,0.0705,model,"Chuyển từ giảm giá trực tiếp sang tích điểm, voucher cá nhân hóa",56,1,2.85,1.0
140079,Khách mua một lần (mới),0.0705,model,Tặng coupon cho lần mua thứ hai trong vòng 7–14 ngày,3,1,2.85,1.0
168565,Khách mua một lần (mới),0.0705,model,Tặng coupon cho lần mua thứ hai trong vòng 7–14 ngày,20,1,2.85,1.0
216500,Khách mua một lần (mới),0.0705,model,Tặng coupon cho lần mua thứ hai trong vòng 7–14 ngày,28,1,2.85,1.0
194033,Khách mua một lần (mới),0.0705,model,Tặng coupon cho lần mua thứ hai trong vòng 7–14 ngày,14,1,2.85,1.0
178424,Khách mua một lần (mới),0.0705,model,Tặng coupon cho lần mua thứ hai trong vòng 7–14 ngày,23,1,2.85,1.0
177251,Khách mua một lần (mới),0.0705,model,Tặng coupon cho lần mua thứ hai trong vòng 7–14 ngày,21,1,2.85,1.0
110018,Khách mua một lần (mới),0.0705,model,Tặng coupon cho lần mua thứ hai trong vòng 7–14 ngày,19,1,2.85,1.0
112665,Khách nhạy khuyến mãi,0.0705,model,"Chuyển từ giảm giá trực tiếp sang tích điểm, voucher cá nhân hóa",48,1,2.85,1.0
160284,Khách mua một lần (mới),0.0705,model,Tặng coupon cho lần mua thứ hai trong vòng 7–14 ngày,0,1,2.85,1.0
136159,Khách lâu chưa quay lại,0.0705,model,"Kéo lại bằng phim mới, voucher quay lại, thông báo cá nhân hóa",899,6,54.64,0.0
122490,Khách nhạy khuyến mãi,0.0705,model,"Chuyển từ giảm giá trực tiếp sang tích điểm, voucher cá nhân hóa",70,1,1.41,1.0
161509,Khách nhạy khuyến mãi,0.0705,model,"Chuyển từ giảm giá trực tiếp sang tích điểm, voucher cá nhân hóa",70,1,1.41,1.0
147818,Khách lâu chưa quay lại,0.0704,model,"Kéo lại bằng phim mới, voucher quay lại, thông báo cá nhân hóa",883,1,9.4,1.0
103127,Khách lâu chưa quay lại,0.0703,model,"Kéo lại bằng phim mới, voucher quay lại, thông báo cá nhân hóa",359,3,20.44,0.6667
112789,Khách lâu chưa quay lại,0.0703,model,"Kéo lại bằng phim mới, voucher quay lại, thông báo cá nhân hóa",838,4,22.67,0.0
169542,Khách lâu chưa quay lại,0.0702,model,"Kéo lại bằng phim mới, voucher quay lại, thông báo cá nhân hóa",352,2,21.2,1.0
118725,Khách giá trị cao,0.0701,model,"Membership, ưu đãi đặc quyền, đặt vé sớm phim hot",1,4,39.76,1.0
112230,Khách lâu chưa quay lại,0.0701,model,"Kéo lại bằng phim mới, voucher quay lại, thông báo cá nhân hóa",824,2,27.22,0.0
170974,Khách lâu chưa quay lại,0.0701,model,"Kéo lại bằng phim mới, voucher quay lại, thông báo cá nhân hóa",421,4,41.99,0.75
121381,Khách lâu chưa quay lại,0.0701,model,"Kéo lại bằng phim mới, voucher quay lại, thông báo cá nhân hóa",358,2,13.03,1.0
137670,Khách lâu chưa quay lại,0.0701,model,"Kéo lại bằng phim mới, voucher quay lại, thông báo cá nhân hóa",836,4,29.69,0.0
138164,Khách lâu chưa quay lại,0.0701,model,"Kéo lại bằng phim mới, voucher quay lại, thông báo cá nhân hóa",910,1,9.4,1.0
108234,Khách lâu chưa quay lại,0.0701,model,"Kéo lại bằng phim mới, voucher quay lại, thông báo cá nhân hóa",861,3,17.97,0.6667
208791,Khách lâu chưa quay lại,0.0699,model,"Kéo lại bằng phim mới, voucher quay lại, thông báo cá nhân hóa",439,1,2.47,0.0
179363,Khách lâu chưa quay lại,0.0699,model,"Kéo lại bằng phim mới, voucher quay lại, thông báo cá nhân hóa",444,1,2.27,0.0
206305,Khách lâu chưa quay lại,0.0699,model,"Kéo lại bằng phim mới, voucher quay lại, thông báo cá nhân hóa",462,1,2.43,0.0
106215,Khách lâu chưa quay lại,0.0699,model,"Kéo lại bằng phim mới, voucher quay lại, thông báo cá nhân hóa",449,1,2.43,0.0
151799,Khách lâu chưa quay lại,0.0698,model,"Kéo lại bằng phim mới, voucher quay lại, thông báo cá nhân hóa",406,2,13.03,1.0
103912,Khách giá trị cao,0.0697,model,"Membership, ưu đãi đặc quyền, đặt vé sớm phim hot",5,4,23.66,0.75
125716,Khách lâu chưa quay lại,0.0696,model,"Kéo lại bằng phim mới, voucher quay lại, thông báo cá nhân hóa",898,1,9.4,1.0
165857,Khách lâu chưa quay lại,0.0696,model,"Kéo lại bằng phim mới, voucher quay lại, thông báo cá nhân hóa",322,6,64.13,0.3333
122435,Khách mua một lần (mới),0.0695,model,Tặng coupon cho lần mua thứ hai trong vòng 7–14 ngày,30,1,3.22,0.0
136428,Khách lâu chưa quay lại,0.0694,model,"Kéo lại bằng phim mới, voucher quay lại, thông báo cá nhân hóa",1114,1,26.39,0.0
133951,Khách lâu chưa quay lại,0.0694,model,"Kéo lại bằng phim mới, voucher quay lại, thông báo cá nhân hóa",1122,1,26.35,0.0
145607,Khách lâu chưa quay lại,0.0694,model,"Kéo lại bằng phim mới, voucher quay lại, thông báo cá nhân hóa",1109,1,26.39,0.0
144852,Khách lâu chưa quay lại,0.0694,model,"Kéo lại bằng phim mới, voucher quay lại, thông báo cá nhân hóa",1123,1,26.81,0.0
110895,Khách thường xuyên,0.0694,model,"Duy trì, không cần giảm giá sâu",79,1,13.07,0.0
129176,Khách nhạy khuyến mãi,0.0694,model,"Chuyển từ giảm giá trực tiếp sang tích điểm, voucher cá nhân hóa",22,2,4.91,0.5
116025,Khách lâu chưa quay lại,0.0694,model,"Kéo lại bằng phim mới, voucher quay lại, thông báo cá nhân hóa",875,2,10.72,0.0
150596,Khách lâu chưa quay lại,0.0693,model,"Kéo lại bằng phim mới, voucher quay lại, thông báo cá nhân hóa",593,3,21.0,0.3333
110473,Khách lâu chưa quay lại,0.0693,model,"Kéo lại bằng phim mới, voucher quay lại, thông báo cá nhân hóa",592,3,16.42,0.3333
123181,Khách lâu chưa quay lại,0.0693,model,"Kéo lại bằng phim mới, voucher quay lại, thông báo cá nhân hóa",876,2,13.03,1.0
173462,Khách lâu chưa quay lại,0.0693,model,"Kéo lại bằng phim mới, voucher quay lại, thông báo cá nhân hóa",441,1,24.74,0.0
100774,Khách lâu chưa quay lại,0.0693,model,"Kéo lại bằng phim mới, voucher quay lại, thông báo cá nhân hóa",444,1,24.58,0.0
190933,Khách lâu chưa quay lại,0.0693,model,"Kéo lại bằng phim mới, voucher quay lại, thông báo cá nhân hóa",444,1,24.74,0.0
128054,Khách lâu chưa quay lại,0.0693,model,"Kéo lại bằng phim mới, voucher quay lại, thông báo cá nhân hóa",465,1,24.66,0.0
131259,Khách lâu chưa quay lại,0.0692,model,"Kéo lại bằng phim mới, voucher quay lại, thông báo cá nhân hóa",321,2,7.42,0.0
135738,Khách lâu chưa quay lại,0.0691,model,"Kéo lại bằng phim mới, voucher quay lại, thông báo cá nhân hóa",798,3,22.76,0.0
106538,Khách lâu chưa quay lại,0.0691,model,"Kéo lại bằng phim mới, voucher quay lại, thông báo cá nhân hóa",323,2,13.03,1.0
103213,Khách giá trị cao,0.069,model,"Membership, ưu đãi đặc quyền, đặt vé sớm phim hot",11,3,28.29,0.6667
109427,Khách lâu chưa quay lại,0.069,model,"Kéo lại bằng phim mới, voucher quay lại, thông báo cá nhân hóa",324,4,29.46,0.75
118987,Khách lâu chưa quay lại,0.0689,model,"Kéo lại bằng phim mới, voucher quay lại, thông báo cá nhân hóa",399,4,43.88,0.5
124134,Khách lâu chưa quay lại,0.0688,model,"Kéo lại bằng phim mới, voucher quay lại, thông báo cá nhân hóa",308,4,33.45,0.75
191770,Khách nhạy khuyến mãi,0.0688,model,"Chuyển từ giảm giá trực tiếp sang tích điểm, voucher cá nhân hóa",78,1,3.26,1.0
186150,Khách nhạy khuyến mãi,0.0688,model,"Chuyển từ giảm giá trực tiếp sang tích điểm, voucher cá nhân hóa",76,1,3.26,1.0
104916,Khách nhạy khuyến mãi,0.0688,model,"Chuyển từ giảm giá trực tiếp sang tích điểm, voucher cá nhân hóa",78,1,3.26,1.0
101691,Khách lâu chưa quay lại,0.0687,model,"Kéo lại bằng phim mới, voucher quay lại, thông báo cá nhân hóa",329,7,27.48,0.5714
163007,Khách lâu chưa quay lại,0.0687,model,"Kéo lại bằng phim mới, voucher quay lại, thông báo cá nhân hóa",414,2,13.69,1.0
194525,Khách lâu chưa quay lại,0.0687,model,"Kéo lại bằng phim mới, voucher quay lại, thông báo cá nhân hóa",322,2,14.77,0.5
113753,Khách lâu chưa quay lại,0.0687,model,"Kéo lại bằng phim mới, voucher quay lại, thông báo cá nhân hóa",311,2,16.42,0.5
160452,Khách nhạy khuyến mãi,0.0686,model,"Chuyển từ giảm giá trực tiếp sang tích điểm, voucher cá nhân hóa",19,2,11.22,1.0
191889,Khách nhạy khuyến mãi,0.0686,model,"Chuyển từ giảm giá trực tiếp sang tích điểm, voucher cá nhân hóa",48,1,3.26,1.0
122397,Khách nhạy khuyến mãi,0.0686,model,"Chuyển từ giảm giá trực tiếp sang tích điểm, voucher cá nhân hóa",47,1,3.26,1.0
119328,Khách lâu chưa quay lại,0.0686,model,"Kéo lại bằng phim mới, voucher quay lại, thông báo cá nhân hóa",324,3,32.0,0.0
184883,Khách mua một lần (mới),0.0686,model,Tặng coupon cho lần mua thứ hai trong vòng 7–14 ngày,29,1,4.95,1.0
222540,Khách mua một lần (mới),0.0686,model,Tặng coupon cho lần mua thứ hai trong vòng 7–14 ngày,20,1,4.95,1.0
190766,Khách lâu chưa quay lại,0.0685,model,"Kéo lại bằng phim mới, voucher quay lại, thông báo cá nhân hóa",321,1,25.98,0.0
100211,Khách lâu chưa quay lại,0.0685,model,"Kéo lại bằng phim mới, voucher quay lại, thông báo cá nhân hóa",368,2,14.43,0.0
142564,Khách lâu chưa quay lại,0.0685,model,"Kéo lại bằng phim mới, voucher quay lại, thông báo cá nhân hóa",358,4,61.04,0.0
134414,Khách lâu chưa quay lại,0.0685,model,"Kéo lại bằng phim mới, voucher quay lại, thông báo cá nhân hóa",724,5,49.77,0.2
144744,Khách lâu chưa quay lại,0.0683,model,"Kéo lại bằng phim mới, voucher quay lại, thông báo cá nhân hóa",442,3,22.09,0.6667
141475,Khách lâu chưa quay lại,0.0683,model,"Kéo lại bằng phim mới, voucher quay lại, thông báo cá nhân hóa",947,6,50.3,0.0
123234,Khách lâu chưa quay lại,0.0682,model,"Kéo lại bằng phim mới, voucher quay lại, thông báo cá nhân hóa",308,2,21.25,1.0
102541,Khách lâu chưa quay lại,0.0682,model,"Kéo lại bằng phim mới, voucher quay lại, thông báo cá nhân hóa",975,3,21.35,0.3333
157377,Khách lâu chưa quay lại,0.0682,model,"Kéo lại bằng phim mới, voucher quay lại, thông báo cá nhân hóa",1067,1,2.72,1.0
133068,Khách nhạy khuyến mãi,0.068,model,"Chuyển từ giảm giá trực tiếp sang tích điểm, voucher cá nhân hóa",23,2,8.78,0.5
123314,Khách giá trị cao,0.068,model,"Membership, ưu đãi đặc quyền, đặt vé sớm phim hot",20,3,11.06,0.6667
149461,Khách giá trị cao,0.068,model,"Membership, ưu đãi đặc quyền, đặt vé sớm phim hot",1,4,20.79,0.5
134066,Khách lâu chưa quay lại,0.0679,model,"Kéo lại bằng phim mới, voucher quay lại, thông báo cá nhân hóa",351,2,13.03,1.0
117322,Khách lâu chưa quay lại,0.0679,model,"Kéo lại bằng phim mới, voucher quay lại, thông báo cá nhân hóa",343,1,6.51,1.0
164954,Khách nhạy khuyến mãi,0.0679,model,"Chuyển từ giảm giá trực tiếp sang tích điểm, voucher cá nhân hóa",0,2,24.78,0.5
144642,Khách lâu chưa quay lại,0.0679,model,"Kéo lại bằng phim mới, voucher quay lại, thông báo cá nhân hóa",1040,1,10.22,1.0
175059,Khách giá trị cao,0.0677,model,"Membership, ưu đãi đặc quyền, đặt vé sớm phim hot",3,3,23.88,0.0
156899,Khách nhạy khuyến mãi,0.0677,model,"Chuyển từ giảm giá trực tiếp sang tích điểm, voucher cá nhân hóa",17,2,12.2,1.0
122297,Khách lâu chưa quay lại,0.0677,model,"Kéo lại bằng phim mới, voucher quay lại, thông báo cá nhân hóa",1153,1,3.71,0.0
145299,Khách lâu chưa quay lại,0.0677,model,"Kéo lại bằng phim mới, voucher quay lại, thông báo cá nhân hóa",1152,1,3.71,0.0
139516,Khách lâu chưa quay lại,0.0677,model,"Kéo lại bằng phim mới, voucher quay lại, thông báo cá nhân hóa",1082,1,3.71,0.0
105098,Khách lâu chưa quay lại,0.0677,model,"Kéo lại bằng phim mới, voucher quay lại, thông báo cá nhân hóa",1105,1,3.71,0.0
130916,Khách lâu chưa quay lại,0.0677,model,"Kéo lại bằng phim mới, voucher quay lại, thông báo cá nhân hóa",1115,1,3.71,0.0
146508,Khách lâu chưa quay lại,0.0677,model,"Kéo lại bằng phim mới, voucher quay lại, thông báo cá nhân hóa",1075,1,3.71,0.0
137555,Khách lâu chưa quay lại,0.0677,model,"Kéo lại bằng phim mới, voucher quay lại, thông báo cá nhân hóa",1103,1,3.71,0.0
115408,Khách lâu chưa quay lại,0.0677,model,"Kéo lại bằng phim mới, voucher quay lại, thông báo cá nhân hóa",1117,1,3.71,0.0
154559,Khách lâu chưa quay lại,0.0677,model,"Kéo lại bằng phim mới, voucher quay lại, thông báo cá nhân hóa",1105,1,3.71,0.0
106988,Khách lâu chưa quay lại,0.0677,model,"Kéo lại bằng phim mới, voucher quay lại, thông báo cá nhân hóa",1103,1,3.71,0.0
122593,Khách lâu chưa quay lại,0.0677,model,"Kéo lại bằng phim mới, voucher quay lại, thông báo cá nhân hóa",1117,1,3.71,0.0
130361,Khách lâu chưa quay lại,0.0677,model,"Kéo lại bằng phim mới, voucher quay lại, thông báo cá nhân hóa",1111,1,3.71,0.0
148139,Khách lâu chưa quay lại,0.0677,model,"Kéo lại bằng phim mới, voucher quay lại, thông báo cá nhân hóa",1075,1,3.71,0.0
109595,Khách lâu chưa quay lại,0.0677,model,"Kéo lại bằng phim mới, voucher quay lại, thông báo cá nhân hóa",1124,1,3.71,0.0
148584,Khách lâu chưa quay lại,0.0677,model,"Kéo lại bằng phim mới, voucher quay lại, thông báo cá nhân hóa",553,3,24.98,0.6667
144798,Khách lâu chưa quay lại,0.0677,model,"Kéo lại bằng phim mới, voucher quay lại, thông báo cá nhân hóa",322,2,27.72,1.0
157651,Khách lâu chưa quay lại,0.0677,model,"Kéo lại bằng phim mới, voucher quay lại, thông báo cá nhân hóa",966,3,20.15,0.6667
132563,Khách lâu chưa quay lại,0.0676,model,"Kéo lại bằng phim mới, voucher quay lại, thông báo cá nhân hóa",899,3,69.0,0.0
191416,Khách lâu chưa quay lại,0.0676,model,"Kéo lại bằng phim mới, voucher quay lại, thông báo cá nhân hóa",319,2,13.19,0.0
113019,Khách lâu chưa quay lại,0.0676,model,"Kéo lại bằng phim mới, voucher quay lại, thông báo cá nhân hóa",377,2,4.12,0.0
151628,Khách thường xuyên,0.0674,model,"Duy trì, không cần giảm giá sâu",19,2,13.61,0.0
175934,Khách lâu chưa quay lại,0.0674,model,"Kéo lại bằng phim mới, voucher quay lại, thông báo cá nhân hóa",364,2,25.7,1.0
105799,Khách lâu chưa quay lại,0.0673,model,"Kéo lại bằng phim mới, voucher quay lại, thông báo cá nhân hóa",1048,3,21.57,0.0
173874,Khách lâu chưa quay lại,0.0673,model,"Kéo lại bằng phim mới, voucher quay lại, thông báo cá nhân hóa",414,2,25.12,1.0
105598,Khách lâu chưa quay lại,0.0672,model,"Kéo lại bằng phim mới, voucher quay lại, thông báo cá nhân hóa",358,5,60.76,0.4
123291,Khách lâu chưa quay lại,0.0671,model,"Kéo lại bằng phim mới, voucher quay lại, thông báo cá nhân hóa",828,3,29.24,0.3333
100148,Khách lâu chưa quay lại,0.0671,model,"Kéo lại bằng phim mới, voucher quay lại, thông báo cá nhân hóa",442,3,13.03,0.6667
122647,Khách lâu chưa quay lại,0.0671,model,"Kéo lại bằng phim mới, voucher quay lại, thông báo cá nhân hóa",894,5,31.67,0.2
118215,Khách lâu chưa quay lại,0.0671,model,"Kéo lại bằng phim mới, voucher quay lại, thông báo cá nhân hóa",344,2,26.64,1.0
100705,Khách nhạy khuyến mãi,0.067,model,"Chuyển từ giảm giá trực tiếp sang tích điểm, voucher cá nhân hóa",33,2,7.99,1.0
156975,Khách lâu chưa quay lại,0.067,model,"Kéo lại bằng phim mới, voucher quay lại, thông báo cá nhân hóa",1042,2,64.37,1.0
119095,Khách lâu chưa quay lại,0.067,model,"Kéo lại bằng phim mới, voucher quay lại, thông báo cá nhân hóa",407,3,12.71,0.6667
120309,Khách nhạy khuyến mãi,0.067,model,"Chuyển từ giảm giá trực tiếp sang tích điểm, voucher cá nhân hóa",72,2,13.03,1.0
138741,Khách nhạy khuyến mãi,0.067,model,"Chuyển từ giảm giá trực tiếp sang tích điểm, voucher cá nhân hóa",86,2,21.2,1.0
159621,Khách lâu chưa quay lại,0.067,model,"Kéo lại bằng phim mới, voucher quay lại, thông báo cá nhân hóa",325,3,20.44,0.6667
131376,Khách lâu chưa quay lại,0.0669,model,"Kéo lại bằng phim mới, voucher quay lại, thông báo cá nhân hóa",439,4,46.72,0.25
128584,Khách lâu chưa quay lại,0.0669,model,"Kéo lại bằng phim mới, voucher quay lại, thông báo cá nhân hóa",93,1,6.52,1.0
212100,Khách nhạy khuyến mãi,0.0669,model,"Chuyển từ giảm giá trực tiếp sang tích điểm, voucher cá nhân hóa",71,1,6.52,1.0
210800,Khách nhạy khuyến mãi,0.0669,model,"Chuyển từ giảm giá trực tiếp sang tích điểm, voucher cá nhân hóa",78,1,6.52,1.0
206298,Khách nhạy khuyến mãi,0.0669,model,"Chuyển từ giảm giá trực tiếp sang tích điểm, voucher cá nhân hóa",79,1,6.52,1.0
183333,Khách nhạy khuyến mãi,0.0669,model,"Chuyển từ giảm giá trực tiếp sang tích điểm, voucher cá nhân hóa",78,1,6.52,1.0
200945,Khách nhạy khuyến mãi,0.0669,model,"Chuyển từ giảm giá trực tiếp sang tích điểm, voucher cá nhân hóa",70,1,6.52,1.0
204375,Khách nhạy khuyến mãi,0.0669,model,"Chuyển từ giảm giá trực tiếp sang tích điểm, voucher cá nhân hóa",85,1,6.52,1.0
181896,Khách nhạy khuyến mãi,0.0669,model,"Chuyển từ giảm giá trực tiếp sang tích điểm, voucher cá nhân hóa",79,1,6.52,1.0
205494,Khách nhạy khuyến mãi,0.0669,model,"Chuyển từ giảm giá trực tiếp sang tích điểm, voucher cá nhân hóa",75,1,6.52,1.0
208928,Khách nhạy khuyến mãi,0.0669,model,"Chuyển từ giảm giá trực tiếp sang tích điểm, voucher cá nhân hóa",72,1,6.52,1.0
182042,Khách nhạy khuyến mãi,0.0669,model,"Chuyển từ giảm giá trực tiếp sang tích điểm, voucher cá nhân hóa",77,1,6.52,1.0
105501,Khách nhạy khuyến mãi,0.0669,model,"Chuyển từ giảm giá trực tiếp sang tích điểm, voucher cá nhân hóa",79,1,6.52,1.0
166203,Khách nhạy khuyến mãi,0.0669,model,"Chuyển từ giảm giá trực tiếp sang tích điểm, voucher cá nhân hóa",78,1,6.52,1.0
191204,Khách nhạy khuyến mãi,0.0669,model,"Chuyển từ giảm giá trực tiếp sang tích điểm, voucher cá nhân hóa",79,1,6.52,1.0
191077,Khách nhạy khuyến mãi,0.0669,model,"Chuyển từ giảm giá trực tiếp sang tích điểm, voucher cá nhân hóa",70,1,6.52,1.0
144000,Khách lâu chưa quay lại,0.0669,model,"Kéo lại bằng phim mới, voucher quay lại, thông báo cá nhân hóa",315,2,16.08,0.0
160292,Khách nhạy khuyến mãi,0.0668,model,"Chuyển từ giảm giá trực tiếp sang tích điểm, voucher cá nhân hóa",75,1,3.26,1.0
209566,Khách nhạy khuyến mãi,0.0668,model,"Chuyển từ giảm giá trực tiếp sang tích điểm, voucher cá nhân hóa",75,1,3.26,1.0
191140,Khách nhạy khuyến mãi,0.0668,model,"Chuyển từ giảm giá trực tiếp sang tích điểm, voucher cá nhân hóa",73,1,3.26,1.0
104586,Khách giá trị cao,0.0668,model,"Membership, ưu đãi đặc quyền, đặt vé sớm phim hot",102,5,36.9,0.2
117643,Khách lâu chưa quay lại,0.0668,model,"Kéo lại bằng phim mới, voucher quay lại, thông báo cá nhân hóa",322,2,13.03,1.0
142745,Khách lâu chưa quay lại,0.0668,model,"Kéo lại bằng phim mới, voucher quay lại, thông báo cá nhân hóa",330,2,13.03,1.0
112174,Khách lâu chưa quay lại,0.0667,model,"Kéo lại bằng phim mới, voucher quay lại, thông báo cá nhân hóa",498,2,13.02,1.0
108150,Khách lâu chưa quay lại,0.0666,model,"Kéo lại bằng phim mới, voucher quay lại, thông báo cá nhân hóa",1008,3,24.87,0.3333
131892,Khách lâu chưa quay lại,0.0666,model,"Kéo lại bằng phim mới, voucher quay lại, thông báo cá nhân hóa",849,1,9.4,1.0
132617,Khách lâu chưa quay lại,0.0665,model,"Kéo lại bằng phim mới, voucher quay lại, thông báo cá nhân hóa",309,3,32.75,0.3333
152640,Khách lâu chưa quay lại,0.0665,model,"Kéo lại bằng phim mới, voucher quay lại, thông báo cá nhân hóa",361,3,21.29,0.6667
150775,Khách thường xuyên,0.0665,model,"Duy trì, không cần giảm giá sâu",74,2,6.1,0.0
116697,Khách lâu chưa quay lại,0.0664,model,"Kéo lại bằng phim mới, voucher quay lại, thông báo cá nhân hóa",505,2,13.04,1.0
127066,Khách giá trị cao,0.0663,model,"Membership, ưu đãi đặc quyền, đặt vé sớm phim hot",16,4,25.23,1.0
120949,Khách lâu chưa quay lại,0.0663,model,"Kéo lại bằng phim mới, voucher quay lại, thông báo cá nhân hóa",310,3,29.7,0.3333
161983,Khách lâu chưa quay lại,0.0663,model,"Kéo lại bằng phim mới, voucher quay lại, thông báo cá nhân hóa",874,2,11.96,0.0
125041,Khách lâu chưa quay lại,0.0663,model,"Kéo lại bằng phim mới, voucher quay lại, thông báo cá nhân hóa",359,3,19.22,0.6667
119392,Khách lâu chưa quay lại,0.0663,model,"Kéo lại bằng phim mới, voucher quay lại, thông báo cá nhân hóa",489,2,18.97,0.0
124625,Khách lâu chưa quay lại,0.0662,model,"Kéo lại bằng phim mới, voucher quay lại, thông báo cá nhân hóa",438,5,52.67,0.4
160165,Khách giá trị cao,0.0661,model,"Membership, ưu đãi đặc quyền, đặt vé sớm phim hot",1,3,11.48,0.6667
153770,Khách lâu chưa quay lại,0.0661,model,"Kéo lại bằng phim mới, voucher quay lại, thông báo cá nhân hóa",882,1,10.22,1.0
119596,Khách nhạy khuyến mãi,0.0661,model,"Chuyển từ giảm giá trực tiếp sang tích điểm, voucher cá nhân hóa",79,2,10.63,0.5
133145,Khách lâu chưa quay lại,0.0661,model,"Kéo lại bằng phim mới, voucher quay lại, thông báo cá nhân hóa",1066,1,3.09,0.0
124098,Khách lâu chưa quay lại,0.066,model,"Kéo lại bằng phim mới, voucher quay lại, thông báo cá nhân hóa",1051,2,15.26,0.0
140098,Khách lâu chưa quay lại,0.066,model,"Kéo lại bằng phim mới, voucher quay lại, thông báo cá nhân hóa",976,3,18.14,0.0
100159,Khách lâu chưa quay lại,0.0659,model,"Kéo lại bằng phim mới, voucher quay lại, thông báo cá nhân hóa",338,7,71.49,0.1429
150310,Khách lâu chưa quay lại,0.0659,model,"Kéo lại bằng phim mới, voucher quay lại, thông báo cá nhân hóa",359,3,18.85,0.6667
167366,Khách lâu chưa quay lại,0.0659,model,"Kéo lại bằng phim mới, voucher quay lại, thông báo cá nhân hóa",353,1,6.51,1.0
128854,Khách thường xuyên,0.0659,model,"Duy trì, không cần giảm giá sâu",71,2,10.26,0.0
123000,Khách lâu chưa quay lại,0.0658,model,"Kéo lại bằng phim mới, voucher quay lại, thông báo cá nhân hóa",443,2,6.52,0.5
106082,Khách thường xuyên,0.0658,model,"Duy trì, không cần giảm giá sâu",78,1,3.26,0.0
153697,Khách lâu chưa quay lại,0.0658,model,"Kéo lại bằng phim mới, voucher quay lại, thông báo cá nhân hóa",96,1,3.26,0.0
113107,Khách lâu chưa quay lại,0.0658,model,"Kéo lại bằng phim mới, voucher quay lại, thông báo cá nhân hóa",91,1,3.26,0.0
214912,Khách mua một lần (mới),0.0658,model,Tặng coupon cho lần mua thứ hai trong vòng 7–14 ngày,22,1,3.3,0.0
116879,Khách thường xuyên,0.0658,model,"Duy trì, không cần giảm giá sâu",68,1,3.26,0.0
106964,Khách lâu chưa quay lại,0.0658,model,"Kéo lại bằng phim mới, voucher quay lại, thông báo cá nhân hóa",332,2,9.77,1.0
111227,Khách giá trị cao,0.0657,model,"Membership, ưu đãi đặc quyền, đặt vé sớm phim hot",22,3,20.82,1.0
134377,Khách lâu chưa quay lại,0.0656,model,"Kéo lại bằng phim mới, voucher quay lại, thông báo cá nhân hóa",337,3,16.13,0.6667
120854,Khách giá trị cao,0.0656,model,"Membership, ưu đãi đặc quyền, đặt vé sớm phim hot",23,5,32.53,0.8
147627,Khách lâu chưa quay lại,0.0655,model,"Kéo lại bằng phim mới, voucher quay lại, thông báo cá nhân hóa",1106,2,11.96,0.0
167468,Khách mua một lần (mới),0.0655,model,Tặng coupon cho lần mua thứ hai trong vòng 7–14 ngày,2,1,6.2,0.0
144950,Khách giá trị cao,0.0654,model,"Membership, ưu đãi đặc quyền, đặt vé sớm phim hot",5,3,21.82,0.6667
113793,Khách lâu chưa quay lại,0.0654,model,"Kéo lại bằng phim mới, voucher quay lại, thông báo cá nhân hóa",910,2,13.02,1.0
153768,Khách giá trị cao,0.0654,model,"Membership, ưu đãi đặc quyền, đặt vé sớm phim hot",27,3,18.72,0.6667
119876,Khách lâu chưa quay lại,0.0652,model,"Kéo lại bằng phim mới, voucher quay lại, thông báo cá nhân hóa",1017,3,27.21,0.0
105006,Khách lâu chưa quay lại,0.0652,model,"Kéo lại bằng phim mới, voucher quay lại, thông báo cá nhân hóa",494,4,25.58,0.0
196230,Khách lâu chưa quay lại,0.0652,model,"Kéo lại bằng phim mới, voucher quay lại, thông báo cá nhân hóa",338,1,1.81,0.0
116218,Khách lâu chưa quay lại,0.0651,model,"Kéo lại bằng phim mới, voucher quay lại, thông báo cá nhân hóa",497,4,22.31,0.5
121139,Khách lâu chưa quay lại,0.0651,model,"Kéo lại bằng phim mới, voucher quay lại, thông báo cá nhân hóa",417,2,4.94,1.0
189655,Khách nhạy khuyến mãi,0.065,model,"Chuyển từ giảm giá trực tiếp sang tích điểm, voucher cá nhân hóa",21,2,8.21,0.5
131160,Khách lâu chưa quay lại,0.065,model,"Kéo lại bằng phim mới, voucher quay lại, thông báo cá nhân hóa",308,3,14.75,0.3333
150231,Khách lâu chưa quay lại,0.065,model,"Kéo lại bằng phim mới, voucher quay lại, thông báo cá nhân hóa",481,2,1.65,0.0
129521,Khách giá trị cao,0.065,model,"Membership, ưu đãi đặc quyền, đặt vé sớm phim hot",16,5,47.97,0.8
115291,Khách nhạy khuyến mãi,0.0649,model,"Chuyển từ giảm giá trực tiếp sang tích điểm, voucher cá nhân hóa",73,2,13.89,0.5
159393,Khách lâu chưa quay lại,0.0649,model,"Kéo lại bằng phim mới, voucher quay lại, thông báo cá nhân hóa",421,2,17.57,1.0
206777,Khách nhạy khuyến mãi,0.0649,model,"Chuyển từ giảm giá trực tiếp sang tích điểm, voucher cá nhân hóa",29,2,2.89,1.0
133991,Khách lâu chưa quay lại,0.0649,model,"Kéo lại bằng phim mới, voucher quay lại, thông báo cá nhân hóa",855,4,25.2,0.5
147967,Khách lâu chưa quay lại,0.0649,model,"Kéo lại bằng phim mới, voucher quay lại, thông báo cá nhân hóa",343,4,25.9,0.0
117229,Khách lâu chưa quay lại,0.0649,model,"Kéo lại bằng phim mới, voucher quay lại, thông báo cá nhân hóa",443,6,52.14,1.0
103001,Khách lâu chưa quay lại,0.0647,model,"Kéo lại bằng phim mới, voucher quay lại, thông báo cá nhân hóa",362,1,27.18,0.0
112642,Khách giá trị cao,0.0647,model,"Membership, ưu đãi đặc quyền, đặt vé sớm phim hot",71,3,22.35,0.6667
145126,Khách lâu chưa quay lại,0.0646,model,"Kéo lại bằng phim mới, voucher quay lại, thông báo cá nhân hóa",726,4,40.78,0.0
122914,Khách lâu chưa quay lại,0.0645,model,"Kéo lại bằng phim mới, voucher quay lại, thông báo cá nhân hóa",443,2,13.02,1.0
129379,Khách lâu chưa quay lại,0.0645,model,"Kéo lại bằng phim mới, voucher quay lại, thông báo cá nhân hóa",311,3,25.49,0.3333
143032,Khách mua một lần (mới),0.0645,model,Tặng coupon cho lần mua thứ hai trong vòng 7–14 ngày,14,1,13.28,1.0
138704,Khách mua một lần (mới),0.0645,model,Tặng coupon cho lần mua thứ hai trong vòng 7–14 ngày,22,1,13.28,1.0
102612,Khách nhạy khuyến mãi,0.0645,model,"Chuyển từ giảm giá trực tiếp sang tích điểm, voucher cá nhân hóa",20,2,12.21,1.0
147391,Khách lâu chưa quay lại,0.0644,model,"Kéo lại bằng phim mới, voucher quay lại, thông báo cá nhân hóa",498,3,19.54,1.0
139005,Khách lâu chưa quay lại,0.0644,model,"Kéo lại bằng phim mới, voucher quay lại, thông báo cá nhân hóa",324,8,62.68,0.25
128816,Khách lâu chưa quay lại,0.0644,model,"Kéo lại bằng phim mới, voucher quay lại, thông báo cá nhân hóa",538,8,59.38,0.0
128200,Khách lâu chưa quay lại,0.0644,model,"Kéo lại bằng phim mới, voucher quay lại, thông báo cá nhân hóa",340,4,36.7,0.0
140876,Khách lâu chưa quay lại,0.0644,model,"Kéo lại bằng phim mới, voucher quay lại, thông báo cá nhân hóa",360,3,30.43,0.3333
168169,Khách giá trị cao,0.0643,model,"Membership, ưu đãi đặc quyền, đặt vé sớm phim hot",21,4,32.87,0.75
125332,Khách lâu chưa quay lại,0.0643,model,"Kéo lại bằng phim mới, voucher quay lại, thông báo cá nhân hóa",448,4,25.31,0.75
170262,Khách lâu chưa quay lại,0.0643,model,"Kéo lại bằng phim mới, voucher quay lại, thông báo cá nhân hóa",353,2,12.2,1.0
121685,Khách lâu chưa quay lại,0.0642,model,"Kéo lại bằng phim mới, voucher quay lại, thông báo cá nhân hóa",427,2,13.03,1.0
105435,Khách thường xuyên,0.0642,model,"Duy trì, không cần giảm giá sâu",2,2,23.88,0.0
133866,Khách lâu chưa quay lại,0.0642,model,"Kéo lại bằng phim mới, voucher quay lại, thông báo cá nhân hóa",359,2,13.02,1.0
160415,Khách lâu chưa quay lại,0.0642,model,"Kéo lại bằng phim mới, voucher quay lại, thông báo cá nhân hóa",101,1,7.0,0.0
127218,Khách lâu chưa quay lại,0.0642,model,"Kéo lại bằng phim mới, voucher quay lại, thông báo cá nhân hóa",932,4,20.12,0.25
120279,Khách lâu chưa quay lại,0.0641,model,"Kéo lại bằng phim mới, voucher quay lại, thông báo cá nhân hóa",435,3,16.5,0.3333
122708,Khách lâu chưa quay lại,0.0641,model,"Kéo lại bằng phim mới, voucher quay lại, thông báo cá nhân hóa",358,2,13.02,1.0
174817,Khách nhạy khuyến mãi,0.0641,model,"Chuyển từ giảm giá trực tiếp sang tích điểm, voucher cá nhân hóa",23,2,12.21,1.0
124258,Khách lâu chưa quay lại,0.064,model,"Kéo lại bằng phim mới, voucher quay lại, thông báo cá nhân hóa",322,2,18.84,1.0
133745,Khách giá trị cao,0.064,model,"Membership, ưu đãi đặc quyền, đặt vé sớm phim hot",22,3,23.95,0.6667
172905,Khách nhạy khuyến mãi,0.064,model,"Chuyển từ giảm giá trực tiếp sang tích điểm, voucher cá nhân hóa",23,2,15.46,1.0
140218,Khách lâu chưa quay lại,0.0639,model,"Kéo lại bằng phim mới, voucher quay lại, thông báo cá nhân hóa",959,3,19.56,1.0
101953,Khách giá trị cao,0.0639,model,"Membership, ưu đãi đặc quyền, đặt vé sớm phim hot",77,4,31.9,0.5
123269,Khách lâu chưa quay lại,0.0638,model,"Kéo lại bằng phim mới, voucher quay lại, thông báo cá nhân hóa",333,2,9.61,0.5
149181,Khách giá trị cao,0.0638,model,"Membership, ưu đãi đặc quyền, đặt vé sớm phim hot",20,5,27.95,0.2
150385,Khách lâu chưa quay lại,0.0638,model,"Kéo lại bằng phim mới, voucher quay lại, thông báo cá nhân hóa",360,4,31.59,0.5
143618,Khách giá trị cao,0.0638,model,"Membership, ưu đãi đặc quyền, đặt vé sớm phim hot",23,3,18.35,0.3333
136439,Khách lâu chưa quay lại,0.0637,model,"Kéo lại bằng phim mới, voucher quay lại, thông báo cá nhân hóa",471,2,9.78,1.0
127771,Khách lâu chưa quay lại,0.0636,model,"Kéo lại bằng phim mới, voucher quay lại, thông báo cá nhân hóa",939,1,10.23,1.0
101824,Khách lâu chưa quay lại,0.0636,model,"Kéo lại bằng phim mới, voucher quay lại, thông báo cá nhân hóa",342,3,26.56,0.0
136214,Khách lâu chưa quay lại,0.0636,model,"Kéo lại bằng phim mới, voucher quay lại, thông báo cá nhân hóa",526,4,36.92,0.25
119070,Khách giá trị cao,0.0636,model,"Membership, ưu đãi đặc quyền, đặt vé sớm phim hot",14,3,15.46,1.0
143492,Khách lâu chưa quay lại,0.0636,model,"Kéo lại bằng phim mới, voucher quay lại, thông báo cá nhân hóa",500,3,16.29,1.0
119566,Khách lâu chưa quay lại,0.0636,model,"Kéo lại bằng phim mới, voucher quay lại, thông báo cá nhân hóa",462,2,13.04,1.0
131476,Khách lâu chưa quay lại,0.0635,model,"Kéo lại bằng phim mới, voucher quay lại, thông báo cá nhân hóa",925,3,19.21,0.6667
185287,Khách lâu chưa quay lại,0.0635,model,"Kéo lại bằng phim mới, voucher quay lại, thông báo cá nhân hóa",344,2,19.22,0.5
148619,Khách lâu chưa quay lại,0.0635,model,"Kéo lại bằng phim mới, voucher quay lại, thông báo cá nhân hóa",875,4,25.37,0.75
108827,Khách lâu chưa quay lại,0.0634,model,"Kéo lại bằng phim mới, voucher quay lại, thông báo cá nhân hóa",932,3,19.53,1.0
160853,Khách nhạy khuyến mãi,0.0634,model,"Chuyển từ giảm giá trực tiếp sang tích điểm, voucher cá nhân hóa",80,2,13.04,1.0
122266,Khách lâu chưa quay lại,0.0634,model,"Kéo lại bằng phim mới, voucher quay lại, thông báo cá nhân hóa",345,3,21.15,0.6667
204842,Khách nhạy khuyến mãi,0.0634,model,"Chuyển từ giảm giá trực tiếp sang tích điểm, voucher cá nhân hóa",9,2,11.38,1.0
109065,Khách lâu chưa quay lại,0.0634,model,"Kéo lại bằng phim mới, voucher quay lại, thông báo cá nhân hóa",415,2,28.54,1.0
109217,Khách lâu chưa quay lại,0.0633,model,"Kéo lại bằng phim mới, voucher quay lại, thông báo cá nhân hóa",323,2,19.54,1.0
154445,Khách lâu chưa quay lại,0.0633,model,"Kéo lại bằng phim mới, voucher quay lại, thông báo cá nhân hóa",827,2,31.84,0.0
124254,Khách lâu chưa quay lại,0.0632,model,"Kéo lại bằng phim mới, voucher quay lại, thông báo cá nhân hóa",894,5,25.49,0.2
127858,Khách lâu chưa quay lại,0.0632,model,"Kéo lại bằng phim mới, voucher quay lại, thông báo cá nhân hóa",477,3,25.19,0.3333
152699,Khách lâu chưa quay lại,0.0631,model,"Kéo lại bằng phim mới, voucher quay lại, thông báo cá nhân hóa",425,3,22.28,0.0
130512,Khách lâu chưa quay lại,0.0631,model,"Kéo lại bằng phim mới, voucher quay lại, thông báo cá nhân hóa",363,3,24.25,0.0
100840,Khách lâu chưa quay lại,0.063,model,"Kéo lại bằng phim mới, voucher quay lại, thông báo cá nhân hóa",1102,1,2.89,1.0
118610,Khách lâu chưa quay lại,0.063,model,"Kéo lại bằng phim mới, voucher quay lại, thông báo cá nhân hóa",1124,1,2.89,1.0
146624,Khách lâu chưa quay lại,0.063,model,"Kéo lại bằng phim mới, voucher quay lại, thông báo cá nhân hóa",1124,1,2.89,1.0
111045,Khách lâu chưa quay lại,0.063,model,"Kéo lại bằng phim mới, voucher quay lại, thông báo cá nhân hóa",1070,3,32.79,0.0
123772,Khách giá trị cao,0.063,model,"Membership, ưu đãi đặc quyền, đặt vé sớm phim hot",15,3,29.25,0.6667
143317,Khách lâu chưa quay lại,0.063,model,"Kéo lại bằng phim mới, voucher quay lại, thông báo cá nhân hóa",877,3,27.55,0.3333
161490,Khách lâu chưa quay lại,0.063,model,"Kéo lại bằng phim mới, voucher quay lại, thông báo cá nhân hóa",441,2,7.76,0.5
124623,Khách lâu chưa quay lại,0.0629,model,"Kéo lại bằng phim mới, voucher quay lại, thông báo cá nhân hóa",1094,2,6.18,0.0
119100,Khách thường xuyên,0.0629,model,"Duy trì, không cần giảm giá sâu",16,2,10.76,0.0
185609,Khách nhạy khuyến mãi,0.0629,model,"Chuyển từ giảm giá trực tiếp sang tích điểm, voucher cá nhân hóa",78,1,6.52,1.0
180729,Khách mua một lần (mới),0.0629,model,Tặng coupon cho lần mua thứ hai trong vòng 7–14 ngày,20,1,6.58,0.0
225484,Khách mua một lần (mới),0.0629,model,Tặng coupon cho lần mua thứ hai trong vòng 7–14 ngày,2,1,2.06,1.0
132401,Khách nhạy khuyến mãi,0.0629,model,"Chuyển từ giảm giá trực tiếp sang tích điểm, voucher cá nhân hóa",75,1,2.27,1.0
158239,Khách lâu chưa quay lại,0.0628,model,"Kéo lại bằng phim mới, voucher quay lại, thông báo cá nhân hóa",329,2,14.43,0.0
172421,Khách lâu chưa quay lại,0.0628,model,"Kéo lại bằng phim mới, voucher quay lại, thông báo cá nhân hóa",318,2,18.06,0.5
110712,Khách lâu chưa quay lại,0.0628,model,"Kéo lại bằng phim mới, voucher quay lại, thông báo cá nhân hóa",331,2,17.85,0.5
222689,Khách nhạy khuyến mãi,0.0627,model,"Chuyển từ giảm giá trực tiếp sang tích điểm, voucher cá nhân hóa",78,1,6.52,1.0
175593,Khách lâu chưa quay lại,0.0627,model,"Kéo lại bằng phim mới, voucher quay lại, thông báo cá nhân hóa",93,1,6.52,1.0
159520,Khách lâu chưa quay lại,0.0627,model,"Kéo lại bằng phim mới, voucher quay lại, thông báo cá nhân hóa",94,1,6.52,1.0
202535,Khách nhạy khuyến mãi,0.0627,model,"Chuyển từ giảm giá trực tiếp sang tích điểm, voucher cá nhân hóa",71,1,6.52,1.0
123316,Khách lâu chưa quay lại,0.0627,model,"Kéo lại bằng phim mới, voucher quay lại, thông báo cá nhân hóa",960,3,28.79,0.3333
107379,Khách lâu chưa quay lại,0.0627,model,"Kéo lại bằng phim mới, voucher quay lại, thông báo cá nhân hóa",552,3,21.23,0.6667
126046,Khách nhạy khuyến mãi,0.0626,model,"Chuyển từ giảm giá trực tiếp sang tích điểm, voucher cá nhân hóa",31,2,25.35,0.5
146175,Khách lâu chưa quay lại,0.0626,model,"Kéo lại bằng phim mới, voucher quay lại, thông báo cá nhân hóa",425,2,15.63,0.0
130927,Khách lâu chưa quay lại,0.0625,model,"Kéo lại bằng phim mới, voucher quay lại, thông báo cá nhân hóa",760,3,16.96,0.0
105444,Khách lâu chưa quay lại,0.0625,model,"Kéo lại bằng phim mới, voucher quay lại, thông báo cá nhân hóa",366,4,34.36,0.75
153016,Khách lâu chưa quay lại,0.0625,model,"Kéo lại bằng phim mới, voucher quay lại, thông báo cá nhân hóa",947,1,10.23,1.0
116627,Khách thường xuyên,0.0625,model,"Duy trì, không cần giảm giá sâu",31,1,3.63,0.0
156739,Khách thường xuyên,0.0625,model,"Duy trì, không cần giảm giá sâu",54,1,3.51,0.0
196476,Khách mua một lần (mới),0.0625,model,Tặng coupon cho lần mua thứ hai trong vòng 7–14 ngày,14,1,3.42,0.0
187851,Khách mua một lần (mới),0.0625,model,Tặng coupon cho lần mua thứ hai trong vòng 7–14 ngày,18,1,3.42,0.0
178461,Khách lâu chưa quay lại,0.0624,model,"Kéo lại bằng phim mới, voucher quay lại, thông báo cá nhân hóa",347,1,24.74,0.0
191651,Khách lâu chưa quay lại,0.0624,model,"Kéo lại bằng phim mới, voucher quay lại, thông báo cá nhân hóa",344,1,24.74,0.0
186509,Khách lâu chưa quay lại,0.0624,model,"Kéo lại bằng phim mới, voucher quay lại, thông báo cá nhân hóa",348,1,24.74,0.0
149738,Khách lâu chưa quay lại,0.0624,model,"Kéo lại bằng phim mới, voucher quay lại, thông báo cá nhân hóa",498,2,10.63,0.5
157535,Khách lâu chưa quay lại,0.0624,model,"Kéo lại bằng phim mới, voucher quay lại, thông báo cá nhân hóa",344,2,25.33,1.0
200163,Khách lâu chưa quay lại,0.0624,model,"Kéo lại bằng phim mới, voucher quay lại, thông báo cá nhân hóa",326,2,12.33,0.0
120680,Khách lâu chưa quay lại,0.0624,model,"Kéo lại bằng phim mới, voucher quay lại, thông báo cá nhân hóa",839,3,27.21,0.0
120452,Khách lâu chưa quay lại,0.0623,model,"Kéo lại bằng phim mới, voucher quay lại, thông báo cá nhân hóa",974,1,3.26,1.0
102932,Khách mua một lần (mới),0.0623,model,Tặng coupon cho lần mua thứ hai trong vòng 7–14 ngày,16,1,13.12,0.0
120730,Khách thường xuyên,0.0623,model,"Duy trì, không cần giảm giá sâu",38,1,13.07,0.0
195833,Khách lâu chưa quay lại,0.0623,model,"Kéo lại bằng phim mới, voucher quay lại, thông báo cá nhân hóa",351,1,26.18,1.0
173306,Khách giá trị cao,0.0623,model,"Membership, ưu đãi đặc quyền, đặt vé sớm phim hot",28,3,21.98,1.0
142459,Khách nhạy khuyến mãi,0.0623,model,"Chuyển từ giảm giá trực tiếp sang tích điểm, voucher cá nhân hóa",71,1,3.26,1.0
165732,Khách lâu chưa quay lại,0.0623,model,"Kéo lại bằng phim mới, voucher quay lại, thông báo cá nhân hóa",359,2,1.31,0.0
122061,Khách lâu chưa quay lại,0.0623,model,"Kéo lại bằng phim mới, voucher quay lại, thông báo cá nhân hóa",492,3,19.55,1.0
138436,Khách lâu chưa quay lại,0.0622,model,"Kéo lại bằng phim mới, voucher quay lại, thông báo cá nhân hóa",378,5,31.51,0.8
179963,Khách lâu chưa quay lại,0.0621,model,"Kéo lại bằng phim mới, voucher quay lại, thông báo cá nhân hóa",344,2,13.02,1.0
121231,Khách lâu chưa quay lại,0.0621,model,"Kéo lại bằng phim mới, voucher quay lại, thông báo cá nhân hóa",414,3,24.99,0.6667
117550,Khách lâu chưa quay lại,0.062,model,"Kéo lại bằng phim mới, voucher quay lại, thông báo cá nhân hóa",363,8,51.83,0.875
116403,Khách lâu chưa quay lại,0.062,model,"Kéo lại bằng phim mới, voucher quay lại, thông báo cá nhân hóa",759,3,17.24,0.3333
190859,Khách lâu chưa quay lại,0.062,model,"Kéo lại bằng phim mới, voucher quay lại, thông báo cá nhân hóa",315,2,13.04,1.0
145233,Khách lâu chưa quay lại,0.062,model,"Kéo lại bằng phim mới, voucher quay lại, thông báo cá nhân hóa",1115,2,9.48,0.5
150944,Khách lâu chưa quay lại,0.0619,model,"Kéo lại bằng phim mới, voucher quay lại, thông báo cá nhân hóa",512,2,25.53,0.0
101557,Khách nhạy khuyến mãi,0.0619,model,"Chuyển từ giảm giá trực tiếp sang tích điểm, voucher cá nhân hóa",35,1,3.26,1.0
190448,Khách nhạy khuyến mãi,0.0619,model,"Chuyển từ giảm giá trực tiếp sang tích điểm, voucher cá nhân hóa",72,1,2.27,1.0
118809,Khách lâu chưa quay lại,0.0619,model,"Kéo lại bằng phim mới, voucher quay lại, thông báo cá nhân hóa",840,2,14.77,0.5
106241,Khách giá trị cao,0.0619,model,"Membership, ưu đãi đặc quyền, đặt vé sớm phim hot",23,3,15.87,1.0
104235,Khách nhạy khuyến mãi,0.0619,model,"Chuyển từ giảm giá trực tiếp sang tích điểm, voucher cá nhân hóa",80,2,9.77,1.0
103639,Khách lâu chưa quay lại,0.0619,model,"Kéo lại bằng phim mới, voucher quay lại, thông báo cá nhân hóa",336,5,33.15,0.6
180116,Khách lâu chưa quay lại,0.0618,model,"Kéo lại bằng phim mới, voucher quay lại, thông báo cá nhân hóa",317,2,13.11,0.5
112812,Khách lâu chưa quay lại,0.0618,model,"Kéo lại bằng phim mới, voucher quay lại, thông báo cá nhân hóa",544,4,40.7,0.25
212246,Khách mua một lần (mới),0.0618,model,Tặng coupon cho lần mua thứ hai trong vòng 7–14 ngày,3,1,8.7,1.0
214748,Khách mua một lần (mới),0.0618,model,Tặng coupon cho lần mua thứ hai trong vòng 7–14 ngày,28,1,3.69,0.0
217194,Khách thường xuyên,0.0618,model,"Duy trì, không cần giảm giá sâu",69,1,3.64,0.0
185202,Khách thường xuyên,0.0618,model,"Duy trì, không cần giảm giá sâu",41,1,3.71,0.0
208199,Khách thường xuyên,0.0618,model,"Duy trì, không cần giảm giá sâu",89,1,3.66,0.0
119207,Khách lâu chưa quay lại,0.0617,model,"Kéo lại bằng phim mới, voucher quay lại, thông báo cá nhân hóa",1074,2,13.2,0.0
178931,Khách giá trị cao,0.0617,model,"Membership, ưu đãi đặc quyền, đặt vé sớm phim hot",23,3,28.65,1.0
128631,Khách mua một lần (mới),0.0616,model,Tặng coupon cho lần mua thứ hai trong vòng 7–14 ngày,4,1,6.52,0.0
216930,Khách thường xuyên,0.0616,model,"Duy trì, không cần giảm giá sâu",69,2,14.27,0.0
120286,Khách lâu chưa quay lại,0.0616,model,"Kéo lại bằng phim mới, voucher quay lại, thông báo cá nhân hóa",894,3,42.07,0.0
123450,Khách lâu chưa quay lại,0.0615,model,"Kéo lại bằng phim mới, voucher quay lại, thông báo cá nhân hóa",93,2,13.85,1.0
100675,Khách lâu chưa quay lại,0.0615,model,"Kéo lại bằng phim mới, voucher quay lại, thông báo cá nhân hóa",320,4,25.36,0.0
143275,Khách lâu chưa quay lại,0.0615,model,"Kéo lại bằng phim mới, voucher quay lại, thông báo cá nhân hóa",415,4,29.33,1.0
113067,Khách giá trị cao,0.0615,model,"Membership, ưu đãi đặc quyền, đặt vé sớm phim hot",0,3,21.99,1.0
153371,Khách lâu chưa quay lại,0.0615,model,"Kéo lại bằng phim mới, voucher quay lại, thông báo cá nhân hóa",1040,2,32.66,0.0
121729,Khách lâu chưa quay lại,0.0614,model,"Kéo lại bằng phim mới, voucher quay lại, thông báo cá nhân hóa",961,3,37.86,0.3333
125014,Khách lâu chưa quay lại,0.0614,model,"Kéo lại bằng phim mới, voucher quay lại, thông báo cá nhân hóa",986,2,6.1,0.0
107109,Khách lâu chưa quay lại,0.0613,model,"Kéo lại bằng phim mới, voucher quay lại, thông báo cá nhân hóa",345,2,16.29,1.0
119168,Khách lâu chưa quay lại,0.0613,model,"Kéo lại bằng phim mới, voucher quay lại, thông báo cá nhân hóa",434,4,30.98,1.0
158989,Khách nhạy khuyến mãi,0.0612,model,"Chuyển từ giảm giá trực tiếp sang tích điểm, voucher cá nhân hóa",18,2,11.51,0.5
127830,Khách lâu chưa quay lại,0.0612,model,"Kéo lại bằng phim mới, voucher quay lại, thông báo cá nhân hóa",986,3,13.19,0.0
171164,Khách lâu chưa quay lại,0.0612,model,"Kéo lại bằng phim mới, voucher quay lại, thông báo cá nhân hóa",359,2,9.78,1.0
127036,Khách lâu chưa quay lại,0.0611,model,"Kéo lại bằng phim mới, voucher quay lại, thông báo cá nhân hóa",1038,2,13.94,0.5
108761,Khách giá trị cao,0.0611,model,"Membership, ưu đãi đặc quyền, đặt vé sớm phim hot",79,3,17.64,0.3333
133789,Khách lâu chưa quay lại,0.061,model,"Kéo lại bằng phim mới, voucher quay lại, thông báo cá nhân hóa",321,3,30.18,0.3333
171496,Khách nhạy khuyến mãi,0.0609,model,"Chuyển từ giảm giá trực tiếp sang tích điểm, voucher cá nhân hóa",22,2,9.94,0.5
122484,Khách lâu chưa quay lại,0.0609,model,"Kéo lại bằng phim mới, voucher quay lại, thông báo cá nhân hóa",314,3,37.74,0.3333
168858,Khách lâu chưa quay lại,0.0608,model,"Kéo lại bằng phim mới, voucher quay lại, thông báo cá nhân hóa",525,3,12.46,1.0
125232,Khách lâu chưa quay lại,0.0608,model,"Kéo lại bằng phim mới, voucher quay lại, thông báo cá nhân hóa",358,2,16.3,1.0
135043,Khách lâu chưa quay lại,0.0608,model,"Kéo lại bằng phim mới, voucher quay lại, thông báo cá nhân hóa",461,2,10.72,0.0
135656,Khách nhạy khuyến mãi,0.0608,model,"Chuyển từ giảm giá trực tiếp sang tích điểm, voucher cá nhân hóa",20,2,12.61,1.0
118275,Khách lâu chưa quay lại,0.0607,model,"Kéo lại bằng phim mới, voucher quay lại, thông báo cá nhân hóa",330,4,35.4,0.0
110442,Khách lâu chưa quay lại,0.0607,model,"Kéo lại bằng phim mới, voucher quay lại, thông báo cá nhân hóa",365,2,2.8,0.0
127732,Khách lâu chưa quay lại,0.0606,model,"Kéo lại bằng phim mới, voucher quay lại, thông báo cá nhân hóa",353,3,26.96,0.6667
100783,Khách lâu chưa quay lại,0.0606,model,"Kéo lại bằng phim mới, voucher quay lại, thông báo cá nhân hóa",406,4,26.05,1.0
163903,Khách lâu chưa quay lại,0.0606,model,"Kéo lại bằng phim mới, voucher quay lại, thông báo cá nhân hóa",337,2,13.04,1.0
104429,Khách nhạy khuyến mãi,0.0605,model,"Chuyển từ giảm giá trực tiếp sang tích điểm, voucher cá nhân hóa",22,2,15.04,1.0
221801,Khách nhạy khuyến mãi,0.0605,model,"Chuyển từ giảm giá trực tiếp sang tích điểm, voucher cá nhân hóa",83,1,6.52,1.0
121864,Khách lâu chưa quay lại,0.0605,model,"Kéo lại bằng phim mới, voucher quay lại, thông báo cá nhân hóa",337,2,13.02,1.0
169560,Khách nhạy khuyến mãi,0.0604,model,"Chuyển từ giảm giá trực tiếp sang tích điểm, voucher cá nhân hóa",8,2,11.38,1.0
172668,Khách lâu chưa quay lại,0.0604,model,"Kéo lại bằng phim mới, voucher quay lại, thông báo cá nhân hóa",358,4,36.75,0.0
122911,Khách lâu chưa quay lại,0.0604,model,"Kéo lại bằng phim mới, voucher quay lại, thông báo cá nhân hóa",358,2,13.04,1.0
138871,Khách lâu chưa quay lại,0.0604,model,"Kéo lại bằng phim mới, voucher quay lại, thông báo cá nhân hóa",1105,2,6.19,0.5
142331,Khách lâu chưa quay lại,0.0603,model,"Kéo lại bằng phim mới, voucher quay lại, thông báo cá nhân hóa",318,2,13.03,1.0
170350,Khách lâu chưa quay lại,0.0603,model,"Kéo lại bằng phim mới, voucher quay lại, thông báo cá nhân hóa",918,1,6.51,1.0
123807,Khách lâu chưa quay lại,0.0603,model,"Kéo lại bằng phim mới, voucher quay lại, thông báo cá nhân hóa",834,3,20.44,0.6667
124551,Khách giá trị cao,0.0602,model,"Membership, ưu đãi đặc quyền, đặt vé sớm phim hot",73,3,26.22,0.0
112033,Khách lâu chưa quay lại,0.0602,model,"Kéo lại bằng phim mới, voucher quay lại, thông báo cá nhân hóa",1023,2,30.64,0.5
119327,Khách lâu chưa quay lại,0.0601,model,"Kéo lại bằng phim mới, voucher quay lại, thông báo cá nhân hóa",337,3,35.26,0.3333
101355,Khách lâu chưa quay lại,0.06,model,"Kéo lại bằng phim mới, voucher quay lại, thông báo cá nhân hóa",828,2,29.53,0.5
102998,Khách thường xuyên,0.06,model,"Duy trì, không cần giảm giá sâu",34,1,3.83,0.0
105071,Khách lâu chưa quay lại,0.06,model,"Kéo lại bằng phim mới, voucher quay lại, thông báo cá nhân hóa",734,2,10.72,0.0
168533,Khách lâu chưa quay lại,0.06,model,"Kéo lại bằng phim mới, voucher quay lại, thông báo cá nhân hóa",338,2,19.17,1.0
116727,Khách lâu chưa quay lại,0.06,model,"Kéo lại bằng phim mới, voucher quay lại, thông báo cá nhân hóa",420,3,19.53,1.0
143523,Khách lâu chưa quay lại,0.06,model,"Kéo lại bằng phim mới, voucher quay lại, thông báo cá nhân hóa",324,3,34.14,0.0
101757,Khách lâu chưa quay lại,0.06,model,"Kéo lại bằng phim mới, voucher quay lại, thông báo cá nhân hóa",498,2,13.03,1.0
114174,Khách lâu chưa quay lại,0.0599,model,"Kéo lại bằng phim mới, voucher quay lại, thông báo cá nhân hóa",861,3,10.71,0.0
120646,Khách lâu chưa quay lại,0.0598,model,"Kéo lại bằng phim mới, voucher quay lại, thông báo cá nhân hóa",812,2,30.93,0.5
159631,Khách lâu chưa quay lại,0.0598,model,"Kéo lại bằng phim mới, voucher quay lại, thông báo cá nhân hóa",315,1,3.26,1.0
130311,Khách lâu chưa quay lại,0.0597,model,"Kéo lại bằng phim mới, voucher quay lại, thông báo cá nhân hóa",842,2,13.53,0.5
117263,Khách lâu chưa quay lại,0.0597,model,"Kéo lại bằng phim mới, voucher quay lại, thông báo cá nhân hóa",344,2,20.38,1.0
129909,Khách lâu chưa quay lại,0.0596,model,"Kéo lại bằng phim mới, voucher quay lại, thông báo cá nhân hóa",1151,1,2.89,1.0
148336,Khách lâu chưa quay lại,0.0596,model,"Kéo lại bằng phim mới, voucher quay lại, thông báo cá nhân hóa",1157,1,2.89,1.0
105734,Khách lâu chưa quay lại,0.0596,model,"Kéo lại bằng phim mới, voucher quay lại, thông báo cá nhân hóa",1109,1,2.89,1.0
126467,Khách lâu chưa quay lại,0.0596,model,"Kéo lại bằng phim mới, voucher quay lại, thông báo cá nhân hóa",1157,1,2.89,1.0
102465,Khách lâu chưa quay lại,0.0596,model,"Kéo lại bằng phim mới, voucher quay lại, thông báo cá nhân hóa",1108,1,2.89,1.0
172643,Khách lâu chưa quay lại,0.0596,model,"Kéo lại bằng phim mới, voucher quay lại, thông báo cá nhân hóa",442,2,12.71,0.5
162809,Khách lâu chưa quay lại,0.0595,model,"Kéo lại bằng phim mới, voucher quay lại, thông báo cá nhân hóa",346,4,24.95,0.25
111228,Khách lâu chưa quay lại,0.0594,model,"Kéo lại bằng phim mới, voucher quay lại, thông báo cá nhân hóa",884,1,10.23,1.0
154956,Khách lâu chưa quay lại,0.0594,model,"Kéo lại bằng phim mới, voucher quay lại, thông báo cá nhân hóa",315,2,12.78,0.0
135126,Khách lâu chưa quay lại,0.0593,model,"Kéo lại bằng phim mới, voucher quay lại, thông báo cá nhân hóa",984,2,14.02,0.0
129477,Khách lâu chưa quay lại,0.0593,model,"Kéo lại bằng phim mới, voucher quay lại, thông báo cá nhân hóa",985,3,30.97,0.0
133416,Khách lâu chưa quay lại,0.0593,model,"Kéo lại bằng phim mới, voucher quay lại, thông báo cá nhân hóa",1002,3,30.44,0.3333
103939,Khách lâu chưa quay lại,0.0593,model,"Kéo lại bằng phim mới, voucher quay lại, thông báo cá nhân hóa",894,3,18.15,0.0
100215,Khách lâu chưa quay lại,0.0593,model,"Kéo lại bằng phim mới, voucher quay lại, thông báo cá nhân hóa",361,2,13.02,1.0
156234,Khách lâu chưa quay lại,0.0592,model,"Kéo lại bằng phim mới, voucher quay lại, thông báo cá nhân hóa",359,2,13.02,1.0
100499,Khách lâu chưa quay lại,0.0592,model,"Kéo lại bằng phim mới, voucher quay lại, thông báo cá nhân hóa",1093,1,20.62,0.0
144265,Khách lâu chưa quay lại,0.0592,model,"Kéo lại bằng phim mới, voucher quay lại, thông báo cá nhân hóa",1093,1,21.03,0.0
120180,Khách lâu chưa quay lại,0.0592,model,"Kéo lại bằng phim mới, voucher quay lại, thông báo cá nhân hóa",1124,1,21.45,0.0
153277,Khách lâu chưa quay lại,0.0592,model,"Kéo lại bằng phim mới, voucher quay lại, thông báo cá nhân hóa",1117,1,21.45,0.0
160936,Khách lâu chưa quay lại,0.0592,model,"Kéo lại bằng phim mới, voucher quay lại, thông báo cá nhân hóa",444,1,2.68,0.0
203449,Khách lâu chưa quay lại,0.0592,model,"Kéo lại bằng phim mới, voucher quay lại, thông báo cá nhân hóa",441,1,2.68,0.0
138165,Khách lâu chưa quay lại,0.0592,model,"Kéo lại bằng phim mới, voucher quay lại, thông báo cá nhân hóa",496,1,2.64,0.0
119567,Khách lâu chưa quay lại,0.0591,model,"Kéo lại bằng phim mới, voucher quay lại, thông báo cá nhân hóa",936,2,6.8,0.5
100316,Khách lâu chưa quay lại,0.0591,model,"Kéo lại bằng phim mới, voucher quay lại, thông báo cá nhân hóa",1077,1,2.06,0.0
100914,Khách lâu chưa quay lại,0.0591,model,"Kéo lại bằng phim mới, voucher quay lại, thông báo cá nhân hóa",1116,1,2.14,0.0
138732,Khách lâu chưa quay lại,0.0591,model,"Kéo lại bằng phim mới, voucher quay lại, thông báo cá nhân hóa",1116,1,2.27,0.0
126302,Khách lâu chưa quay lại,0.0591,model,"Kéo lại bằng phim mới, voucher quay lại, thông báo cá nhân hóa",1133,1,2.06,0.0
151943,Khách lâu chưa quay lại,0.0591,model,"Kéo lại bằng phim mới, voucher quay lại, thông báo cá nhân hóa",1118,1,2.27,0.0
153868,Khách lâu chưa quay lại,0.0591,model,"Kéo lại bằng phim mới, voucher quay lại, thông báo cá nhân hóa",1105,1,2.27,0.0
131207,Khách lâu chưa quay lại,0.0591,model,"Kéo lại bằng phim mới, voucher quay lại, thông báo cá nhân hóa",1150,1,2.06,0.0
134024,Khách lâu chưa quay lại,0.0591,model,"Kéo lại bằng phim mới, voucher quay lại, thông báo cá nhân hóa",1082,1,2.06,0.0
111983,Khách lâu chưa quay lại,0.0591,model,"Kéo lại bằng phim mới, voucher quay lại, thông báo cá nhân hóa",1154,1,2.14,0.0
109978,Khách lâu chưa quay lại,0.0591,model,"Kéo lại bằng phim mới, voucher quay lại, thông báo cá nhân hóa",1132,1,2.06,0.0
106948,Khách lâu chưa quay lại,0.0591,model,"Kéo lại bằng phim mới, voucher quay lại, thông báo cá nhân hóa",1159,1,2.27,0.0
105812,Khách lâu chưa quay lại,0.0591,model,"Kéo lại bằng phim mới, voucher quay lại, thông báo cá nhân hóa",1122,1,2.35,0.0
134707,Khách lâu chưa quay lại,0.0591,model,"Kéo lại bằng phim mới, voucher quay lại, thông báo cá nhân hóa",1105,1,2.06,0.0
143803,Khách lâu chưa quay lại,0.0591,model,"Kéo lại bằng phim mới, voucher quay lại, thông báo cá nhân hóa",1159,1,2.06,0.0
132362,Khách lâu chưa quay lại,0.0591,model,"Kéo lại bằng phim mới, voucher quay lại, thông báo cá nhân hóa",1133,1,2.06,0.0
115214,Khách lâu chưa quay lại,0.0591,model,"Kéo lại bằng phim mới, voucher quay lại, thông báo cá nhân hóa",1077,1,2.06,0.0
137118,Khách lâu chưa quay lại,0.0591,model,"Kéo lại bằng phim mới, voucher quay lại, thông báo cá nhân hóa",1106,1,2.06,0.0
128042,Khách lâu chưa quay lại,0.0591,model,"Kéo lại bằng phim mới, voucher quay lại, thông báo cá nhân hóa",1077,1,2.06,0.0
147109,Khách mua một lần (mới),0.0591,model,Tặng coupon cho lần mua thứ hai trong vòng 7–14 ngày,28,1,3.92,0.0
186434,Khách mua một lần (mới),0.0591,model,Tặng coupon cho lần mua thứ hai trong vòng 7–14 ngày,21,1,3.92,0.0
216465,Khách mua một lần (mới),0.0591,model,Tặng coupon cho lần mua thứ hai trong vòng 7–14 ngày,2,1,3.92,0.0
184927,Khách lâu chưa quay lại,0.0589,model,"Kéo lại bằng phim mới, voucher quay lại, thông báo cá nhân hóa",310,1,24.74,0.0
204902,Khách lâu chưa quay lại,0.0589,model,"Kéo lại bằng phim mới, voucher quay lại, thông báo cá nhân hóa",326,1,24.74,0.0
191648,Khách lâu chưa quay lại,0.0589,model,"Kéo lại bằng phim mới, voucher quay lại, thông báo cá nhân hóa",324,1,24.74,0.0
138219,Khách lâu chưa quay lại,0.0589,model,"Kéo lại bằng phim mới, voucher quay lại, thông báo cá nhân hóa",311,1,24.74,0.0
115437,Khách lâu chưa quay lại,0.0588,model,"Kéo lại bằng phim mới, voucher quay lại, thông báo cá nhân hóa",345,2,23.05,1.0
123168,Khách lâu chưa quay lại,0.0587,model,"Kéo lại bằng phim mới, voucher quay lại, thông báo cá nhân hóa",910,2,13.02,1.0
163906,Khách lâu chưa quay lại,0.0586,model,"Kéo lại bằng phim mới, voucher quay lại, thông báo cá nhân hóa",896,4,24.1,1.0
148837,Khách lâu chưa quay lại,0.0586,model,"Kéo lại bằng phim mới, voucher quay lại, thông báo cá nhân hóa",308,3,32.58,0.0
108814,Khách lâu chưa quay lại,0.0586,model,"Kéo lại bằng phim mới, voucher quay lại, thông báo cá nhân hóa",364,4,43.42,0.75
126865,Khách lâu chưa quay lại,0.0585,model,"Kéo lại bằng phim mới, voucher quay lại, thông báo cá nhân hóa",357,5,45.82,0.8
110493,Khách lâu chưa quay lại,0.0585,model,"Kéo lại bằng phim mới, voucher quay lại, thông báo cá nhân hóa",314,1,1.86,0.0
115184,Khách nhạy khuyến mãi,0.0585,model,"Chuyển từ giảm giá trực tiếp sang tích điểm, voucher cá nhân hóa",24,2,15.87,1.0
136209,Khách lâu chưa quay lại,0.0585,model,"Kéo lại bằng phim mới, voucher quay lại, thông báo cá nhân hóa",973,2,30.64,0.0
167846,Khách lâu chưa quay lại,0.0585,model,"Kéo lại bằng phim mới, voucher quay lại, thông báo cá nhân hóa",439,3,17.82,0.0
142801,Khách giá trị cao,0.0585,model,"Membership, ưu đãi đặc quyền, đặt vé sớm phim hot",29,4,27.33,1.0
101412,Khách lâu chưa quay lại,0.0584,model,"Kéo lại bằng phim mới, voucher quay lại, thông báo cá nhân hóa",981,2,14.35,0.5
125549,Khách lâu chưa quay lại,0.0584,model,"Kéo lại bằng phim mới, voucher quay lại, thông báo cá nhân hóa",329,2,13.03,1.0
166930,Khách lâu chưa quay lại,0.0584,model,"Kéo lại bằng phim mới, voucher quay lại, thông báo cá nhân hóa",348,3,46.19,0.0
129086,Khách lâu chưa quay lại,0.0584,model,"Kéo lại bằng phim mới, voucher quay lại, thông báo cá nhân hóa",350,2,10.96,0.5
189471,Khách lâu chưa quay lại,0.0584,model,"Kéo lại bằng phim mới, voucher quay lại, thông báo cá nhân hóa",343,2,19.56,1.0
149156,Khách lâu chưa quay lại,0.0584,model,"Kéo lại bằng phim mới, voucher quay lại, thông báo cá nhân hóa",1110,1,44.54,0.0
124140,Khách lâu chưa quay lại,0.0584,model,"Kéo lại bằng phim mới, voucher quay lại, thông báo cá nhân hóa",1094,1,44.37,0.0
153232,Khách nhạy khuyến mãi,0.0584,model,"Chuyển từ giảm giá trực tiếp sang tích điểm, voucher cá nhân hóa",16,2,7.75,0.5
118496,Khách thường xuyên,0.0584,model,"Duy trì, không cần giảm giá sâu",46,1,6.8,0.0
152911,Khách lâu chưa quay lại,0.0584,model,"Kéo lại bằng phim mới, voucher quay lại, thông báo cá nhân hóa",601,3,15.67,0.0
149246,Khách lâu chưa quay lại,0.0583,model,"Kéo lại bằng phim mới, voucher quay lại, thông báo cá nhân hóa",362,4,13.37,1.0
100177,Khách lâu chưa quay lại,0.0582,model,"Kéo lại bằng phim mới, voucher quay lại, thông báo cá nhân hóa",310,2,18.97,0.0
191270,Khách mua một lần (mới),0.0582,model,Tặng coupon cho lần mua thứ hai trong vòng 7–14 ngày,30,1,6.43,0.0
115741,Khách lâu chưa quay lại,0.0582,model,"Kéo lại bằng phim mới, voucher quay lại, thông báo cá nhân hóa",342,4,24.33,0.0
137563,Khách lâu chưa quay lại,0.0582,model,"Kéo lại bằng phim mới, voucher quay lại, thông báo cá nhân hóa",882,4,39.99,0.0
147169,Khách lâu chưa quay lại,0.0581,model,"Kéo lại bằng phim mới, voucher quay lại, thông báo cá nhân hóa",320,3,27.55,0.3333
129165,Khách lâu chưa quay lại,0.0581,model,"Kéo lại bằng phim mới, voucher quay lại, thông báo cá nhân hóa",505,3,28.21,1.0
121345,Khách lâu chưa quay lại,0.0581,model,"Kéo lại bằng phim mới, voucher quay lại, thông báo cá nhân hóa",442,5,50.41,0.4
104909,Khách lâu chưa quay lại,0.0581,model,"Kéo lại bằng phim mới, voucher quay lại, thông báo cá nhân hóa",497,2,13.02,1.0
136514,Khách lâu chưa quay lại,0.0581,model,"Kéo lại bằng phim mới, voucher quay lại, thông báo cá nhân hóa",420,2,16.73,1.0
174852,Khách lâu chưa quay lại,0.058,model,"Kéo lại bằng phim mới, voucher quay lại, thông báo cá nhân hóa",847,3,18.79,0.6667
132332,Khách lâu chưa quay lại,0.058,model,"Kéo lại bằng phim mới, voucher quay lại, thông báo cá nhân hóa",727,4,35.01,0.0
105215,Khách giá trị cao,0.058,model,"Membership, ưu đãi đặc quyền, đặt vé sớm phim hot",55,4,23.73,0.25
103744,Khách lâu chưa quay lại,0.058,model,"Kéo lại bằng phim mới, voucher quay lại, thông báo cá nhân hóa",797,4,29.25,0.0
115174,Khách lâu chưa quay lại,0.0579,model,"Kéo lại bằng phim mới, voucher quay lại, thông báo cá nhân hóa",315,4,26.89,0.0
111851,Khách lâu chưa quay lại,0.0579,model,"Kéo lại bằng phim mới, voucher quay lại, thông báo cá nhân hóa",883,3,27.96,0.6667
175690,Khách lâu chưa quay lại,0.0579,model,"Kéo lại bằng phim mới, voucher quay lại, thông báo cá nhân hóa",362,2,24.74,1.0
170641,Khách lâu chưa quay lại,0.0579,model,"Kéo lại bằng phim mới, voucher quay lại, thông báo cá nhân hóa",329,2,18.88,0.5
134592,Khách lâu chưa quay lại,0.0578,model,"Kéo lại bằng phim mới, voucher quay lại, thông báo cá nhân hóa",952,3,29.69,0.0
126198,Khách lâu chưa quay lại,0.0578,model,"Kéo lại bằng phim mới, voucher quay lại, thông báo cá nhân hóa",99,2,11.84,1.0
165216,Khách lâu chưa quay lại,0.0577,model,"Kéo lại bằng phim mới, voucher quay lại, thông báo cá nhân hóa",444,1,2.8,0.0
121135,Khách lâu chưa quay lại,0.0576,model,"Kéo lại bằng phim mới, voucher quay lại, thông báo cá nhân hóa",1051,1,2.88,1.0
114549,Khách giá trị cao,0.0576,model,"Membership, ưu đãi đặc quyền, đặt vé sớm phim hot",20,3,22.27,0.0
159251,Khách lâu chưa quay lại,0.0576,model,"Kéo lại bằng phim mới, voucher quay lại, thông báo cá nhân hóa",848,2,13.03,1.0
134498,Khách nhạy khuyến mãi,0.0576,model,"Chuyển từ giảm giá trực tiếp sang tích điểm, voucher cá nhân hóa",2,2,8.54,1.0
131137,Khách lâu chưa quay lại,0.0575,model,"Kéo lại bằng phim mới, voucher quay lại, thông báo cá nhân hóa",1136,1,12.78,0.0
143548,Khách lâu chưa quay lại,0.0575,model,"Kéo lại bằng phim mới, voucher quay lại, thông báo cá nhân hóa",1141,1,12.78,0.0
122466,Khách lâu chưa quay lại,0.0575,model,"Kéo lại bằng phim mới, voucher quay lại, thông báo cá nhân hóa",1069,1,12.78,0.0
150794,Khách lâu chưa quay lại,0.0575,model,"Kéo lại bằng phim mới, voucher quay lại, thông báo cá nhân hóa",1072,1,12.78,0.0
146952,Khách lâu chưa quay lại,0.0575,model,"Kéo lại bằng phim mới, voucher quay lại, thông báo cá nhân hóa",1160,1,12.78,0.0
150071,Khách lâu chưa quay lại,0.0575,model,"Kéo lại bằng phim mới, voucher quay lại, thông báo cá nhân hóa",1150,1,12.78,0.0
149566,Khách lâu chưa quay lại,0.0575,model,"Kéo lại bằng phim mới, voucher quay lại, thông báo cá nhân hóa",1155,1,12.78,0.0
149307,Khách lâu chưa quay lại,0.0575,model,"Kéo lại bằng phim mới, voucher quay lại, thông báo cá nhân hóa",1156,1,12.78,0.0
135372,Khách lâu chưa quay lại,0.0575,model,"Kéo lại bằng phim mới, voucher quay lại, thông báo cá nhân hóa",1156,1,12.78,0.0
119346,Khách lâu chưa quay lại,0.0575,model,"Kéo lại bằng phim mới, voucher quay lại, thông báo cá nhân hóa",1156,1,12.78,0.0
108887,Khách lâu chưa quay lại,0.0575,model,"Kéo lại bằng phim mới, voucher quay lại, thông báo cá nhân hóa",1080,1,12.78,0.0
152457,Khách lâu chưa quay lại,0.0575,model,"Kéo lại bằng phim mới, voucher quay lại, thông báo cá nhân hóa",1072,1,12.78,0.0
108239,Khách lâu chưa quay lại,0.0575,model,"Kéo lại bằng phim mới, voucher quay lại, thông báo cá nhân hóa",1094,1,12.78,0.0
143727,Khách lâu chưa quay lại,0.0575,model,"Kéo lại bằng phim mới, voucher quay lại, thông báo cá nhân hóa",1097,1,12.78,0.0
148535,Khách lâu chưa quay lại,0.0575,model,"Kéo lại bằng phim mới, voucher quay lại, thông báo cá nhân hóa",1157,1,12.78,0.0
131617,Khách lâu chưa quay lại,0.0575,model,"Kéo lại bằng phim mới, voucher quay lại, thông báo cá nhân hóa",1157,1,12.78,0.0
141350,Khách lâu chưa quay lại,0.0575,model,"Kéo lại bằng phim mới, voucher quay lại, thông báo cá nhân hóa",1071,1,12.78,0.0
146871,Khách lâu chưa quay lại,0.0575,model,"Kéo lại bằng phim mới, voucher quay lại, thông báo cá nhân hóa",1134,1,12.78,0.0
108151,Khách lâu chưa quay lại,0.0575,model,"Kéo lại bằng phim mới, voucher quay lại, thông báo cá nhân hóa",1118,1,12.78,0.0
118581,Khách lâu chưa quay lại,0.0574,model,"Kéo lại bằng phim mới, voucher quay lại, thông báo cá nhân hóa",948,5,42.79,0.2
140372,Khách lâu chưa quay lại,0.0574,model,"Kéo lại bằng phim mới, voucher quay lại, thông báo cá nhân hóa",883,3,31.1,0.6667
116127,Khách lâu chưa quay lại,0.0573,model,"Kéo lại bằng phim mới, voucher quay lại, thông báo cá nhân hóa",489,3,18.51,0.0
100930,Khách lâu chưa quay lại,0.0573,model,"Kéo lại bằng phim mới, voucher quay lại, thông báo cá nhân hóa",943,3,26.4,0.0
131128,Khách lâu chưa quay lại,0.0573,model,"Kéo lại bằng phim mới, voucher quay lại, thông báo cá nhân hóa",942,3,26.81,0.0
123658,Khách lâu chưa quay lại,0.0572,model,"Kéo lại bằng phim mới, voucher quay lại, thông báo cá nhân hóa",835,4,26.64,0.5
147477,Khách lâu chưa quay lại,0.0572,model,"Kéo lại bằng phim mới, voucher quay lại, thông báo cá nhân hóa",431,2,13.49,0.0
129398,Khách lâu chưa quay lại,0.0572,model,"Kéo lại bằng phim mới, voucher quay lại, thông báo cá nhân hóa",536,1,0.16,0.0
102385,Khách lâu chưa quay lại,0.0572,model,"Kéo lại bằng phim mới, voucher quay lại, thông báo cá nhân hóa",877,4,32.82,0.5
102790,Khách lâu chưa quay lại,0.0572,model,"Kéo lại bằng phim mới, voucher quay lại, thông báo cá nhân hóa",788,4,28.04,0.0
102473,Khách thường xuyên,0.0572,model,"Duy trì, không cần giảm giá sâu",69,1,6.91,0.0
196938,Khách thường xuyên,0.0572,model,"Duy trì, không cần giảm giá sâu",70,1,6.89,0.0
111039,Khách mua một lần (mới),0.0572,model,Tặng coupon cho lần mua thứ hai trong vòng 7–14 ngày,18,1,6.96,0.0
106424,Khách thường xuyên,0.0572,model,"Duy trì, không cần giảm giá sâu",76,1,6.93,0.0
133525,Khách thường xuyên,0.0572,model,"Duy trì, không cần giảm giá sâu",81,1,6.92,0.0
143170,Khách lâu chưa quay lại,0.0572,model,"Kéo lại bằng phim mới, voucher quay lại, thông báo cá nhân hóa",96,1,6.92,0.0
221279,Khách thường xuyên,0.0572,model,"Duy trì, không cần giảm giá sâu",72,1,6.91,0.0
134004,Khách lâu chưa quay lại,0.0571,model,"Kéo lại bằng phim mới, voucher quay lại, thông báo cá nhân hóa",1093,1,12.78,0.0
115369,Khách lâu chưa quay lại,0.0571,model,"Kéo lại bằng phim mới, voucher quay lại, thông báo cá nhân hóa",1099,1,12.78,0.0
151937,Khách lâu chưa quay lại,0.0571,model,"Kéo lại bằng phim mới, voucher quay lại, thông báo cá nhân hóa",1107,1,12.78,0.0
136772,Khách lâu chưa quay lại,0.0571,model,"Kéo lại bằng phim mới, voucher quay lại, thông báo cá nhân hóa",1114,1,12.78,0.0
160513,Khách lâu chưa quay lại,0.0571,model,"Kéo lại bằng phim mới, voucher quay lại, thông báo cá nhân hóa",340,5,42.3,0.2
168421,Khách lâu chưa quay lại,0.0571,model,"Kéo lại bằng phim mới, voucher quay lại, thông báo cá nhân hóa",337,3,26.81,0.0
159818,Khách lâu chưa quay lại,0.057,model,"Kéo lại bằng phim mới, voucher quay lại, thông báo cá nhân hóa",429,1,24.7,0.0
129711,Khách lâu chưa quay lại,0.057,model,"Kéo lại bằng phim mới, voucher quay lại, thông báo cá nhân hóa",310,3,29.57,0.3333
100693,Khách nhạy khuyến mãi,0.057,model,"Chuyển từ giảm giá trực tiếp sang tích điểm, voucher cá nhân hóa",14,2,12.21,1.0
106468,Khách nhạy khuyến mãi,0.057,model,"Chuyển từ giảm giá trực tiếp sang tích điểm, voucher cá nhân hóa",6,2,9.81,0.5
155389,Khách lâu chưa quay lại,0.0569,model,"Kéo lại bằng phim mới, voucher quay lại, thông báo cá nhân hóa",764,4,37.78,0.5
104201,Khách lâu chưa quay lại,0.0569,model,"Kéo lại bằng phim mới, voucher quay lại, thông báo cá nhân hóa",344,3,17.11,0.3333
134801,Khách lâu chưa quay lại,0.0569,model,"Kéo lại bằng phim mới, voucher quay lại, thông báo cá nhân hóa",353,2,13.02,1.0
143418,Khách nhạy khuyến mãi,0.0569,model,"Chuyển từ giảm giá trực tiếp sang tích điểm, voucher cá nhân hóa",6,2,12.21,1.0
171410,Khách nhạy khuyến mãi,0.0569,model,"Chuyển từ giảm giá trực tiếp sang tích điểm, voucher cá nhân hóa",20,2,8.57,1.0
115018,Khách lâu chưa quay lại,0.0568,model,"Kéo lại bằng phim mới, voucher quay lại, thông báo cá nhân hóa",310,2,25.07,0.5
104683,Khách lâu chưa quay lại,0.0568,model,"Kéo lại bằng phim mới, voucher quay lại, thông báo cá nhân hóa",329,3,18.38,0.6667
120616,Khách lâu chưa quay lại,0.0567,model,"Kéo lại bằng phim mới, voucher quay lại, thông báo cá nhân hóa",331,2,13.03,1.0
112114,Khách lâu chưa quay lại,0.0567,model,"Kéo lại bằng phim mới, voucher quay lại, thông báo cá nhân hóa",953,2,28.04,0.0
103489,Khách lâu chưa quay lại,0.0567,model,"Kéo lại bằng phim mới, voucher quay lại, thông báo cá nhân hóa",1103,1,9.28,1.0
120396,Khách lâu chưa quay lại,0.0567,model,"Kéo lại bằng phim mới, voucher quay lại, thông báo cá nhân hóa",995,2,15.26,0.5
116494,Khách nhạy khuyến mãi,0.0566,model,"Chuyển từ giảm giá trực tiếp sang tích điểm, voucher cá nhân hóa",78,2,13.04,1.0
102054,Khách lâu chưa quay lại,0.0566,model,"Kéo lại bằng phim mới, voucher quay lại, thông báo cá nhân hóa",1039,1,9.4,1.0
127673,Khách lâu chưa quay lại,0.0566,model,"Kéo lại bằng phim mới, voucher quay lại, thông báo cá nhân hóa",962,2,13.93,0.5
103383,Khách giá trị cao,0.0566,model,"Membership, ưu đãi đặc quyền, đặt vé sớm phim hot",8,5,41.25,0.8
137878,Khách nhạy khuyến mãi,0.0566,model,"Chuyển từ giảm giá trực tiếp sang tích điểm, voucher cá nhân hóa",3,2,16.75,1.0
111511,Khách lâu chưa quay lại,0.0565,model,"Kéo lại bằng phim mới, voucher quay lại, thông báo cá nhân hóa",484,2,13.02,1.0
114428,Khách lâu chưa quay lại,0.0565,model,"Kéo lại bằng phim mới, voucher quay lại, thông báo cá nhân hóa",950,3,32.99,0.0
211735,Khách lâu chưa quay lại,0.0565,model,"Kéo lại bằng phim mới, voucher quay lại, thông báo cá nhân hóa",341,3,28.87,0.0
140554,Khách lâu chưa quay lại,0.0565,model,"Kéo lại bằng phim mới, voucher quay lại, thông báo cá nhân hóa",434,3,16.57,0.3333
137262,Khách lâu chưa quay lại,0.0564,model,"Kéo lại bằng phim mới, voucher quay lại, thông báo cá nhân hóa",923,4,32.16,0.0
110679,Khách lâu chưa quay lại,0.0564,model,"Kéo lại bằng phim mới, voucher quay lại, thông báo cá nhân hóa",1047,1,2.14,0.0
128771,Khách giá trị cao,0.0564,model,"Membership, ưu đãi đặc quyền, đặt vé sớm phim hot",82,3,23.39,0.6667
217597,Khách lâu chưa quay lại,0.0564,model,"Kéo lại bằng phim mới, voucher quay lại, thông báo cá nhân hóa",322,1,6.51,1.0
122250,Khách lâu chưa quay lại,0.0564,model,"Kéo lại bằng phim mới, voucher quay lại, thông báo cá nhân hóa",308,1,6.51,1.0
123376,Khách lâu chưa quay lại,0.0564,model,"Kéo lại bằng phim mới, voucher quay lại, thông báo cá nhân hóa",849,3,22.09,0.6667
114566,Khách mua một lần (mới),0.0564,model,Tặng coupon cho lần mua thứ hai trong vòng 7–14 ngày,18,1,4.32,1.0
109667,Khách lâu chưa quay lại,0.0564,model,"Kéo lại bằng phim mới, voucher quay lại, thông báo cá nhân hóa",1116,1,1.9,0.0
111502,Khách lâu chưa quay lại,0.0563,model,"Kéo lại bằng phim mới, voucher quay lại, thông báo cá nhân hóa",345,5,35.8,0.2
122310,Khách lâu chưa quay lại,0.0563,model,"Kéo lại bằng phim mới, voucher quay lại, thông báo cá nhân hóa",953,3,28.46,0.0
220877,Khách mua một lần (mới),0.0562,model,Tặng coupon cho lần mua thứ hai trong vòng 7–14 ngày,22,1,6.52,0.0
118018,Khách nhạy khuyến mãi,0.0562,model,"Chuyển từ giảm giá trực tiếp sang tích điểm, voucher cá nhân hóa",19,2,12.2,1.0
107000,Khách lâu chưa quay lại,0.0562,model,"Kéo lại bằng phim mới, voucher quay lại, thông báo cá nhân hóa",987,2,13.12,0.5
104756,Khách nhạy khuyến mãi,0.056,model,"Chuyển từ giảm giá trực tiếp sang tích điểm, voucher cá nhân hóa",72,1,6.52,1.0
217382,Khách nhạy khuyến mãi,0.056,model,"Chuyển từ giảm giá trực tiếp sang tích điểm, voucher cá nhân hóa",80,1,6.52,1.0
113074,Khách nhạy khuyến mãi,0.056,model,"Chuyển từ giảm giá trực tiếp sang tích điểm, voucher cá nhân hóa",79,1,6.52,1.0
182058,Khách nhạy khuyến mãi,0.056,model,"Chuyển từ giảm giá trực tiếp sang tích điểm, voucher cá nhân hóa",66,1,6.52,1.0
128379,Khách nhạy khuyến mãi,0.056,model,"Chuyển từ giảm giá trực tiếp sang tích điểm, voucher cá nhân hóa",71,1,6.52,1.0
196643,Khách nhạy khuyến mãi,0.056,model,"Chuyển từ giảm giá trực tiếp sang tích điểm, voucher cá nhân hóa",81,1,6.52,1.0
136353,Khách nhạy khuyến mãi,0.056,model,"Chuyển từ giảm giá trực tiếp sang tích điểm, voucher cá nhân hóa",71,1,6.52,1.0
102437,Khách nhạy khuyến mãi,0.056,model,"Chuyển từ giảm giá trực tiếp sang tích điểm, voucher cá nhân hóa",77,1,6.52,1.0
156903,Khách nhạy khuyến mãi,0.056,model,"Chuyển từ giảm giá trực tiếp sang tích điểm, voucher cá nhân hóa",78,1,6.52,1.0
192675,Khách nhạy khuyến mãi,0.056,model,"Chuyển từ giảm giá trực tiếp sang tích điểm, voucher cá nhân hóa",85,1,6.52,1.0
147626,Khách giá trị cao,0.056,model,"Membership, ưu đãi đặc quyền, đặt vé sớm phim hot",79,3,19.53,1.0
152229,Khách mua một lần (mới),0.056,model,Tặng coupon cho lần mua thứ hai trong vòng 7–14 ngày,3,1,6.6,0.0
120972,Khách thường xuyên,0.056,model,"Duy trì, không cần giảm giá sâu",56,1,6.6,0.0
223973,Khách mua một lần (mới),0.056,model,Tặng coupon cho lần mua thứ hai trong vòng 7–14 ngày,28,1,6.58,0.0
158791,Khách nhạy khuyến mãi,0.056,model,"Chuyển từ giảm giá trực tiếp sang tích điểm, voucher cá nhân hóa",13,2,7.58,0.5
120027,Khách lâu chưa quay lại,0.056,model,"Kéo lại bằng phim mới, voucher quay lại, thông báo cá nhân hóa",973,1,3.26,1.0
121799,Khách lâu chưa quay lại,0.056,model,"Kéo lại bằng phim mới, voucher quay lại, thông báo cá nhân hóa",989,1,3.26,1.0
131246,Khách lâu chưa quay lại,0.056,model,"Kéo lại bằng phim mới, voucher quay lại, thông báo cá nhân hóa",988,1,3.26,1.0
137987,Khách lâu chưa quay lại,0.056,model,"Kéo lại bằng phim mới, voucher quay lại, thông báo cá nhân hóa",995,1,3.26,1.0
121766,Khách lâu chưa quay lại,0.056,model,"Kéo lại bằng phim mới, voucher quay lại, thông báo cá nhân hóa",490,1,2.6,0.0
112995,Khách lâu chưa quay lại,0.056,model,"Kéo lại bằng phim mới, voucher quay lại, thông báo cá nhân hóa",363,4,27.58,0.0
131637,Khách lâu chưa quay lại,0.0559,model,"Kéo lại bằng phim mới, voucher quay lại, thông báo cá nhân hóa",895,2,13.93,0.5
135517,Khách lâu chưa quay lại,0.0559,model,"Kéo lại bằng phim mới, voucher quay lại, thông báo cá nhân hóa",456,1,24.62,1.0
194225,Khách nhạy khuyến mãi,0.0558,model,"Chuyển từ giảm giá trực tiếp sang tích điểm, voucher cá nhân hóa",17,2,13.07,1.0
118917,Khách lâu chưa quay lại,0.0558,model,"Kéo lại bằng phim mới, voucher quay lại, thông báo cá nhân hóa",808,3,15.87,0.0
103885,Khách lâu chưa quay lại,0.0558,model,"Kéo lại bằng phim mới, voucher quay lại, thông báo cá nhân hóa",365,2,14.77,0.5
150168,Khách lâu chưa quay lại,0.0558,model,"Kéo lại bằng phim mới, voucher quay lại, thông báo cá nhân hóa",885,1,9.78,1.0
139640,Khách lâu chưa quay lại,0.0558,model,"Kéo lại bằng phim mới, voucher quay lại, thông báo cá nhân hóa",355,3,28.28,0.0
158102,Khách lâu chưa quay lại,0.0557,model,"Kéo lại bằng phim mới, voucher quay lại, thông báo cá nhân hóa",314,4,25.44,0.25
156238,Khách giá trị cao,0.0557,model,"Membership, ưu đãi đặc quyền, đặt vé sớm phim hot",79,5,64.57,0.4
124583,Khách lâu chưa quay lại,0.0557,model,"Kéo lại bằng phim mới, voucher quay lại, thông báo cá nhân hóa",999,1,9.4,1.0
110335,Khách giá trị cao,0.0557,model,"Membership, ưu đãi đặc quyền, đặt vé sớm phim hot",80,3,19.54,1.0
146467,Khách lâu chưa quay lại,0.0557,model,"Kéo lại bằng phim mới, voucher quay lại, thông báo cá nhân hóa",448,2,16.29,1.0
142974,Khách lâu chưa quay lại,0.0556,model,"Kéo lại bằng phim mới, voucher quay lại, thông báo cá nhân hóa",1093,2,18.8,0.0
124392,Khách lâu chưa quay lại,0.0556,model,"Kéo lại bằng phim mới, voucher quay lại, thông báo cá nhân hóa",511,1,6.52,1.0
113500,Khách lâu chưa quay lại,0.0556,model,"Kéo lại bằng phim mới, voucher quay lại, thông báo cá nhân hóa",464,1,6.52,1.0
118139,Khách lâu chưa quay lại,0.0556,model,"Kéo lại bằng phim mới, voucher quay lại, thông báo cá nhân hóa",441,1,6.52,1.0
174375,Khách lâu chưa quay lại,0.0556,model,"Kéo lại bằng phim mới, voucher quay lại, thông báo cá nhân hóa",352,3,26.93,0.0
143405,Khách lâu chưa quay lại,0.0555,model,"Kéo lại bằng phim mới, voucher quay lại, thông báo cá nhân hóa",1023,2,40.29,0.5
100832,Khách lâu chưa quay lại,0.0555,model,"Kéo lại bằng phim mới, voucher quay lại, thông báo cá nhân hóa",403,1,2.47,1.0
201280,Khách lâu chưa quay lại,0.0555,model,"Kéo lại bằng phim mới, voucher quay lại, thông báo cá nhân hóa",410,1,2.47,1.0
104326,Khách lâu chưa quay lại,0.0555,model,"Kéo lại bằng phim mới, voucher quay lại, thông báo cá nhân hóa",834,2,19.55,1.0
142290,Khách lâu chưa quay lại,0.0555,model,"Kéo lại bằng phim mới, voucher quay lại, thông báo cá nhân hóa",870,4,21.86,0.0
112024,Khách lâu chưa quay lại,0.0555,model,"Kéo lại bằng phim mới, voucher quay lại, thông báo cá nhân hóa",817,2,2.8,0.0
175795,Khách lâu chưa quay lại,0.0554,model,"Kéo lại bằng phim mới, voucher quay lại, thông báo cá nhân hóa",361,5,28.7,0.0
176722,Khách lâu chưa quay lại,0.0554,model,"Kéo lại bằng phim mới, voucher quay lại, thông báo cá nhân hóa",361,2,21.19,0.0
156115,Khách thường xuyên,0.0554,model,"Duy trì, không cần giảm giá sâu",26,2,11.87,0.0
155559,Khách thường xuyên,0.0554,model,"Duy trì, không cần giảm giá sâu",26,2,22.69,0.0
166630,Khách lâu chưa quay lại,0.0554,model,"Kéo lại bằng phim mới, voucher quay lại, thông báo cá nhân hóa",952,1,6.51,1.0
100261,Khách lâu chưa quay lại,0.0553,model,"Kéo lại bằng phim mới, voucher quay lại, thông báo cá nhân hóa",436,3,12.36,0.0
100226,Khách giá trị cao,0.0552,model,"Membership, ưu đãi đặc quyền, đặt vé sớm phim hot",50,6,88.89,0.3333
132546,Khách lâu chưa quay lại,0.0552,model,"Kéo lại bằng phim mới, voucher quay lại, thông báo cá nhân hóa",958,3,17.52,0.3333
154856,Khách lâu chưa quay lại,0.0552,model,"Kéo lại bằng phim mới, voucher quay lại, thông báo cá nhân hóa",344,3,16.08,0.0
144427,Khách lâu chưa quay lại,0.0552,model,"Kéo lại bằng phim mới, voucher quay lại, thông báo cá nhân hóa",363,4,60.95,0.0
115292,Khách lâu chưa quay lại,0.0552,model,"Kéo lại bằng phim mới, voucher quay lại, thông báo cá nhân hóa",431,4,24.25,0.25
139689,Khách lâu chưa quay lại,0.0552,model,"Kéo lại bằng phim mới, voucher quay lại, thông báo cá nhân hóa",995,2,15.58,0.5
140121,Khách lâu chưa quay lại,0.0552,model,"Kéo lại bằng phim mới, voucher quay lại, thông báo cá nhân hóa",975,2,15.58,0.5
110663,Khách lâu chưa quay lại,0.0552,model,"Kéo lại bằng phim mới, voucher quay lại, thông báo cá nhân hóa",502,1,1.86,0.0
209276,Khách lâu chưa quay lại,0.0552,model,"Kéo lại bằng phim mới, voucher quay lại, thông báo cá nhân hóa",447,1,1.86,0.0
103897,Khách lâu chưa quay lại,0.0551,model,"Kéo lại bằng phim mới, voucher quay lại, thông báo cá nhân hóa",1002,1,3.26,1.0
120392,Khách lâu chưa quay lại,0.055,model,"Kéo lại bằng phim mới, voucher quay lại, thông báo cá nhân hóa",987,3,26.39,0.0
173327,Khách lâu chưa quay lại,0.055,model,"Kéo lại bằng phim mới, voucher quay lại, thông báo cá nhân hóa",339,3,32.86,0.0
173014,Khách lâu chưa quay lại,0.055,model,"Kéo lại bằng phim mới, voucher quay lại, thông báo cá nhân hóa",911,1,10.23,1.0
157974,Khách lâu chưa quay lại,0.0549,model,"Kéo lại bằng phim mới, voucher quay lại, thông báo cá nhân hóa",1016,1,3.26,1.0
117579,Khách lâu chưa quay lại,0.0548,model,"Kéo lại bằng phim mới, voucher quay lại, thông báo cá nhân hóa",345,2,13.03,1.0
119757,Khách lâu chưa quay lại,0.0548,model,"Kéo lại bằng phim mới, voucher quay lại, thông báo cá nhân hóa",1023,2,11.87,0.5
176612,Khách mua một lần (mới),0.0548,model,Tặng coupon cho lần mua thứ hai trong vòng 7–14 ngày,1,1,2.85,1.0
111888,Khách lâu chưa quay lại,0.0548,model,"Kéo lại bằng phim mới, voucher quay lại, thông báo cá nhân hóa",475,2,12.04,0.0
123310,Khách lâu chưa quay lại,0.0548,model,"Kéo lại bằng phim mới, voucher quay lại, thông báo cá nhân hóa",721,2,13.03,1.0
133619,Khách lâu chưa quay lại,0.0548,model,"Kéo lại bằng phim mới, voucher quay lại, thông báo cá nhân hóa",771,4,35.47,0.0
102965,Khách lâu chưa quay lại,0.0547,model,"Kéo lại bằng phim mới, voucher quay lại, thông báo cá nhân hóa",1004,2,28.78,0.5
118544,Khách lâu chưa quay lại,0.0547,model,"Kéo lại bằng phim mới, voucher quay lại, thông báo cá nhân hóa",497,2,13.03,1.0
100120,Khách nhạy khuyến mãi,0.0547,model,"Chuyển từ giảm giá trực tiếp sang tích điểm, voucher cá nhân hóa",64,2,14.93,0.5
157412,Khách nhạy khuyến mãi,0.0545,model,"Chuyển từ giảm giá trực tiếp sang tích điểm, voucher cá nhân hóa",7,2,13.11,0.5
161286,Khách giá trị cao,0.0545,model,"Membership, ưu đãi đặc quyền, đặt vé sớm phim hot",35,6,58.26,0.0
102022,Khách lâu chưa quay lại,0.0545,model,"Kéo lại bằng phim mới, voucher quay lại, thông báo cá nhân hóa",861,4,43.3,0.0
183670,Khách lâu chưa quay lại,0.0545,model,"Kéo lại bằng phim mới, voucher quay lại, thông báo cá nhân hóa",392,2,16.28,1.0
142748,Khách lâu chưa quay lại,0.0545,model,"Kéo lại bằng phim mới, voucher quay lại, thông báo cá nhân hóa",856,4,42.23,0.25
144269,Khách lâu chưa quay lại,0.0544,model,"Kéo lại bằng phim mới, voucher quay lại, thông báo cá nhân hóa",434,2,16.28,1.0
111684,Khách lâu chưa quay lại,0.0544,model,"Kéo lại bằng phim mới, voucher quay lại, thông báo cá nhân hóa",947,2,13.53,0.5
130310,Khách lâu chưa quay lại,0.0544,model,"Kéo lại bằng phim mới, voucher quay lại, thông báo cá nhân hóa",322,2,13.03,1.0
176789,Khách lâu chưa quay lại,0.0544,model,"Kéo lại bằng phim mới, voucher quay lại, thông báo cá nhân hóa",322,3,22.79,1.0
179036,Khách lâu chưa quay lại,0.0544,model,"Kéo lại bằng phim mới, voucher quay lại, thông báo cá nhân hóa",307,3,18.07,0.3333
153043,Khách lâu chưa quay lại,0.0544,model,"Kéo lại bằng phim mới, voucher quay lại, thông báo cá nhân hóa",309,4,47.8,0.75
134695,Khách lâu chưa quay lại,0.0543,model,"Kéo lại bằng phim mới, voucher quay lại, thông báo cá nhân hóa",442,2,19.55,1.0
108171,Khách lâu chưa quay lại,0.0543,model,"Kéo lại bằng phim mới, voucher quay lại, thông báo cá nhân hóa",938,3,13.04,1.0
107712,Khách nhạy khuyến mãi,0.0543,model,"Chuyển từ giảm giá trực tiếp sang tích điểm, voucher cá nhân hóa",13,2,13.97,0.5
155931,Khách lâu chưa quay lại,0.0543,model,"Kéo lại bằng phim mới, voucher quay lại, thông báo cá nhân hóa",344,1,13.36,0.0
125273,Khách lâu chưa quay lại,0.0543,model,"Kéo lại bằng phim mới, voucher quay lại, thông báo cá nhân hóa",555,3,23.63,0.3333
182974,Khách lâu chưa quay lại,0.0542,model,"Kéo lại bằng phim mới, voucher quay lại, thông báo cá nhân hóa",496,1,2.06,0.0
184232,Khách lâu chưa quay lại,0.0542,model,"Kéo lại bằng phim mới, voucher quay lại, thông báo cá nhân hóa",461,1,2.06,0.0
162959,Khách lâu chưa quay lại,0.0542,model,"Kéo lại bằng phim mới, voucher quay lại, thông báo cá nhân hóa",462,1,2.06,0.0
102382,Khách lâu chưa quay lại,0.0542,model,"Kéo lại bằng phim mới, voucher quay lại, thông báo cá nhân hóa",499,1,2.06,0.0
153830,Khách lâu chưa quay lại,0.0542,model,"Kéo lại bằng phim mới, voucher quay lại, thông báo cá nhân hóa",496,1,2.06,0.0
104100,Khách lâu chưa quay lại,0.0542,model,"Kéo lại bằng phim mới, voucher quay lại, thông báo cá nhân hóa",982,3,32.99,0.0
102486,Khách lâu chưa quay lại,0.0542,model,"Kéo lại bằng phim mới, voucher quay lại, thông báo cá nhân hóa",478,3,19.55,1.0
106540,Khách lâu chưa quay lại,0.0542,model,"Kéo lại bằng phim mới, voucher quay lại, thông báo cá nhân hóa",944,2,10.72,0.0
127545,Khách lâu chưa quay lại,0.0541,model,"Kéo lại bằng phim mới, voucher quay lại, thông báo cá nhân hóa",742,4,19.62,0.5
116944,Khách lâu chưa quay lại,0.054,model,"Kéo lại bằng phim mới, voucher quay lại, thông báo cá nhân hóa",994,2,14.18,0.5
102413,Khách lâu chưa quay lại,0.054,model,"Kéo lại bằng phim mới, voucher quay lại, thông báo cá nhân hóa",984,3,42.48,0.0
181789,Khách mua một lần (mới),0.054,model,Tặng coupon cho lần mua thứ hai trong vòng 7–14 ngày,18,1,6.19,0.0
205378,Khách mua một lần (mới),0.054,model,Tặng coupon cho lần mua thứ hai trong vòng 7–14 ngày,18,1,6.19,0.0
120835,Khách nhạy khuyến mãi,0.054,model,"Chuyển từ giảm giá trực tiếp sang tích điểm, voucher cá nhân hóa",2,2,5.74,1.0
147533,Khách lâu chưa quay lại,0.054,model,"Kéo lại bằng phim mới, voucher quay lại, thông báo cá nhân hóa",922,3,17.32,0.0
138984,Khách giá trị cao,0.054,model,"Membership, ưu đãi đặc quyền, đặt vé sớm phim hot",75,5,24.26,0.0
136028,Khách lâu chưa quay lại,0.0539,model,"Kéo lại bằng phim mới, voucher quay lại, thông báo cá nhân hóa",986,2,13.93,0.5
183768,Khách lâu chưa quay lại,0.0539,model,"Kéo lại bằng phim mới, voucher quay lại, thông báo cá nhân hóa",362,1,24.74,0.0
120334,Khách lâu chưa quay lại,0.0539,model,"Kéo lại bằng phim mới, voucher quay lại, thông báo cá nhân hóa",406,4,28.95,0.0
140890,Khách lâu chưa quay lại,0.0539,model,"Kéo lại bằng phim mới, voucher quay lại, thông báo cá nhân hóa",346,2,16.3,1.0
110626,Khách giá trị cao,0.0538,model,"Membership, ưu đãi đặc quyền, đặt vé sớm phim hot",78,3,22.19,0.3333
155771,Khách lâu chưa quay lại,0.0538,model,"Kéo lại bằng phim mới, voucher quay lại, thông báo cá nhân hóa",554,3,24.77,0.6667
121826,Khách lâu chưa quay lại,0.0538,model,"Kéo lại bằng phim mới, voucher quay lại, thông báo cá nhân hóa",1110,1,13.4,0.0
149060,Khách lâu chưa quay lại,0.0538,model,"Kéo lại bằng phim mới, voucher quay lại, thông báo cá nhân hóa",1156,1,13.4,0.0
148710,Khách lâu chưa quay lại,0.0538,model,"Kéo lại bằng phim mới, voucher quay lại, thông báo cá nhân hóa",1157,1,13.36,0.0
127614,Khách lâu chưa quay lại,0.0538,model,"Kéo lại bằng phim mới, voucher quay lại, thông báo cá nhân hóa",952,3,16.49,0.0
182507,Khách lâu chưa quay lại,0.0538,model,"Kéo lại bằng phim mới, voucher quay lại, thông báo cá nhân hóa",350,2,21.52,1.0
132429,Khách lâu chưa quay lại,0.0538,model,"Kéo lại bằng phim mới, voucher quay lại, thông báo cá nhân hóa",960,3,29.85,1.0
162423,Khách lâu chưa quay lại,0.0538,model,"Kéo lại bằng phim mới, voucher quay lại, thông báo cá nhân hóa",358,3,27.22,0.6667
103453,Khách lâu chưa quay lại,0.0537,model,"Kéo lại bằng phim mới, voucher quay lại, thông báo cá nhân hóa",337,3,25.16,0.0
120941,Khách lâu chưa quay lại,0.0537,model,"Kéo lại bằng phim mới, voucher quay lại, thông báo cá nhân hóa",368,3,28.33,0.3333
135753,Khách lâu chưa quay lại,0.0537,model,"Kéo lại bằng phim mới, voucher quay lại, thông báo cá nhân hóa",422,2,9.2,0.5
139641,Khách lâu chưa quay lại,0.0537,model,"Kéo lại bằng phim mới, voucher quay lại, thông báo cá nhân hóa",1090,1,12.78,0.0
101258,Khách lâu chưa quay lại,0.0536,model,"Kéo lại bằng phim mới, voucher quay lại, thông báo cá nhân hóa",317,1,9.77,1.0
111767,Khách lâu chưa quay lại,0.0536,model,"Kéo lại bằng phim mới, voucher quay lại, thông báo cá nhân hóa",909,3,14.85,0.3333
106207,Khách lâu chưa quay lại,0.0535,model,"Kéo lại bằng phim mới, voucher quay lại, thông báo cá nhân hóa",591,7,78.65,0.1429
174345,Khách nhạy khuyến mãi,0.0535,model,"Chuyển từ giảm giá trực tiếp sang tích điểm, voucher cá nhân hóa",3,2,15.17,0.5
147413,Khách lâu chưa quay lại,0.0535,model,"Kéo lại bằng phim mới, voucher quay lại, thông báo cá nhân hóa",814,3,36.8,0.3333
134244,Khách thường xuyên,0.0535,model,"Duy trì, không cần giảm giá sâu",77,1,7.31,0.0
195254,Khách thường xuyên,0.0535,model,"Duy trì, không cần giảm giá sâu",40,1,7.22,0.0
191333,Khách thường xuyên,0.0535,model,"Duy trì, không cần giảm giá sâu",32,1,7.25,0.0
114661,Khách thường xuyên,0.0535,model,"Duy trì, không cần giảm giá sâu",75,1,7.32,0.0
120487,Khách lâu chưa quay lại,0.0535,model,"Kéo lại bằng phim mới, voucher quay lại, thông báo cá nhân hóa",96,1,7.32,0.0
108299,Khách thường xuyên,0.0535,model,"Duy trì, không cần giảm giá sâu",70,1,7.32,0.0
201909,Khách thường xuyên,0.0535,model,"Duy trì, không cần giảm giá sâu",69,1,7.32,0.0
213825,Khách thường xuyên,0.0535,model,"Duy trì, không cần giảm giá sâu",88,1,7.32,0.0
185906,Khách thường xuyên,0.0535,model,"Duy trì, không cần giảm giá sâu",67,1,7.32,0.0
191350,Khách thường xuyên,0.0535,model,"Duy trì, không cần giảm giá sâu",70,1,7.32,0.0
148918,Khách lâu chưa quay lại,0.0534,model,"Kéo lại bằng phim mới, voucher quay lại, thông báo cá nhân hóa",873,2,11.96,0.5
153464,Khách lâu chưa quay lại,0.0534,model,"Kéo lại bằng phim mới, voucher quay lại, thông báo cá nhân hóa",310,1,13.32,0.0
165048,Khách lâu chưa quay lại,0.0534,model,"Kéo lại bằng phim mới, voucher quay lại, thông báo cá nhân hóa",930,3,21.49,0.3333
121085,Khách lâu chưa quay lại,0.0533,model,"Kéo lại bằng phim mới, voucher quay lại, thông báo cá nhân hóa",983,1,9.4,1.0
152744,Khách lâu chưa quay lại,0.0533,model,"Kéo lại bằng phim mới, voucher quay lại, thông báo cá nhân hóa",966,1,9.4,1.0
127676,Khách lâu chưa quay lại,0.0533,model,"Kéo lại bằng phim mới, voucher quay lại, thông báo cá nhân hóa",981,1,9.4,1.0
154710,Khách lâu chưa quay lại,0.0533,model,"Kéo lại bằng phim mới, voucher quay lại, thông báo cá nhân hóa",977,1,9.4,1.0
106045,Khách thường xuyên,0.0533,model,"Duy trì, không cần giảm giá sâu",84,1,6.31,0.0
193774,Khách giá trị cao,0.0533,model,"Membership, ưu đãi đặc quyền, đặt vé sớm phim hot",10,6,8.37,0.3333
140053,Khách nhạy khuyến mãi,0.0533,model,"Chuyển từ giảm giá trực tiếp sang tích điểm, voucher cá nhân hóa",18,2,12.12,0.5
116484,Khách lâu chưa quay lại,0.0533,model,"Kéo lại bằng phim mới, voucher quay lại, thông báo cá nhân hóa",488,3,20.44,0.6667
115224,Khách lâu chưa quay lại,0.0533,model,"Kéo lại bằng phim mới, voucher quay lại, thông báo cá nhân hóa",339,3,35.05,0.0
106531,Khách giá trị cao,0.0532,model,"Membership, ưu đãi đặc quyền, đặt vé sớm phim hot",54,4,39.42,1.0
154134,Khách lâu chưa quay lại,0.0532,model,"Kéo lại bằng phim mới, voucher quay lại, thông báo cá nhân hóa",311,2,19.51,0.5
177423,Khách lâu chưa quay lại,0.0531,model,"Kéo lại bằng phim mới, voucher quay lại, thông báo cá nhân hóa",358,2,13.02,1.0
160786,Khách lâu chưa quay lại,0.0531,model,"Kéo lại bằng phim mới, voucher quay lại, thông báo cá nhân hóa",325,1,11.01,1.0
109506,Khách lâu chưa quay lại,0.0531,model,"Kéo lại bằng phim mới, voucher quay lại, thông báo cá nhân hóa",952,1,9.4,1.0
109855,Khách lâu chưa quay lại,0.053,model,"Kéo lại bằng phim mới, voucher quay lại, thông báo cá nhân hóa",938,3,19.16,1.0
138840,Khách lâu chưa quay lại,0.053,model,"Kéo lại bằng phim mới, voucher quay lại, thông báo cá nhân hóa",869,3,27.56,0.3333
144458,Khách lâu chưa quay lại,0.053,model,"Kéo lại bằng phim mới, voucher quay lại, thông báo cá nhân hóa",358,2,13.04,1.0
118193,Khách lâu chưa quay lại,0.053,model,"Kéo lại bằng phim mới, voucher quay lại, thông báo cá nhân hóa",498,3,23.41,0.3333
149925,Khách lâu chưa quay lại,0.053,model,"Kéo lại bằng phim mới, voucher quay lại, thông báo cá nhân hóa",99,1,6.51,1.0
112584,Khách lâu chưa quay lại,0.053,model,"Kéo lại bằng phim mới, voucher quay lại, thông báo cá nhân hóa",361,1,24.66,0.0
100011,Khách thường xuyên,0.0529,model,"Duy trì, không cần giảm giá sâu",71,2,12.36,0.0
143026,Khách lâu chưa quay lại,0.0529,model,"Kéo lại bằng phim mới, voucher quay lại, thông báo cá nhân hóa",341,4,28.59,0.0
130599,Khách lâu chưa quay lại,0.0529,model,"Kéo lại bằng phim mới, voucher quay lại, thông báo cá nhân hóa",490,4,16.3,1.0
114598,Khách lâu chưa quay lại,0.0528,model,"Kéo lại bằng phim mới, voucher quay lại, thông báo cá nhân hóa",923,2,11.96,0.0
200698,Khách nhạy khuyến mãi,0.0527,model,"Chuyển từ giảm giá trực tiếp sang tích điểm, voucher cá nhân hóa",31,2,14.17,0.5
105729,Khách giá trị cao,0.0527,model,"Membership, ưu đãi đặc quyền, đặt vé sớm phim hot",11,5,30.01,0.4
189821,Khách lâu chưa quay lại,0.0527,model,"Kéo lại bằng phim mới, voucher quay lại, thông báo cá nhân hóa",359,1,13.28,1.0
209215,Khách lâu chưa quay lại,0.0527,model,"Kéo lại bằng phim mới, voucher quay lại, thông báo cá nhân hóa",331,1,13.03,1.0
106936,Khách lâu chưa quay lại,0.0527,model,"Kéo lại bằng phim mới, voucher quay lại, thông báo cá nhân hóa",499,2,13.02,1.0
117939,Khách lâu chưa quay lại,0.0527,model,"Kéo lại bằng phim mới, voucher quay lại, thông báo cá nhân hóa",814,5,23.02,0.6
144246,Khách lâu chưa quay lại,0.0527,model,"Kéo lại bằng phim mới, voucher quay lại, thông báo cá nhân hóa",1051,1,2.88,1.0
125705,Khách lâu chưa quay lại,0.0526,model,"Kéo lại bằng phim mới, voucher quay lại, thông báo cá nhân hóa",414,2,13.02,1.0
158486,Khách lâu chưa quay lại,0.0526,model,"Kéo lại bằng phim mới, voucher quay lại, thông báo cá nhân hóa",1052,1,2.89,0.0
100624,Khách lâu chưa quay lại,0.0526,model,"Kéo lại bằng phim mới, voucher quay lại, thông báo cá nhân hóa",1045,1,2.89,0.0
139752,Khách lâu chưa quay lại,0.0526,model,"Kéo lại bằng phim mới, voucher quay lại, thông báo cá nhân hóa",1044,1,2.89,0.0
149721,Khách lâu chưa quay lại,0.0526,model,"Kéo lại bằng phim mới, voucher quay lại, thông báo cá nhân hóa",1042,1,2.89,0.0
159450,Khách lâu chưa quay lại,0.0526,model,"Kéo lại bằng phim mới, voucher quay lại, thông báo cá nhân hóa",1043,1,2.89,0.0
160324,Khách lâu chưa quay lại,0.0526,model,"Kéo lại bằng phim mới, voucher quay lại, thông báo cá nhân hóa",1046,1,2.89,0.0
159187,Khách lâu chưa quay lại,0.0526,model,"Kéo lại bằng phim mới, voucher quay lại, thông báo cá nhân hóa",1052,1,2.89,0.0
116296,Khách lâu chưa quay lại,0.0526,model,"Kéo lại bằng phim mới, voucher quay lại, thông báo cá nhân hóa",1045,1,2.89,0.0
100070,Khách lâu chưa quay lại,0.0526,model,"Kéo lại bằng phim mới, voucher quay lại, thông báo cá nhân hóa",991,2,12.78,0.0
104614,Khách lâu chưa quay lại,0.0526,model,"Kéo lại bằng phim mới, voucher quay lại, thông báo cá nhân hóa",331,3,9.78,1.0
151398,Khách lâu chưa quay lại,0.0526,model,"Kéo lại bằng phim mới, voucher quay lại, thông báo cá nhân hóa",835,2,13.03,1.0
122831,Khách lâu chưa quay lại,0.0526,model,"Kéo lại bằng phim mới, voucher quay lại, thông báo cá nhân hóa",920,1,9.4,1.0
170847,Khách lâu chưa quay lại,0.0526,model,"Kéo lại bằng phim mới, voucher quay lại, thông báo cá nhân hóa",595,2,13.93,0.5
100302,Khách lâu chưa quay lại,0.0526,model,"Kéo lại bằng phim mới, voucher quay lại, thông báo cá nhân hóa",960,3,27.95,0.3333
181298,Khách mua một lần (mới),0.0525,model,Tặng coupon cho lần mua thứ hai trong vòng 7–14 ngày,20,1,6.19,0.0
107097,Khách mua một lần (mới),0.0525,model,Tặng coupon cho lần mua thứ hai trong vòng 7–14 ngày,22,1,6.19,0.0
220217,Khách mua một lần (mới),0.0525,model,Tặng coupon cho lần mua thứ hai trong vòng 7–14 ngày,19,1,6.19,0.0
190971,Khách mua một lần (mới),0.0525,model,Tặng coupon cho lần mua thứ hai trong vòng 7–14 ngày,18,1,6.19,0.0
164501,Khách mua một lần (mới),0.0525,model,Tặng coupon cho lần mua thứ hai trong vòng 7–14 ngày,11,1,6.19,0.0
143138,Khách mua một lần (mới),0.0525,model,Tặng coupon cho lần mua thứ hai trong vòng 7–14 ngày,11,1,6.19,0.0
131195,Khách mua một lần (mới),0.0525,model,Tặng coupon cho lần mua thứ hai trong vòng 7–14 ngày,15,1,6.19,0.0
181609,Khách mua một lần (mới),0.0525,model,Tặng coupon cho lần mua thứ hai trong vòng 7–14 ngày,19,1,6.19,0.0
181409,Khách mua một lần (mới),0.0525,model,Tặng coupon cho lần mua thứ hai trong vòng 7–14 ngày,18,1,6.19,0.0
117136,Khách mua một lần (mới),0.0525,model,Tặng coupon cho lần mua thứ hai trong vòng 7–14 ngày,18,1,6.19,0.0
192846,Khách mua một lần (mới),0.0525,model,Tặng coupon cho lần mua thứ hai trong vòng 7–14 ngày,11,1,6.19,0.0
101590,Khách mua một lần (mới),0.0525,model,Tặng coupon cho lần mua thứ hai trong vòng 7–14 ngày,18,1,6.19,0.0
205249,Khách mua một lần (mới),0.0525,model,Tặng coupon cho lần mua thứ hai trong vòng 7–14 ngày,11,1,6.19,0.0
131066,Khách mua một lần (mới),0.0525,model,Tặng coupon cho lần mua thứ hai trong vòng 7–14 ngày,7,1,6.19,0.0
105907,Khách mua một lần (mới),0.0525,model,Tặng coupon cho lần mua thứ hai trong vòng 7–14 ngày,27,1,6.19,0.0
191720,Khách mua một lần (mới),0.0525,model,Tặng coupon cho lần mua thứ hai trong vòng 7–14 ngày,18,1,6.19,0.0
184137,Khách mua một lần (mới),0.0525,model,Tặng coupon cho lần mua thứ hai trong vòng 7–14 ngày,18,1,6.19,0.0
184043,Khách mua một lần (mới),0.0525,model,Tặng coupon cho lần mua thứ hai trong vòng 7–14 ngày,19,1,6.19,0.0
143362,Khách mua một lần (mới),0.0525,model,Tặng coupon cho lần mua thứ hai trong vòng 7–14 ngày,30,1,6.19,0.0
217006,Khách mua một lần (mới),0.0525,model,Tặng coupon cho lần mua thứ hai trong vòng 7–14 ngày,19,1,6.19,0.0
182487,Khách mua một lần (mới),0.0525,model,Tặng coupon cho lần mua thứ hai trong vòng 7–14 ngày,13,1,6.19,0.0
223761,Khách mua một lần (mới),0.0525,model,Tặng coupon cho lần mua thứ hai trong vòng 7–14 ngày,20,1,6.19,0.0
102087,Khách lâu chưa quay lại,0.0525,model,"Kéo lại bằng phim mới, voucher quay lại, thông báo cá nhân hóa",429,2,13.2,0.0
137702,Khách lâu chưa quay lại,0.0524,model,"Kéo lại bằng phim mới, voucher quay lại, thông báo cá nhân hóa",1138,1,19.8,0.0
100761,Khách lâu chưa quay lại,0.0524,model,"Kéo lại bằng phim mới, voucher quay lại, thông báo cá nhân hóa",1106,1,19.8,0.0
116658,Khách lâu chưa quay lại,0.0524,model,"Kéo lại bằng phim mới, voucher quay lại, thông báo cá nhân hóa",1114,1,19.8,0.0
107682,Khách lâu chưa quay lại,0.0524,model,"Kéo lại bằng phim mới, voucher quay lại, thông báo cá nhân hóa",1123,1,19.8,0.0
122155,Khách lâu chưa quay lại,0.0524,model,"Kéo lại bằng phim mới, voucher quay lại, thông báo cá nhân hóa",1123,1,19.8,0.0
104858,Khách lâu chưa quay lại,0.0524,model,"Kéo lại bằng phim mới, voucher quay lại, thông báo cá nhân hóa",1113,1,19.8,0.0
101984,Khách lâu chưa quay lại,0.0524,model,"Kéo lại bằng phim mới, voucher quay lại, thông báo cá nhân hóa",1090,1,19.8,0.0
137665,Khách lâu chưa quay lại,0.0523,model,"Kéo lại bằng phim mới, voucher quay lại, thông báo cá nhân hóa",324,2,15.63,0.5
118976,Khách lâu chưa quay lại,0.0523,model,"Kéo lại bằng phim mới, voucher quay lại, thông báo cá nhân hóa",434,3,33.81,0.6667
100247,Khách lâu chưa quay lại,0.0523,model,"Kéo lại bằng phim mới, voucher quay lại, thông báo cá nhân hóa",435,3,74.22,0.0
164309,Khách lâu chưa quay lại,0.0523,model,"Kéo lại bằng phim mới, voucher quay lại, thông báo cá nhân hóa",364,2,13.86,1.0
167229,Khách lâu chưa quay lại,0.0523,model,"Kéo lại bằng phim mới, voucher quay lại, thông báo cá nhân hóa",980,1,10.18,1.0
116169,Khách giá trị cao,0.0522,model,"Membership, ưu đãi đặc quyền, đặt vé sớm phim hot",21,5,39.66,0.8
225163,Khách nhạy khuyến mãi,0.0521,model,"Chuyển từ giảm giá trực tiếp sang tích điểm, voucher cá nhân hóa",13,2,14.39,1.0
144042,Khách lâu chưa quay lại,0.0521,model,"Kéo lại bằng phim mới, voucher quay lại, thông báo cá nhân hóa",315,3,24.57,0.6667
139831,Khách giá trị cao,0.0521,model,"Membership, ưu đãi đặc quyền, đặt vé sớm phim hot",22,3,14.48,0.6667
116243,Khách lâu chưa quay lại,0.0521,model,"Kéo lại bằng phim mới, voucher quay lại, thông báo cá nhân hóa",841,3,28.79,0.3333
111346,Khách lâu chưa quay lại,0.052,model,"Kéo lại bằng phim mới, voucher quay lại, thông báo cá nhân hóa",872,4,36.94,0.5
196484,Khách mua một lần (mới),0.052,model,Tặng coupon cho lần mua thứ hai trong vòng 7–14 ngày,1,1,6.76,0.0
151378,Khách mua một lần (mới),0.052,model,Tặng coupon cho lần mua thứ hai trong vòng 7–14 ngày,22,1,6.76,0.0
127948,Khách mua một lần (mới),0.052,model,Tặng coupon cho lần mua thứ hai trong vòng 7–14 ngày,21,1,6.85,0.0
206117,Khách mua một lần (mới),0.052,model,Tặng coupon cho lần mua thứ hai trong vòng 7–14 ngày,25,1,6.8,0.0
200676,Khách nhạy khuyến mãi,0.052,model,"Chuyển từ giảm giá trực tiếp sang tích điểm, voucher cá nhân hóa",64,1,6.52,1.0
119247,Khách lâu chưa quay lại,0.0519,model,"Kéo lại bằng phim mới, voucher quay lại, thông báo cá nhân hóa",328,3,38.51,0.3333
185548,Khách lâu chưa quay lại,0.0519,model,"Kéo lại bằng phim mới, voucher quay lại, thông báo cá nhân hóa",319,3,26.72,0.3333
134407,Khách lâu chưa quay lại,0.0519,model,"Kéo lại bằng phim mới, voucher quay lại, thông báo cá nhân hóa",334,8,48.89,0.0
102874,Khách lâu chưa quay lại,0.0519,model,"Kéo lại bằng phim mới, voucher quay lại, thông báo cá nhân hóa",847,3,17.69,0.6667
128889,Khách giá trị cao,0.0518,model,"Membership, ưu đãi đặc quyền, đặt vé sớm phim hot",81,3,15.93,0.6667
130834,Khách lâu chưa quay lại,0.0518,model,"Kéo lại bằng phim mới, voucher quay lại, thông báo cá nhân hóa",596,2,13.61,0.0
121918,Khách lâu chưa quay lại,0.0518,model,"Kéo lại bằng phim mới, voucher quay lại, thông báo cá nhân hóa",322,5,56.54,0.8
151703,Khách lâu chưa quay lại,0.0518,model,"Kéo lại bằng phim mới, voucher quay lại, thông báo cá nhân hóa",524,1,2.06,0.0
138167,Khách lâu chưa quay lại,0.0518,model,"Kéo lại bằng phim mới, voucher quay lại, thông báo cá nhân hóa",495,3,22.19,0.3333
108026,Khách lâu chưa quay lại,0.0517,model,"Kéo lại bằng phim mới, voucher quay lại, thông báo cá nhân hóa",97,1,7.32,0.0
136280,Khách lâu chưa quay lại,0.0517,model,"Kéo lại bằng phim mới, voucher quay lại, thông báo cá nhân hóa",322,2,13.04,1.0
111519,Khách lâu chưa quay lại,0.0517,model,"Kéo lại bằng phim mới, voucher quay lại, thông báo cá nhân hóa",358,2,13.03,1.0
182644,Khách nhạy khuyến mãi,0.0517,model,"Chuyển từ giảm giá trực tiếp sang tích điểm, voucher cá nhân hóa",56,2,8.94,1.0
111265,Khách lâu chưa quay lại,0.0517,model,"Kéo lại bằng phim mới, voucher quay lại, thông báo cá nhân hóa",360,1,11.09,0.0
141152,Khách lâu chưa quay lại,0.0517,model,"Kéo lại bằng phim mới, voucher quay lại, thông báo cá nhân hóa",798,4,42.4,0.25
125557,Khách lâu chưa quay lại,0.0517,model,"Kéo lại bằng phim mới, voucher quay lại, thông báo cá nhân hóa",348,4,27.88,0.5
205507,Khách lâu chưa quay lại,0.0517,model,"Kéo lại bằng phim mới, voucher quay lại, thông báo cá nhân hóa",511,1,8.25,1.0
122261,Khách lâu chưa quay lại,0.0517,model,"Kéo lại bằng phim mới, voucher quay lại, thông báo cá nhân hóa",365,3,38.6,0.3333
114037,Khách lâu chưa quay lại,0.0517,model,"Kéo lại bằng phim mới, voucher quay lại, thông báo cá nhân hóa",870,2,30.1,0.0
110793,Khách lâu chưa quay lại,0.0517,model,"Kéo lại bằng phim mới, voucher quay lại, thông báo cá nhân hóa",940,4,30.69,0.25
160780,Khách lâu chưa quay lại,0.0516,model,"Kéo lại bằng phim mới, voucher quay lại, thông báo cá nhân hóa",945,3,19.53,1.0
139053,Khách lâu chưa quay lại,0.0516,model,"Kéo lại bằng phim mới, voucher quay lại, thông báo cá nhân hóa",363,1,24.74,0.0
150394,Khách lâu chưa quay lại,0.0516,model,"Kéo lại bằng phim mới, voucher quay lại, thông báo cá nhân hóa",362,1,24.74,0.0
170574,Khách lâu chưa quay lại,0.0516,model,"Kéo lại bằng phim mới, voucher quay lại, thông báo cá nhân hóa",365,1,24.74,0.0
157326,Khách lâu chưa quay lại,0.0515,model,"Kéo lại bằng phim mới, voucher quay lại, thông báo cá nhân hóa",343,2,17.12,1.0
146545,Khách lâu chưa quay lại,0.0515,model,"Kéo lại bằng phim mới, voucher quay lại, thông báo cá nhân hóa",437,3,24.33,0.0
134719,Khách lâu chưa quay lại,0.0515,model,"Kéo lại bằng phim mới, voucher quay lại, thông báo cá nhân hóa",319,4,17.65,0.5
101494,Khách lâu chưa quay lại,0.0515,model,"Kéo lại bằng phim mới, voucher quay lại, thông báo cá nhân hóa",361,2,13.52,0.5
132029,Khách lâu chưa quay lại,0.0515,model,"Kéo lại bằng phim mới, voucher quay lại, thông báo cá nhân hóa",910,2,10.63,0.5
146687,Khách nhạy khuyến mãi,0.0515,model,"Chuyển từ giảm giá trực tiếp sang tích điểm, voucher cá nhân hóa",66,1,4.53,1.0
184092,Khách nhạy khuyến mãi,0.0515,model,"Chuyển từ giảm giá trực tiếp sang tích điểm, voucher cá nhân hóa",76,1,4.53,1.0
126109,Khách lâu chưa quay lại,0.0514,model,"Kéo lại bằng phim mới, voucher quay lại, thông báo cá nhân hóa",357,3,26.67,0.3333
204200,Khách nhạy khuyến mãi,0.0514,model,"Chuyển từ giảm giá trực tiếp sang tích điểm, voucher cá nhân hóa",18,2,12.21,1.0
120057,Khách lâu chưa quay lại,0.0514,model,"Kéo lại bằng phim mới, voucher quay lại, thông báo cá nhân hóa",920,3,15.26,0.0
147299,Khách lâu chưa quay lại,0.0513,model,"Kéo lại bằng phim mới, voucher quay lại, thông báo cá nhân hóa",358,2,27.34,1.0
122101,Khách lâu chưa quay lại,0.0513,model,"Kéo lại bằng phim mới, voucher quay lại, thông báo cá nhân hóa",833,2,18.98,0.0
117090,Khách lâu chưa quay lại,0.0513,model,"Kéo lại bằng phim mới, voucher quay lại, thông báo cá nhân hóa",323,3,18.06,0.3333
127247,Khách lâu chưa quay lại,0.0513,model,"Kéo lại bằng phim mới, voucher quay lại, thông báo cá nhân hóa",380,2,16.75,1.0
117152,Khách lâu chưa quay lại,0.0513,model,"Kéo lại bằng phim mới, voucher quay lại, thông báo cá nhân hóa",997,1,10.22,1.0
148082,Khách giá trị cao,0.0513,model,"Membership, ưu đãi đặc quyền, đặt vé sớm phim hot",1,4,33.61,0.75
167082,Khách lâu chưa quay lại,0.0513,model,"Kéo lại bằng phim mới, voucher quay lại, thông báo cá nhân hóa",331,5,23.27,0.2
152854,Khách lâu chưa quay lại,0.0512,model,"Kéo lại bằng phim mới, voucher quay lại, thông báo cá nhân hóa",357,2,23.64,1.0
155981,Khách lâu chưa quay lại,0.0512,model,"Kéo lại bằng phim mới, voucher quay lại, thông báo cá nhân hóa",319,4,40.12,0.25
179259,Khách mua một lần (mới),0.0512,model,Tặng coupon cho lần mua thứ hai trong vòng 7–14 ngày,30,1,13.3,1.0
135869,Khách lâu chưa quay lại,0.0512,model,"Kéo lại bằng phim mới, voucher quay lại, thông báo cá nhân hóa",1007,2,10.72,0.0
120659,Khách nhạy khuyến mãi,0.0512,model,"Chuyển từ giảm giá trực tiếp sang tích điểm, voucher cá nhân hóa",78,2,12.16,0.5
179840,Khách nhạy khuyến mãi,0.0512,model,"Chuyển từ giảm giá trực tiếp sang tích điểm, voucher cá nhân hóa",76,1,6.52,1.0
167485,Khách nhạy khuyến mãi,0.0512,model,"Chuyển từ giảm giá trực tiếp sang tích điểm, voucher cá nhân hóa",79,1,6.52,1.0
174481,Khách nhạy khuyến mãi,0.0512,model,"Chuyển từ giảm giá trực tiếp sang tích điểm, voucher cá nhân hóa",77,1,6.52,1.0
143638,Khách lâu chưa quay lại,0.0511,model,"Kéo lại bằng phim mới, voucher quay lại, thông báo cá nhân hóa",1093,2,14.85,0.0
162549,Khách lâu chưa quay lại,0.0511,model,"Kéo lại bằng phim mới, voucher quay lại, thông báo cá nhân hóa",346,2,19.56,1.0
110225,Khách lâu chưa quay lại,0.0511,model,"Kéo lại bằng phim mới, voucher quay lại, thông báo cá nhân hóa",314,3,28.33,0.3333
139432,Khách lâu chưa quay lại,0.0511,model,"Kéo lại bằng phim mới, voucher quay lại, thông báo cá nhân hóa",343,1,74.89,0.0
140054,Khách lâu chưa quay lại,0.0511,model,"Kéo lại bằng phim mới, voucher quay lại, thông báo cá nhân hóa",437,3,19.8,0.0
106938,Khách lâu chưa quay lại,0.0511,model,"Kéo lại bằng phim mới, voucher quay lại, thông báo cá nhân hóa",357,3,25.94,0.0
160601,Khách lâu chưa quay lại,0.051,model,"Kéo lại bằng phim mới, voucher quay lại, thông báo cá nhân hóa",835,2,9.4,0.5
103610,Khách giá trị cao,0.051,model,"Membership, ưu đãi đặc quyền, đặt vé sớm phim hot",83,3,16.94,0.6667
119706,Khách lâu chưa quay lại,0.051,model,"Kéo lại bằng phim mới, voucher quay lại, thông báo cá nhân hóa",415,2,12.7,0.5
132165,Khách lâu chưa quay lại,0.051,model,"Kéo lại bằng phim mới, voucher quay lại, thông báo cá nhân hóa",949,3,19.23,0.6667
110915,Khách nhạy khuyến mãi,0.051,model,"Chuyển từ giảm giá trực tiếp sang tích điểm, voucher cá nhân hóa",20,2,10.63,0.5
138078,Khách nhạy khuyến mãi,0.0509,model,"Chuyển từ giảm giá trực tiếp sang tích điểm, voucher cá nhân hóa",85,2,17.11,1.0
195069,Khách lâu chưa quay lại,0.0509,model,"Kéo lại bằng phim mới, voucher quay lại, thông báo cá nhân hóa",337,3,22.57,1.0
134208,Khách lâu chưa quay lại,0.0509,model,"Kéo lại bằng phim mới, voucher quay lại, thông báo cá nhân hóa",329,5,33.04,0.8
130628,Khách lâu chưa quay lại,0.0509,model,"Kéo lại bằng phim mới, voucher quay lại, thông báo cá nhân hóa",372,2,14.3,1.0
101856,Khách lâu chưa quay lại,0.0508,model,"Kéo lại bằng phim mới, voucher quay lại, thông báo cá nhân hóa",363,3,14.39,0.0
172809,Khách lâu chưa quay lại,0.0508,model,"Kéo lại bằng phim mới, voucher quay lại, thông báo cá nhân hóa",359,2,20.83,1.0
180571,Khách nhạy khuyến mãi,0.0507,model,"Chuyển từ giảm giá trực tiếp sang tích điểm, voucher cá nhân hóa",70,1,6.7,1.0
172302,Khách lâu chưa quay lại,0.0507,model,"Kéo lại bằng phim mới, voucher quay lại, thông báo cá nhân hóa",321,2,13.74,0.0
100274,Khách lâu chưa quay lại,0.0507,model,"Kéo lại bằng phim mới, voucher quay lại, thông báo cá nhân hóa",1102,1,2.06,1.0
103162,Khách lâu chưa quay lại,0.0507,model,"Kéo lại bằng phim mới, voucher quay lại, thông báo cá nhân hóa",837,3,28.58,0.3333
178215,Khách lâu chưa quay lại,0.0506,model,"Kéo lại bằng phim mới, voucher quay lại, thông báo cá nhân hóa",323,2,17.11,1.0
113280,Khách lâu chưa quay lại,0.0506,model,"Kéo lại bằng phim mới, voucher quay lại, thông báo cá nhân hóa",330,2,17.11,1.0
208344,Khách nhạy khuyến mãi,0.0506,model,"Chuyển từ giảm giá trực tiếp sang tích điểm, voucher cá nhân hóa",68,1,4.54,1.0
149586,Khách nhạy khuyến mãi,0.0506,model,"Chuyển từ giảm giá trực tiếp sang tích điểm, voucher cá nhân hóa",73,1,4.54,1.0
178243,Khách nhạy khuyến mãi,0.0506,model,"Chuyển từ giảm giá trực tiếp sang tích điểm, voucher cá nhân hóa",72,1,4.54,1.0
217312,Khách lâu chưa quay lại,0.0506,model,"Kéo lại bằng phim mới, voucher quay lại, thông báo cá nhân hóa",359,1,17.12,1.0
153396,Khách thường xuyên,0.0506,model,"Duy trì, không cần giảm giá sâu",80,1,3.26,0.0
125615,Khách thường xuyên,0.0506,model,"Duy trì, không cần giảm giá sâu",53,1,3.3,0.0
203427,Khách mua một lần (mới),0.0506,model,Tặng coupon cho lần mua thứ hai trong vòng 7–14 ngày,11,1,3.42,0.0
174318,Khách thường xuyên,0.0506,model,"Duy trì, không cần giảm giá sâu",57,1,3.51,0.0
192484,Khách mua một lần (mới),0.0506,model,Tặng coupon cho lần mua thứ hai trong vòng 7–14 ngày,19,1,3.42,0.0
189497,Khách mua một lần (mới),0.0506,model,Tặng coupon cho lần mua thứ hai trong vòng 7–14 ngày,30,1,3.42,0.0
104977,Khách mua một lần (mới),0.0506,model,Tặng coupon cho lần mua thứ hai trong vòng 7–14 ngày,30,1,3.42,0.0
195811,Khách mua một lần (mới),0.0506,model,Tặng coupon cho lần mua thứ hai trong vòng 7–14 ngày,24,1,3.51,0.0
176662,Khách mua một lần (mới),0.0506,model,Tặng coupon cho lần mua thứ hai trong vòng 7–14 ngày,26,1,3.42,0.0
205480,Khách thường xuyên,0.0506,model,"Duy trì, không cần giảm giá sâu",69,1,3.52,0.0
132516,Khách thường xuyên,0.0506,model,"Duy trì, không cần giảm giá sâu",78,1,3.26,0.0
220738,Khách mua một lần (mới),0.0506,model,Tặng coupon cho lần mua thứ hai trong vòng 7–14 ngày,3,1,3.3,0.0
206564,Khách mua một lần (mới),0.0506,model,Tặng coupon cho lần mua thứ hai trong vòng 7–14 ngày,14,1,3.3,0.0
202250,Khách lâu chưa quay lại,0.0506,model,"Kéo lại bằng phim mới, voucher quay lại, thông báo cá nhân hóa",316,3,32.7,0.6667
171907,Khách lâu chưa quay lại,0.0505,model,"Kéo lại bằng phim mới, voucher quay lại, thông báo cá nhân hóa",884,2,18.93,0.0
104206,Khách giá trị cao,0.0505,model,"Membership, ưu đãi đặc quyền, đặt vé sớm phim hot",85,6,58.79,0.6667
127052,Khách lâu chưa quay lại,0.0505,model,"Kéo lại bằng phim mới, voucher quay lại, thông báo cá nhân hóa",856,2,13.04,1.0
153002,Khách lâu chưa quay lại,0.0505,model,"Kéo lại bằng phim mới, voucher quay lại, thông báo cá nhân hóa",350,3,27.06,0.6667
107004,Khách lâu chưa quay lại,0.0505,model,"Kéo lại bằng phim mới, voucher quay lại, thông báo cá nhân hóa",849,2,13.93,0.5
124967,Khách lâu chưa quay lại,0.0504,model,"Kéo lại bằng phim mới, voucher quay lại, thông báo cá nhân hóa",314,3,26.85,0.3333
100467,Khách nhạy khuyến mãi,0.0504,model,"Chuyển từ giảm giá trực tiếp sang tích điểm, voucher cá nhân hóa",16,2,15.47,1.0
144263,Khách lâu chưa quay lại,0.0504,model,"Kéo lại bằng phim mới, voucher quay lại, thông báo cá nhân hóa",437,5,39.34,0.0
107240,Khách lâu chưa quay lại,0.0504,model,"Kéo lại bằng phim mới, voucher quay lại, thông báo cá nhân hóa",358,2,14.84,0.0
116531,Khách lâu chưa quay lại,0.0504,model,"Kéo lại bằng phim mới, voucher quay lại, thông báo cá nhân hóa",325,3,20.44,0.6667
124238,Khách lâu chưa quay lại,0.0504,model,"Kéo lại bằng phim mới, voucher quay lại, thông báo cá nhân hóa",314,1,2.06,0.0
207177,Khách lâu chưa quay lại,0.0504,model,"Kéo lại bằng phim mới, voucher quay lại, thông báo cá nhân hóa",413,2,11.08,1.0
143060,Khách lâu chưa quay lại,0.0503,model,"Kéo lại bằng phim mới, voucher quay lại, thông báo cá nhân hóa",771,4,51.18,0.0
140283,Khách lâu chưa quay lại,0.0503,model,"Kéo lại bằng phim mới, voucher quay lại, thông báo cá nhân hóa",330,3,27.83,0.6667
124964,Khách lâu chưa quay lại,0.0503,model,"Kéo lại bằng phim mới, voucher quay lại, thông báo cá nhân hóa",119,1,6.71,0.0
154168,Khách nhạy khuyến mãi,0.0503,model,"Chuyển từ giảm giá trực tiếp sang tích điểm, voucher cá nhân hóa",8,2,12.22,1.0
109660,Khách lâu chưa quay lại,0.0503,model,"Kéo lại bằng phim mới, voucher quay lại, thông báo cá nhân hóa",890,1,9.77,1.0
120469,Khách lâu chưa quay lại,0.0503,model,"Kéo lại bằng phim mới, voucher quay lại, thông báo cá nhân hóa",317,6,60.39,0.0
120834,Khách lâu chưa quay lại,0.0502,model,"Kéo lại bằng phim mới, voucher quay lại, thông báo cá nhân hóa",98,1,3.26,1.0
133541,Khách lâu chưa quay lại,0.0502,model,"Kéo lại bằng phim mới, voucher quay lại, thông báo cá nhân hóa",431,2,24.66,0.0
187252,Khách nhạy khuyến mãi,0.0502,model,"Chuyển từ giảm giá trực tiếp sang tích điểm, voucher cá nhân hóa",52,1,6.52,1.0
222269,Khách nhạy khuyến mãi,0.0502,model,"Chuyển từ giảm giá trực tiếp sang tích điểm, voucher cá nhân hóa",73,1,6.52,1.0
181289,Khách nhạy khuyến mãi,0.0502,model,"Chuyển từ giảm giá trực tiếp sang tích điểm, voucher cá nhân hóa",85,1,6.52,1.0
163923,Khách nhạy khuyến mãi,0.0502,model,"Chuyển từ giảm giá trực tiếp sang tích điểm, voucher cá nhân hóa",77,1,6.52,1.0
161595,Khách lâu chưa quay lại,0.0502,model,"Kéo lại bằng phim mới, voucher quay lại, thông báo cá nhân hóa",343,3,41.11,0.0
119858,Khách lâu chưa quay lại,0.0502,model,"Kéo lại bằng phim mới, voucher quay lại, thông báo cá nhân hóa",322,3,36.74,0.0
157647,Khách lâu chưa quay lại,0.0502,model,"Kéo lại bằng phim mới, voucher quay lại, thông báo cá nhân hóa",429,2,18.27,0.5
161033,Khách lâu chưa quay lại,0.0501,model,"Kéo lại bằng phim mới, voucher quay lại, thông báo cá nhân hóa",464,3,51.83,0.6667
203017,Khách lâu chưa quay lại,0.0501,model,"Kéo lại bằng phim mới, voucher quay lại, thông báo cá nhân hóa",336,1,13.03,1.0
138373,Khách lâu chưa quay lại,0.0501,model,"Kéo lại bằng phim mới, voucher quay lại, thông báo cá nhân hóa",329,1,13.03,1.0
192559,Khách mua một lần (mới),0.0501,model,Tặng coupon cho lần mua thứ hai trong vòng 7–14 ngày,12,1,13.28,0.0
122537,Khách mua một lần (mới),0.0501,model,Tặng coupon cho lần mua thứ hai trong vòng 7–14 ngày,23,1,13.28,0.0
104360,Khách thường xuyên,0.0501,model,"Duy trì, không cần giảm giá sâu",65,1,13.4,0.0
170168,Khách mua một lần (mới),0.0501,model,Tặng coupon cho lần mua thứ hai trong vòng 7–14 ngày,20,1,13.28,0.0
104790,Khách mua một lần (mới),0.0501,model,Tặng coupon cho lần mua thứ hai trong vòng 7–14 ngày,24,1,13.28,0.0
222900,Khách mua một lần (mới),0.0501,model,Tặng coupon cho lần mua thứ hai trong vòng 7–14 ngày,21,1,13.32,0.0
199340,Khách mua một lần (mới),0.0501,model,Tặng coupon cho lần mua thứ hai trong vòng 7–14 ngày,20,1,13.28,0.0
181402,Khách thường xuyên,0.0501,model,"Duy trì, không cần giảm giá sâu",59,1,13.4,0.0
158818,Khách lâu chưa quay lại,0.05,model,"Kéo lại bằng phim mới, voucher quay lại, thông báo cá nhân hóa",948,4,41.24,0.25
126121,Khách lâu chưa quay lại,0.0499,model,"Kéo lại bằng phim mới, voucher quay lại, thông báo cá nhân hóa",316,2,16.29,1.0
209230,Khách lâu chưa quay lại,0.0499,model,"Kéo lại bằng phim mới, voucher quay lại, thông báo cá nhân hóa",349,1,11.01,1.0
130451,Khách lâu chưa quay lại,0.0499,model,"Kéo lại bằng phim mới, voucher quay lại, thông báo cá nhân hóa",426,4,19.81,0.0
138312,Khách lâu chưa quay lại,0.0499,model,"Kéo lại bằng phim mới, voucher quay lại, thông báo cá nhân hóa",360,2,13.94,0.5
135171,Khách lâu chưa quay lại,0.0499,model,"Kéo lại bằng phim mới, voucher quay lại, thông báo cá nhân hóa",364,2,15.58,0.5
168413,Khách lâu chưa quay lại,0.0499,model,"Kéo lại bằng phim mới, voucher quay lại, thông báo cá nhân hóa",359,1,11.01,1.0
105644,Khách lâu chưa quay lại,0.0499,model,"Kéo lại bằng phim mới, voucher quay lại, thông báo cá nhân hóa",359,1,11.01,1.0
133614,Khách lâu chưa quay lại,0.0499,model,"Kéo lại bằng phim mới, voucher quay lại, thông báo cá nhân hóa",444,3,18.97,0.0
223506,Khách nhạy khuyến mãi,0.0499,model,"Chuyển từ giảm giá trực tiếp sang tích điểm, voucher cá nhân hóa",2,2,9.11,1.0
133976,Khách lâu chưa quay lại,0.0497,model,"Kéo lại bằng phim mới, voucher quay lại, thông báo cá nhân hóa",456,5,31.59,0.6
162388,Khách lâu chưa quay lại,0.0497,model,"Kéo lại bằng phim mới, voucher quay lại, thông báo cá nhân hóa",381,6,33.2,0.3333
107425,Khách lâu chưa quay lại,0.0497,model,"Kéo lại bằng phim mới, voucher quay lại, thông báo cá nhân hóa",343,3,40.34,0.3333
124473,Khách lâu chưa quay lại,0.0497,model,"Kéo lại bằng phim mới, voucher quay lại, thông báo cá nhân hóa",310,3,41.99,0.3333
100412,Khách lâu chưa quay lại,0.0496,model,"Kéo lại bằng phim mới, voucher quay lại, thông báo cá nhân hóa",311,2,14.84,0.0
137459,Khách lâu chưa quay lại,0.0496,model,"Kéo lại bằng phim mới, voucher quay lại, thông báo cá nhân hóa",878,3,19.53,1.0
138276,Khách lâu chưa quay lại,0.0496,model,"Kéo lại bằng phim mới, voucher quay lại, thông báo cá nhân hóa",883,3,19.53,1.0
199297,Khách lâu chưa quay lại,0.0496,model,"Kéo lại bằng phim mới, voucher quay lại, thông báo cá nhân hóa",403,2,79.18,0.0
122296,Khách lâu chưa quay lại,0.0496,model,"Kéo lại bằng phim mới, voucher quay lại, thông báo cá nhân hóa",490,2,15.59,0.5
100762,Khách lâu chưa quay lại,0.0496,model,"Kéo lại bằng phim mới, voucher quay lại, thông báo cá nhân hóa",336,2,19.39,0.0
160393,Khách nhạy khuyến mãi,0.0496,model,"Chuyển từ giảm giá trực tiếp sang tích điểm, voucher cá nhân hóa",25,2,25.07,0.5
115892,Khách lâu chưa quay lại,0.0495,model,"Kéo lại bằng phim mới, voucher quay lại, thông báo cá nhân hóa",1021,3,29.07,0.0
150635,Khách lâu chưa quay lại,0.0495,model,"Kéo lại bằng phim mới, voucher quay lại, thông báo cá nhân hóa",864,3,18.89,0.3333
137885,Khách giá trị cao,0.0494,model,"Membership, ưu đãi đặc quyền, đặt vé sớm phim hot",54,5,22.58,0.2
123139,Khách lâu chưa quay lại,0.0494,model,"Kéo lại bằng phim mới, voucher quay lại, thông báo cá nhân hóa",995,3,28.46,0.0
127495,Khách nhạy khuyến mãi,0.0494,model,"Chuyển từ giảm giá trực tiếp sang tích điểm, voucher cá nhân hóa",33,2,9.52,1.0
164531,Khách lâu chưa quay lại,0.0494,model,"Kéo lại bằng phim mới, voucher quay lại, thông báo cá nhân hóa",1003,1,3.26,1.0
146683,Khách lâu chưa quay lại,0.0494,model,"Kéo lại bằng phim mới, voucher quay lại, thông báo cá nhân hóa",1002,1,3.26,1.0
141439,Khách lâu chưa quay lại,0.0494,model,"Kéo lại bằng phim mới, voucher quay lại, thông báo cá nhân hóa",917,3,34.89,0.3333
101026,Khách lâu chưa quay lại,0.0494,model,"Kéo lại bằng phim mới, voucher quay lại, thông báo cá nhân hóa",592,1,2.27,0.0
163581,Khách lâu chưa quay lại,0.0494,model,"Kéo lại bằng phim mới, voucher quay lại, thông báo cá nhân hóa",360,1,8.25,0.0
161294,Khách giá trị cao,0.0494,model,"Membership, ưu đãi đặc quyền, đặt vé sớm phim hot",8,3,18.73,1.0
113478,Khách lâu chưa quay lại,0.0494,model,"Kéo lại bằng phim mới, voucher quay lại, thông báo cá nhân hóa",508,3,20.61,0.0
137744,Khách giá trị cao,0.0494,model,"Membership, ưu đãi đặc quyền, đặt vé sớm phim hot",83,4,31.62,0.0
108193,Khách lâu chưa quay lại,0.0493,model,"Kéo lại bằng phim mới, voucher quay lại, thông báo cá nhân hóa",336,2,13.08,1.0
136597,Khách lâu chưa quay lại,0.0493,model,"Kéo lại bằng phim mới, voucher quay lại, thông báo cá nhân hóa",339,3,43.17,0.3333
101409,Khách giá trị cao,0.0493,model,"Membership, ưu đãi đặc quyền, đặt vé sớm phim hot",18,4,30.75,0.75
140882,Khách nhạy khuyến mãi,0.0493,model,"Chuyển từ giảm giá trực tiếp sang tích điểm, voucher cá nhân hóa",0,2,11.39,1.0
102167,Khách lâu chưa quay lại,0.0492,model,"Kéo lại bằng phim mới, voucher quay lại, thông báo cá nhân hóa",527,3,19.18,1.0
113800,Khách lâu chưa quay lại,0.0492,model,"Kéo lại bằng phim mới, voucher quay lại, thông báo cá nhân hóa",346,3,27.35,1.0
137814,Khách lâu chưa quay lại,0.0492,model,"Kéo lại bằng phim mới, voucher quay lại, thông báo cá nhân hóa",840,2,15.91,1.0
133808,Khách lâu chưa quay lại,0.0492,model,"Kéo lại bằng phim mới, voucher quay lại, thông báo cá nhân hóa",339,4,46.11,1.0
120935,Khách lâu chưa quay lại,0.0492,model,"Kéo lại bằng phim mới, voucher quay lại, thông báo cá nhân hóa",440,2,12.7,0.5
105980,Khách lâu chưa quay lại,0.0492,model,"Kéo lại bằng phim mới, voucher quay lại, thông báo cá nhân hóa",440,5,28.27,0.2
180431,Khách nhạy khuyến mãi,0.0491,model,"Chuyển từ giảm giá trực tiếp sang tích điểm, voucher cá nhân hóa",2,2,12.21,0.5
128561,Khách lâu chưa quay lại,0.0491,model,"Kéo lại bằng phim mới, voucher quay lại, thông báo cá nhân hóa",345,2,25.36,1.0
104632,Khách lâu chưa quay lại,0.0491,model,"Kéo lại bằng phim mới, voucher quay lại, thông báo cá nhân hóa",1046,2,72.58,0.0
155986,Khách lâu chưa quay lại,0.049,model,"Kéo lại bằng phim mới, voucher quay lại, thông báo cá nhân hóa",427,2,15.63,0.5
148947,Khách lâu chưa quay lại,0.049,model,"Kéo lại bằng phim mới, voucher quay lại, thông báo cá nhân hóa",840,2,13.04,1.0
138216,Khách giá trị cao,0.049,model,"Membership, ưu đãi đặc quyền, đặt vé sớm phim hot",18,6,63.69,0.0
102211,Khách lâu chưa quay lại,0.049,model,"Kéo lại bằng phim mới, voucher quay lại, thông báo cá nhân hóa",849,5,63.5,0.4
131322,Khách lâu chưa quay lại,0.049,model,"Kéo lại bằng phim mới, voucher quay lại, thông báo cá nhân hóa",401,2,19.22,1.0
123082,Khách lâu chưa quay lại,0.0489,model,"Kéo lại bằng phim mới, voucher quay lại, thông báo cá nhân hóa",443,2,13.03,1.0
119433,Khách giá trị cao,0.0489,model,"Membership, ưu đãi đặc quyền, đặt vé sớm phim hot",31,3,24.73,0.0
112851,Khách lâu chưa quay lại,0.0489,model,"Kéo lại bằng phim mới, voucher quay lại, thông báo cá nhân hóa",462,2,13.02,1.0
121360,Khách lâu chưa quay lại,0.0489,model,"Kéo lại bằng phim mới, voucher quay lại, thông báo cá nhân hóa",795,5,42.27,0.2
211757,Khách nhạy khuyến mãi,0.0489,model,"Chuyển từ giảm giá trực tiếp sang tích điểm, voucher cá nhân hóa",14,2,5.7,1.0
171148,Khách lâu chưa quay lại,0.0489,model,"Kéo lại bằng phim mới, voucher quay lại, thông báo cá nhân hóa",361,3,28.29,0.3333
135333,Khách lâu chưa quay lại,0.0489,model,"Kéo lại bằng phim mới, voucher quay lại, thông báo cá nhân hóa",315,3,34.19,0.3333
173255,Khách lâu chưa quay lại,0.0488,model,"Kéo lại bằng phim mới, voucher quay lại, thông báo cá nhân hóa",366,1,24.66,0.0
115269,Khách nhạy khuyến mãi,0.0488,model,"Chuyển từ giảm giá trực tiếp sang tích điểm, voucher cá nhân hóa",2,2,12.37,1.0
105191,Khách lâu chưa quay lại,0.0488,model,"Kéo lại bằng phim mới, voucher quay lại, thông báo cá nhân hóa",805,2,15.58,0.5
107595,Khách lâu chưa quay lại,0.0488,model,"Kéo lại bằng phim mới, voucher quay lại, thông báo cá nhân hóa",1005,2,13.03,1.0
113129,Khách lâu chưa quay lại,0.0488,model,"Kéo lại bằng phim mới, voucher quay lại, thông báo cá nhân hóa",1119,1,20.21,0.0
104174,Khách lâu chưa quay lại,0.0488,model,"Kéo lại bằng phim mới, voucher quay lại, thông báo cá nhân hóa",898,3,28.87,0.0
217374,Khách lâu chưa quay lại,0.0487,model,"Kéo lại bằng phim mới, voucher quay lại, thông báo cá nhân hóa",343,1,13.03,1.0
111824,Khách lâu chưa quay lại,0.0487,model,"Kéo lại bằng phim mới, voucher quay lại, thông báo cá nhân hóa",356,2,12.58,0.5
107201,Khách lâu chưa quay lại,0.0487,model,"Kéo lại bằng phim mới, voucher quay lại, thông báo cá nhân hóa",484,3,22.48,0.6667
173197,Khách nhạy khuyến mãi,0.0487,model,"Chuyển từ giảm giá trực tiếp sang tích điểm, voucher cá nhân hóa",21,2,6.11,1.0
107515,Khách lâu chưa quay lại,0.0487,model,"Kéo lại bằng phim mới, voucher quay lại, thông báo cá nhân hóa",882,2,13.03,1.0
141218,Khách lâu chưa quay lại,0.0486,model,"Kéo lại bằng phim mới, voucher quay lại, thông báo cá nhân hóa",497,3,25.68,1.0
105792,Khách lâu chưa quay lại,0.0486,model,"Kéo lại bằng phim mới, voucher quay lại, thông báo cá nhân hóa",588,3,19.19,0.6667
132325,Khách lâu chưa quay lại,0.0486,model,"Kéo lại bằng phim mới, voucher quay lại, thông báo cá nhân hóa",921,3,35.38,0.0
118655,Khách lâu chưa quay lại,0.0486,model,"Kéo lại bằng phim mới, voucher quay lại, thông báo cá nhân hóa",931,2,6.52,1.0
134233,Khách mua một lần (mới),0.0486,model,Tặng coupon cho lần mua thứ hai trong vòng 7–14 ngày,18,1,6.52,0.0
102082,Khách lâu chưa quay lại,0.0485,model,"Kéo lại bằng phim mới, voucher quay lại, thông báo cá nhân hóa",442,2,13.02,1.0
131345,Khách nhạy khuyến mãi,0.0485,model,"Chuyển từ giảm giá trực tiếp sang tích điểm, voucher cá nhân hóa",82,2,10.64,0.5
107614,Khách lâu chưa quay lại,0.0485,model,"Kéo lại bằng phim mới, voucher quay lại, thông báo cá nhân hóa",911,2,13.2,0.0
118057,Khách lâu chưa quay lại,0.0485,model,"Kéo lại bằng phim mới, voucher quay lại, thông báo cá nhân hóa",884,2,13.2,0.0
148695,Khách lâu chưa quay lại,0.0484,model,"Kéo lại bằng phim mới, voucher quay lại, thông báo cá nhân hóa",323,4,55.8,0.25
118994,Khách lâu chưa quay lại,0.0484,model,"Kéo lại bằng phim mới, voucher quay lại, thông báo cá nhân hóa",827,1,9.77,1.0
141124,Khách lâu chưa quay lại,0.0484,model,"Kéo lại bằng phim mới, voucher quay lại, thông báo cá nhân hóa",911,2,13.04,1.0
161928,Khách lâu chưa quay lại,0.0484,model,"Kéo lại bằng phim mới, voucher quay lại, thông báo cá nhân hóa",1002,2,6.35,0.5
111693,Khách lâu chưa quay lại,0.0484,model,"Kéo lại bằng phim mới, voucher quay lại, thông báo cá nhân hóa",497,3,28.58,0.3333
108260,Khách lâu chưa quay lại,0.0484,model,"Kéo lại bằng phim mới, voucher quay lại, thông báo cá nhân hóa",437,3,16.09,0.0
164225,Khách lâu chưa quay lại,0.0484,model,"Kéo lại bằng phim mới, voucher quay lại, thông báo cá nhân hóa",757,2,13.03,1.0
107588,Khách lâu chưa quay lại,0.0484,model,"Kéo lại bằng phim mới, voucher quay lại, thông báo cá nhân hóa",1124,1,13.36,0.0
109495,Khách lâu chưa quay lại,0.0484,model,"Kéo lại bằng phim mới, voucher quay lại, thông báo cá nhân hóa",1121,1,13.4,0.0
166449,Khách lâu chưa quay lại,0.0483,model,"Kéo lại bằng phim mới, voucher quay lại, thông báo cá nhân hóa",349,1,13.4,0.0
207265,Khách lâu chưa quay lại,0.0483,model,"Kéo lại bằng phim mới, voucher quay lại, thông báo cá nhân hóa",360,1,17.11,1.0
108451,Khách nhạy khuyến mãi,0.0483,model,"Chuyển từ giảm giá trực tiếp sang tích điểm, voucher cá nhân hóa",56,1,3.26,1.0
126372,Khách nhạy khuyến mãi,0.0483,model,"Chuyển từ giảm giá trực tiếp sang tích điểm, voucher cá nhân hóa",63,1,3.26,1.0
112176,Khách lâu chưa quay lại,0.0483,model,"Kéo lại bằng phim mới, voucher quay lại, thông báo cá nhân hóa",343,4,22.51,0.5
102256,Khách lâu chưa quay lại,0.0483,model,"Kéo lại bằng phim mới, voucher quay lại, thông báo cá nhân hóa",1000,2,13.93,0.5
101616,Khách giá trị cao,0.0483,model,"Membership, ưu đãi đặc quyền, đặt vé sớm phim hot",80,4,37.71,0.5
113725,Khách lâu chưa quay lại,0.0482,model,"Kéo lại bằng phim mới, voucher quay lại, thông báo cá nhân hóa",841,4,26.27,0.25
198289,Khách lâu chưa quay lại,0.0482,model,"Kéo lại bằng phim mới, voucher quay lại, thông báo cá nhân hóa",355,2,20.37,0.0
120480,Khách lâu chưa quay lại,0.0482,model,"Kéo lại bằng phim mới, voucher quay lại, thông báo cá nhân hóa",345,2,13.86,1.0
155851,Khách lâu chưa quay lại,0.0482,model,"Kéo lại bằng phim mới, voucher quay lại, thông báo cá nhân hóa",319,2,16.53,0.0
107246,Khách lâu chưa quay lại,0.0482,model,"Kéo lại bằng phim mới, voucher quay lại, thông báo cá nhân hóa",315,3,19.53,1.0
219647,Khách mua một lần (mới),0.0482,model,Tặng coupon cho lần mua thứ hai trong vòng 7–14 ngày,17,1,5.69,1.0
181442,Khách mua một lần (mới),0.0482,model,Tặng coupon cho lần mua thứ hai trong vòng 7–14 ngày,23,1,5.69,1.0
145449,Khách mua một lần (mới),0.0482,model,Tặng coupon cho lần mua thứ hai trong vòng 7–14 ngày,20,1,5.69,1.0
214758,Khách mua một lần (mới),0.0482,model,Tặng coupon cho lần mua thứ hai trong vòng 7–14 ngày,23,1,5.69,1.0
152009,Khách mua một lần (mới),0.0482,model,Tặng coupon cho lần mua thứ hai trong vòng 7–14 ngày,26,1,5.69,1.0
203972,Khách mua một lần (mới),0.0482,model,Tặng coupon cho lần mua thứ hai trong vòng 7–14 ngày,17,1,5.69,1.0
225165,Khách mua một lần (mới),0.0482,model,Tặng coupon cho lần mua thứ hai trong vòng 7–14 ngày,20,1,5.69,1.0
177391,Khách mua một lần (mới),0.0482,model,Tặng coupon cho lần mua thứ hai trong vòng 7–14 ngày,0,1,5.69,1.0
192386,Khách nhạy khuyến mãi,0.0482,model,"Chuyển từ giảm giá trực tiếp sang tích điểm, voucher cá nhân hóa",49,1,5.69,1.0
203412,Khách mua một lần (mới),0.0482,model,Tặng coupon cho lần mua thứ hai trong vòng 7–14 ngày,20,1,5.69,1.0
168870,Khách nhạy khuyến mãi,0.0482,model,"Chuyển từ giảm giá trực tiếp sang tích điểm, voucher cá nhân hóa",56,1,5.69,1.0
121773,Khách nhạy khuyến mãi,0.0482,model,"Chuyển từ giảm giá trực tiếp sang tích điểm, voucher cá nhân hóa",43,1,5.69,1.0
153666,Khách nhạy khuyến mãi,0.0482,model,"Chuyển từ giảm giá trực tiếp sang tích điểm, voucher cá nhân hóa",51,1,5.69,1.0
211806,Khách mua một lần (mới),0.0482,model,Tặng coupon cho lần mua thứ hai trong vòng 7–14 ngày,25,1,5.69,1.0
113147,Khách nhạy khuyến mãi,0.0482,model,"Chuyển từ giảm giá trực tiếp sang tích điểm, voucher cá nhân hóa",57,1,5.69,1.0
204940,Khách mua một lần (mới),0.0482,model,Tặng coupon cho lần mua thứ hai trong vòng 7–14 ngày,25,1,5.69,1.0
184180,Khách nhạy khuyến mãi,0.0482,model,"Chuyển từ giảm giá trực tiếp sang tích điểm, voucher cá nhân hóa",44,1,5.69,1.0
189714,Khách mua một lần (mới),0.0482,model,Tặng coupon cho lần mua thứ hai trong vòng 7–14 ngày,15,1,5.69,1.0
164995,Khách lâu chưa quay lại,0.0481,model,"Kéo lại bằng phim mới, voucher quay lại, thông báo cá nhân hóa",435,2,14.77,0.5
190050,Khách lâu chưa quay lại,0.0481,model,"Kéo lại bằng phim mới, voucher quay lại, thông báo cá nhân hóa",330,1,13.28,1.0
119344,Khách lâu chưa quay lại,0.0481,model,"Kéo lại bằng phim mới, voucher quay lại, thông báo cá nhân hóa",891,2,13.89,0.5
201730,Khách giá trị cao,0.0481,model,"Membership, ưu đãi đặc quyền, đặt vé sớm phim hot",12,3,35.97,0.0
158800,Khách lâu chưa quay lại,0.0481,model,"Kéo lại bằng phim mới, voucher quay lại, thông báo cá nhân hóa",862,1,9.4,1.0
112363,Khách nhạy khuyến mãi,0.0481,model,"Chuyển từ giảm giá trực tiếp sang tích điểm, voucher cá nhân hóa",1,2,13.49,1.0
106960,Khách lâu chưa quay lại,0.0481,model,"Kéo lại bằng phim mới, voucher quay lại, thông báo cá nhân hóa",1061,2,15.67,0.0
110691,Khách lâu chưa quay lại,0.0481,model,"Kéo lại bằng phim mới, voucher quay lại, thông báo cá nhân hóa",350,3,22.8,1.0
138756,Khách mua một lần (mới),0.048,model,Tặng coupon cho lần mua thứ hai trong vòng 7–14 ngày,24,1,2.85,1.0
125750,Khách mua một lần (mới),0.048,model,Tặng coupon cho lần mua thứ hai trong vòng 7–14 ngày,23,1,2.85,1.0
132730,Khách mua một lần (mới),0.048,model,Tặng coupon cho lần mua thứ hai trong vòng 7–14 ngày,22,1,2.85,1.0
102475,Khách mua một lần (mới),0.048,model,Tặng coupon cho lần mua thứ hai trong vòng 7–14 ngày,9,1,2.85,1.0
126681,Khách lâu chưa quay lại,0.048,model,"Kéo lại bằng phim mới, voucher quay lại, thông báo cá nhân hóa",756,2,13.02,1.0
165965,Khách nhạy khuyến mãi,0.048,model,"Chuyển từ giảm giá trực tiếp sang tích điểm, voucher cá nhân hóa",78,1,3.26,1.0
101387,Khách nhạy khuyến mãi,0.048,model,"Chuyển từ giảm giá trực tiếp sang tích điểm, voucher cá nhân hóa",79,1,3.26,1.0
135455,Khách lâu chưa quay lại,0.048,model,"Kéo lại bằng phim mới, voucher quay lại, thông báo cá nhân hóa",319,7,69.51,0.2857
113512,Khách lâu chưa quay lại,0.048,model,"Kéo lại bằng phim mới, voucher quay lại, thông báo cá nhân hóa",359,3,10.64,0.3333
127341,Khách giá trị cao,0.0479,model,"Membership, ưu đãi đặc quyền, đặt vé sớm phim hot",88,4,29.28,0.75
154351,Khách lâu chưa quay lại,0.0479,model,"Kéo lại bằng phim mới, voucher quay lại, thông báo cá nhân hóa",309,5,31.58,0.2
113294,Khách lâu chưa quay lại,0.0479,model,"Kéo lại bằng phim mới, voucher quay lại, thông báo cá nhân hóa",443,5,36.1,0.6
136636,Khách lâu chưa quay lại,0.0479,model,"Kéo lại bằng phim mới, voucher quay lại, thông báo cá nhân hóa",859,3,16.62,0.3333
140043,Khách lâu chưa quay lại,0.0479,model,"Kéo lại bằng phim mới, voucher quay lại, thông báo cá nhân hóa",884,2,18.8,1.0
150986,Khách lâu chưa quay lại,0.0479,model,"Kéo lại bằng phim mới, voucher quay lại, thông báo cá nhân hóa",768,2,26.35,0.0
142808,Khách lâu chưa quay lại,0.0479,model,"Kéo lại bằng phim mới, voucher quay lại, thông báo cá nhân hóa",889,3,19.49,0.6667
118374,Khách lâu chưa quay lại,0.0479,model,"Kéo lại bằng phim mới, voucher quay lại, thông báo cá nhân hóa",412,2,54.73,0.0
133273,Khách lâu chưa quay lại,0.0479,model,"Kéo lại bằng phim mới, voucher quay lại, thông báo cá nhân hóa",92,2,34.85,0.0
177181,Khách giá trị cao,0.0478,model,"Membership, ưu đãi đặc quyền, đặt vé sớm phim hot",20,8,79.25,0.5
107986,Khách lâu chưa quay lại,0.0478,model,"Kéo lại bằng phim mới, voucher quay lại, thông báo cá nhân hóa",358,1,6.19,0.0
153573,Khách lâu chưa quay lại,0.0477,model,"Kéo lại bằng phim mới, voucher quay lại, thông báo cá nhân hóa",323,2,10.55,0.5
167508,Khách lâu chưa quay lại,0.0477,model,"Kéo lại bằng phim mới, voucher quay lại, thông báo cá nhân hóa",99,1,9.77,1.0
188858,Khách nhạy khuyến mãi,0.0477,model,"Chuyển từ giảm giá trực tiếp sang tích điểm, voucher cá nhân hóa",81,1,6.51,1.0
204946,Khách lâu chưa quay lại,0.0477,model,"Kéo lại bằng phim mới, voucher quay lại, thông báo cá nhân hóa",97,1,6.51,1.0
114592,Khách lâu chưa quay lại,0.0477,model,"Kéo lại bằng phim mới, voucher quay lại, thông báo cá nhân hóa",101,1,6.51,1.0
183971,Khách nhạy khuyến mãi,0.0477,model,"Chuyển từ giảm giá trực tiếp sang tích điểm, voucher cá nhân hóa",79,1,6.51,1.0
117213,Khách nhạy khuyến mãi,0.0477,model,"Chuyển từ giảm giá trực tiếp sang tích điểm, voucher cá nhân hóa",78,1,6.51,1.0
147787,Khách lâu chưa quay lại,0.0477,model,"Kéo lại bằng phim mới, voucher quay lại, thông báo cá nhân hóa",324,3,25.73,0.0
101737,Khách lâu chưa quay lại,0.0477,model,"Kéo lại bằng phim mới, voucher quay lại, thông báo cá nhân hóa",445,1,0.62,0.0
101330,Khách lâu chưa quay lại,0.0477,model,"Kéo lại bằng phim mới, voucher quay lại, thông báo cá nhân hóa",360,3,47.34,1.0
123214,Khách lâu chưa quay lại,0.0476,model,"Kéo lại bằng phim mới, voucher quay lại, thông báo cá nhân hóa",330,2,13.04,1.0
202851,Khách lâu chưa quay lại,0.0476,model,"Kéo lại bằng phim mới, voucher quay lại, thông báo cá nhân hóa",433,2,5.32,0.5
187777,Khách mua một lần (mới),0.0476,model,Tặng coupon cho lần mua thứ hai trong vòng 7–14 ngày,17,1,8.7,1.0
225537,Khách mua một lần (mới),0.0476,model,Tặng coupon cho lần mua thứ hai trong vòng 7–14 ngày,0,1,8.7,1.0
179233,Khách lâu chưa quay lại,0.0476,model,"Kéo lại bằng phim mới, voucher quay lại, thông báo cá nhân hóa",311,1,13.32,0.0
125793,Khách lâu chưa quay lại,0.0476,model,"Kéo lại bằng phim mới, voucher quay lại, thông báo cá nhân hóa",319,1,13.32,0.0
164691,Khách nhạy khuyến mãi,0.0475,model,"Chuyển từ giảm giá trực tiếp sang tích điểm, voucher cá nhân hóa",86,2,26.44,0.5
110337,Khách lâu chưa quay lại,0.0475,model,"Kéo lại bằng phim mới, voucher quay lại, thông báo cá nhân hóa",1103,1,2.85,1.0
139911,Khách lâu chưa quay lại,0.0475,model,"Kéo lại bằng phim mới, voucher quay lại, thông báo cá nhân hóa",490,2,12.29,0.5
152404,Khách lâu chưa quay lại,0.0475,model,"Kéo lại bằng phim mới, voucher quay lại, thông báo cá nhân hóa",988,1,3.25,1.0
142630,Khách lâu chưa quay lại,0.0475,model,"Kéo lại bằng phim mới, voucher quay lại, thông báo cá nhân hóa",337,2,20.41,1.0
108781,Khách lâu chưa quay lại,0.0475,model,"Kéo lại bằng phim mới, voucher quay lại, thông báo cá nhân hóa",952,2,15.58,0.5
163102,Khách lâu chưa quay lại,0.0474,model,"Kéo lại bằng phim mới, voucher quay lại, thông báo cá nhân hóa",764,3,17.14,0.6667
154321,Khách nhạy khuyến mãi,0.0474,model,"Chuyển từ giảm giá trực tiếp sang tích điểm, voucher cá nhân hóa",84,1,3.25,1.0
123904,Khách nhạy khuyến mãi,0.0474,model,"Chuyển từ giảm giá trực tiếp sang tích điểm, voucher cá nhân hóa",57,1,3.25,1.0
137063,Khách lâu chưa quay lại,0.0474,model,"Kéo lại bằng phim mới, voucher quay lại, thông báo cá nhân hóa",322,3,22.94,0.6667
152204,Khách lâu chưa quay lại,0.0474,model,"Kéo lại bằng phim mới, voucher quay lại, thông báo cá nhân hóa",330,3,38.65,0.0
139834,Khách lâu chưa quay lại,0.0473,model,"Kéo lại bằng phim mới, voucher quay lại, thông báo cá nhân hóa",344,4,23.62,0.5
148462,Khách lâu chưa quay lại,0.0473,model,"Kéo lại bằng phim mới, voucher quay lại, thông báo cá nhân hóa",1108,1,6.6,1.0
161353,Khách lâu chưa quay lại,0.0473,model,"Kéo lại bằng phim mới, voucher quay lại, thông báo cá nhân hóa",345,5,85.5,0.2
165562,Khách thường xuyên,0.0473,model,"Duy trì, không cần giảm giá sâu",23,2,22.35,0.0
115472,Khách lâu chưa quay lại,0.0473,model,"Kéo lại bằng phim mới, voucher quay lại, thông báo cá nhân hóa",939,2,13.03,1.0
156352,Khách lâu chưa quay lại,0.0473,model,"Kéo lại bằng phim mới, voucher quay lại, thông báo cá nhân hóa",1023,2,6.52,1.0
120671,Khách lâu chưa quay lại,0.0472,model,"Kéo lại bằng phim mới, voucher quay lại, thông báo cá nhân hóa",362,4,19.6,0.25
152975,Khách lâu chưa quay lại,0.0472,model,"Kéo lại bằng phim mới, voucher quay lại, thông báo cá nhân hóa",343,2,15.18,0.5
104200,Khách lâu chưa quay lại,0.0472,model,"Kéo lại bằng phim mới, voucher quay lại, thông báo cá nhân hóa",351,4,27.32,1.0
151036,Khách lâu chưa quay lại,0.0472,model,"Kéo lại bằng phim mới, voucher quay lại, thông báo cá nhân hóa",319,2,1.64,0.0
145190,Khách lâu chưa quay lại,0.0471,model,"Kéo lại bằng phim mới, voucher quay lại, thông báo cá nhân hóa",496,3,32.08,0.3333
149863,Khách lâu chưa quay lại,0.0471,model,"Kéo lại bằng phim mới, voucher quay lại, thông báo cá nhân hóa",1015,2,15.25,0.0
127093,Khách lâu chưa quay lại,0.0471,model,"Kéo lại bằng phim mới, voucher quay lại, thông báo cá nhân hóa",1002,1,9.4,1.0
101950,Khách lâu chưa quay lại,0.047,model,"Kéo lại bằng phim mới, voucher quay lại, thông báo cá nhân hóa",330,3,21.29,0.6667
118657,Khách lâu chưa quay lại,0.047,model,"Kéo lại bằng phim mới, voucher quay lại, thông báo cá nhân hóa",816,3,17.32,0.0
207726,Khách lâu chưa quay lại,0.047,model,"Kéo lại bằng phim mới, voucher quay lại, thông báo cá nhân hóa",345,1,9.77,1.0
150538,Khách lâu chưa quay lại,0.047,model,"Kéo lại bằng phim mới, voucher quay lại, thông báo cá nhân hóa",345,1,9.77,1.0
102447,Khách lâu chưa quay lại,0.047,model,"Kéo lại bằng phim mới, voucher quay lại, thông báo cá nhân hóa",346,1,9.77,1.0
121110,Khách lâu chưa quay lại,0.047,model,"Kéo lại bằng phim mới, voucher quay lại, thông báo cá nhân hóa",352,1,9.77,1.0
169224,Khách lâu chưa quay lại,0.047,model,"Kéo lại bằng phim mới, voucher quay lại, thông báo cá nhân hóa",351,1,9.77,1.0
132361,Khách lâu chưa quay lại,0.047,model,"Kéo lại bằng phim mới, voucher quay lại, thông báo cá nhân hóa",988,2,13.04,1.0
200372,Khách mua một lần (mới),0.047,model,Tặng coupon cho lần mua thứ hai trong vòng 7–14 ngày,18,1,6.68,1.0
179013,Khách lâu chưa quay lại,0.047,model,"Kéo lại bằng phim mới, voucher quay lại, thông báo cá nhân hóa",450,2,17.65,0.5
123174,Khách lâu chưa quay lại,0.047,model,"Kéo lại bằng phim mới, voucher quay lại, thông báo cá nhân hóa",1158,1,31.76,0.0
158477,Khách lâu chưa quay lại,0.047,model,"Kéo lại bằng phim mới, voucher quay lại, thông báo cá nhân hóa",448,1,27.43,1.0
127399,Khách lâu chưa quay lại,0.047,model,"Kéo lại bằng phim mới, voucher quay lại, thông báo cá nhân hóa",1115,1,18.56,0.0
152522,Khách lâu chưa quay lại,0.047,model,"Kéo lại bằng phim mới, voucher quay lại, thông báo cá nhân hóa",1123,1,18.56,0.0
133141,Khách lâu chưa quay lại,0.047,model,"Kéo lại bằng phim mới, voucher quay lại, thông báo cá nhân hóa",408,2,24.62,0.5
100298,Khách lâu chưa quay lại,0.0469,model,"Kéo lại bằng phim mới, voucher quay lại, thông báo cá nhân hóa",979,2,19.3,0.0
182540,Khách thường xuyên,0.0469,model,"Duy trì, không cần giảm giá sâu",64,2,24.71,0.0
101118,Khách lâu chưa quay lại,0.0469,model,"Kéo lại bằng phim mới, voucher quay lại, thông báo cá nhân hóa",901,3,20.42,0.0
137446,Khách lâu chưa quay lại,0.0468,model,"Kéo lại bằng phim mới, voucher quay lại, thông báo cá nhân hóa",862,3,23.71,0.0
130530,Khách lâu chưa quay lại,0.0468,model,"Kéo lại bằng phim mới, voucher quay lại, thông báo cá nhân hóa",432,4,31.3,0.25
129675,Khách lâu chưa quay lại,0.0468,model,"Kéo lại bằng phim mới, voucher quay lại, thông báo cá nhân hóa",357,1,3.26,1.0
106139,Khách lâu chưa quay lại,0.0468,model,"Kéo lại bằng phim mới, voucher quay lại, thông báo cá nhân hóa",361,2,13.61,0.0
145300,Khách lâu chưa quay lại,0.0468,model,"Kéo lại bằng phim mới, voucher quay lại, thông báo cá nhân hóa",981,2,26.72,0.5
166573,Khách lâu chưa quay lại,0.0468,model,"Kéo lại bằng phim mới, voucher quay lại, thông báo cá nhân hóa",343,2,15.75,0.5
138470,Khách lâu chưa quay lại,0.0468,model,"Kéo lại bằng phim mới, voucher quay lại, thông báo cá nhân hóa",308,5,23.99,0.4
118277,Khách lâu chưa quay lại,0.0468,model,"Kéo lại bằng phim mới, voucher quay lại, thông báo cá nhân hóa",467,3,9.24,0.0
133790,Khách lâu chưa quay lại,0.0468,model,"Kéo lại bằng phim mới, voucher quay lại, thông báo cá nhân hóa",323,2,24.66,0.0
156736,Khách lâu chưa quay lại,0.0467,model,"Kéo lại bằng phim mới, voucher quay lại, thông báo cá nhân hóa",1068,1,3.71,0.0
109977,Khách lâu chưa quay lại,0.0467,model,"Kéo lại bằng phim mới, voucher quay lại, thông báo cá nhân hóa",356,2,9.2,0.0
140894,Khách lâu chưa quay lại,0.0467,model,"Kéo lại bằng phim mới, voucher quay lại, thông báo cá nhân hóa",344,2,25.65,0.0
182512,Khách giá trị cao,0.0467,model,"Membership, ưu đãi đặc quyền, đặt vé sớm phim hot",64,3,34.65,0.0
179179,Khách giá trị cao,0.0467,model,"Membership, ưu đãi đặc quyền, đặt vé sớm phim hot",67,3,31.59,0.3333
167328,Khách lâu chưa quay lại,0.0467,model,"Kéo lại bằng phim mới, voucher quay lại, thông báo cá nhân hóa",980,1,3.26,1.0
105279,Khách giá trị cao,0.0466,model,"Membership, ưu đãi đặc quyền, đặt vé sớm phim hot",15,3,18.32,0.6667
147762,Khách lâu chưa quay lại,0.0466,model,"Kéo lại bằng phim mới, voucher quay lại, thông báo cá nhân hóa",1160,1,9.49,0.0
109267,Khách lâu chưa quay lại,0.0466,model,"Kéo lại bằng phim mới, voucher quay lại, thông báo cá nhân hóa",431,1,2.68,0.0
159930,Khách lâu chưa quay lại,0.0466,model,"Kéo lại bằng phim mới, voucher quay lại, thông báo cá nhân hóa",430,1,2.68,0.0
205836,Khách lâu chưa quay lại,0.0466,model,"Kéo lại bằng phim mới, voucher quay lại, thông báo cá nhân hóa",409,1,2.68,0.0
104437,Khách lâu chưa quay lại,0.0466,model,"Kéo lại bằng phim mới, voucher quay lại, thông báo cá nhân hóa",429,1,2.35,0.0
209326,Khách lâu chưa quay lại,0.0466,model,"Kéo lại bằng phim mới, voucher quay lại, thông báo cá nhân hóa",418,1,2.68,0.0
161675,Khách lâu chưa quay lại,0.0466,model,"Kéo lại bằng phim mới, voucher quay lại, thông báo cá nhân hóa",419,1,2.68,0.0
210674,Khách thường xuyên,0.0466,model,"Duy trì, không cần giảm giá sâu",20,2,9.9,0.0
105132,Khách lâu chưa quay lại,0.0466,model,"Kéo lại bằng phim mới, voucher quay lại, thông báo cá nhân hóa",446,2,14.84,0.0
157439,Khách lâu chưa quay lại,0.0466,model,"Kéo lại bằng phim mới, voucher quay lại, thông báo cá nhân hóa",835,3,38.15,0.0
123266,Khách lâu chưa quay lại,0.0466,model,"Kéo lại bằng phim mới, voucher quay lại, thông báo cá nhân hóa",884,2,19.55,1.0
145212,Khách lâu chưa quay lại,0.0466,model,"Kéo lại bằng phim mới, voucher quay lại, thông báo cá nhân hóa",345,2,13.04,1.0
100199,Khách lâu chưa quay lại,0.0466,model,"Kéo lại bằng phim mới, voucher quay lại, thông báo cá nhân hóa",1119,1,24.74,0.0
105385,Khách lâu chưa quay lại,0.0466,model,"Kéo lại bằng phim mới, voucher quay lại, thông báo cá nhân hóa",747,5,23.55,0.6
101505,Khách giá trị cao,0.0465,model,"Membership, ưu đãi đặc quyền, đặt vé sớm phim hot",4,3,18.35,0.0
119140,Khách lâu chưa quay lại,0.0465,model,"Kéo lại bằng phim mới, voucher quay lại, thông báo cá nhân hóa",730,4,40.87,0.25
168070,Khách lâu chưa quay lại,0.0465,model,"Kéo lại bằng phim mới, voucher quay lại, thông báo cá nhân hóa",880,2,12.75,0.5
133493,Khách lâu chưa quay lại,0.0465,model,"Kéo lại bằng phim mới, voucher quay lại, thông báo cá nhân hóa",1046,2,29.62,0.5
122841,Khách lâu chưa quay lại,0.0465,model,"Kéo lại bằng phim mới, voucher quay lại, thông báo cá nhân hóa",923,3,17.32,0.0
103206,Khách lâu chưa quay lại,0.0465,model,"Kéo lại bằng phim mới, voucher quay lại, thông báo cá nhân hóa",1045,2,18.97,0.0
116703,Khách lâu chưa quay lại,0.0464,model,"Kéo lại bằng phim mới, voucher quay lại, thông báo cá nhân hóa",1105,2,6.18,0.0
147921,Khách lâu chưa quay lại,0.0463,model,"Kéo lại bằng phim mới, voucher quay lại, thông báo cá nhân hóa",323,2,18.97,0.0
188939,Khách thường xuyên,0.0463,model,"Duy trì, không cần giảm giá sâu",76,2,12.19,0.0
133278,Khách lâu chưa quay lại,0.0463,model,"Kéo lại bằng phim mới, voucher quay lại, thông báo cá nhân hóa",353,3,13.82,0.0
142000,Khách lâu chưa quay lại,0.0463,model,"Kéo lại bằng phim mới, voucher quay lại, thông báo cá nhân hóa",769,7,105.04,0.4286
206482,Khách lâu chưa quay lại,0.0463,model,"Kéo lại bằng phim mới, voucher quay lại, thông báo cá nhân hóa",343,2,3.3,1.0
126272,Khách lâu chưa quay lại,0.0463,model,"Kéo lại bằng phim mới, voucher quay lại, thông báo cá nhân hóa",358,2,10.88,0.0
107397,Khách lâu chưa quay lại,0.0463,model,"Kéo lại bằng phim mới, voucher quay lại, thông báo cá nhân hóa",322,2,15.46,0.0
156282,Khách lâu chưa quay lại,0.0463,model,"Kéo lại bằng phim mới, voucher quay lại, thông báo cá nhân hóa",360,1,24.74,0.0
188872,Khách lâu chưa quay lại,0.0463,model,"Kéo lại bằng phim mới, voucher quay lại, thông báo cá nhân hóa",360,1,24.74,0.0
131272,Khách lâu chưa quay lại,0.0463,model,"Kéo lại bằng phim mới, voucher quay lại, thông báo cá nhân hóa",1094,1,17.53,0.0
114470,Khách lâu chưa quay lại,0.0462,model,"Kéo lại bằng phim mới, voucher quay lại, thông báo cá nhân hóa",358,1,6.35,0.0
175333,Khách lâu chưa quay lại,0.0462,model,"Kéo lại bằng phim mới, voucher quay lại, thông báo cá nhân hóa",358,1,6.35,0.0
114515,Khách lâu chưa quay lại,0.0462,model,"Kéo lại bằng phim mới, voucher quay lại, thông báo cá nhân hóa",323,1,9.77,1.0
129232,Khách lâu chưa quay lại,0.0462,model,"Kéo lại bằng phim mới, voucher quay lại, thông báo cá nhân hóa",343,1,9.77,1.0
217155,Khách lâu chưa quay lại,0.0462,model,"Kéo lại bằng phim mới, voucher quay lại, thông báo cá nhân hóa",339,1,9.77,1.0
157106,Khách lâu chưa quay lại,0.0462,model,"Kéo lại bằng phim mới, voucher quay lại, thông báo cá nhân hóa",332,1,9.77,1.0
174583,Khách lâu chưa quay lại,0.0462,model,"Kéo lại bằng phim mới, voucher quay lại, thông báo cá nhân hóa",340,1,9.77,1.0
137805,Khách lâu chưa quay lại,0.0462,model,"Kéo lại bằng phim mới, voucher quay lại, thông báo cá nhân hóa",1125,1,18.97,0.0
150539,Khách lâu chưa quay lại,0.0462,model,"Kéo lại bằng phim mới, voucher quay lại, thông báo cá nhân hóa",1120,1,18.97,0.0
125433,Khách lâu chưa quay lại,0.0462,model,"Kéo lại bằng phim mới, voucher quay lại, thông báo cá nhân hóa",1121,1,18.97,0.0
109334,Khách lâu chưa quay lại,0.0462,model,"Kéo lại bằng phim mới, voucher quay lại, thông báo cá nhân hóa",340,2,13.03,1.0
216126,Khách mua một lần (mới),0.0461,model,Tặng coupon cho lần mua thứ hai trong vòng 7–14 ngày,15,1,5.69,1.0
179420,Khách mua một lần (mới),0.0461,model,Tặng coupon cho lần mua thứ hai trong vòng 7–14 ngày,27,1,9.89,1.0
102826,Khách lâu chưa quay lại,0.0461,model,"Kéo lại bằng phim mới, voucher quay lại, thông báo cá nhân hóa",859,2,19.09,0.5
136027,Khách lâu chưa quay lại,0.0461,model,"Kéo lại bằng phim mới, voucher quay lại, thông báo cá nhân hóa",805,4,42.07,0.0
149284,Khách lâu chưa quay lại,0.0461,model,"Kéo lại bằng phim mới, voucher quay lại, thông báo cá nhân hóa",861,5,41.49,0.2
135825,Khách lâu chưa quay lại,0.0461,model,"Kéo lại bằng phim mới, voucher quay lại, thông báo cá nhân hóa",323,2,18.89,0.5
125845,Khách lâu chưa quay lại,0.046,model,"Kéo lại bằng phim mới, voucher quay lại, thông báo cá nhân hóa",920,4,40.01,0.0
169253,Khách lâu chưa quay lại,0.046,model,"Kéo lại bằng phim mới, voucher quay lại, thông báo cá nhân hóa",344,2,19.17,1.0
178111,Khách giá trị cao,0.046,model,"Membership, ưu đãi đặc quyền, đặt vé sớm phim hot",28,3,24.24,0.6667
219991,Khách nhạy khuyến mãi,0.046,model,"Chuyển từ giảm giá trực tiếp sang tích điểm, voucher cá nhân hóa",85,1,6.52,1.0
130507,Khách lâu chưa quay lại,0.046,model,"Kéo lại bằng phim mới, voucher quay lại, thông báo cá nhân hóa",491,3,20.46,0.6667
135244,Khách lâu chưa quay lại,0.046,model,"Kéo lại bằng phim mới, voucher quay lại, thông báo cá nhân hóa",100,1,3.26,1.0
146957,Khách lâu chưa quay lại,0.046,model,"Kéo lại bằng phim mới, voucher quay lại, thông báo cá nhân hóa",440,2,19.1,0.0
110415,Khách lâu chưa quay lại,0.046,model,"Kéo lại bằng phim mới, voucher quay lại, thông báo cá nhân hóa",344,3,12.32,0.3333
129314,Khách lâu chưa quay lại,0.046,model,"Kéo lại bằng phim mới, voucher quay lại, thông báo cá nhân hóa",334,2,16.7,0.0
143655,Khách lâu chưa quay lại,0.0459,model,"Kéo lại bằng phim mới, voucher quay lại, thông báo cá nhân hóa",1071,1,15.26,0.0
108042,Khách lâu chưa quay lại,0.0459,model,"Kéo lại bằng phim mới, voucher quay lại, thông báo cá nhân hóa",359,2,22.06,1.0
208910,Khách nhạy khuyến mãi,0.0459,model,"Chuyển từ giảm giá trực tiếp sang tích điểm, voucher cá nhân hóa",31,1,4.79,1.0
171046,Khách lâu chưa quay lại,0.0459,model,"Kéo lại bằng phim mới, voucher quay lại, thông báo cá nhân hóa",366,2,10.69,0.5
115984,Khách lâu chưa quay lại,0.0459,model,"Kéo lại bằng phim mới, voucher quay lại, thông báo cá nhân hóa",1071,1,25.16,0.0
138909,Khách lâu chưa quay lại,0.0459,model,"Kéo lại bằng phim mới, voucher quay lại, thông báo cá nhân hóa",352,2,13.02,1.0
123048,Khách lâu chưa quay lại,0.0459,model,"Kéo lại bằng phim mới, voucher quay lại, thông báo cá nhân hóa",913,3,22.09,1.0
116674,Khách lâu chưa quay lại,0.0459,model,"Kéo lại bằng phim mới, voucher quay lại, thông báo cá nhân hóa",353,3,22.54,0.6667
153746,Khách lâu chưa quay lại,0.0459,model,"Kéo lại bằng phim mới, voucher quay lại, thông báo cá nhân hóa",1106,1,11.96,0.0
139049,Khách lâu chưa quay lại,0.0459,model,"Kéo lại bằng phim mới, voucher quay lại, thông báo cá nhân hóa",1155,1,11.96,0.0
103032,Khách lâu chưa quay lại,0.0459,model,"Kéo lại bằng phim mới, voucher quay lại, thông báo cá nhân hóa",1071,1,11.96,0.0
135713,Khách lâu chưa quay lại,0.0459,model,"Kéo lại bằng phim mới, voucher quay lại, thông báo cá nhân hóa",1160,1,11.96,0.0
127285,Khách lâu chưa quay lại,0.0459,model,"Kéo lại bằng phim mới, voucher quay lại, thông báo cá nhân hóa",1142,1,11.96,0.0
115913,Khách lâu chưa quay lại,0.0459,model,"Kéo lại bằng phim mới, voucher quay lại, thông báo cá nhân hóa",659,2,5.57,0.0
166326,Khách lâu chưa quay lại,0.0458,model,"Kéo lại bằng phim mới, voucher quay lại, thông báo cá nhân hóa",356,5,40.99,0.0
185884,Khách mua một lần (mới),0.0458,model,Tặng coupon cho lần mua thứ hai trong vòng 7–14 ngày,19,1,8.62,1.0
194780,Khách mua một lần (mới),0.0458,model,Tặng coupon cho lần mua thứ hai trong vòng 7–14 ngày,27,1,8.62,1.0
158877,Khách lâu chưa quay lại,0.0458,model,"Kéo lại bằng phim mới, voucher quay lại, thông báo cá nhân hóa",324,2,9.77,1.0
127951,Khách lâu chưa quay lại,0.0458,model,"Kéo lại bằng phim mới, voucher quay lại, thông báo cá nhân hóa",1044,3,22.68,0.0
135893,Khách lâu chưa quay lại,0.0458,model,"Kéo lại bằng phim mới, voucher quay lại, thông báo cá nhân hóa",324,4,16.13,0.75
141573,Khách lâu chưa quay lại,0.0458,model,"Kéo lại bằng phim mới, voucher quay lại, thông báo cá nhân hóa",355,4,49.45,0.0
146725,Khách lâu chưa quay lại,0.0457,model,"Kéo lại bằng phim mới, voucher quay lại, thông báo cá nhân hóa",421,3,20.37,1.0
202217,Khách nhạy khuyến mãi,0.0457,model,"Chuyển từ giảm giá trực tiếp sang tích điểm, voucher cá nhân hóa",32,1,3.71,1.0
113093,Khách lâu chưa quay lại,0.0457,model,"Kéo lại bằng phim mới, voucher quay lại, thông báo cá nhân hóa",444,2,20.99,0.0
107260,Khách lâu chưa quay lại,0.0457,model,"Kéo lại bằng phim mới, voucher quay lại, thông báo cá nhân hóa",323,4,39.92,0.75
142179,Khách lâu chưa quay lại,0.0457,model,"Kéo lại bằng phim mới, voucher quay lại, thông báo cá nhân hóa",322,2,13.04,1.0
109565,Khách nhạy khuyến mãi,0.0457,model,"Chuyển từ giảm giá trực tiếp sang tích điểm, voucher cá nhân hóa",26,2,12.2,1.0
161865,Khách giá trị cao,0.0456,model,"Membership, ưu đãi đặc quyền, đặt vé sớm phim hot",17,4,34.6,0.0
109128,Khách lâu chưa quay lại,0.0456,model,"Kéo lại bằng phim mới, voucher quay lại, thông báo cá nhân hóa",512,3,28.0,0.0
164917,Khách giá trị cao,0.0456,model,"Membership, ưu đãi đặc quyền, đặt vé sớm phim hot",84,3,23.11,0.6667
180574,Khách nhạy khuyến mãi,0.0455,model,"Chuyển từ giảm giá trực tiếp sang tích điểm, voucher cá nhân hóa",10,2,14.76,0.5
141381,Khách lâu chưa quay lại,0.0455,model,"Kéo lại bằng phim mới, voucher quay lại, thông báo cá nhân hóa",326,2,13.15,0.0
179728,Khách lâu chưa quay lại,0.0455,model,"Kéo lại bằng phim mới, voucher quay lại, thông báo cá nhân hóa",449,2,5.36,1.0
125792,Khách lâu chưa quay lại,0.0455,model,"Kéo lại bằng phim mới, voucher quay lại, thông báo cá nhân hóa",890,2,19.29,0.5
125102,Khách lâu chưa quay lại,0.0454,model,"Kéo lại bằng phim mới, voucher quay lại, thông báo cá nhân hóa",314,3,29.19,0.3333
212862,Khách lâu chưa quay lại,0.0454,model,"Kéo lại bằng phim mới, voucher quay lại, thông báo cá nhân hóa",323,2,11.51,1.0
115607,Khách lâu chưa quay lại,0.0454,model,"Kéo lại bằng phim mới, voucher quay lại, thông báo cá nhân hóa",357,2,10.68,0.5
113102,Khách lâu chưa quay lại,0.0454,model,"Kéo lại bằng phim mới, voucher quay lại, thông báo cá nhân hóa",443,2,16.29,1.0
131291,Khách nhạy khuyến mãi,0.0454,model,"Chuyển từ giảm giá trực tiếp sang tích điểm, voucher cá nhân hóa",79,1,6.52,1.0
214606,Khách nhạy khuyến mãi,0.0454,model,"Chuyển từ giảm giá trực tiếp sang tích điểm, voucher cá nhân hóa",51,1,6.52,1.0
134368,Khách nhạy khuyến mãi,0.0454,model,"Chuyển từ giảm giá trực tiếp sang tích điểm, voucher cá nhân hóa",75,1,6.52,1.0
195430,Khách nhạy khuyến mãi,0.0454,model,"Chuyển từ giảm giá trực tiếp sang tích điểm, voucher cá nhân hóa",79,1,6.52,1.0
127179,Khách nhạy khuyến mãi,0.0454,model,"Chuyển từ giảm giá trực tiếp sang tích điểm, voucher cá nhân hóa",63,1,6.52,1.0
127201,Khách nhạy khuyến mãi,0.0454,model,"Chuyển từ giảm giá trực tiếp sang tích điểm, voucher cá nhân hóa",51,1,6.52,1.0
134094,Khách lâu chưa quay lại,0.0454,model,"Kéo lại bằng phim mới, voucher quay lại, thông báo cá nhân hóa",94,1,6.52,1.0
136647,Khách nhạy khuyến mãi,0.0454,model,"Chuyển từ giảm giá trực tiếp sang tích điểm, voucher cá nhân hóa",74,1,6.52,1.0
149085,Khách lâu chưa quay lại,0.0454,model,"Kéo lại bằng phim mới, voucher quay lại, thông báo cá nhân hóa",861,1,9.78,1.0
127824,Khách lâu chưa quay lại,0.0454,model,"Kéo lại bằng phim mới, voucher quay lại, thông báo cá nhân hóa",317,2,32.05,1.0
203049,Khách lâu chưa quay lại,0.0453,model,"Kéo lại bằng phim mới, voucher quay lại, thông báo cá nhân hóa",317,3,17.31,0.0
124234,Khách lâu chưa quay lại,0.0453,model,"Kéo lại bằng phim mới, voucher quay lại, thông báo cá nhân hóa",1116,1,12.78,0.0
115866,Khách lâu chưa quay lại,0.0453,model,"Kéo lại bằng phim mới, voucher quay lại, thông báo cá nhân hóa",1128,1,12.78,0.0
130848,Khách lâu chưa quay lại,0.0453,model,"Kéo lại bằng phim mới, voucher quay lại, thông báo cá nhân hóa",828,2,28.05,0.0
191463,Khách giá trị cao,0.0453,model,"Membership, ưu đãi đặc quyền, đặt vé sớm phim hot",24,3,14.86,0.0
139686,Khách lâu chưa quay lại,0.0452,model,"Kéo lại bằng phim mới, voucher quay lại, thông báo cá nhân hóa",339,3,31.88,0.6667
172769,Khách lâu chưa quay lại,0.0452,model,"Kéo lại bằng phim mới, voucher quay lại, thông báo cá nhân hóa",362,4,23.46,0.25
100091,Khách lâu chưa quay lại,0.0452,model,"Kéo lại bằng phim mới, voucher quay lại, thông báo cá nhân hóa",437,2,10.22,0.5
128473,Khách lâu chưa quay lại,0.0452,model,"Kéo lại bằng phim mới, voucher quay lại, thông báo cá nhân hóa",911,4,26.95,0.75
184402,Khách mua một lần (mới),0.0452,model,Tặng coupon cho lần mua thứ hai trong vòng 7–14 ngày,3,1,11.83,1.0
121045,Khách lâu chưa quay lại,0.0452,model,"Kéo lại bằng phim mới, voucher quay lại, thông báo cá nhân hóa",360,2,15.97,0.5
134340,Khách lâu chưa quay lại,0.0451,model,"Kéo lại bằng phim mới, voucher quay lại, thông báo cá nhân hóa",446,1,17.36,1.0
136297,Khách lâu chưa quay lại,0.0451,model,"Kéo lại bằng phim mới, voucher quay lại, thông báo cá nhân hóa",323,3,19.55,1.0
139975,Khách lâu chưa quay lại,0.0451,model,"Kéo lại bằng phim mới, voucher quay lại, thông báo cá nhân hóa",903,2,16.29,0.0
109700,Khách lâu chưa quay lại,0.0451,model,"Kéo lại bằng phim mới, voucher quay lại, thông báo cá nhân hóa",351,2,13.02,1.0
124130,Khách lâu chưa quay lại,0.0451,model,"Kéo lại bằng phim mới, voucher quay lại, thông báo cá nhân hóa",869,5,46.98,1.0
100103,Khách lâu chưa quay lại,0.045,model,"Kéo lại bằng phim mới, voucher quay lại, thông báo cá nhân hóa",1109,2,14.02,0.0
121260,Khách lâu chưa quay lại,0.045,model,"Kéo lại bằng phim mới, voucher quay lại, thông báo cá nhân hóa",462,3,25.7,0.3333
120570,Khách lâu chưa quay lại,0.045,model,"Kéo lại bằng phim mới, voucher quay lại, thông báo cá nhân hóa",330,4,47.31,0.25
158925,Khách lâu chưa quay lại,0.045,model,"Kéo lại bằng phim mới, voucher quay lại, thông báo cá nhân hóa",338,1,6.52,1.0
100433,Khách lâu chưa quay lại,0.045,model,"Kéo lại bằng phim mới, voucher quay lại, thông báo cá nhân hóa",484,4,24.32,0.75
191331,Khách thường xuyên,0.045,model,"Duy trì, không cần giảm giá sâu",89,1,6.93,0.0
189737,Khách thường xuyên,0.045,model,"Duy trì, không cần giảm giá sâu",90,1,6.92,0.0
137431,Khách lâu chưa quay lại,0.045,model,"Kéo lại bằng phim mới, voucher quay lại, thông báo cá nhân hóa",970,1,3.71,0.0
138607,Khách lâu chưa quay lại,0.045,model,"Kéo lại bằng phim mới, voucher quay lại, thông báo cá nhân hóa",970,1,3.71,0.0
153402,Khách lâu chưa quay lại,0.045,model,"Kéo lại bằng phim mới, voucher quay lại, thông báo cá nhân hóa",972,1,3.71,0.0
124409,Khách giá trị cao,0.045,model,"Membership, ưu đãi đặc quyền, đặt vé sớm phim hot",16,6,77.82,0.1667
159990,Khách lâu chưa quay lại,0.045,model,"Kéo lại bằng phim mới, voucher quay lại, thông báo cá nhân hóa",320,2,24.21,0.5
158005,Khách lâu chưa quay lại,0.045,model,"Kéo lại bằng phim mới, voucher quay lại, thông báo cá nhân hóa",353,1,11.01,1.0
167200,Khách lâu chưa quay lại,0.045,model,"Kéo lại bằng phim mới, voucher quay lại, thông báo cá nhân hóa",358,1,11.01,1.0
200628,Khách lâu chưa quay lại,0.045,model,"Kéo lại bằng phim mới, voucher quay lại, thông báo cá nhân hóa",358,1,11.01,1.0
111567,Khách lâu chưa quay lại,0.0449,model,"Kéo lại bằng phim mới, voucher quay lại, thông báo cá nhân hóa",351,1,32.09,0.0
176577,Khách mua một lần (mới),0.0449,model,Tặng coupon cho lần mua thứ hai trong vòng 7–14 ngày,3,1,6.27,1.0
135167,Khách mua một lần (mới),0.0449,model,Tặng coupon cho lần mua thứ hai trong vòng 7–14 ngày,10,1,6.27,1.0
141078,Khách mua một lần (mới),0.0449,model,Tặng coupon cho lần mua thứ hai trong vòng 7–14 ngày,11,1,6.27,1.0
140767,Khách mua một lần (mới),0.0449,model,Tặng coupon cho lần mua thứ hai trong vòng 7–14 ngày,19,1,6.27,1.0
185600,Khách mua một lần (mới),0.0449,model,Tặng coupon cho lần mua thứ hai trong vòng 7–14 ngày,17,1,6.27,1.0
104990,Khách lâu chưa quay lại,0.0449,model,"Kéo lại bằng phim mới, voucher quay lại, thông báo cá nhân hóa",914,3,29.6,0.3333
154573,Khách lâu chưa quay lại,0.0449,model,"Kéo lại bằng phim mới, voucher quay lại, thông báo cá nhân hóa",341,2,5.78,0.0
114996,Khách lâu chưa quay lại,0.0448,model,"Kéo lại bằng phim mới, voucher quay lại, thông báo cá nhân hóa",989,3,19.16,1.0
115693,Khách lâu chưa quay lại,0.0448,model,"Kéo lại bằng phim mới, voucher quay lại, thông báo cá nhân hóa",916,2,14.02,0.0
123104,Khách lâu chưa quay lại,0.0448,model,"Kéo lại bằng phim mới, voucher quay lại, thông báo cá nhân hóa",346,2,9.77,1.0
100314,Khách lâu chưa quay lại,0.0448,model,"Kéo lại bằng phim mới, voucher quay lại, thông báo cá nhân hóa",324,2,12.7,0.5
129719,Khách lâu chưa quay lại,0.0447,model,"Kéo lại bằng phim mới, voucher quay lại, thông báo cá nhân hóa",323,1,17.12,1.0
181516,Khách lâu chưa quay lại,0.0447,model,"Kéo lại bằng phim mới, voucher quay lại, thông báo cá nhân hóa",318,1,17.12,1.0
173523,Khách lâu chưa quay lại,0.0447,model,"Kéo lại bằng phim mới, voucher quay lại, thông báo cá nhân hóa",359,3,27.06,0.3333
190314,Khách lâu chưa quay lại,0.0447,model,"Kéo lại bằng phim mới, voucher quay lại, thông báo cá nhân hóa",343,3,32.92,0.0
121724,Khách lâu chưa quay lại,0.0446,model,"Kéo lại bằng phim mới, voucher quay lại, thông báo cá nhân hóa",929,1,11.96,0.0
103435,Khách lâu chưa quay lại,0.0446,model,"Kéo lại bằng phim mới, voucher quay lại, thông báo cá nhân hóa",414,2,16.3,1.0
136137,Khách giá trị cao,0.0446,model,"Membership, ưu đãi đặc quyền, đặt vé sớm phim hot",23,3,38.55,0.3333
164797,Khách lâu chưa quay lại,0.0446,model,"Kéo lại bằng phim mới, voucher quay lại, thông báo cá nhân hóa",361,4,16.7,0.25
134553,Khách lâu chưa quay lại,0.0446,model,"Kéo lại bằng phim mới, voucher quay lại, thông báo cá nhân hóa",323,3,22.8,1.0
137800,Khách lâu chưa quay lại,0.0446,model,"Kéo lại bằng phim mới, voucher quay lại, thông báo cá nhân hóa",314,2,18.56,0.0
119526,Khách lâu chưa quay lại,0.0445,model,"Kéo lại bằng phim mới, voucher quay lại, thông báo cá nhân hóa",363,3,33.07,0.3333
148357,Khách lâu chưa quay lại,0.0445,model,"Kéo lại bằng phim mới, voucher quay lại, thông báo cá nhân hóa",735,2,5.28,0.5
112602,Khách lâu chưa quay lại,0.0445,model,"Kéo lại bằng phim mới, voucher quay lại, thông báo cá nhân hóa",445,1,9.77,0.0
172276,Khách lâu chưa quay lại,0.0445,model,"Kéo lại bằng phim mới, voucher quay lại, thông báo cá nhân hóa",359,1,9.77,1.0
172197,Khách lâu chưa quay lại,0.0445,model,"Kéo lại bằng phim mới, voucher quay lại, thông báo cá nhân hóa",358,1,9.77,1.0
156594,Khách lâu chưa quay lại,0.0445,model,"Kéo lại bằng phim mới, voucher quay lại, thông báo cá nhân hóa",357,1,9.77,1.0
165217,Khách lâu chưa quay lại,0.0445,model,"Kéo lại bằng phim mới, voucher quay lại, thông báo cá nhân hóa",359,1,9.77,1.0
145751,Khách lâu chưa quay lại,0.0445,model,"Kéo lại bằng phim mới, voucher quay lại, thông báo cá nhân hóa",360,1,9.77,1.0
157391,Khách lâu chưa quay lại,0.0445,model,"Kéo lại bằng phim mới, voucher quay lại, thông báo cá nhân hóa",890,2,13.03,1.0
122931,Khách lâu chưa quay lại,0.0445,model,"Kéo lại bằng phim mới, voucher quay lại, thông báo cá nhân hóa",323,4,18.48,0.5
108694,Khách lâu chưa quay lại,0.0444,model,"Kéo lại bằng phim mới, voucher quay lại, thông báo cá nhân hóa",975,3,24.66,0.0
202842,Khách lâu chưa quay lại,0.0444,model,"Kéo lại bằng phim mới, voucher quay lại, thông báo cá nhân hóa",365,2,23.1,0.0
136329,Khách lâu chưa quay lại,0.0444,model,"Kéo lại bằng phim mới, voucher quay lại, thông báo cá nhân hóa",316,3,21.29,0.6667
109307,Khách lâu chưa quay lại,0.0443,model,"Kéo lại bằng phim mới, voucher quay lại, thông báo cá nhân hóa",1117,1,13.61,0.0
110421,Khách lâu chưa quay lại,0.0443,model,"Kéo lại bằng phim mới, voucher quay lại, thông báo cá nhân hóa",1100,1,13.61,0.0
129148,Khách lâu chưa quay lại,0.0443,model,"Kéo lại bằng phim mới, voucher quay lại, thông báo cá nhân hóa",1078,1,13.61,0.0
134451,Khách lâu chưa quay lại,0.0443,model,"Kéo lại bằng phim mới, voucher quay lại, thông báo cá nhân hóa",1156,1,13.61,0.0
137654,Khách lâu chưa quay lại,0.0443,model,"Kéo lại bằng phim mới, voucher quay lại, thông báo cá nhân hóa",1098,1,13.61,0.0
112963,Khách lâu chưa quay lại,0.0443,model,"Kéo lại bằng phim mới, voucher quay lại, thông báo cá nhân hóa",1093,1,13.61,0.0
101098,Khách lâu chưa quay lại,0.0443,model,"Kéo lại bằng phim mới, voucher quay lại, thông báo cá nhân hóa",1120,1,13.61,0.0
101054,Khách lâu chưa quay lại,0.0443,model,"Kéo lại bằng phim mới, voucher quay lại, thông báo cá nhân hóa",1125,1,13.61,0.0
114387,Khách lâu chưa quay lại,0.0443,model,"Kéo lại bằng phim mới, voucher quay lại, thông báo cá nhân hóa",1101,1,13.61,0.0
141281,Khách lâu chưa quay lại,0.0443,model,"Kéo lại bằng phim mới, voucher quay lại, thông báo cá nhân hóa",1113,1,13.61,0.0
123792,Khách lâu chưa quay lại,0.0443,model,"Kéo lại bằng phim mới, voucher quay lại, thông báo cá nhân hóa",1120,1,13.61,0.0
155379,Khách lâu chưa quay lại,0.0443,model,"Kéo lại bằng phim mới, voucher quay lại, thông báo cá nhân hóa",1093,1,13.61,0.0
103395,Khách lâu chưa quay lại,0.0443,model,"Kéo lại bằng phim mới, voucher quay lại, thông báo cá nhân hóa",1119,1,13.61,0.0
142021,Khách lâu chưa quay lại,0.0443,model,"Kéo lại bằng phim mới, voucher quay lại, thông báo cá nhân hóa",1086,1,13.61,0.0
126182,Khách lâu chưa quay lại,0.0443,model,"Kéo lại bằng phim mới, voucher quay lại, thông báo cá nhân hóa",1114,1,13.61,0.0
113805,Khách lâu chưa quay lại,0.0443,model,"Kéo lại bằng phim mới, voucher quay lại, thông báo cá nhân hóa",1087,1,13.61,0.0
101033,Khách lâu chưa quay lại,0.0443,model,"Kéo lại bằng phim mới, voucher quay lại, thông báo cá nhân hóa",1108,1,13.61,0.0
139603,Khách lâu chưa quay lại,0.0443,model,"Kéo lại bằng phim mới, voucher quay lại, thông báo cá nhân hóa",1080,1,13.61,0.0
144445,Khách lâu chưa quay lại,0.0443,model,"Kéo lại bằng phim mới, voucher quay lại, thông báo cá nhân hóa",1108,1,13.61,0.0
106304,Khách lâu chưa quay lại,0.0443,model,"Kéo lại bằng phim mới, voucher quay lại, thông báo cá nhân hóa",1160,1,13.61,0.0
136561,Khách lâu chưa quay lại,0.0443,model,"Kéo lại bằng phim mới, voucher quay lại, thông báo cá nhân hóa",955,1,9.77,1.0
133933,Khách lâu chưa quay lại,0.0443,model,"Kéo lại bằng phim mới, voucher quay lại, thông báo cá nhân hóa",360,2,14.02,0.0
141035,Khách lâu chưa quay lại,0.0443,model,"Kéo lại bằng phim mới, voucher quay lại, thông báo cá nhân hóa",526,8,55.47,0.125
106338,Khách lâu chưa quay lại,0.0443,model,"Kéo lại bằng phim mới, voucher quay lại, thông báo cá nhân hóa",442,2,12.66,1.0
179852,Khách lâu chưa quay lại,0.0442,model,"Kéo lại bằng phim mới, voucher quay lại, thông báo cá nhân hóa",337,1,11.01,1.0
114450,Khách lâu chưa quay lại,0.0442,model,"Kéo lại bằng phim mới, voucher quay lại, thông báo cá nhân hóa",346,2,19.63,0.5
121957,Khách lâu chưa quay lại,0.0442,model,"Kéo lại bằng phim mới, voucher quay lại, thông báo cá nhân hóa",849,3,18.88,0.3333
127354,Khách lâu chưa quay lại,0.0442,model,"Kéo lại bằng phim mới, voucher quay lại, thông báo cá nhân hóa",883,4,21.43,0.0
209486,Khách lâu chưa quay lại,0.0442,model,"Kéo lại bằng phim mới, voucher quay lại, thông báo cá nhân hóa",400,2,13.04,1.0
122214,Khách lâu chưa quay lại,0.0442,model,"Kéo lại bằng phim mới, voucher quay lại, thông báo cá nhân hóa",492,4,29.61,0.25
201637,Khách nhạy khuyến mãi,0.0442,model,"Chuyển từ giảm giá trực tiếp sang tích điểm, voucher cá nhân hóa",20,2,6.34,1.0
136599,Khách giá trị cao,0.0441,model,"Membership, ưu đãi đặc quyền, đặt vé sớm phim hot",23,3,26.68,0.3333
117726,Khách lâu chưa quay lại,0.0441,model,"Kéo lại bằng phim mới, voucher quay lại, thông báo cá nhân hóa",356,3,23.39,0.0
100207,Khách lâu chưa quay lại,0.0441,model,"Kéo lại bằng phim mới, voucher quay lại, thông báo cá nhân hóa",360,2,27.63,0.0
123931,Khách lâu chưa quay lại,0.0441,model,"Kéo lại bằng phim mới, voucher quay lại, thông báo cá nhân hóa",431,6,49.73,0.5
163493,Khách lâu chưa quay lại,0.0441,model,"Kéo lại bằng phim mới, voucher quay lại, thông báo cá nhân hóa",801,3,20.03,0.6667
102194,Khách giá trị cao,0.0441,model,"Membership, ưu đãi đặc quyền, đặt vé sớm phim hot",62,3,25.4,0.6667
120691,Khách lâu chưa quay lại,0.0441,model,"Kéo lại bằng phim mới, voucher quay lại, thông báo cá nhân hóa",354,2,17.86,0.5
194739,Khách lâu chưa quay lại,0.044,model,"Kéo lại bằng phim mới, voucher quay lại, thông báo cá nhân hóa",338,1,13.03,1.0
113053,Khách lâu chưa quay lại,0.044,model,"Kéo lại bằng phim mới, voucher quay lại, thông báo cá nhân hóa",445,2,11.3,0.0
116015,Khách nhạy khuyến mãi,0.044,model,"Chuyển từ giảm giá trực tiếp sang tích điểm, voucher cá nhân hóa",81,2,13.48,0.5
134831,Khách lâu chưa quay lại,0.044,model,"Kéo lại bằng phim mới, voucher quay lại, thông báo cá nhân hóa",365,2,23.05,0.0
124190,Khách lâu chưa quay lại,0.044,model,"Kéo lại bằng phim mới, voucher quay lại, thông báo cá nhân hóa",1119,2,5.08,0.5
189658,Khách mua một lần (mới),0.044,model,Tặng coupon cho lần mua thứ hai trong vòng 7–14 ngày,18,1,2.27,0.0
101104,Khách lâu chưa quay lại,0.044,model,"Kéo lại bằng phim mới, voucher quay lại, thông báo cá nhân hóa",931,4,16.37,0.5
144250,Khách lâu chưa quay lại,0.0439,model,"Kéo lại bằng phim mới, voucher quay lại, thông báo cá nhân hóa",1109,1,10.31,0.0
150029,Khách lâu chưa quay lại,0.0439,model,"Kéo lại bằng phim mới, voucher quay lại, thông báo cá nhân hóa",1083,1,10.31,0.0
124619,Khách lâu chưa quay lại,0.0439,model,"Kéo lại bằng phim mới, voucher quay lại, thông báo cá nhân hóa",1092,1,10.31,0.0
100585,Khách lâu chưa quay lại,0.0439,model,"Kéo lại bằng phim mới, voucher quay lại, thông báo cá nhân hóa",1116,1,10.31,0.0
125765,Khách lâu chưa quay lại,0.0439,model,"Kéo lại bằng phim mới, voucher quay lại, thông báo cá nhân hóa",1113,1,10.31,0.0
140859,Khách lâu chưa quay lại,0.0439,model,"Kéo lại bằng phim mới, voucher quay lại, thông báo cá nhân hóa",1079,1,10.31,0.0
100514,Khách lâu chưa quay lại,0.0439,model,"Kéo lại bằng phim mới, voucher quay lại, thông báo cá nhân hóa",1108,1,10.31,0.0
142850,Khách lâu chưa quay lại,0.0439,model,"Kéo lại bằng phim mới, voucher quay lại, thông báo cá nhân hóa",1119,1,10.31,0.0
104196,Khách lâu chưa quay lại,0.0439,model,"Kéo lại bằng phim mới, voucher quay lại, thông báo cá nhân hóa",1044,3,20.63,0.0
139216,Khách nhạy khuyến mãi,0.0439,model,"Chuyển từ giảm giá trực tiếp sang tích điểm, voucher cá nhân hóa",16,2,11.88,0.5
176105,Khách lâu chưa quay lại,0.0439,model,"Kéo lại bằng phim mới, voucher quay lại, thông báo cá nhân hóa",462,2,13.03,1.0
114031,Khách lâu chưa quay lại,0.0438,model,"Kéo lại bằng phim mới, voucher quay lại, thông báo cá nhân hóa",945,3,18.81,0.6667
145789,Khách giá trị cao,0.0438,model,"Membership, ưu đãi đặc quyền, đặt vé sớm phim hot",17,3,23.1,0.3333
134846,Khách lâu chưa quay lại,0.0438,model,"Kéo lại bằng phim mới, voucher quay lại, thông báo cá nhân hóa",442,2,19.5,0.5
123339,Khách lâu chưa quay lại,0.0438,model,"Kéo lại bằng phim mới, voucher quay lại, thông báo cá nhân hóa",346,4,36.7,0.0
187212,Khách nhạy khuyến mãi,0.0438,model,"Chuyển từ giảm giá trực tiếp sang tích điểm, voucher cá nhân hóa",78,2,6.52,1.0
106460,Khách lâu chưa quay lại,0.0438,model,"Kéo lại bằng phim mới, voucher quay lại, thông báo cá nhân hóa",356,6,55.27,0.1667
140843,Khách lâu chưa quay lại,0.0438,model,"Kéo lại bằng phim mới, voucher quay lại, thông báo cá nhân hóa",1158,1,2.47,0.0
109829,Khách lâu chưa quay lại,0.0438,model,"Kéo lại bằng phim mới, voucher quay lại, thông báo cá nhân hóa",1112,1,2.47,0.0
131242,Khách lâu chưa quay lại,0.0438,model,"Kéo lại bằng phim mới, voucher quay lại, thông báo cá nhân hóa",1116,1,2.47,0.0
103406,Khách lâu chưa quay lại,0.0438,model,"Kéo lại bằng phim mới, voucher quay lại, thông báo cá nhân hóa",1142,1,2.56,0.0
143719,Khách lâu chưa quay lại,0.0438,model,"Kéo lại bằng phim mới, voucher quay lại, thông báo cá nhân hóa",1072,1,2.47,0.0
117237,Khách lâu chưa quay lại,0.0438,model,"Kéo lại bằng phim mới, voucher quay lại, thông báo cá nhân hóa",1118,1,2.47,0.0
147923,Khách nhạy khuyến mãi,0.0438,model,"Chuyển từ giảm giá trực tiếp sang tích điểm, voucher cá nhân hóa",78,1,6.51,1.0
102445,Khách lâu chưa quay lại,0.0437,model,"Kéo lại bằng phim mới, voucher quay lại, thông báo cá nhân hóa",946,1,10.23,1.0
146856,Khách lâu chưa quay lại,0.0437,model,"Kéo lại bằng phim mới, voucher quay lại, thông báo cá nhân hóa",948,2,18.98,0.5
151517,Khách lâu chưa quay lại,0.0437,model,"Kéo lại bằng phim mới, voucher quay lại, thông báo cá nhân hóa",355,1,3.92,0.0
146172,Khách lâu chưa quay lại,0.0437,model,"Kéo lại bằng phim mới, voucher quay lại, thông báo cá nhân hóa",415,2,47.63,1.0
133589,Khách lâu chưa quay lại,0.0437,model,"Kéo lại bằng phim mới, voucher quay lại, thông báo cá nhân hóa",439,2,27.59,0.0
147862,Khách lâu chưa quay lại,0.0437,model,"Kéo lại bằng phim mới, voucher quay lại, thông báo cá nhân hóa",946,2,18.98,0.0
100647,Khách lâu chưa quay lại,0.0437,model,"Kéo lại bằng phim mới, voucher quay lại, thông báo cá nhân hóa",348,2,21.33,0.0
168622,Khách lâu chưa quay lại,0.0437,model,"Kéo lại bằng phim mới, voucher quay lại, thông báo cá nhân hóa",351,2,23.66,1.0
124513,Khách lâu chưa quay lại,0.0437,model,"Kéo lại bằng phim mới, voucher quay lại, thông báo cá nhân hóa",866,3,29.5,0.0
140312,Khách lâu chưa quay lại,0.0437,model,"Kéo lại bằng phim mới, voucher quay lại, thông báo cá nhân hóa",526,4,26.73,0.25
105515,Khách lâu chưa quay lại,0.0436,model,"Kéo lại bằng phim mới, voucher quay lại, thông báo cá nhân hóa",341,3,10.94,0.0
164959,Khách lâu chưa quay lại,0.0436,model,"Kéo lại bằng phim mới, voucher quay lại, thông báo cá nhân hóa",347,1,3.26,1.0
219447,Khách nhạy khuyến mãi,0.0436,model,"Chuyển từ giảm giá trực tiếp sang tích điểm, voucher cá nhân hóa",32,1,3.84,1.0
121275,Khách lâu chưa quay lại,0.0436,model,"Kéo lại bằng phim mới, voucher quay lại, thông báo cá nhân hóa",910,2,15.67,0.0
186013,Khách lâu chưa quay lại,0.0436,model,"Kéo lại bằng phim mới, voucher quay lại, thông báo cá nhân hóa",357,1,6.19,0.0
205872,Khách lâu chưa quay lại,0.0436,model,"Kéo lại bằng phim mới, voucher quay lại, thông báo cá nhân hóa",355,1,6.19,0.0
119527,Khách lâu chưa quay lại,0.0436,model,"Kéo lại bằng phim mới, voucher quay lại, thông báo cá nhân hóa",354,1,6.19,0.0
201152,Khách lâu chưa quay lại,0.0436,model,"Kéo lại bằng phim mới, voucher quay lại, thông báo cá nhân hóa",358,1,6.19,0.0
109508,Khách lâu chưa quay lại,0.0436,model,"Kéo lại bằng phim mới, voucher quay lại, thông báo cá nhân hóa",359,1,6.19,0.0
101802,Khách lâu chưa quay lại,0.0436,model,"Kéo lại bằng phim mới, voucher quay lại, thông báo cá nhân hóa",354,1,6.19,0.0
142737,Khách lâu chưa quay lại,0.0436,model,"Kéo lại bằng phim mới, voucher quay lại, thông báo cá nhân hóa",354,1,6.19,0.0
185404,Khách lâu chưa quay lại,0.0436,model,"Kéo lại bằng phim mới, voucher quay lại, thông báo cá nhân hóa",354,1,6.19,0.0
196015,Khách lâu chưa quay lại,0.0436,model,"Kéo lại bằng phim mới, voucher quay lại, thông báo cá nhân hóa",355,1,6.19,0.0
203300,Khách lâu chưa quay lại,0.0436,model,"Kéo lại bằng phim mới, voucher quay lại, thông báo cá nhân hóa",357,1,6.19,0.0
135279,Khách lâu chưa quay lại,0.0436,model,"Kéo lại bằng phim mới, voucher quay lại, thông báo cá nhân hóa",354,1,6.19,0.0
193270,Khách lâu chưa quay lại,0.0436,model,"Kéo lại bằng phim mới, voucher quay lại, thông báo cá nhân hóa",360,1,6.19,0.0
138494,Khách lâu chưa quay lại,0.0436,model,"Kéo lại bằng phim mới, voucher quay lại, thông báo cá nhân hóa",357,1,6.19,0.0
120152,Khách lâu chưa quay lại,0.0436,model,"Kéo lại bằng phim mới, voucher quay lại, thông báo cá nhân hóa",356,1,6.19,0.0
130716,Khách lâu chưa quay lại,0.0435,model,"Kéo lại bằng phim mới, voucher quay lại, thông báo cá nhân hóa",1022,2,10.64,1.0
134547,Khách lâu chưa quay lại,0.0435,model,"Kéo lại bằng phim mới, voucher quay lại, thông báo cá nhân hóa",344,3,19.54,1.0
114129,Khách giá trị cao,0.0435,model,"Membership, ưu đãi đặc quyền, đặt vé sớm phim hot",24,5,32.18,1.0
192751,Khách lâu chưa quay lại,0.0435,model,"Kéo lại bằng phim mới, voucher quay lại, thông báo cá nhân hóa",357,1,13.28,1.0
103780,Khách lâu chưa quay lại,0.0435,model,"Kéo lại bằng phim mới, voucher quay lại, thông báo cá nhân hóa",421,3,23.5,0.0
126441,Khách lâu chưa quay lại,0.0435,model,"Kéo lại bằng phim mới, voucher quay lại, thông báo cá nhân hóa",463,2,7.34,1.0
112381,Khách lâu chưa quay lại,0.0435,model,"Kéo lại bằng phim mới, voucher quay lại, thông báo cá nhân hóa",869,3,17.77,0.6667
136642,Khách lâu chưa quay lại,0.0434,model,"Kéo lại bằng phim mới, voucher quay lại, thông báo cá nhân hóa",939,1,9.4,1.0
115861,Khách lâu chưa quay lại,0.0434,model,"Kéo lại bằng phim mới, voucher quay lại, thông báo cá nhân hóa",1011,2,15.76,0.0
154082,Khách lâu chưa quay lại,0.0434,model,"Kéo lại bằng phim mới, voucher quay lại, thông báo cá nhân hóa",1000,1,3.71,0.0
133250,Khách lâu chưa quay lại,0.0434,model,"Kéo lại bằng phim mới, voucher quay lại, thông báo cá nhân hóa",999,1,3.71,0.0
158440,Khách lâu chưa quay lại,0.0434,model,"Kéo lại bằng phim mới, voucher quay lại, thông báo cá nhân hóa",1004,1,3.71,0.0
164105,Khách lâu chưa quay lại,0.0434,model,"Kéo lại bằng phim mới, voucher quay lại, thông báo cá nhân hóa",1000,1,3.71,0.0
105419,Khách lâu chưa quay lại,0.0434,model,"Kéo lại bằng phim mới, voucher quay lại, thông báo cá nhân hóa",814,2,15.58,0.5
134565,Khách lâu chưa quay lại,0.0434,model,"Kéo lại bằng phim mới, voucher quay lại, thông báo cá nhân hóa",323,2,9.77,0.5
163713,Khách lâu chưa quay lại,0.0434,model,"Kéo lại bằng phim mới, voucher quay lại, thông báo cá nhân hóa",751,4,25.72,0.75
130651,Khách lâu chưa quay lại,0.0434,model,"Kéo lại bằng phim mới, voucher quay lại, thông báo cá nhân hóa",356,2,19.91,0.5
188992,Khách nhạy khuyến mãi,0.0434,model,"Chuyển từ giảm giá trực tiếp sang tích điểm, voucher cá nhân hóa",78,1,9.77,1.0
121513,Khách lâu chưa quay lại,0.0434,model,"Kéo lại bằng phim mới, voucher quay lại, thông báo cá nhân hóa",877,3,33.65,0.6667
218148,Khách mua một lần (mới),0.0434,model,Tặng coupon cho lần mua thứ hai trong vòng 7–14 ngày,21,1,5.69,1.0
106475,Khách nhạy khuyến mãi,0.0434,model,"Chuyển từ giảm giá trực tiếp sang tích điểm, voucher cá nhân hóa",73,2,6.52,1.0
149861,Khách lâu chưa quay lại,0.0434,model,"Kéo lại bằng phim mới, voucher quay lại, thông báo cá nhân hóa",341,2,9.78,1.0
106022,Khách lâu chưa quay lại,0.0433,model,"Kéo lại bằng phim mới, voucher quay lại, thông báo cá nhân hóa",519,2,15.91,1.0
141104,Khách lâu chưa quay lại,0.0433,model,"Kéo lại bằng phim mới, voucher quay lại, thông báo cá nhân hóa",1024,3,28.45,0.0
123949,Khách lâu chưa quay lại,0.0433,model,"Kéo lại bằng phim mới, voucher quay lại, thông báo cá nhân hóa",358,1,3.09,0.0
193503,Khách lâu chưa quay lại,0.0433,model,"Kéo lại bằng phim mới, voucher quay lại, thông báo cá nhân hóa",356,1,3.09,0.0
189230,Khách lâu chưa quay lại,0.0433,model,"Kéo lại bằng phim mới, voucher quay lại, thông báo cá nhân hóa",354,1,3.09,0.0
188639,Khách lâu chưa quay lại,0.0433,model,"Kéo lại bằng phim mới, voucher quay lại, thông báo cá nhân hóa",354,1,3.09,0.0
100410,Khách nhạy khuyến mãi,0.0433,model,"Chuyển từ giảm giá trực tiếp sang tích điểm, voucher cá nhân hóa",60,1,6.52,1.0
134047,Khách lâu chưa quay lại,0.0433,model,"Kéo lại bằng phim mới, voucher quay lại, thông báo cá nhân hóa",1003,2,14.35,0.5
111209,Khách lâu chưa quay lại,0.0433,model,"Kéo lại bằng phim mới, voucher quay lại, thông báo cá nhân hóa",982,2,14.35,0.5
209220,Khách lâu chưa quay lại,0.0433,model,"Kéo lại bằng phim mới, voucher quay lại, thông báo cá nhân hóa",339,2,13.03,1.0
113913,Khách lâu chưa quay lại,0.0433,model,"Kéo lại bằng phim mới, voucher quay lại, thông báo cá nhân hóa",961,3,60.62,0.0
202455,Khách lâu chưa quay lại,0.0433,model,"Kéo lại bằng phim mới, voucher quay lại, thông báo cá nhân hóa",327,2,26.23,0.5
130347,Khách lâu chưa quay lại,0.0433,model,"Kéo lại bằng phim mới, voucher quay lại, thông báo cá nhân hóa",320,5,30.51,0.0
152046,Khách lâu chưa quay lại,0.0433,model,"Kéo lại bằng phim mới, voucher quay lại, thông báo cá nhân hóa",1053,3,48.25,0.0
119723,Khách lâu chưa quay lại,0.0433,model,"Kéo lại bằng phim mới, voucher quay lại, thông báo cá nhân hóa",442,3,21.69,0.3333
167813,Khách lâu chưa quay lại,0.0432,model,"Kéo lại bằng phim mới, voucher quay lại, thông báo cá nhân hóa",323,2,15.63,1.0
181891,Khách nhạy khuyến mãi,0.0432,model,"Chuyển từ giảm giá trực tiếp sang tích điểm, voucher cá nhân hóa",18,2,5.93,0.5
156123,Khách lâu chưa quay lại,0.0432,model,"Kéo lại bằng phim mới, voucher quay lại, thông báo cá nhân hóa",309,3,15.13,0.6667
106400,Khách lâu chưa quay lại,0.0432,model,"Kéo lại bằng phim mới, voucher quay lại, thông báo cá nhân hóa",438,5,49.07,0.0
152291,Khách nhạy khuyến mãi,0.0432,model,"Chuyển từ giảm giá trực tiếp sang tích điểm, voucher cá nhân hóa",50,1,3.26,1.0
170487,Khách lâu chưa quay lại,0.0432,model,"Kéo lại bằng phim mới, voucher quay lại, thông báo cá nhân hóa",917,2,13.04,1.0
158136,Khách lâu chưa quay lại,0.0432,model,"Kéo lại bằng phim mới, voucher quay lại, thông báo cá nhân hóa",351,2,13.04,1.0
106612,Khách nhạy khuyến mãi,0.0432,model,"Chuyển từ giảm giá trực tiếp sang tích điểm, voucher cá nhân hóa",78,2,19.17,1.0
114149,Khách lâu chưa quay lại,0.0431,model,"Kéo lại bằng phim mới, voucher quay lại, thông báo cá nhân hóa",492,4,28.5,0.5
114261,Khách lâu chưa quay lại,0.0431,model,"Kéo lại bằng phim mới, voucher quay lại, thông báo cá nhân hóa",871,2,15.54,1.0
144859,Khách nhạy khuyến mãi,0.0431,model,"Chuyển từ giảm giá trực tiếp sang tích điểm, voucher cá nhân hóa",56,1,5.69,1.0
196018,Khách mua một lần (mới),0.0431,model,Tặng coupon cho lần mua thứ hai trong vòng 7–14 ngày,19,1,5.69,1.0
118236,Khách mua một lần (mới),0.0431,model,Tặng coupon cho lần mua thứ hai trong vòng 7–14 ngày,23,1,5.69,1.0
169270,Khách nhạy khuyến mãi,0.0431,model,"Chuyển từ giảm giá trực tiếp sang tích điểm, voucher cá nhân hóa",50,1,5.69,1.0
167671,Khách mua một lần (mới),0.0431,model,Tặng coupon cho lần mua thứ hai trong vòng 7–14 ngày,19,1,5.69,1.0
106360,Khách nhạy khuyến mãi,0.0431,model,"Chuyển từ giảm giá trực tiếp sang tích điểm, voucher cá nhân hóa",57,1,5.69,1.0
140295,Khách mua một lần (mới),0.0431,model,Tặng coupon cho lần mua thứ hai trong vòng 7–14 ngày,21,1,5.69,1.0
134789,Khách mua một lần (mới),0.0431,model,Tặng coupon cho lần mua thứ hai trong vòng 7–14 ngày,18,1,5.69,1.0
215111,Khách mua một lần (mới),0.0431,model,Tặng coupon cho lần mua thứ hai trong vòng 7–14 ngày,20,1,5.69,1.0
128547,Khách mua một lần (mới),0.0431,model,Tặng coupon cho lần mua thứ hai trong vòng 7–14 ngày,17,1,5.69,1.0
155291,Khách mua một lần (mới),0.0431,model,Tặng coupon cho lần mua thứ hai trong vòng 7–14 ngày,8,1,5.69,1.0
164047,Khách mua một lần (mới),0.0431,model,Tặng coupon cho lần mua thứ hai trong vòng 7–14 ngày,19,1,5.69,1.0
160488,Khách mua một lần (mới),0.0431,model,Tặng coupon cho lần mua thứ hai trong vòng 7–14 ngày,22,1,5.69,1.0
118834,Khách mua một lần (mới),0.0431,model,Tặng coupon cho lần mua thứ hai trong vòng 7–14 ngày,20,1,5.69,1.0
203841,Khách mua một lần (mới),0.0431,model,Tặng coupon cho lần mua thứ hai trong vòng 7–14 ngày,30,1,5.69,1.0
203047,Khách mua một lần (mới),0.0431,model,Tặng coupon cho lần mua thứ hai trong vòng 7–14 ngày,28,1,5.69,1.0
109904,Khách mua một lần (mới),0.0431,model,Tặng coupon cho lần mua thứ hai trong vòng 7–14 ngày,8,1,5.69,1.0
186573,Khách mua một lần (mới),0.0431,model,Tặng coupon cho lần mua thứ hai trong vòng 7–14 ngày,28,1,5.69,1.0
183000,Khách mua một lần (mới),0.0431,model,Tặng coupon cho lần mua thứ hai trong vòng 7–14 ngày,20,1,5.69,1.0
145164,Khách nhạy khuyến mãi,0.0431,model,"Chuyển từ giảm giá trực tiếp sang tích điểm, voucher cá nhân hóa",54,1,5.69,1.0
218027,Khách mua một lần (mới),0.0431,model,Tặng coupon cho lần mua thứ hai trong vòng 7–14 ngày,29,1,5.69,1.0
206649,Khách mua một lần (mới),0.0431,model,Tặng coupon cho lần mua thứ hai trong vòng 7–14 ngày,19,1,5.69,1.0
196728,Khách mua một lần (mới),0.0431,model,Tặng coupon cho lần mua thứ hai trong vòng 7–14 ngày,20,1,5.69,1.0
126629,Khách nhạy khuyến mãi,0.0431,model,"Chuyển từ giảm giá trực tiếp sang tích điểm, voucher cá nhân hóa",58,1,5.69,1.0
129743,Khách mua một lần (mới),0.0431,model,Tặng coupon cho lần mua thứ hai trong vòng 7–14 ngày,19,1,5.69,1.0
139037,Khách mua một lần (mới),0.0431,model,Tặng coupon cho lần mua thứ hai trong vòng 7–14 ngày,7,1,5.69,1.0
105521,Khách mua một lần (mới),0.0431,model,Tặng coupon cho lần mua thứ hai trong vòng 7–14 ngày,27,1,5.69,1.0
106221,Khách mua một lần (mới),0.0431,model,Tặng coupon cho lần mua thứ hai trong vòng 7–14 ngày,18,1,5.69,1.0
104531,Khách mua một lần (mới),0.0431,model,Tặng coupon cho lần mua thứ hai trong vòng 7–14 ngày,1,1,5.69,1.0
145695,Khách mua một lần (mới),0.0431,model,Tặng coupon cho lần mua thứ hai trong vòng 7–14 ngày,5,1,5.69,1.0
109742,Khách mua một lần (mới),0.0431,model,Tặng coupon cho lần mua thứ hai trong vòng 7–14 ngày,28,1,5.69,1.0
157194,Khách mua một lần (mới),0.0431,model,Tặng coupon cho lần mua thứ hai trong vòng 7–14 ngày,26,1,5.69,1.0
145977,Khách nhạy khuyến mãi,0.0431,model,"Chuyển từ giảm giá trực tiếp sang tích điểm, voucher cá nhân hóa",49,1,5.69,1.0
106443,Khách mua một lần (mới),0.0431,model,Tặng coupon cho lần mua thứ hai trong vòng 7–14 ngày,10,1,5.69,1.0
169859,Khách nhạy khuyến mãi,0.0431,model,"Chuyển từ giảm giá trực tiếp sang tích điểm, voucher cá nhân hóa",58,1,5.69,1.0
193063,Khách nhạy khuyến mãi,0.0431,model,"Chuyển từ giảm giá trực tiếp sang tích điểm, voucher cá nhân hóa",51,1,5.69,1.0
138002,Khách mua một lần (mới),0.0431,model,Tặng coupon cho lần mua thứ hai trong vòng 7–14 ngày,30,1,5.69,1.0
211432,Khách nhạy khuyến mãi,0.0431,model,"Chuyển từ giảm giá trực tiếp sang tích điểm, voucher cá nhân hóa",57,1,5.69,1.0
108183,Khách mua một lần (mới),0.0431,model,Tặng coupon cho lần mua thứ hai trong vòng 7–14 ngày,16,1,5.69,1.0
102185,Khách mua một lần (mới),0.0431,model,Tặng coupon cho lần mua thứ hai trong vòng 7–14 ngày,17,1,5.69,1.0
188655,Khách nhạy khuyến mãi,0.0431,model,"Chuyển từ giảm giá trực tiếp sang tích điểm, voucher cá nhân hóa",56,1,5.69,1.0
109851,Khách nhạy khuyến mãi,0.0431,model,"Chuyển từ giảm giá trực tiếp sang tích điểm, voucher cá nhân hóa",57,1,5.69,1.0
222375,Khách mua một lần (mới),0.0431,model,Tặng coupon cho lần mua thứ hai trong vòng 7–14 ngày,1,1,5.69,1.0
154015,Khách nhạy khuyến mãi,0.0431,model,"Chuyển từ giảm giá trực tiếp sang tích điểm, voucher cá nhân hóa",31,1,5.69,1.0
136150,Khách nhạy khuyến mãi,0.0431,model,"Chuyển từ giảm giá trực tiếp sang tích điểm, voucher cá nhân hóa",4,2,6.55,0.5
140070,Khách lâu chưa quay lại,0.0431,model,"Kéo lại bằng phim mới, voucher quay lại, thông báo cá nhân hóa",931,2,40.5,0.5
113906,Khách lâu chưa quay lại,0.0431,model,"Kéo lại bằng phim mới, voucher quay lại, thông báo cá nhân hóa",499,2,12.7,0.5
128408,Khách lâu chưa quay lại,0.0431,model,"Kéo lại bằng phim mới, voucher quay lại, thông báo cá nhân hóa",804,2,13.93,0.5
103046,Khách mua một lần (mới),0.0431,model,Tặng coupon cho lần mua thứ hai trong vòng 7–14 ngày,4,1,0.62,0.0
106361,Khách thường xuyên,0.0431,model,"Duy trì, không cần giảm giá sâu",89,1,0.29,0.0
131280,Khách lâu chưa quay lại,0.043,model,"Kéo lại bằng phim mới, voucher quay lại, thông báo cá nhân hóa",322,6,37.7,0.6667
103147,Khách lâu chưa quay lại,0.043,model,"Kéo lại bằng phim mới, voucher quay lại, thông báo cá nhân hóa",359,2,24.49,0.0
112479,Khách lâu chưa quay lại,0.043,model,"Kéo lại bằng phim mới, voucher quay lại, thông báo cá nhân hóa",815,2,33.82,0.0
144108,Khách lâu chưa quay lại,0.043,model,"Kéo lại bằng phim mới, voucher quay lại, thông báo cá nhân hóa",960,2,18.56,0.0
148292,Khách lâu chưa quay lại,0.043,model,"Kéo lại bằng phim mới, voucher quay lại, thông báo cá nhân hóa",341,7,42.44,0.1429
122882,Khách lâu chưa quay lại,0.0429,model,"Kéo lại bằng phim mới, voucher quay lại, thông báo cá nhân hóa",329,4,28.94,1.0
100857,Khách lâu chưa quay lại,0.0429,model,"Kéo lại bằng phim mới, voucher quay lại, thông báo cá nhân hóa",323,2,20.99,0.5
104003,Khách lâu chưa quay lại,0.0429,model,"Kéo lại bằng phim mới, voucher quay lại, thông báo cá nhân hóa",354,1,3.22,0.0
126611,Khách lâu chưa quay lại,0.0429,model,"Kéo lại bằng phim mới, voucher quay lại, thông báo cá nhân hóa",983,1,3.26,1.0
162270,Khách lâu chưa quay lại,0.0429,model,"Kéo lại bằng phim mới, voucher quay lại, thông báo cá nhân hóa",834,2,13.08,0.5
142593,Khách lâu chưa quay lại,0.0428,model,"Kéo lại bằng phim mới, voucher quay lại, thông báo cá nhân hóa",945,2,6.52,1.0
100156,Khách lâu chưa quay lại,0.0428,model,"Kéo lại bằng phim mới, voucher quay lại, thông báo cá nhân hóa",344,3,14.31,0.6667
107872,Khách lâu chưa quay lại,0.0428,model,"Kéo lại bằng phim mới, voucher quay lại, thông báo cá nhân hóa",848,3,31.8,0.0
110035,Khách lâu chưa quay lại,0.0428,model,"Kéo lại bằng phim mới, voucher quay lại, thông báo cá nhân hóa",827,3,16.78,0.6667
136744,Khách lâu chưa quay lại,0.0428,model,"Kéo lại bằng phim mới, voucher quay lại, thông báo cá nhân hóa",498,3,16.28,1.0
158461,Khách lâu chưa quay lại,0.0428,model,"Kéo lại bằng phim mới, voucher quay lại, thông báo cá nhân hóa",553,3,19.62,0.3333
129644,Khách mua một lần (mới),0.0428,model,Tặng coupon cho lần mua thứ hai trong vòng 7–14 ngày,18,1,1.86,0.0
207958,Khách mua một lần (mới),0.0428,model,Tặng coupon cho lần mua thứ hai trong vòng 7–14 ngày,25,1,1.86,0.0
120642,Khách lâu chưa quay lại,0.0428,model,"Kéo lại bằng phim mới, voucher quay lại, thông báo cá nhân hóa",459,2,8.05,0.0
148230,Khách thường xuyên,0.0427,model,"Duy trì, không cần giảm giá sâu",23,2,26.72,0.0
167449,Khách lâu chưa quay lại,0.0427,model,"Kéo lại bằng phim mới, voucher quay lại, thông báo cá nhân hóa",979,1,9.9,1.0
111616,Khách lâu chưa quay lại,0.0427,model,"Kéo lại bằng phim mới, voucher quay lại, thông báo cá nhân hóa",330,2,11.88,1.0
163604,Khách giá trị cao,0.0427,model,"Membership, ưu đãi đặc quyền, đặt vé sớm phim hot",79,3,16.28,1.0
127521,Khách lâu chưa quay lại,0.0427,model,"Kéo lại bằng phim mới, voucher quay lại, thông báo cá nhân hóa",344,7,48.92,0.2857
144160,Khách nhạy khuyến mãi,0.0427,model,"Chuyển từ giảm giá trực tiếp sang tích điểm, voucher cá nhân hóa",7,2,22.44,1.0
114487,Khách lâu chưa quay lại,0.0427,model,"Kéo lại bằng phim mới, voucher quay lại, thông báo cá nhân hóa",354,2,11.34,0.0
119123,Khách lâu chưa quay lại,0.0426,model,"Kéo lại bằng phim mới, voucher quay lại, thông báo cá nhân hóa",406,2,13.04,1.0
125602,Khách giá trị cao,0.0426,model,"Membership, ưu đãi đặc quyền, đặt vé sớm phim hot",21,3,28.08,0.3333
169442,Khách mua một lần (mới),0.0426,model,Tặng coupon cho lần mua thứ hai trong vòng 7–14 ngày,23,1,3.92,0.0
185565,Khách lâu chưa quay lại,0.0426,model,"Kéo lại bằng phim mới, voucher quay lại, thông báo cá nhân hóa",357,1,28.79,0.0
156895,Khách lâu chưa quay lại,0.0426,model,"Kéo lại bằng phim mới, voucher quay lại, thông báo cá nhân hóa",377,2,13.9,0.5
167059,Khách mua một lần (mới),0.0426,model,Tặng coupon cho lần mua thứ hai trong vòng 7–14 ngày,30,1,2.05,0.0
131613,Khách nhạy khuyến mãi,0.0426,model,"Chuyển từ giảm giá trực tiếp sang tích điểm, voucher cá nhân hóa",33,1,7.34,1.0
120113,Khách lâu chưa quay lại,0.0425,model,"Kéo lại bằng phim mới, voucher quay lại, thông báo cá nhân hóa",316,3,26.02,0.0
155189,Khách lâu chưa quay lại,0.0425,model,"Kéo lại bằng phim mới, voucher quay lại, thông báo cá nhân hóa",862,2,13.02,1.0
198802,Khách nhạy khuyến mãi,0.0425,model,"Chuyển từ giảm giá trực tiếp sang tích điểm, voucher cá nhân hóa",78,1,3.26,1.0
108154,Khách nhạy khuyến mãi,0.0425,model,"Chuyển từ giảm giá trực tiếp sang tích điểm, voucher cá nhân hóa",79,1,3.26,1.0
107083,Khách nhạy khuyến mãi,0.0425,model,"Chuyển từ giảm giá trực tiếp sang tích điểm, voucher cá nhân hóa",77,1,3.26,1.0
101308,Khách nhạy khuyến mãi,0.0425,model,"Chuyển từ giảm giá trực tiếp sang tích điểm, voucher cá nhân hóa",79,1,3.26,1.0
118576,Khách lâu chưa quay lại,0.0425,model,"Kéo lại bằng phim mới, voucher quay lại, thông báo cá nhân hóa",505,2,15.34,0.5
108994,Khách lâu chưa quay lại,0.0425,model,"Kéo lại bằng phim mới, voucher quay lại, thông báo cá nhân hóa",350,2,18.06,0.5
106868,Khách lâu chưa quay lại,0.0425,model,"Kéo lại bằng phim mới, voucher quay lại, thông báo cá nhân hóa",438,4,19.56,1.0
137389,Khách lâu chưa quay lại,0.0424,model,"Kéo lại bằng phim mới, voucher quay lại, thông báo cá nhân hóa",358,2,16.3,1.0
152998,Khách lâu chưa quay lại,0.0424,model,"Kéo lại bằng phim mới, voucher quay lại, thông báo cá nhân hóa",1010,2,14.36,0.5
185645,Khách lâu chưa quay lại,0.0424,model,"Kéo lại bằng phim mới, voucher quay lại, thông báo cá nhân hóa",768,1,13.24,0.0
140835,Khách lâu chưa quay lại,0.0424,model,"Kéo lại bằng phim mới, voucher quay lại, thông báo cá nhân hóa",310,2,17.57,0.0
180253,Khách nhạy khuyến mãi,0.0424,model,"Chuyển từ giảm giá trực tiếp sang tích điểm, voucher cá nhân hóa",77,1,9.77,1.0
142047,Khách nhạy khuyến mãi,0.0424,model,"Chuyển từ giảm giá trực tiếp sang tích điểm, voucher cá nhân hóa",78,1,9.77,1.0
134481,Khách nhạy khuyến mãi,0.0424,model,"Chuyển từ giảm giá trực tiếp sang tích điểm, voucher cá nhân hóa",85,1,9.77,1.0
113511,Khách nhạy khuyến mãi,0.0424,model,"Chuyển từ giảm giá trực tiếp sang tích điểm, voucher cá nhân hóa",85,1,9.77,1.0
116413,Khách nhạy khuyến mãi,0.0424,model,"Chuyển từ giảm giá trực tiếp sang tích điểm, voucher cá nhân hóa",86,1,9.77,1.0
118287,Khách nhạy khuyến mãi,0.0424,model,"Chuyển từ giảm giá trực tiếp sang tích điểm, voucher cá nhân hóa",70,1,9.77,1.0
111338,Khách nhạy khuyến mãi,0.0424,model,"Chuyển từ giảm giá trực tiếp sang tích điểm, voucher cá nhân hóa",85,1,9.77,1.0
141189,Khách nhạy khuyến mãi,0.0424,model,"Chuyển từ giảm giá trực tiếp sang tích điểm, voucher cá nhân hóa",80,1,9.77,1.0
118064,Khách nhạy khuyến mãi,0.0424,model,"Chuyển từ giảm giá trực tiếp sang tích điểm, voucher cá nhân hóa",77,1,9.77,1.0
104514,Khách nhạy khuyến mãi,0.0424,model,"Chuyển từ giảm giá trực tiếp sang tích điểm, voucher cá nhân hóa",78,1,9.77,1.0
179904,Khách nhạy khuyến mãi,0.0424,model,"Chuyển từ giảm giá trực tiếp sang tích điểm, voucher cá nhân hóa",77,1,9.77,1.0
178277,Khách nhạy khuyến mãi,0.0424,model,"Chuyển từ giảm giá trực tiếp sang tích điểm, voucher cá nhân hóa",80,1,9.77,1.0
131692,Khách nhạy khuyến mãi,0.0424,model,"Chuyển từ giảm giá trực tiếp sang tích điểm, voucher cá nhân hóa",79,1,9.77,1.0
179664,Khách nhạy khuyến mãi,0.0424,model,"Chuyển từ giảm giá trực tiếp sang tích điểm, voucher cá nhân hóa",80,1,9.77,1.0
150040,Khách lâu chưa quay lại,0.0424,model,"Kéo lại bằng phim mới, voucher quay lại, thông báo cá nhân hóa",435,3,19.71,0.3333
149421,Khách lâu chưa quay lại,0.0424,model,"Kéo lại bằng phim mới, voucher quay lại, thông báo cá nhân hóa",934,2,6.52,1.0
121541,Khách nhạy khuyến mãi,0.0424,model,"Chuyển từ giảm giá trực tiếp sang tích điểm, voucher cá nhân hóa",70,2,16.28,1.0
185782,Khách nhạy khuyến mãi,0.0424,model,"Chuyển từ giảm giá trực tiếp sang tích điểm, voucher cá nhân hóa",70,1,6.51,1.0
120231,Khách nhạy khuyến mãi,0.0424,model,"Chuyển từ giảm giá trực tiếp sang tích điểm, voucher cá nhân hóa",72,1,6.51,1.0
118491,Khách lâu chưa quay lại,0.0424,model,"Kéo lại bằng phim mới, voucher quay lại, thông báo cá nhân hóa",93,1,6.51,1.0
143742,Khách nhạy khuyến mãi,0.0424,model,"Chuyển từ giảm giá trực tiếp sang tích điểm, voucher cá nhân hóa",82,1,6.51,1.0
167469,Khách nhạy khuyến mãi,0.0424,model,"Chuyển từ giảm giá trực tiếp sang tích điểm, voucher cá nhân hóa",77,1,6.51,1.0
184589,Khách nhạy khuyến mãi,0.0424,model,"Chuyển từ giảm giá trực tiếp sang tích điểm, voucher cá nhân hóa",74,1,6.51,1.0
152739,Khách nhạy khuyến mãi,0.0424,model,"Chuyển từ giảm giá trực tiếp sang tích điểm, voucher cá nhân hóa",70,1,6.51,1.0
127881,Khách lâu chưa quay lại,0.0424,model,"Kéo lại bằng phim mới, voucher quay lại, thông báo cá nhân hóa",93,1,6.51,1.0
129499,Khách nhạy khuyến mãi,0.0424,model,"Chuyển từ giảm giá trực tiếp sang tích điểm, voucher cá nhân hóa",78,1,6.51,1.0
106446,Khách nhạy khuyến mãi,0.0424,model,"Chuyển từ giảm giá trực tiếp sang tích điểm, voucher cá nhân hóa",77,1,6.51,1.0
220270,Khách nhạy khuyến mãi,0.0424,model,"Chuyển từ giảm giá trực tiếp sang tích điểm, voucher cá nhân hóa",71,1,6.51,1.0
205523,Khách nhạy khuyến mãi,0.0424,model,"Chuyển từ giảm giá trực tiếp sang tích điểm, voucher cá nhân hóa",79,1,6.51,1.0
144880,Khách nhạy khuyến mãi,0.0424,model,"Chuyển từ giảm giá trực tiếp sang tích điểm, voucher cá nhân hóa",82,1,6.51,1.0
216007,Khách nhạy khuyến mãi,0.0424,model,"Chuyển từ giảm giá trực tiếp sang tích điểm, voucher cá nhân hóa",82,1,6.51,1.0
155076,Khách nhạy khuyến mãi,0.0424,model,"Chuyển từ giảm giá trực tiếp sang tích điểm, voucher cá nhân hóa",86,1,6.51,1.0
186662,Khách nhạy khuyến mãi,0.0424,model,"Chuyển từ giảm giá trực tiếp sang tích điểm, voucher cá nhân hóa",78,1,6.51,1.0
110173,Khách nhạy khuyến mãi,0.0424,model,"Chuyển từ giảm giá trực tiếp sang tích điểm, voucher cá nhân hóa",78,1,6.51,1.0
136504,Khách nhạy khuyến mãi,0.0424,model,"Chuyển từ giảm giá trực tiếp sang tích điểm, voucher cá nhân hóa",72,1,6.51,1.0
182615,Khách nhạy khuyến mãi,0.0424,model,"Chuyển từ giảm giá trực tiếp sang tích điểm, voucher cá nhân hóa",71,1,6.51,1.0
108455,Khách nhạy khuyến mãi,0.0424,model,"Chuyển từ giảm giá trực tiếp sang tích điểm, voucher cá nhân hóa",78,1,6.51,1.0
150522,Khách nhạy khuyến mãi,0.0424,model,"Chuyển từ giảm giá trực tiếp sang tích điểm, voucher cá nhân hóa",72,1,6.51,1.0
166398,Khách nhạy khuyến mãi,0.0424,model,"Chuyển từ giảm giá trực tiếp sang tích điểm, voucher cá nhân hóa",72,1,6.51,1.0
114070,Khách nhạy khuyến mãi,0.0424,model,"Chuyển từ giảm giá trực tiếp sang tích điểm, voucher cá nhân hóa",71,1,6.51,1.0
143221,Khách nhạy khuyến mãi,0.0424,model,"Chuyển từ giảm giá trực tiếp sang tích điểm, voucher cá nhân hóa",85,1,6.51,1.0
155207,Khách nhạy khuyến mãi,0.0424,model,"Chuyển từ giảm giá trực tiếp sang tích điểm, voucher cá nhân hóa",80,1,6.51,1.0
212360,Khách nhạy khuyến mãi,0.0424,model,"Chuyển từ giảm giá trực tiếp sang tích điểm, voucher cá nhân hóa",70,1,6.51,1.0
121749,Khách lâu chưa quay lại,0.0424,model,"Kéo lại bằng phim mới, voucher quay lại, thông báo cá nhân hóa",94,1,6.51,1.0
187583,Khách nhạy khuyến mãi,0.0424,model,"Chuyển từ giảm giá trực tiếp sang tích điểm, voucher cá nhân hóa",78,1,6.51,1.0
130732,Khách nhạy khuyến mãi,0.0424,model,"Chuyển từ giảm giá trực tiếp sang tích điểm, voucher cá nhân hóa",79,1,6.51,1.0
128259,Khách nhạy khuyến mãi,0.0424,model,"Chuyển từ giảm giá trực tiếp sang tích điểm, voucher cá nhân hóa",79,1,6.51,1.0
105765,Khách nhạy khuyến mãi,0.0424,model,"Chuyển từ giảm giá trực tiếp sang tích điểm, voucher cá nhân hóa",79,1,6.51,1.0
184693,Khách nhạy khuyến mãi,0.0424,model,"Chuyển từ giảm giá trực tiếp sang tích điểm, voucher cá nhân hóa",78,1,6.51,1.0
152426,Khách nhạy khuyến mãi,0.0424,model,"Chuyển từ giảm giá trực tiếp sang tích điểm, voucher cá nhân hóa",71,1,6.51,1.0
128996,Khách nhạy khuyến mãi,0.0424,model,"Chuyển từ giảm giá trực tiếp sang tích điểm, voucher cá nhân hóa",81,1,6.51,1.0
125775,Khách nhạy khuyến mãi,0.0424,model,"Chuyển từ giảm giá trực tiếp sang tích điểm, voucher cá nhân hóa",71,1,6.51,1.0
107829,Khách lâu chưa quay lại,0.0424,model,"Kéo lại bằng phim mới, voucher quay lại, thông báo cá nhân hóa",93,1,6.51,1.0
171493,Khách nhạy khuyến mãi,0.0424,model,"Chuyển từ giảm giá trực tiếp sang tích điểm, voucher cá nhân hóa",82,1,6.51,1.0
181634,Khách nhạy khuyến mãi,0.0424,model,"Chuyển từ giảm giá trực tiếp sang tích điểm, voucher cá nhân hóa",85,1,6.51,1.0
159143,Khách nhạy khuyến mãi,0.0424,model,"Chuyển từ giảm giá trực tiếp sang tích điểm, voucher cá nhân hóa",85,1,6.51,1.0
117155,Khách nhạy khuyến mãi,0.0424,model,"Chuyển từ giảm giá trực tiếp sang tích điểm, voucher cá nhân hóa",78,1,6.51,1.0
125788,Khách nhạy khuyến mãi,0.0424,model,"Chuyển từ giảm giá trực tiếp sang tích điểm, voucher cá nhân hóa",72,1,6.51,1.0
217036,Khách nhạy khuyến mãi,0.0424,model,"Chuyển từ giảm giá trực tiếp sang tích điểm, voucher cá nhân hóa",73,1,6.51,1.0
189427,Khách nhạy khuyến mãi,0.0424,model,"Chuyển từ giảm giá trực tiếp sang tích điểm, voucher cá nhân hóa",77,1,6.51,1.0
141438,Khách nhạy khuyến mãi,0.0424,model,"Chuyển từ giảm giá trực tiếp sang tích điểm, voucher cá nhân hóa",72,1,6.51,1.0
139639,Khách nhạy khuyến mãi,0.0424,model,"Chuyển từ giảm giá trực tiếp sang tích điểm, voucher cá nhân hóa",79,1,6.51,1.0
174722,Khách nhạy khuyến mãi,0.0424,model,"Chuyển từ giảm giá trực tiếp sang tích điểm, voucher cá nhân hóa",66,1,6.51,1.0
130002,Khách nhạy khuyến mãi,0.0424,model,"Chuyển từ giảm giá trực tiếp sang tích điểm, voucher cá nhân hóa",79,1,6.51,1.0
124466,Khách lâu chưa quay lại,0.0424,model,"Kéo lại bằng phim mới, voucher quay lại, thông báo cá nhân hóa",93,1,6.51,1.0
195227,Khách nhạy khuyến mãi,0.0424,model,"Chuyển từ giảm giá trực tiếp sang tích điểm, voucher cá nhân hóa",81,1,6.51,1.0
191172,Khách nhạy khuyến mãi,0.0424,model,"Chuyển từ giảm giá trực tiếp sang tích điểm, voucher cá nhân hóa",71,1,6.51,1.0
207166,Khách nhạy khuyến mãi,0.0424,model,"Chuyển từ giảm giá trực tiếp sang tích điểm, voucher cá nhân hóa",77,1,6.51,1.0
197649,Khách nhạy khuyến mãi,0.0424,model,"Chuyển từ giảm giá trực tiếp sang tích điểm, voucher cá nhân hóa",78,1,6.51,1.0
102614,Khách nhạy khuyến mãi,0.0424,model,"Chuyển từ giảm giá trực tiếp sang tích điểm, voucher cá nhân hóa",79,1,6.51,1.0
180822,Khách nhạy khuyến mãi,0.0424,model,"Chuyển từ giảm giá trực tiếp sang tích điểm, voucher cá nhân hóa",86,1,6.51,1.0
111514,Khách nhạy khuyến mãi,0.0424,model,"Chuyển từ giảm giá trực tiếp sang tích điểm, voucher cá nhân hóa",83,1,6.51,1.0
111178,Khách nhạy khuyến mãi,0.0424,model,"Chuyển từ giảm giá trực tiếp sang tích điểm, voucher cá nhân hóa",79,1,6.51,1.0
109449,Khách nhạy khuyến mãi,0.0424,model,"Chuyển từ giảm giá trực tiếp sang tích điểm, voucher cá nhân hóa",78,1,6.51,1.0
185069,Khách nhạy khuyến mãi,0.0424,model,"Chuyển từ giảm giá trực tiếp sang tích điểm, voucher cá nhân hóa",85,1,6.51,1.0
173530,Khách nhạy khuyến mãi,0.0424,model,"Chuyển từ giảm giá trực tiếp sang tích điểm, voucher cá nhân hóa",80,1,6.51,1.0
100181,Khách nhạy khuyến mãi,0.0424,model,"Chuyển từ giảm giá trực tiếp sang tích điểm, voucher cá nhân hóa",78,1,6.51,1.0
141772,Khách giá trị cao,0.0424,model,"Membership, ưu đãi đặc quyền, đặt vé sớm phim hot",20,3,38.06,0.6667
160023,Khách lâu chưa quay lại,0.0424,model,"Kéo lại bằng phim mới, voucher quay lại, thông báo cá nhân hóa",357,2,25.2,0.5
204877,Khách lâu chưa quay lại,0.0424,model,"Kéo lại bằng phim mới, voucher quay lại, thông báo cá nhân hóa",355,2,2.93,0.5
122982,Khách lâu chưa quay lại,0.0424,model,"Kéo lại bằng phim mới, voucher quay lại, thông báo cá nhân hóa",840,3,19.53,1.0
100652,Khách lâu chưa quay lại,0.0424,model,"Kéo lại bằng phim mới, voucher quay lại, thông báo cá nhân hóa",1045,2,32.58,0.0
105800,Khách lâu chưa quay lại,0.0423,model,"Kéo lại bằng phim mới, voucher quay lại, thông báo cá nhân hóa",832,3,34.57,0.3333
123645,Khách lâu chưa quay lại,0.0423,model,"Kéo lại bằng phim mới, voucher quay lại, thông báo cá nhân hóa",826,3,28.04,0.3333
141648,Khách lâu chưa quay lại,0.0423,model,"Kéo lại bằng phim mới, voucher quay lại, thông báo cá nhân hóa",766,3,34.6,0.3333
165773,Khách lâu chưa quay lại,0.0423,model,"Kéo lại bằng phim mới, voucher quay lại, thông báo cá nhân hóa",986,1,3.71,1.0
165739,Khách lâu chưa quay lại,0.0423,model,"Kéo lại bằng phim mới, voucher quay lại, thông báo cá nhân hóa",986,1,3.71,1.0
165864,Khách lâu chưa quay lại,0.0423,model,"Kéo lại bằng phim mới, voucher quay lại, thông báo cá nhân hóa",987,1,3.71,1.0
108545,Khách lâu chưa quay lại,0.0423,model,"Kéo lại bằng phim mới, voucher quay lại, thông báo cá nhân hóa",995,1,3.71,1.0
165863,Khách lâu chưa quay lại,0.0423,model,"Kéo lại bằng phim mới, voucher quay lại, thông báo cá nhân hóa",987,1,3.71,1.0
165856,Khách lâu chưa quay lại,0.0423,model,"Kéo lại bằng phim mới, voucher quay lại, thông báo cá nhân hóa",986,1,3.71,1.0
165892,Khách lâu chưa quay lại,0.0423,model,"Kéo lại bằng phim mới, voucher quay lại, thông báo cá nhân hóa",987,1,3.71,1.0
165862,Khách lâu chưa quay lại,0.0423,model,"Kéo lại bằng phim mới, voucher quay lại, thông báo cá nhân hóa",987,1,3.71,1.0
119819,Khách lâu chưa quay lại,0.0423,model,"Kéo lại bằng phim mới, voucher quay lại, thông báo cá nhân hóa",344,3,23.3,1.0
113167,Khách lâu chưa quay lại,0.0423,model,"Kéo lại bằng phim mới, voucher quay lại, thông báo cá nhân hóa",539,1,1.61,0.0
185318,Khách lâu chưa quay lại,0.0423,model,"Kéo lại bằng phim mới, voucher quay lại, thông báo cá nhân hóa",527,1,1.11,0.0
111527,Khách lâu chưa quay lại,0.0423,model,"Kéo lại bằng phim mới, voucher quay lại, thông báo cá nhân hóa",556,1,1.48,0.0
114581,Khách lâu chưa quay lại,0.0423,model,"Kéo lại bằng phim mới, voucher quay lại, thông báo cá nhân hóa",555,1,1.61,0.0
131912,Khách lâu chưa quay lại,0.0423,model,"Kéo lại bằng phim mới, voucher quay lại, thông báo cá nhân hóa",522,1,1.44,0.0
110944,Khách lâu chưa quay lại,0.0423,model,"Kéo lại bằng phim mới, voucher quay lại, thông báo cá nhân hóa",449,2,15.38,0.5
142406,Khách lâu chưa quay lại,0.0422,model,"Kéo lại bằng phim mới, voucher quay lại, thông báo cá nhân hóa",843,3,17.24,0.3333
147178,Khách lâu chưa quay lại,0.0422,model,"Kéo lại bằng phim mới, voucher quay lại, thông báo cá nhân hóa",323,2,27.96,0.0
126294,Khách lâu chưa quay lại,0.0422,model,"Kéo lại bằng phim mới, voucher quay lại, thông báo cá nhân hóa",816,5,63.29,0.6
122766,Khách giá trị cao,0.0422,model,"Membership, ưu đãi đặc quyền, đặt vé sớm phim hot",71,4,19.36,0.75
101078,Khách lâu chưa quay lại,0.0422,model,"Kéo lại bằng phim mới, voucher quay lại, thông báo cá nhân hóa",429,3,27.58,0.3333
134117,Khách lâu chưa quay lại,0.0421,model,"Kéo lại bằng phim mới, voucher quay lại, thông báo cá nhân hóa",342,5,25.74,0.6
173736,Khách lâu chưa quay lại,0.0421,model,"Kéo lại bằng phim mới, voucher quay lại, thông báo cá nhân hóa",241,2,10.64,0.0
131973,Khách lâu chưa quay lại,0.0421,model,"Kéo lại bằng phim mới, voucher quay lại, thông báo cá nhân hóa",359,4,16.22,0.5
182043,Khách lâu chưa quay lại,0.0421,model,"Kéo lại bằng phim mới, voucher quay lại, thông báo cá nhân hóa",329,2,14.93,0.5
114960,Khách lâu chưa quay lại,0.0421,model,"Kéo lại bằng phim mới, voucher quay lại, thông báo cá nhân hóa",883,4,23.35,0.5
163503,Khách nhạy khuyến mãi,0.0421,model,"Chuyển từ giảm giá trực tiếp sang tích điểm, voucher cá nhân hóa",1,2,10.85,0.5
168364,Khách lâu chưa quay lại,0.0421,model,"Kéo lại bằng phim mới, voucher quay lại, thông báo cá nhân hóa",870,1,9.77,1.0
110094,Khách mua một lần (mới),0.0421,model,Tặng coupon cho lần mua thứ hai trong vòng 7–14 ngày,18,1,6.97,1.0
179827,Khách mua một lần (mới),0.0421,model,Tặng coupon cho lần mua thứ hai trong vòng 7–14 ngày,20,1,6.97,1.0
189854,Khách mua một lần (mới),0.0421,model,Tặng coupon cho lần mua thứ hai trong vòng 7–14 ngày,21,1,6.97,1.0
153246,Khách mua một lần (mới),0.0421,model,Tặng coupon cho lần mua thứ hai trong vòng 7–14 ngày,17,1,6.97,1.0
205878,Khách nhạy khuyến mãi,0.042,model,"Chuyển từ giảm giá trực tiếp sang tích điểm, voucher cá nhân hóa",18,2,18.18,1.0
214268,Khách nhạy khuyến mãi,0.042,model,"Chuyển từ giảm giá trực tiếp sang tích điểm, voucher cá nhân hóa",73,1,6.35,1.0
102166,Khách lâu chưa quay lại,0.042,model,"Kéo lại bằng phim mới, voucher quay lại, thông báo cá nhân hóa",891,2,13.03,1.0
166916,Khách lâu chưa quay lại,0.042,model,"Kéo lại bằng phim mới, voucher quay lại, thông báo cá nhân hóa",840,2,13.02,1.0
165641,Khách lâu chưa quay lại,0.0419,model,"Kéo lại bằng phim mới, voucher quay lại, thông báo cá nhân hóa",314,2,5.32,0.5
106546,Khách lâu chưa quay lại,0.0419,model,"Kéo lại bằng phim mới, voucher quay lại, thông báo cá nhân hóa",476,2,16.28,1.0
173620,Khách lâu chưa quay lại,0.0418,model,"Kéo lại bằng phim mới, voucher quay lại, thông báo cá nhân hóa",425,3,26.23,0.0
130735,Khách lâu chưa quay lại,0.0418,model,"Kéo lại bằng phim mới, voucher quay lại, thông báo cá nhân hóa",1094,2,18.97,0.0
128251,Khách lâu chưa quay lại,0.0418,model,"Kéo lại bằng phim mới, voucher quay lại, thông báo cá nhân hóa",99,1,3.26,1.0
187476,Khách nhạy khuyến mãi,0.0418,model,"Chuyển từ giảm giá trực tiếp sang tích điểm, voucher cá nhân hóa",73,1,3.26,1.0
114797,Khách nhạy khuyến mãi,0.0418,model,"Chuyển từ giảm giá trực tiếp sang tích điểm, voucher cá nhân hóa",87,1,3.26,1.0
185910,Khách nhạy khuyến mãi,0.0418,model,"Chuyển từ giảm giá trực tiếp sang tích điểm, voucher cá nhân hóa",80,1,3.26,1.0
179345,Khách nhạy khuyến mãi,0.0418,model,"Chuyển từ giảm giá trực tiếp sang tích điểm, voucher cá nhân hóa",85,1,3.26,1.0
165499,Khách nhạy khuyến mãi,0.0418,model,"Chuyển từ giảm giá trực tiếp sang tích điểm, voucher cá nhân hóa",71,1,3.26,1.0
133819,Khách nhạy khuyến mãi,0.0418,model,"Chuyển từ giảm giá trực tiếp sang tích điểm, voucher cá nhân hóa",77,1,3.26,1.0
205525,Khách nhạy khuyến mãi,0.0418,model,"Chuyển từ giảm giá trực tiếp sang tích điểm, voucher cá nhân hóa",85,1,3.26,1.0
183764,Khách nhạy khuyến mãi,0.0418,model,"Chuyển từ giảm giá trực tiếp sang tích điểm, voucher cá nhân hóa",79,1,3.26,1.0
192934,Khách nhạy khuyến mãi,0.0418,model,"Chuyển từ giảm giá trực tiếp sang tích điểm, voucher cá nhân hóa",77,1,3.26,1.0
124410,Khách nhạy khuyến mãi,0.0418,model,"Chuyển từ giảm giá trực tiếp sang tích điểm, voucher cá nhân hóa",65,1,3.26,1.0
205812,Khách mua một lần (mới),0.0418,model,Tặng coupon cho lần mua thứ hai trong vòng 7–14 ngày,19,1,3.3,1.0
172458,Khách nhạy khuyến mãi,0.0418,model,"Chuyển từ giảm giá trực tiếp sang tích điểm, voucher cá nhân hóa",83,1,3.26,1.0
203621,Khách lâu chưa quay lại,0.0418,model,"Kéo lại bằng phim mới, voucher quay lại, thông báo cá nhân hóa",360,2,23.59,0.0
126972,Khách lâu chưa quay lại,0.0418,model,"Kéo lại bằng phim mới, voucher quay lại, thông báo cá nhân hóa",806,6,39.44,0.3333
168464,Khách lâu chưa quay lại,0.0418,model,"Kéo lại bằng phim mới, voucher quay lại, thông báo cá nhân hóa",450,4,35.77,0.5
101221,Khách nhạy khuyến mãi,0.0418,model,"Chuyển từ giảm giá trực tiếp sang tích điểm, voucher cá nhân hóa",64,1,3.63,1.0
134776,Khách nhạy khuyến mãi,0.0418,model,"Chuyển từ giảm giá trực tiếp sang tích điểm, voucher cá nhân hóa",74,1,3.45,1.0
219244,Khách mua một lần (mới),0.0418,model,Tặng coupon cho lần mua thứ hai trong vòng 7–14 ngày,7,1,3.59,1.0
105896,Khách lâu chưa quay lại,0.0418,model,"Kéo lại bằng phim mới, voucher quay lại, thông báo cá nhân hóa",359,4,23.01,0.0
165107,Khách lâu chưa quay lại,0.0417,model,"Kéo lại bằng phim mới, voucher quay lại, thông báo cá nhân hóa",343,3,35.14,0.3333
195764,Khách lâu chưa quay lại,0.0417,model,"Kéo lại bằng phim mới, voucher quay lại, thông báo cá nhân hóa",355,1,2.27,0.0
191415,Khách lâu chưa quay lại,0.0417,model,"Kéo lại bằng phim mới, voucher quay lại, thông báo cá nhân hóa",354,1,2.27,0.0
206057,Khách lâu chưa quay lại,0.0417,model,"Kéo lại bằng phim mới, voucher quay lại, thông báo cá nhân hóa",356,1,2.27,0.0
128165,Khách lâu chưa quay lại,0.0417,model,"Kéo lại bằng phim mới, voucher quay lại, thông báo cá nhân hóa",323,2,17.12,1.0
119897,Khách lâu chưa quay lại,0.0417,model,"Kéo lại bằng phim mới, voucher quay lại, thông báo cá nhân hóa",805,2,14.02,0.0
104673,Khách lâu chưa quay lại,0.0417,model,"Kéo lại bằng phim mới, voucher quay lại, thông báo cá nhân hóa",835,2,16.28,1.0
203583,Khách lâu chưa quay lại,0.0417,model,"Kéo lại bằng phim mới, voucher quay lại, thông báo cá nhân hóa",438,1,24.74,0.0
116617,Khách lâu chưa quay lại,0.0417,model,"Kéo lại bằng phim mới, voucher quay lại, thông báo cá nhân hóa",351,3,28.33,0.3333
169899,Khách lâu chưa quay lại,0.0417,model,"Kéo lại bằng phim mới, voucher quay lại, thông báo cá nhân hóa",484,5,40.29,0.6
177020,Khách lâu chưa quay lại,0.0417,model,"Kéo lại bằng phim mới, voucher quay lại, thông báo cá nhân hóa",390,2,32.75,0.5
100151,Khách nhạy khuyến mãi,0.0416,model,"Chuyển từ giảm giá trực tiếp sang tích điểm, voucher cá nhân hóa",1,2,12.2,1.0
137690,Khách lâu chưa quay lại,0.0416,model,"Kéo lại bằng phim mới, voucher quay lại, thông báo cá nhân hóa",1122,1,3.3,0.0
117879,Khách lâu chưa quay lại,0.0416,model,"Kéo lại bằng phim mới, voucher quay lại, thông báo cá nhân hóa",1116,1,3.3,0.0
135782,Khách lâu chưa quay lại,0.0416,model,"Kéo lại bằng phim mới, voucher quay lại, thông báo cá nhân hóa",1118,1,3.3,0.0
123824,Khách lâu chưa quay lại,0.0416,model,"Kéo lại bằng phim mới, voucher quay lại, thông báo cá nhân hóa",1114,1,3.51,0.0
140718,Khách lâu chưa quay lại,0.0416,model,"Kéo lại bằng phim mới, voucher quay lại, thông báo cá nhân hóa",1115,1,3.38,0.0
128010,Khách lâu chưa quay lại,0.0416,model,"Kéo lại bằng phim mới, voucher quay lại, thông báo cá nhân hóa",1121,1,3.34,0.0
152616,Khách lâu chưa quay lại,0.0416,model,"Kéo lại bằng phim mới, voucher quay lại, thông báo cá nhân hóa",1106,1,3.51,0.0
114034,Khách lâu chưa quay lại,0.0416,model,"Kéo lại bằng phim mới, voucher quay lại, thông báo cá nhân hóa",1095,1,3.51,0.0
150804,Khách lâu chưa quay lại,0.0416,model,"Kéo lại bằng phim mới, voucher quay lại, thông báo cá nhân hóa",1083,1,3.51,0.0
146483,Khách lâu chưa quay lại,0.0416,model,"Kéo lại bằng phim mới, voucher quay lại, thông báo cá nhân hóa",1054,1,3.09,0.0
110567,Khách lâu chưa quay lại,0.0416,model,"Kéo lại bằng phim mới, voucher quay lại, thông báo cá nhân hóa",1054,1,3.09,0.0
184445,Khách nhạy khuyến mãi,0.0416,model,"Chuyển từ giảm giá trực tiếp sang tích điểm, voucher cá nhân hóa",79,1,6.52,1.0
158259,Khách lâu chưa quay lại,0.0416,model,"Kéo lại bằng phim mới, voucher quay lại, thông báo cá nhân hóa",833,3,19.55,1.0
153412,Khách lâu chưa quay lại,0.0415,model,"Kéo lại bằng phim mới, voucher quay lại, thông báo cá nhân hóa",416,1,2.64,1.0
107388,Khách nhạy khuyến mãi,0.0415,model,"Chuyển từ giảm giá trực tiếp sang tích điểm, voucher cá nhân hóa",1,2,12.79,1.0
129190,Khách lâu chưa quay lại,0.0415,model,"Kéo lại bằng phim mới, voucher quay lại, thông báo cá nhân hóa",729,3,27.22,0.3333
106165,Khách lâu chưa quay lại,0.0415,model,"Kéo lại bằng phim mới, voucher quay lại, thông báo cá nhân hóa",807,2,15.58,0.5
100102,Khách lâu chưa quay lại,0.0415,model,"Kéo lại bằng phim mới, voucher quay lại, thông báo cá nhân hóa",793,3,22.09,0.6667
109289,Khách lâu chưa quay lại,0.0415,model,"Kéo lại bằng phim mới, voucher quay lại, thông báo cá nhân hóa",93,2,14.68,0.5
175876,Khách nhạy khuyến mãi,0.0415,model,"Chuyển từ giảm giá trực tiếp sang tích điểm, voucher cá nhân hóa",24,2,13.16,1.0
151358,Khách lâu chưa quay lại,0.0415,model,"Kéo lại bằng phim mới, voucher quay lại, thông báo cá nhân hóa",875,3,16.28,1.0
207902,Khách nhạy khuyến mãi,0.0415,model,"Chuyển từ giảm giá trực tiếp sang tích điểm, voucher cá nhân hóa",15,2,12.34,0.5
172118,Khách lâu chưa quay lại,0.0414,model,"Kéo lại bằng phim mới, voucher quay lại, thông báo cá nhân hóa",847,2,22.81,1.0
190920,Khách nhạy khuyến mãi,0.0414,model,"Chuyển từ giảm giá trực tiếp sang tích điểm, voucher cá nhân hóa",16,2,7.14,1.0
135926,Khách lâu chưa quay lại,0.0414,model,"Kéo lại bằng phim mới, voucher quay lại, thông báo cá nhân hóa",1004,2,13.03,1.0
154169,Khách lâu chưa quay lại,0.0414,model,"Kéo lại bằng phim mới, voucher quay lại, thông báo cá nhân hóa",346,2,19.17,1.0
162030,Khách lâu chưa quay lại,0.0414,model,"Kéo lại bằng phim mới, voucher quay lại, thông báo cá nhân hóa",361,2,30.72,0.5
126128,Khách lâu chưa quay lại,0.0414,model,"Kéo lại bằng phim mới, voucher quay lại, thông báo cá nhân hóa",345,2,9.77,1.0
120514,Khách giá trị cao,0.0414,model,"Membership, ưu đãi đặc quyền, đặt vé sớm phim hot",65,3,22.47,0.6667
124549,Khách lâu chưa quay lại,0.0414,model,"Kéo lại bằng phim mới, voucher quay lại, thông báo cá nhân hóa",868,3,27.13,0.3333
173600,Khách lâu chưa quay lại,0.0413,model,"Kéo lại bằng phim mới, voucher quay lại, thông báo cá nhân hóa",357,2,6.51,0.5
171193,Khách lâu chưa quay lại,0.0413,model,"Kéo lại bằng phim mới, voucher quay lại, thông báo cá nhân hóa",339,3,26.4,0.0
119237,Khách lâu chưa quay lại,0.0413,model,"Kéo lại bằng phim mới, voucher quay lại, thông báo cá nhân hóa",442,1,13.28,1.0
206331,Khách lâu chưa quay lại,0.0413,model,"Kéo lại bằng phim mới, voucher quay lại, thông báo cá nhân hóa",498,1,13.28,1.0
142677,Khách lâu chưa quay lại,0.0413,model,"Kéo lại bằng phim mới, voucher quay lại, thông báo cá nhân hóa",491,1,13.28,1.0
118267,Khách lâu chưa quay lại,0.0413,model,"Kéo lại bằng phim mới, voucher quay lại, thông báo cá nhân hóa",1094,1,9.9,0.0
167111,Khách lâu chưa quay lại,0.0413,model,"Kéo lại bằng phim mới, voucher quay lại, thông báo cá nhân hóa",360,2,18.23,1.0
155218,Khách mua một lần (mới),0.0413,model,Tặng coupon cho lần mua thứ hai trong vòng 7–14 ngày,18,1,6.19,0.0
151430,Khách lâu chưa quay lại,0.0413,model,"Kéo lại bằng phim mới, voucher quay lại, thông báo cá nhân hóa",856,2,13.04,1.0
214505,Khách lâu chưa quay lại,0.0413,model,"Kéo lại bằng phim mới, voucher quay lại, thông báo cá nhân hóa",310,1,17.49,0.0
150265,Khách lâu chưa quay lại,0.0413,model,"Kéo lại bằng phim mới, voucher quay lại, thông báo cá nhân hóa",316,1,17.65,0.0
106931,Khách lâu chưa quay lại,0.0413,model,"Kéo lại bằng phim mới, voucher quay lại, thông báo cá nhân hóa",323,1,9.77,1.0
215140,Khách nhạy khuyến mãi,0.0413,model,"Chuyển từ giảm giá trực tiếp sang tích điểm, voucher cá nhân hóa",49,1,6.76,1.0
105320,Khách lâu chưa quay lại,0.0413,model,"Kéo lại bằng phim mới, voucher quay lại, thông báo cá nhân hóa",434,2,19.17,1.0
139234,Khách lâu chưa quay lại,0.0412,model,"Kéo lại bằng phim mới, voucher quay lại, thông báo cá nhân hóa",442,2,10.68,0.5
137944,Khách lâu chưa quay lại,0.0412,model,"Kéo lại bằng phim mới, voucher quay lại, thông báo cá nhân hóa",779,2,14.02,0.0
101287,Khách lâu chưa quay lại,0.0412,model,"Kéo lại bằng phim mới, voucher quay lại, thông báo cá nhân hóa",932,2,16.41,0.5
124499,Khách lâu chưa quay lại,0.0412,model,"Kéo lại bằng phim mới, voucher quay lại, thông báo cá nhân hóa",987,2,13.78,0.5
186939,Khách thường xuyên,0.0412,model,"Duy trì, không cần giảm giá sâu",64,1,13.03,0.0
103916,Khách lâu chưa quay lại,0.0412,model,"Kéo lại bằng phim mới, voucher quay lại, thông báo cá nhân hóa",92,1,13.03,0.0
181788,Khách thường xuyên,0.0412,model,"Duy trì, không cần giảm giá sâu",74,1,13.01,0.0
154054,Khách lâu chưa quay lại,0.0412,model,"Kéo lại bằng phim mới, voucher quay lại, thông báo cá nhân hóa",1086,1,8.66,0.0
149102,Khách lâu chưa quay lại,0.0412,model,"Kéo lại bằng phim mới, voucher quay lại, thông báo cá nhân hóa",1156,1,8.66,0.0
135971,Khách lâu chưa quay lại,0.0412,model,"Kéo lại bằng phim mới, voucher quay lại, thông báo cá nhân hóa",447,2,16.42,0.5
149750,Khách lâu chưa quay lại,0.0412,model,"Kéo lại bằng phim mới, voucher quay lại, thông báo cá nhân hóa",500,5,38.45,0.8
165694,Khách lâu chưa quay lại,0.0412,model,"Kéo lại bằng phim mới, voucher quay lại, thông báo cá nhân hóa",961,2,13.02,1.0
122160,Khách giá trị cao,0.0411,model,"Membership, ưu đãi đặc quyền, đặt vé sớm phim hot",19,3,18.73,1.0
100858,Khách lâu chưa quay lại,0.0411,model,"Kéo lại bằng phim mới, voucher quay lại, thông báo cá nhân hóa",856,2,13.04,1.0
103357,Khách giá trị cao,0.0411,model,"Membership, ưu đãi đặc quyền, đặt vé sớm phim hot",58,3,19.38,0.0
151022,Khách lâu chưa quay lại,0.0411,model,"Kéo lại bằng phim mới, voucher quay lại, thông báo cá nhân hóa",324,6,40.79,0.0
147124,Khách lâu chưa quay lại,0.0411,model,"Kéo lại bằng phim mới, voucher quay lại, thông báo cá nhân hóa",445,7,37.07,0.1429
106021,Khách lâu chưa quay lại,0.041,model,"Kéo lại bằng phim mới, voucher quay lại, thông báo cá nhân hóa",421,3,7.59,0.0
101349,Khách lâu chưa quay lại,0.041,model,"Kéo lại bằng phim mới, voucher quay lại, thông báo cá nhân hóa",443,2,22.15,0.5
170883,Khách nhạy khuyến mãi,0.041,model,"Chuyển từ giảm giá trực tiếp sang tích điểm, voucher cá nhân hóa",23,2,6.11,1.0
205020,Khách thường xuyên,0.041,model,"Duy trì, không cần giảm giá sâu",3,2,15.96,0.0
136596,Khách lâu chưa quay lại,0.041,model,"Kéo lại bằng phim mới, voucher quay lại, thông báo cá nhân hóa",412,2,13.93,0.5
208069,Khách lâu chưa quay lại,0.041,model,"Kéo lại bằng phim mới, voucher quay lại, thông báo cá nhân hóa",448,2,9.77,1.0
119051,Khách lâu chưa quay lại,0.041,model,"Kéo lại bằng phim mới, voucher quay lại, thông báo cá nhân hóa",97,1,2.03,0.0
111572,Khách lâu chưa quay lại,0.041,model,"Kéo lại bằng phim mới, voucher quay lại, thông báo cá nhân hóa",99,1,2.03,0.0
139683,Khách mua một lần (mới),0.041,model,Tặng coupon cho lần mua thứ hai trong vòng 7–14 ngày,20,1,9.89,1.0
136511,Khách mua một lần (mới),0.041,model,Tặng coupon cho lần mua thứ hai trong vòng 7–14 ngày,22,1,9.89,1.0
216962,Khách mua một lần (mới),0.041,model,Tặng coupon cho lần mua thứ hai trong vòng 7–14 ngày,12,1,9.89,1.0
149690,Khách mua một lần (mới),0.041,model,Tặng coupon cho lần mua thứ hai trong vòng 7–14 ngày,13,1,9.89,1.0
149544,Khách mua một lần (mới),0.041,model,Tặng coupon cho lần mua thứ hai trong vòng 7–14 ngày,19,1,9.89,1.0
109004,Khách mua một lần (mới),0.041,model,Tặng coupon cho lần mua thứ hai trong vòng 7–14 ngày,14,1,9.89,1.0
112860,Khách mua một lần (mới),0.041,model,Tặng coupon cho lần mua thứ hai trong vòng 7–14 ngày,23,1,9.89,1.0
218042,Khách mua một lần (mới),0.041,model,Tặng coupon cho lần mua thứ hai trong vòng 7–14 ngày,18,1,9.89,1.0
212232,Khách mua một lần (mới),0.041,model,Tặng coupon cho lần mua thứ hai trong vòng 7–14 ngày,14,1,9.89,1.0
152981,Khách mua một lần (mới),0.041,model,Tặng coupon cho lần mua thứ hai trong vòng 7–14 ngày,17,1,9.89,1.0
117250,Khách mua một lần (mới),0.041,model,Tặng coupon cho lần mua thứ hai trong vòng 7–14 ngày,0,1,9.89,1.0
214111,Khách mua một lần (mới),0.041,model,Tặng coupon cho lần mua thứ hai trong vòng 7–14 ngày,17,1,9.89,1.0
147363,Khách mua một lần (mới),0.041,model,Tặng coupon cho lần mua thứ hai trong vòng 7–14 ngày,19,1,9.89,1.0
218466,Khách mua một lần (mới),0.041,model,Tặng coupon cho lần mua thứ hai trong vòng 7–14 ngày,0,1,9.89,1.0
116401,Khách mua một lần (mới),0.041,model,Tặng coupon cho lần mua thứ hai trong vòng 7–14 ngày,21,1,9.89,1.0
158316,Khách mua một lần (mới),0.041,model,Tặng coupon cho lần mua thứ hai trong vòng 7–14 ngày,24,1,9.89,1.0
102902,Khách mua một lần (mới),0.041,model,Tặng coupon cho lần mua thứ hai trong vòng 7–14 ngày,19,1,9.89,1.0
195697,Khách mua một lần (mới),0.041,model,Tặng coupon cho lần mua thứ hai trong vòng 7–14 ngày,23,1,9.89,1.0
115260,Khách mua một lần (mới),0.041,model,Tặng coupon cho lần mua thứ hai trong vòng 7–14 ngày,18,1,9.89,1.0
202301,Khách mua một lần (mới),0.041,model,Tặng coupon cho lần mua thứ hai trong vòng 7–14 ngày,17,1,9.89,1.0
104408,Khách mua một lần (mới),0.041,model,Tặng coupon cho lần mua thứ hai trong vòng 7–14 ngày,19,1,9.89,1.0
134513,Khách lâu chưa quay lại,0.041,model,"Kéo lại bằng phim mới, voucher quay lại, thông báo cá nhân hóa",442,2,23.46,1.0
120078,Khách lâu chưa quay lại,0.041,model,"Kéo lại bằng phim mới, voucher quay lại, thông báo cá nhân hóa",1080,2,17.86,0.0
117835,Khách lâu chưa quay lại,0.041,model,"Kéo lại bằng phim mới, voucher quay lại, thông báo cá nhân hóa",1122,1,28.04,0.0
145593,Khách nhạy khuyến mãi,0.041,model,"Chuyển từ giảm giá trực tiếp sang tích điểm, voucher cá nhân hóa",19,2,13.11,0.5
110894,Khách lâu chưa quay lại,0.041,model,"Kéo lại bằng phim mới, voucher quay lại, thông báo cá nhân hóa",364,3,27.45,0.6667
143285,Khách lâu chưa quay lại,0.041,model,"Kéo lại bằng phim mới, voucher quay lại, thông báo cá nhân hóa",757,3,41.07,0.0
114772,Khách lâu chưa quay lại,0.041,model,"Kéo lại bằng phim mới, voucher quay lại, thông báo cá nhân hóa",1095,2,20.21,0.0
190913,Khách lâu chưa quay lại,0.0409,model,"Kéo lại bằng phim mới, voucher quay lại, thông báo cá nhân hóa",325,2,6.77,0.5
136343,Khách lâu chưa quay lại,0.0409,model,"Kéo lại bằng phim mới, voucher quay lại, thông báo cá nhân hóa",443,1,9.77,1.0
137910,Khách lâu chưa quay lại,0.0409,model,"Kéo lại bằng phim mới, voucher quay lại, thông báo cá nhân hóa",347,2,14.85,0.0
133198,Khách lâu chưa quay lại,0.0409,model,"Kéo lại bằng phim mới, voucher quay lại, thông báo cá nhân hóa",361,1,13.4,0.0
210246,Khách lâu chưa quay lại,0.0409,model,"Kéo lại bằng phim mới, voucher quay lại, thông báo cá nhân hóa",328,2,4.45,0.0
167628,Khách lâu chưa quay lại,0.0409,model,"Kéo lại bằng phim mới, voucher quay lại, thông báo cá nhân hóa",487,3,22.27,0.0
109093,Khách lâu chưa quay lại,0.0409,model,"Kéo lại bằng phim mới, voucher quay lại, thông báo cá nhân hóa",323,3,17.81,0.3333
187764,Khách thường xuyên,0.0409,model,"Duy trì, không cần giảm giá sâu",33,1,6.85,0.0
214745,Khách lâu chưa quay lại,0.0409,model,"Kéo lại bằng phim mới, voucher quay lại, thông báo cá nhân hóa",323,2,11.51,0.5
110699,Khách lâu chưa quay lại,0.0408,model,"Kéo lại bằng phim mới, voucher quay lại, thông báo cá nhân hóa",337,3,18.06,0.3333
123542,Khách lâu chưa quay lại,0.0408,model,"Kéo lại bằng phim mới, voucher quay lại, thông báo cá nhân hóa",308,1,0.33,0.0
104730,Khách giá trị cao,0.0408,model,"Membership, ưu đãi đặc quyền, đặt vé sớm phim hot",99,8,59.84,0.5
162559,Khách lâu chưa quay lại,0.0408,model,"Kéo lại bằng phim mới, voucher quay lại, thông báo cá nhân hóa",311,2,14.77,0.5
127722,Khách lâu chưa quay lại,0.0408,model,"Kéo lại bằng phim mới, voucher quay lại, thông báo cá nhân hóa",1114,1,3.92,0.0
117373,Khách lâu chưa quay lại,0.0408,model,"Kéo lại bằng phim mới, voucher quay lại, thông báo cá nhân hóa",1107,1,3.92,0.0
109760,Khách lâu chưa quay lại,0.0408,model,"Kéo lại bằng phim mới, voucher quay lại, thông báo cá nhân hóa",1096,1,3.92,0.0
124430,Khách lâu chưa quay lại,0.0408,model,"Kéo lại bằng phim mới, voucher quay lại, thông báo cá nhân hóa",321,2,18.97,0.0
103361,Khách lâu chưa quay lại,0.0408,model,"Kéo lại bằng phim mới, voucher quay lại, thông báo cá nhân hóa",435,2,17.56,1.0
191245,Khách lâu chưa quay lại,0.0408,model,"Kéo lại bằng phim mới, voucher quay lại, thông báo cá nhân hóa",357,1,3.26,0.0
112767,Khách lâu chưa quay lại,0.0408,model,"Kéo lại bằng phim mới, voucher quay lại, thông báo cá nhân hóa",356,1,3.3,0.0
101283,Khách lâu chưa quay lại,0.0408,model,"Kéo lại bằng phim mới, voucher quay lại, thông báo cá nhân hóa",499,2,22.8,1.0
103553,Khách giá trị cao,0.0408,model,"Membership, ưu đãi đặc quyền, đặt vé sớm phim hot",78,3,22.1,0.6667
212841,Khách lâu chưa quay lại,0.0407,model,"Kéo lại bằng phim mới, voucher quay lại, thông báo cá nhân hóa",359,2,9.81,1.0
160740,Khách thường xuyên,0.0407,model,"Duy trì, không cần giảm giá sâu",51,1,3.09,0.0
191227,Khách mua một lần (mới),0.0407,model,Tặng coupon cho lần mua thứ hai trong vòng 7–14 ngày,5,1,3.09,0.0
105551,Khách mua một lần (mới),0.0407,model,Tặng coupon cho lần mua thứ hai trong vòng 7–14 ngày,16,1,3.09,0.0
199951,Khách mua một lần (mới),0.0407,model,Tặng coupon cho lần mua thứ hai trong vòng 7–14 ngày,18,1,3.09,0.0
178542,Khách mua một lần (mới),0.0407,model,Tặng coupon cho lần mua thứ hai trong vòng 7–14 ngày,4,1,3.09,0.0
101838,Khách lâu chưa quay lại,0.0407,model,"Kéo lại bằng phim mới, voucher quay lại, thông báo cá nhân hóa",363,4,34.39,0.0
179607,Khách nhạy khuyến mãi,0.0407,model,"Chuyển từ giảm giá trực tiếp sang tích điểm, voucher cá nhân hóa",63,1,6.51,1.0
187461,Khách nhạy khuyến mãi,0.0407,model,"Chuyển từ giảm giá trực tiếp sang tích điểm, voucher cá nhân hóa",63,1,6.51,1.0
103403,Khách nhạy khuyến mãi,0.0407,model,"Chuyển từ giảm giá trực tiếp sang tích điểm, voucher cá nhân hóa",62,1,6.51,1.0
150520,Khách nhạy khuyến mãi,0.0407,model,"Chuyển từ giảm giá trực tiếp sang tích điểm, voucher cá nhân hóa",63,1,6.51,1.0
116066,Khách nhạy khuyến mãi,0.0407,model,"Chuyển từ giảm giá trực tiếp sang tích điểm, voucher cá nhân hóa",60,1,6.51,1.0
121501,Khách nhạy khuyến mãi,0.0407,model,"Chuyển từ giảm giá trực tiếp sang tích điểm, voucher cá nhân hóa",57,1,6.51,1.0
106381,Khách nhạy khuyến mãi,0.0407,model,"Chuyển từ giảm giá trực tiếp sang tích điểm, voucher cá nhân hóa",46,1,6.51,1.0
125117,Khách nhạy khuyến mãi,0.0407,model,"Chuyển từ giảm giá trực tiếp sang tích điểm, voucher cá nhân hóa",62,1,6.51,1.0
120657,Khách nhạy khuyến mãi,0.0407,model,"Chuyển từ giảm giá trực tiếp sang tích điểm, voucher cá nhân hóa",63,1,6.51,1.0
140621,Khách lâu chưa quay lại,0.0407,model,"Kéo lại bằng phim mới, voucher quay lại, thông báo cá nhân hóa",764,3,19.23,0.6667
103632,Khách lâu chưa quay lại,0.0407,model,"Kéo lại bằng phim mới, voucher quay lại, thông báo cá nhân hóa",985,3,30.51,0.0
140811,Khách lâu chưa quay lại,0.0407,model,"Kéo lại bằng phim mới, voucher quay lại, thông báo cá nhân hóa",360,2,20.01,0.0
158578,Khách lâu chưa quay lại,0.0407,model,"Kéo lại bằng phim mới, voucher quay lại, thông báo cá nhân hóa",885,3,19.55,1.0
104892,Khách lâu chưa quay lại,0.0407,model,"Kéo lại bằng phim mới, voucher quay lại, thông báo cá nhân hóa",882,4,36.51,0.5
147504,Khách mua một lần (mới),0.0407,model,Tặng coupon cho lần mua thứ hai trong vòng 7–14 ngày,0,1,6.27,1.0
120533,Khách mua một lần (mới),0.0407,model,Tặng coupon cho lần mua thứ hai trong vòng 7–14 ngày,23,1,6.27,1.0
186376,Khách mua một lần (mới),0.0407,model,Tặng coupon cho lần mua thứ hai trong vòng 7–14 ngày,15,1,6.27,1.0
118670,Khách mua một lần (mới),0.0407,model,Tặng coupon cho lần mua thứ hai trong vòng 7–14 ngày,7,1,6.27,1.0
191282,Khách mua một lần (mới),0.0407,model,Tặng coupon cho lần mua thứ hai trong vòng 7–14 ngày,5,1,6.27,1.0
214426,Khách mua một lần (mới),0.0407,model,Tặng coupon cho lần mua thứ hai trong vòng 7–14 ngày,21,1,6.27,1.0
169950,Khách mua một lần (mới),0.0407,model,Tặng coupon cho lần mua thứ hai trong vòng 7–14 ngày,0,1,6.27,1.0
107448,Khách mua một lần (mới),0.0407,model,Tặng coupon cho lần mua thứ hai trong vòng 7–14 ngày,15,1,6.27,1.0
129903,Khách mua một lần (mới),0.0407,model,Tặng coupon cho lần mua thứ hai trong vòng 7–14 ngày,1,1,6.27,1.0
138207,Khách mua một lần (mới),0.0407,model,Tặng coupon cho lần mua thứ hai trong vòng 7–14 ngày,1,1,6.27,1.0
129047,Khách mua một lần (mới),0.0407,model,Tặng coupon cho lần mua thứ hai trong vòng 7–14 ngày,21,1,6.27,1.0
194063,Khách mua một lần (mới),0.0407,model,Tặng coupon cho lần mua thứ hai trong vòng 7–14 ngày,16,1,6.27,1.0
192572,Khách mua một lần (mới),0.0407,model,Tặng coupon cho lần mua thứ hai trong vòng 7–14 ngày,28,1,6.27,1.0
193257,Khách mua một lần (mới),0.0407,model,Tặng coupon cho lần mua thứ hai trong vòng 7–14 ngày,1,1,6.27,1.0
145772,Khách mua một lần (mới),0.0407,model,Tặng coupon cho lần mua thứ hai trong vòng 7–14 ngày,23,1,6.27,1.0
160008,Khách lâu chưa quay lại,0.0407,model,"Kéo lại bằng phim mới, voucher quay lại, thông báo cá nhân hóa",358,1,9.78,1.0
134148,Khách lâu chưa quay lại,0.0407,model,"Kéo lại bằng phim mới, voucher quay lại, thông báo cá nhân hóa",331,2,13.04,1.0
190142,Khách lâu chưa quay lại,0.0406,model,"Kéo lại bằng phim mới, voucher quay lại, thông báo cá nhân hóa",337,2,16.28,1.0
117532,Khách lâu chưa quay lại,0.0406,model,"Kéo lại bằng phim mới, voucher quay lại, thông báo cá nhân hóa",331,2,17.11,1.0
213856,Khách nhạy khuyến mãi,0.0406,model,"Chuyển từ giảm giá trực tiếp sang tích điểm, voucher cá nhân hóa",34,1,6.42,1.0
105733,Khách giá trị cao,0.0405,model,"Membership, ưu đãi đặc quyền, đặt vé sớm phim hot",18,3,16.29,0.3333
145743,Khách nhạy khuyến mãi,0.0405,model,"Chuyển từ giảm giá trực tiếp sang tích điểm, voucher cá nhân hóa",79,1,6.52,1.0
199163,Khách nhạy khuyến mãi,0.0405,model,"Chuyển từ giảm giá trực tiếp sang tích điểm, voucher cá nhân hóa",75,1,4.54,1.0
195743,Khách nhạy khuyến mãi,0.0405,model,"Chuyển từ giảm giá trực tiếp sang tích điểm, voucher cá nhân hóa",68,1,4.54,1.0
223774,Khách nhạy khuyến mãi,0.0405,model,"Chuyển từ giảm giá trực tiếp sang tích điểm, voucher cá nhân hóa",76,1,4.54,1.0
150970,Khách nhạy khuyến mãi,0.0405,model,"Chuyển từ giảm giá trực tiếp sang tích điểm, voucher cá nhân hóa",75,1,4.54,1.0
112111,Khách nhạy khuyến mãi,0.0405,model,"Chuyển từ giảm giá trực tiếp sang tích điểm, voucher cá nhân hóa",76,1,4.54,1.0
203242,Khách nhạy khuyến mãi,0.0405,model,"Chuyển từ giảm giá trực tiếp sang tích điểm, voucher cá nhân hóa",76,1,4.54,1.0
108698,Khách nhạy khuyến mãi,0.0405,model,"Chuyển từ giảm giá trực tiếp sang tích điểm, voucher cá nhân hóa",66,1,4.54,1.0
181630,Khách nhạy khuyến mãi,0.0405,model,"Chuyển từ giảm giá trực tiếp sang tích điểm, voucher cá nhân hóa",76,1,4.54,1.0
102950,Khách lâu chưa quay lại,0.0405,model,"Kéo lại bằng phim mới, voucher quay lại, thông báo cá nhân hóa",323,1,11.01,1.0
115643,Khách lâu chưa quay lại,0.0405,model,"Kéo lại bằng phim mới, voucher quay lại, thông báo cá nhân hóa",461,2,13.89,0.5
162318,Khách lâu chưa quay lại,0.0405,model,"Kéo lại bằng phim mới, voucher quay lại, thông báo cá nhân hóa",484,3,11.92,0.3333
129368,Khách lâu chưa quay lại,0.0405,model,"Kéo lại bằng phim mới, voucher quay lại, thông báo cá nhân hóa",960,2,13.03,1.0
134154,Khách lâu chưa quay lại,0.0404,model,"Kéo lại bằng phim mới, voucher quay lại, thông báo cá nhân hóa",989,2,10.63,0.5
146351,Khách lâu chưa quay lại,0.0404,model,"Kéo lại bằng phim mới, voucher quay lại, thông báo cá nhân hóa",858,5,40.42,0.0
168361,Khách lâu chưa quay lại,0.0404,model,"Kéo lại bằng phim mới, voucher quay lại, thông báo cá nhân hóa",435,2,13.03,1.0
110229,Khách lâu chưa quay lại,0.0404,model,"Kéo lại bằng phim mới, voucher quay lại, thông báo cá nhân hóa",349,2,19.79,0.0
102094,Khách lâu chưa quay lại,0.0404,model,"Kéo lại bằng phim mới, voucher quay lại, thông báo cá nhân hóa",317,2,28.71,1.0
107322,Khách lâu chưa quay lại,0.0404,model,"Kéo lại bằng phim mới, voucher quay lại, thông báo cá nhân hóa",1044,1,3.09,0.0
139969,Khách lâu chưa quay lại,0.0404,model,"Kéo lại bằng phim mới, voucher quay lại, thông báo cá nhân hóa",1044,1,3.09,0.0
160303,Khách lâu chưa quay lại,0.0404,model,"Kéo lại bằng phim mới, voucher quay lại, thông báo cá nhân hóa",1046,1,3.09,0.0
154167,Khách lâu chưa quay lại,0.0404,model,"Kéo lại bằng phim mới, voucher quay lại, thông báo cá nhân hóa",1053,1,3.09,0.0
148110,Khách lâu chưa quay lại,0.0404,model,"Kéo lại bằng phim mới, voucher quay lại, thông báo cá nhân hóa",882,3,20.62,1.0
129080,Khách giá trị cao,0.0404,model,"Membership, ưu đãi đặc quyền, đặt vé sớm phim hot",97,4,37.67,0.5
150133,Khách lâu chưa quay lại,0.0403,model,"Kéo lại bằng phim mới, voucher quay lại, thông báo cá nhân hóa",961,1,3.26,1.0
212101,Khách lâu chưa quay lại,0.0403,model,"Kéo lại bằng phim mới, voucher quay lại, thông báo cá nhân hóa",338,2,32.79,1.0
115619,Khách lâu chưa quay lại,0.0403,model,"Kéo lại bằng phim mới, voucher quay lại, thông báo cá nhân hóa",1158,1,18.15,0.0
149434,Khách lâu chưa quay lại,0.0403,model,"Kéo lại bằng phim mới, voucher quay lại, thông báo cá nhân hóa",1095,1,17.73,0.0
118254,Khách lâu chưa quay lại,0.0403,model,"Kéo lại bằng phim mới, voucher quay lại, thông báo cá nhân hóa",1130,1,18.15,0.0
131733,Khách lâu chưa quay lại,0.0402,model,"Kéo lại bằng phim mới, voucher quay lại, thông báo cá nhân hóa",932,3,19.54,1.0
117884,Khách lâu chưa quay lại,0.0402,model,"Kéo lại bằng phim mới, voucher quay lại, thông báo cá nhân hóa",462,2,16.49,0.0
151173,Khách lâu chưa quay lại,0.0402,model,"Kéo lại bằng phim mới, voucher quay lại, thông báo cá nhân hóa",316,3,23.74,0.6667
165546,Khách lâu chưa quay lại,0.0401,model,"Kéo lại bằng phim mới, voucher quay lại, thông báo cá nhân hóa",358,2,25.16,0.0
120915,Khách lâu chưa quay lại,0.0401,model,"Kéo lại bằng phim mới, voucher quay lại, thông báo cá nhân hóa",756,3,31.66,0.3333
112838,Khách lâu chưa quay lại,0.0401,model,"Kéo lại bằng phim mới, voucher quay lại, thông báo cá nhân hóa",757,3,32.91,0.3333
207101,Khách mua một lần (mới),0.0401,model,Tặng coupon cho lần mua thứ hai trong vòng 7–14 ngày,4,1,11.83,1.0
138640,Khách lâu chưa quay lại,0.0401,model,"Kéo lại bằng phim mới, voucher quay lại, thông báo cá nhân hóa",862,2,18.81,1.0
103935,Khách lâu chưa quay lại,0.0401,model,"Kéo lại bằng phim mới, voucher quay lại, thông báo cá nhân hóa",862,2,15.39,0.0
120258,Khách lâu chưa quay lại,0.0401,model,"Kéo lại bằng phim mới, voucher quay lại, thông báo cá nhân hóa",373,2,11.21,1.0
145031,Khách lâu chưa quay lại,0.0401,model,"Kéo lại bằng phim mới, voucher quay lại, thông báo cá nhân hóa",849,2,18.15,0.0
158431,Khách lâu chưa quay lại,0.0401,model,"Kéo lại bằng phim mới, voucher quay lại, thông báo cá nhân hóa",891,2,13.02,1.0
135957,Khách lâu chưa quay lại,0.0401,model,"Kéo lại bằng phim mới, voucher quay lại, thông báo cá nhân hóa",911,2,13.03,1.0
169150,Khách lâu chưa quay lại,0.0401,model,"Kéo lại bằng phim mới, voucher quay lại, thông báo cá nhân hóa",344,4,50.4,0.25
109726,Khách lâu chưa quay lại,0.0401,model,"Kéo lại bằng phim mới, voucher quay lại, thông báo cá nhân hóa",1078,2,11.54,0.0
119982,Khách lâu chưa quay lại,0.0401,model,"Kéo lại bằng phim mới, voucher quay lại, thông báo cá nhân hóa",948,3,28.86,0.0
109097,Khách lâu chưa quay lại,0.0401,model,"Kéo lại bằng phim mới, voucher quay lại, thông báo cá nhân hóa",877,2,15.92,1.0
131885,Khách lâu chưa quay lại,0.0401,model,"Kéo lại bằng phim mới, voucher quay lại, thông báo cá nhân hóa",358,2,13.04,1.0
173452,Khách lâu chưa quay lại,0.0401,model,"Kéo lại bằng phim mới, voucher quay lại, thông báo cá nhân hóa",433,3,7.59,0.3333
160948,Khách lâu chưa quay lại,0.0401,model,"Kéo lại bằng phim mới, voucher quay lại, thông báo cá nhân hóa",334,2,15.88,0.0
122452,Khách lâu chưa quay lại,0.0401,model,"Kéo lại bằng phim mới, voucher quay lại, thông báo cá nhân hóa",433,2,8.57,0.5
160581,Khách lâu chưa quay lại,0.0401,model,"Kéo lại bằng phim mới, voucher quay lại, thông báo cá nhân hóa",360,1,9.9,0.0
141013,Khách lâu chưa quay lại,0.04,model,"Kéo lại bằng phim mới, voucher quay lại, thông báo cá nhân hóa",1068,2,18.14,0.5
138489,Khách lâu chưa quay lại,0.04,model,"Kéo lại bằng phim mới, voucher quay lại, thông báo cá nhân hóa",346,3,22.15,0.3333
139719,Khách lâu chưa quay lại,0.04,model,"Kéo lại bằng phim mới, voucher quay lại, thông báo cá nhân hóa",342,6,48.49,0.3333
119524,Khách lâu chưa quay lại,0.04,model,"Kéo lại bằng phim mới, voucher quay lại, thông báo cá nhân hóa",722,5,39.6,0.0
126076,Khách lâu chưa quay lại,0.04,model,"Kéo lại bằng phim mới, voucher quay lại, thông báo cá nhân hóa",1016,1,3.26,1.0
125338,Khách lâu chưa quay lại,0.04,model,"Kéo lại bằng phim mới, voucher quay lại, thông báo cá nhân hóa",1123,1,29.69,0.0
119201,Khách lâu chưa quay lại,0.04,model,"Kéo lại bằng phim mới, voucher quay lại, thông báo cá nhân hóa",1104,1,29.69,0.0
117172,Khách lâu chưa quay lại,0.04,model,"Kéo lại bằng phim mới, voucher quay lại, thông báo cá nhân hóa",1095,1,30.93,0.0
131318,Khách lâu chưa quay lại,0.04,model,"Kéo lại bằng phim mới, voucher quay lại, thông báo cá nhân hóa",1098,1,29.69,0.0
148016,Khách lâu chưa quay lại,0.04,model,"Kéo lại bằng phim mới, voucher quay lại, thông báo cá nhân hóa",1119,1,28.87,0.0
129570,Khách lâu chưa quay lại,0.04,model,"Kéo lại bằng phim mới, voucher quay lại, thông báo cá nhân hóa",1146,1,29.69,0.0
103869,Khách lâu chưa quay lại,0.04,model,"Kéo lại bằng phim mới, voucher quay lại, thông báo cá nhân hóa",1121,1,28.87,0.0
213378,Khách lâu chưa quay lại,0.04,model,"Kéo lại bằng phim mới, voucher quay lại, thông báo cá nhân hóa",349,1,24.74,0.0
111069,Khách nhạy khuyến mãi,0.04,model,"Chuyển từ giảm giá trực tiếp sang tích điểm, voucher cá nhân hóa",21,2,15.75,0.5
152680,Khách thường xuyên,0.04,model,"Duy trì, không cần giảm giá sâu",80,2,18.82,0.0
154837,Khách thường xuyên,0.04,model,"Duy trì, không cần giảm giá sâu",88,2,18.85,0.0
184852,Khách mua một lần (mới),0.0399,model,Tặng coupon cho lần mua thứ hai trong vòng 7–14 ngày,18,1,2.27,0.0
184355,Khách mua một lần (mới),0.0399,model,Tặng coupon cho lần mua thứ hai trong vòng 7–14 ngày,20,1,2.27,0.0
207378,Khách mua một lần (mới),0.0399,model,Tặng coupon cho lần mua thứ hai trong vòng 7–14 ngày,18,1,2.27,0.0
136925,Khách nhạy khuyến mãi,0.0399,model,"Chuyển từ giảm giá trực tiếp sang tích điểm, voucher cá nhân hóa",20,2,12.21,1.0
113216,Khách lâu chưa quay lại,0.0399,model,"Kéo lại bằng phim mới, voucher quay lại, thông báo cá nhân hóa",1046,2,26.39,0.0
139396,Khách lâu chưa quay lại,0.0399,model,"Kéo lại bằng phim mới, voucher quay lại, thông báo cá nhân hóa",858,3,19.1,0.3333
153862,Khách lâu chưa quay lại,0.0399,model,"Kéo lại bằng phim mới, voucher quay lại, thông báo cá nhân hóa",497,1,24.62,1.0
108269,Khách lâu chưa quay lại,0.0399,model,"Kéo lại bằng phim mới, voucher quay lại, thông báo cá nhân hóa",915,3,20.63,0.0
128701,Khách lâu chưa quay lại,0.0399,model,"Kéo lại bằng phim mới, voucher quay lại, thông báo cá nhân hóa",359,2,16.3,1.0
104538,Khách lâu chưa quay lại,0.0398,model,"Kéo lại bằng phim mới, voucher quay lại, thông báo cá nhân hóa",350,2,13.04,1.0
197416,Khách thường xuyên,0.0398,model,"Duy trì, không cần giảm giá sâu",81,1,9.77,0.0
203591,Khách lâu chưa quay lại,0.0398,model,"Kéo lại bằng phim mới, voucher quay lại, thông báo cá nhân hóa",341,2,12.36,0.5
115247,Khách thường xuyên,0.0398,model,"Duy trì, không cần giảm giá sâu",58,2,23.75,0.0
133234,Khách nhạy khuyến mãi,0.0398,model,"Chuyển từ giảm giá trực tiếp sang tích điểm, voucher cá nhân hóa",1,2,12.2,1.0
123997,Khách lâu chưa quay lại,0.0398,model,"Kéo lại bằng phim mới, voucher quay lại, thông báo cá nhân hóa",806,3,31.34,0.0
156126,Khách mua một lần (mới),0.0398,model,Tặng coupon cho lần mua thứ hai trong vòng 7–14 ngày,18,1,7.4,0.0
132028,Khách mua một lần (mới),0.0398,model,Tặng coupon cho lần mua thứ hai trong vòng 7–14 ngày,4,1,7.38,0.0
212133,Khách mua một lần (mới),0.0398,model,Tặng coupon cho lần mua thứ hai trong vòng 7–14 ngày,18,1,7.4,0.0
199507,Khách mua một lần (mới),0.0398,model,Tặng coupon cho lần mua thứ hai trong vòng 7–14 ngày,18,1,7.4,0.0
195486,Khách mua một lần (mới),0.0398,model,Tặng coupon cho lần mua thứ hai trong vòng 7–14 ngày,18,1,7.4,0.0
222265,Khách mua một lần (mới),0.0398,model,Tặng coupon cho lần mua thứ hai trong vòng 7–14 ngày,18,1,7.4,0.0
193798,Khách lâu chưa quay lại,0.0398,model,"Kéo lại bằng phim mới, voucher quay lại, thông báo cá nhân hóa",355,2,4.95,1.0
179614,Khách lâu chưa quay lại,0.0398,model,"Kéo lại bằng phim mới, voucher quay lại, thông báo cá nhân hóa",435,2,29.58,1.0
112427,Khách lâu chưa quay lại,0.0398,model,"Kéo lại bằng phim mới, voucher quay lại, thông báo cá nhân hóa",496,1,17.65,0.0
178156,Khách lâu chưa quay lại,0.0398,model,"Kéo lại bằng phim mới, voucher quay lại, thông báo cá nhân hóa",438,2,15.09,0.0
102372,Khách lâu chưa quay lại,0.0398,model,"Kéo lại bằng phim mới, voucher quay lại, thông báo cá nhân hóa",870,3,26.93,0.0
110981,Khách lâu chưa quay lại,0.0398,model,"Kéo lại bằng phim mới, voucher quay lại, thông báo cá nhân hóa",886,3,26.4,0.0
157083,Khách lâu chưa quay lại,0.0398,model,"Kéo lại bằng phim mới, voucher quay lại, thông báo cá nhân hóa",968,3,13.04,1.0
168497,Khách thường xuyên,0.0398,model,"Duy trì, không cần giảm giá sâu",53,2,16.7,0.0
181755,Khách thường xuyên,0.0398,model,"Duy trì, không cần giảm giá sâu",24,2,10.72,0.0
144240,Khách lâu chưa quay lại,0.0398,model,"Kéo lại bằng phim mới, voucher quay lại, thông báo cá nhân hóa",966,2,16.0,0.5
128392,Khách lâu chưa quay lại,0.0398,model,"Kéo lại bằng phim mới, voucher quay lại, thông báo cá nhân hóa",341,2,18.18,0.5
154859,Khách giá trị cao,0.0398,model,"Membership, ưu đãi đặc quyền, đặt vé sớm phim hot",71,3,19.54,1.0
124423,Khách lâu chưa quay lại,0.0398,model,"Kéo lại bằng phim mới, voucher quay lại, thông báo cá nhân hóa",320,3,26.92,0.6667
164987,Khách lâu chưa quay lại,0.0398,model,"Kéo lại bằng phim mới, voucher quay lại, thông báo cá nhân hóa",501,5,40.26,0.4
147632,Khách lâu chưa quay lại,0.0397,model,"Kéo lại bằng phim mới, voucher quay lại, thông báo cá nhân hóa",322,2,14.73,1.0
133122,Khách lâu chưa quay lại,0.0397,model,"Kéo lại bằng phim mới, voucher quay lại, thông báo cá nhân hóa",856,2,21.91,1.0
101213,Khách lâu chưa quay lại,0.0397,model,"Kéo lại bằng phim mới, voucher quay lại, thông báo cá nhân hóa",320,2,12.37,0.0
112154,Khách lâu chưa quay lại,0.0397,model,"Kéo lại bằng phim mới, voucher quay lại, thông báo cá nhân hóa",816,4,61.32,0.25
157323,Khách lâu chưa quay lại,0.0397,model,"Kéo lại bằng phim mới, voucher quay lại, thông báo cá nhân hóa",884,2,12.67,1.0
113741,Khách lâu chưa quay lại,0.0396,model,"Kéo lại bằng phim mới, voucher quay lại, thông báo cá nhân hóa",487,3,18.51,0.0
197377,Khách thường xuyên,0.0396,model,"Duy trì, không cần giảm giá sâu",49,2,16.08,0.0
114987,Khách lâu chưa quay lại,0.0396,model,"Kéo lại bằng phim mới, voucher quay lại, thông báo cá nhân hóa",417,2,6.59,0.5
222201,Khách nhạy khuyến mãi,0.0396,model,"Chuyển từ giảm giá trực tiếp sang tích điểm, voucher cá nhân hóa",76,1,4.53,1.0
104638,Khách lâu chưa quay lại,0.0396,model,"Kéo lại bằng phim mới, voucher quay lại, thông báo cá nhân hóa",770,5,65.82,0.0
120272,Khách lâu chưa quay lại,0.0396,model,"Kéo lại bằng phim mới, voucher quay lại, thông báo cá nhân hóa",999,3,33.81,0.0
170822,Khách nhạy khuyến mãi,0.0396,model,"Chuyển từ giảm giá trực tiếp sang tích điểm, voucher cá nhân hóa",55,1,9.98,1.0
155893,Khách nhạy khuyến mãi,0.0396,model,"Chuyển từ giảm giá trực tiếp sang tích điểm, voucher cá nhân hóa",63,1,10.02,1.0
182630,Khách nhạy khuyến mãi,0.0396,model,"Chuyển từ giảm giá trực tiếp sang tích điểm, voucher cá nhân hóa",64,1,10.02,1.0
153108,Khách nhạy khuyến mãi,0.0396,model,"Chuyển từ giảm giá trực tiếp sang tích điểm, voucher cá nhân hóa",55,1,10.02,1.0
155696,Khách nhạy khuyến mãi,0.0396,model,"Chuyển từ giảm giá trực tiếp sang tích điểm, voucher cá nhân hóa",57,1,10.02,1.0
120374,Khách lâu chưa quay lại,0.0396,model,"Kéo lại bằng phim mới, voucher quay lại, thông báo cá nhân hóa",342,2,13.9,0.5
163534,Khách lâu chưa quay lại,0.0395,model,"Kéo lại bằng phim mới, voucher quay lại, thông báo cá nhân hóa",807,3,19.95,0.3333
165599,Khách lâu chưa quay lại,0.0395,model,"Kéo lại bằng phim mới, voucher quay lại, thông báo cá nhân hóa",882,1,10.23,1.0
122162,Khách lâu chưa quay lại,0.0395,model,"Kéo lại bằng phim mới, voucher quay lại, thông báo cá nhân hóa",496,3,17.28,0.3333
131266,Khách lâu chưa quay lại,0.0395,model,"Kéo lại bằng phim mới, voucher quay lại, thông báo cá nhân hóa",343,2,9.77,1.0
164521,Khách giá trị cao,0.0395,model,"Membership, ưu đãi đặc quyền, đặt vé sớm phim hot",80,3,20.44,0.6667
115087,Khách nhạy khuyến mãi,0.0394,model,"Chuyển từ giảm giá trực tiếp sang tích điểm, voucher cá nhân hóa",73,1,6.52,1.0
120088,Khách nhạy khuyến mãi,0.0394,model,"Chuyển từ giảm giá trực tiếp sang tích điểm, voucher cá nhân hóa",76,1,6.52,1.0
144101,Khách nhạy khuyến mãi,0.0394,model,"Chuyển từ giảm giá trực tiếp sang tích điểm, voucher cá nhân hóa",76,1,6.52,1.0
104111,Khách nhạy khuyến mãi,0.0394,model,"Chuyển từ giảm giá trực tiếp sang tích điểm, voucher cá nhân hóa",76,1,6.52,1.0
132058,Khách nhạy khuyến mãi,0.0394,model,"Chuyển từ giảm giá trực tiếp sang tích điểm, voucher cá nhân hóa",77,1,6.52,1.0
105725,Khách lâu chưa quay lại,0.0394,model,"Kéo lại bằng phim mới, voucher quay lại, thông báo cá nhân hóa",456,2,12.91,0.5
114353,Khách lâu chưa quay lại,0.0394,model,"Kéo lại bằng phim mới, voucher quay lại, thông báo cá nhân hóa",315,4,19.78,0.0
113774,Khách lâu chưa quay lại,0.0394,model,"Kéo lại bằng phim mới, voucher quay lại, thông báo cá nhân hóa",492,1,13.28,1.0
194324,Khách lâu chưa quay lại,0.0394,model,"Kéo lại bằng phim mới, voucher quay lại, thông báo cá nhân hóa",332,2,34.64,0.0
149902,Khách mua một lần (mới),0.0394,model,Tặng coupon cho lần mua thứ hai trong vòng 7–14 ngày,21,1,7.06,1.0
115151,Khách lâu chưa quay lại,0.0394,model,"Kéo lại bằng phim mới, voucher quay lại, thông báo cá nhân hóa",871,2,13.93,0.5
136640,Khách lâu chưa quay lại,0.0394,model,"Kéo lại bằng phim mới, voucher quay lại, thông báo cá nhân hóa",363,2,18.89,0.5
125876,Khách lâu chưa quay lại,0.0394,model,"Kéo lại bằng phim mới, voucher quay lại, thông báo cá nhân hóa",745,2,10.31,0.5
170806,Khách nhạy khuyến mãi,0.0393,model,"Chuyển từ giảm giá trực tiếp sang tích điểm, voucher cá nhân hóa",75,1,2.27,1.0
225308,Khách mua một lần (mới),0.0393,model,Tặng coupon cho lần mua thứ hai trong vòng 7–14 ngày,10,1,2.06,1.0
173519,Khách nhạy khuyến mãi,0.0393,model,"Chuyển từ giảm giá trực tiếp sang tích điểm, voucher cá nhân hóa",75,1,2.27,1.0
163735,Khách lâu chưa quay lại,0.0393,model,"Kéo lại bằng phim mới, voucher quay lại, thông báo cá nhân hóa",308,3,19.53,1.0
124343,Khách lâu chưa quay lại,0.0393,model,"Kéo lại bằng phim mới, voucher quay lại, thông báo cá nhân hóa",411,3,17.24,0.3333
156219,Khách nhạy khuyến mãi,0.0393,model,"Chuyển từ giảm giá trực tiếp sang tích điểm, voucher cá nhân hóa",85,1,6.52,1.0
126537,Khách nhạy khuyến mãi,0.0393,model,"Chuyển từ giảm giá trực tiếp sang tích điểm, voucher cá nhân hóa",77,1,6.52,1.0
133627,Khách nhạy khuyến mãi,0.0393,model,"Chuyển từ giảm giá trực tiếp sang tích điểm, voucher cá nhân hóa",79,1,6.52,1.0
189347,Khách nhạy khuyến mãi,0.0393,model,"Chuyển từ giảm giá trực tiếp sang tích điểm, voucher cá nhân hóa",84,1,6.52,1.0
110780,Khách lâu chưa quay lại,0.0393,model,"Kéo lại bằng phim mới, voucher quay lại, thông báo cá nhân hóa",323,6,37.69,0.8333
101332,Khách lâu chưa quay lại,0.0393,model,"Kéo lại bằng phim mới, voucher quay lại, thông báo cá nhân hóa",870,2,15.06,0.5
144886,Khách lâu chưa quay lại,0.0393,model,"Kéo lại bằng phim mới, voucher quay lại, thông báo cá nhân hóa",869,3,16.41,0.3333
107107,Khách lâu chưa quay lại,0.0393,model,"Kéo lại bằng phim mới, voucher quay lại, thông báo cá nhân hóa",849,4,24.66,0.25
117220,Khách lâu chưa quay lại,0.0392,model,"Kéo lại bằng phim mới, voucher quay lại, thông báo cá nhân hóa",1045,1,9.4,1.0
127968,Khách nhạy khuyến mãi,0.0392,model,"Chuyển từ giảm giá trực tiếp sang tích điểm, voucher cá nhân hóa",57,2,12.45,1.0
190548,Khách mua một lần (mới),0.0392,model,Tặng coupon cho lần mua thứ hai trong vòng 7–14 ngày,21,1,11.88,0.0
163582,Khách lâu chưa quay lại,0.0392,model,"Kéo lại bằng phim mới, voucher quay lại, thông báo cá nhân hóa",311,2,25.16,0.5
180989,Khách mua một lần (mới),0.0392,model,Tặng coupon cho lần mua thứ hai trong vòng 7–14 ngày,19,1,6.52,0.0
139309,Khách mua một lần (mới),0.0392,model,Tặng coupon cho lần mua thứ hai trong vòng 7–14 ngày,18,1,6.52,0.0
208977,Khách mua một lần (mới),0.0392,model,Tặng coupon cho lần mua thứ hai trong vòng 7–14 ngày,11,1,6.52,0.0
152633,Khách mua một lần (mới),0.0392,model,Tặng coupon cho lần mua thứ hai trong vòng 7–14 ngày,18,1,6.52,0.0
109378,Khách giá trị cao,0.0391,model,"Membership, ưu đãi đặc quyền, đặt vé sớm phim hot",50,3,30.94,0.6667
153776,Khách lâu chưa quay lại,0.0391,model,"Kéo lại bằng phim mới, voucher quay lại, thông báo cá nhân hóa",849,1,13.04,1.0
159387,Khách lâu chưa quay lại,0.0391,model,"Kéo lại bằng phim mới, voucher quay lại, thông báo cá nhân hóa",512,2,22.82,1.0
184370,Khách thường xuyên,0.0391,model,"Duy trì, không cần giảm giá sâu",78,1,4.47,0.0
219778,Khách thường xuyên,0.0391,model,"Duy trì, không cần giảm giá sâu",76,1,4.88,0.0
182515,Khách mua một lần (mới),0.0391,model,Tặng coupon cho lần mua thứ hai trong vòng 7–14 ngày,2,1,4.95,0.0
205814,Khách lâu chưa quay lại,0.0391,model,"Kéo lại bằng phim mới, voucher quay lại, thông báo cá nhân hóa",91,1,4.88,0.0
186015,Khách nhạy khuyến mãi,0.0391,model,"Chuyển từ giảm giá trực tiếp sang tích điểm, voucher cá nhân hóa",75,1,4.54,1.0
189198,Khách nhạy khuyến mãi,0.0391,model,"Chuyển từ giảm giá trực tiếp sang tích điểm, voucher cá nhân hóa",75,1,4.54,1.0
120687,Khách nhạy khuyến mãi,0.0391,model,"Chuyển từ giảm giá trực tiếp sang tích điểm, voucher cá nhân hóa",75,1,4.54,1.0
219449,Khách nhạy khuyến mãi,0.0391,model,"Chuyển từ giảm giá trực tiếp sang tích điểm, voucher cá nhân hóa",76,1,4.54,1.0
207534,Khách nhạy khuyến mãi,0.0391,model,"Chuyển từ giảm giá trực tiếp sang tích điểm, voucher cá nhân hóa",75,1,4.54,1.0
209900,Khách nhạy khuyến mãi,0.0391,model,"Chuyển từ giảm giá trực tiếp sang tích điểm, voucher cá nhân hóa",75,1,4.54,1.0
220985,Khách nhạy khuyến mãi,0.0391,model,"Chuyển từ giảm giá trực tiếp sang tích điểm, voucher cá nhân hóa",75,1,4.54,1.0
131136,Khách lâu chưa quay lại,0.0391,model,"Kéo lại bằng phim mới, voucher quay lại, thông báo cá nhân hóa",872,3,27.63,0.0
171973,Khách lâu chưa quay lại,0.0391,model,"Kéo lại bằng phim mới, voucher quay lại, thông báo cá nhân hóa",97,1,6.51,1.0
127686,Khách lâu chưa quay lại,0.0391,model,"Kéo lại bằng phim mới, voucher quay lại, thông báo cá nhân hóa",784,5,18.02,0.6
112905,Khách lâu chưa quay lại,0.0391,model,"Kéo lại bằng phim mới, voucher quay lại, thông báo cá nhân hóa",357,2,9.45,0.5
112756,Khách lâu chưa quay lại,0.0391,model,"Kéo lại bằng phim mới, voucher quay lại, thông báo cá nhân hóa",446,2,17.19,0.5
123427,Khách lâu chưa quay lại,0.039,model,"Kéo lại bằng phim mới, voucher quay lại, thông báo cá nhân hóa",322,3,19.55,1.0
109627,Khách lâu chưa quay lại,0.039,model,"Kéo lại bằng phim mới, voucher quay lại, thông báo cá nhân hóa",324,2,25.44,0.5
105957,Khách lâu chưa quay lại,0.039,model,"Kéo lại bằng phim mới, voucher quay lại, thông báo cá nhân hóa",1122,1,22.68,0.0
154482,Khách lâu chưa quay lại,0.039,model,"Kéo lại bằng phim mới, voucher quay lại, thông báo cá nhân hóa",1106,1,23.51,0.0
125728,Khách lâu chưa quay lại,0.039,model,"Kéo lại bằng phim mới, voucher quay lại, thông báo cá nhân hóa",1125,1,23.09,0.0
102933,Khách lâu chưa quay lại,0.039,model,"Kéo lại bằng phim mới, voucher quay lại, thông báo cá nhân hóa",1121,1,22.68,0.0
158645,Khách lâu chưa quay lại,0.039,model,"Kéo lại bằng phim mới, voucher quay lại, thông báo cá nhân hóa",1044,2,33.24,1.0
153414,Khách lâu chưa quay lại,0.039,model,"Kéo lại bằng phim mới, voucher quay lại, thông báo cá nhân hóa",427,2,13.89,0.5
134588,Khách thường xuyên,0.039,model,"Duy trì, không cần giảm giá sâu",6,2,9.89,0.0
109102,Khách lâu chưa quay lại,0.039,model,"Kéo lại bằng phim mới, voucher quay lại, thông báo cá nhân hóa",428,1,17.11,1.0
189083,Khách nhạy khuyến mãi,0.039,model,"Chuyển từ giảm giá trực tiếp sang tích điểm, voucher cá nhân hóa",81,1,3.26,1.0
151826,Khách lâu chưa quay lại,0.039,model,"Kéo lại bằng phim mới, voucher quay lại, thông báo cá nhân hóa",1045,1,3.26,1.0
161371,Khách lâu chưa quay lại,0.039,model,"Kéo lại bằng phim mới, voucher quay lại, thông báo cá nhân hóa",1040,1,3.26,1.0
114200,Khách giá trị cao,0.039,model,"Membership, ưu đãi đặc quyền, đặt vé sớm phim hot",3,3,17.86,0.3333
131742,Khách lâu chưa quay lại,0.039,model,"Kéo lại bằng phim mới, voucher quay lại, thông báo cá nhân hóa",91,1,6.1,0.0
101241,Khách lâu chưa quay lại,0.039,model,"Kéo lại bằng phim mới, voucher quay lại, thông báo cá nhân hóa",353,3,84.95,0.0
105781,Khách lâu chưa quay lại,0.039,model,"Kéo lại bằng phim mới, voucher quay lại, thông báo cá nhân hóa",308,2,9.77,1.0
117914,Khách lâu chưa quay lại,0.0389,model,"Kéo lại bằng phim mới, voucher quay lại, thông báo cá nhân hóa",814,2,25.53,0.0
131484,Khách lâu chưa quay lại,0.0389,model,"Kéo lại bằng phim mới, voucher quay lại, thông báo cá nhân hóa",945,4,47.31,0.25
106055,Khách lâu chưa quay lại,0.0389,model,"Kéo lại bằng phim mới, voucher quay lại, thông báo cá nhân hóa",442,2,17.73,0.5
118573,Khách lâu chưa quay lại,0.0389,model,"Kéo lại bằng phim mới, voucher quay lại, thông báo cá nhân hóa",828,3,19.54,1.0
139161,Khách lâu chưa quay lại,0.0389,model,"Kéo lại bằng phim mới, voucher quay lại, thông báo cá nhân hóa",359,1,2.02,0.0
132613,Khách giá trị cao,0.0389,model,"Membership, ưu đãi đặc quyền, đặt vé sớm phim hot",2,5,35.85,1.0
170957,Khách lâu chưa quay lại,0.0389,model,"Kéo lại bằng phim mới, voucher quay lại, thông báo cá nhân hóa",377,2,21.36,0.0
141345,Khách lâu chưa quay lại,0.0389,model,"Kéo lại bằng phim mới, voucher quay lại, thông báo cá nhân hóa",813,6,56.78,0.1667
141689,Khách lâu chưa quay lại,0.0389,model,"Kéo lại bằng phim mới, voucher quay lại, thông báo cá nhân hóa",346,3,31.58,0.3333
138224,Khách lâu chưa quay lại,0.0388,model,"Kéo lại bằng phim mới, voucher quay lại, thông báo cá nhân hóa",442,3,20.03,0.6667
120441,Khách lâu chưa quay lại,0.0388,model,"Kéo lại bằng phim mới, voucher quay lại, thông báo cá nhân hóa",351,3,20.45,0.3333
140958,Khách nhạy khuyến mãi,0.0388,model,"Chuyển từ giảm giá trực tiếp sang tích điểm, voucher cá nhân hóa",13,2,23.88,0.5
132409,Khách nhạy khuyến mãi,0.0388,model,"Chuyển từ giảm giá trực tiếp sang tích điểm, voucher cá nhân hóa",75,2,13.48,0.5
161140,Khách lâu chưa quay lại,0.0387,model,"Kéo lại bằng phim mới, voucher quay lại, thông báo cá nhân hóa",485,3,23.59,0.6667
106210,Khách lâu chưa quay lại,0.0387,model,"Kéo lại bằng phim mới, voucher quay lại, thông báo cá nhân hóa",430,3,43.01,0.0
107366,Khách lâu chưa quay lại,0.0387,model,"Kéo lại bằng phim mới, voucher quay lại, thông báo cá nhân hóa",931,2,13.93,0.5
122953,Khách lâu chưa quay lại,0.0387,model,"Kéo lại bằng phim mới, voucher quay lại, thông báo cá nhân hóa",320,3,32.49,0.3333
129715,Khách lâu chưa quay lại,0.0387,model,"Kéo lại bằng phim mới, voucher quay lại, thông báo cá nhân hóa",436,4,38.76,0.0
127315,Khách thường xuyên,0.0387,model,"Duy trì, không cần giảm giá sâu",60,2,20.78,0.0
100567,Khách lâu chưa quay lại,0.0387,model,"Kéo lại bằng phim mới, voucher quay lại, thông báo cá nhân hóa",444,4,32.98,0.0
109960,Khách mua một lần (mới),0.0387,model,Tặng coupon cho lần mua thứ hai trong vòng 7–14 ngày,17,1,2.84,1.0
100413,Khách mua một lần (mới),0.0387,model,Tặng coupon cho lần mua thứ hai trong vòng 7–14 ngày,19,1,2.84,1.0
190703,Khách mua một lần (mới),0.0387,model,Tặng coupon cho lần mua thứ hai trong vòng 7–14 ngày,26,1,2.84,1.0
179300,Khách mua một lần (mới),0.0387,model,Tặng coupon cho lần mua thứ hai trong vòng 7–14 ngày,26,1,2.84,1.0
132513,Khách mua một lần (mới),0.0387,model,Tặng coupon cho lần mua thứ hai trong vòng 7–14 ngày,26,1,2.84,1.0
136757,Khách mua một lần (mới),0.0387,model,Tặng coupon cho lần mua thứ hai trong vòng 7–14 ngày,19,1,2.84,1.0
154087,Khách mua một lần (mới),0.0387,model,Tặng coupon cho lần mua thứ hai trong vòng 7–14 ngày,24,1,2.84,1.0
150942,Khách mua một lần (mới),0.0387,model,Tặng coupon cho lần mua thứ hai trong vòng 7–14 ngày,19,1,2.84,1.0
127850,Khách mua một lần (mới),0.0387,model,Tặng coupon cho lần mua thứ hai trong vòng 7–14 ngày,20,1,2.84,1.0
128356,Khách nhạy khuyến mãi,0.0387,model,"Chuyển từ giảm giá trực tiếp sang tích điểm, voucher cá nhân hóa",52,1,2.84,1.0
113611,Khách mua một lần (mới),0.0387,model,Tặng coupon cho lần mua thứ hai trong vòng 7–14 ngày,10,1,2.84,1.0
146132,Khách mua một lần (mới),0.0387,model,Tặng coupon cho lần mua thứ hai trong vòng 7–14 ngày,17,1,2.84,1.0
117560,Khách mua một lần (mới),0.0387,model,Tặng coupon cho lần mua thứ hai trong vòng 7–14 ngày,13,1,2.84,1.0
107276,Khách mua một lần (mới),0.0387,model,Tặng coupon cho lần mua thứ hai trong vòng 7–14 ngày,5,1,2.84,1.0
207988,Khách mua một lần (mới),0.0387,model,Tặng coupon cho lần mua thứ hai trong vòng 7–14 ngày,19,1,2.84,1.0
203749,Khách mua một lần (mới),0.0387,model,Tặng coupon cho lần mua thứ hai trong vòng 7–14 ngày,17,1,2.84,1.0
218871,Khách mua một lần (mới),0.0387,model,Tặng coupon cho lần mua thứ hai trong vòng 7–14 ngày,19,1,2.84,1.0
206128,Khách mua một lần (mới),0.0387,model,Tặng coupon cho lần mua thứ hai trong vòng 7–14 ngày,27,1,2.84,1.0
183504,Khách mua một lần (mới),0.0387,model,Tặng coupon cho lần mua thứ hai trong vòng 7–14 ngày,19,1,2.84,1.0
125414,Khách mua một lần (mới),0.0387,model,Tặng coupon cho lần mua thứ hai trong vòng 7–14 ngày,20,1,2.84,1.0
125897,Khách mua một lần (mới),0.0387,model,Tặng coupon cho lần mua thứ hai trong vòng 7–14 ngày,19,1,2.84,1.0
103633,Khách mua một lần (mới),0.0387,model,Tặng coupon cho lần mua thứ hai trong vòng 7–14 ngày,19,1,2.84,1.0
133949,Khách mua một lần (mới),0.0387,model,Tặng coupon cho lần mua thứ hai trong vòng 7–14 ngày,19,1,2.84,1.0
208937,Khách mua một lần (mới),0.0387,model,Tặng coupon cho lần mua thứ hai trong vòng 7–14 ngày,13,1,2.84,1.0
196436,Khách mua một lần (mới),0.0387,model,Tặng coupon cho lần mua thứ hai trong vòng 7–14 ngày,20,1,2.84,1.0
181943,Khách mua một lần (mới),0.0387,model,Tặng coupon cho lần mua thứ hai trong vòng 7–14 ngày,19,1,2.84,1.0
118384,Khách mua một lần (mới),0.0387,model,Tặng coupon cho lần mua thứ hai trong vòng 7–14 ngày,17,1,2.84,1.0
136513,Khách mua một lần (mới),0.0387,model,Tặng coupon cho lần mua thứ hai trong vòng 7–14 ngày,17,1,2.84,1.0
165633,Khách mua một lần (mới),0.0387,model,Tặng coupon cho lần mua thứ hai trong vòng 7–14 ngày,20,1,2.84,1.0
136671,Khách lâu chưa quay lại,0.0387,model,"Kéo lại bằng phim mới, voucher quay lại, thông báo cá nhân hóa",311,3,23.25,0.3333
143925,Khách lâu chưa quay lại,0.0387,model,"Kéo lại bằng phim mới, voucher quay lại, thông báo cá nhân hóa",884,2,19.18,1.0
105565,Khách lâu chưa quay lại,0.0387,model,"Kéo lại bằng phim mới, voucher quay lại, thông báo cá nhân hóa",362,2,7.01,1.0
123015,Khách lâu chưa quay lại,0.0387,model,"Kéo lại bằng phim mới, voucher quay lại, thông báo cá nhân hóa",830,2,6.18,0.0
137719,Khách lâu chưa quay lại,0.0387,model,"Kéo lại bằng phim mới, voucher quay lại, thông báo cá nhân hóa",344,2,21.24,1.0
151837,Khách lâu chưa quay lại,0.0387,model,"Kéo lại bằng phim mới, voucher quay lại, thông báo cá nhân hóa",778,3,21.28,0.6667
114920,Khách lâu chưa quay lại,0.0386,model,"Kéo lại bằng phim mới, voucher quay lại, thông báo cá nhân hóa",337,2,20.13,0.5
120979,Khách lâu chưa quay lại,0.0386,model,"Kéo lại bằng phim mới, voucher quay lại, thông báo cá nhân hóa",1039,2,9.15,0.5
127660,Khách lâu chưa quay lại,0.0386,model,"Kéo lại bằng phim mới, voucher quay lại, thông báo cá nhân hóa",464,2,17.12,1.0
135138,Khách lâu chưa quay lại,0.0386,model,"Kéo lại bằng phim mới, voucher quay lại, thông báo cá nhân hóa",848,2,16.9,0.0
110590,Khách lâu chưa quay lại,0.0386,model,"Kéo lại bằng phim mới, voucher quay lại, thông báo cá nhân hóa",896,2,13.04,1.0
168908,Khách lâu chưa quay lại,0.0386,model,"Kéo lại bằng phim mới, voucher quay lại, thông báo cá nhân hóa",911,2,13.04,1.0
120108,Khách lâu chưa quay lại,0.0386,model,"Kéo lại bằng phim mới, voucher quay lại, thông báo cá nhân hóa",338,3,24.9,0.6667
115480,Khách lâu chưa quay lại,0.0386,model,"Kéo lại bằng phim mới, voucher quay lại, thông báo cá nhân hóa",807,8,35.02,0.125
115512,Khách lâu chưa quay lại,0.0386,model,"Kéo lại bằng phim mới, voucher quay lại, thông báo cá nhân hóa",362,2,15.92,1.0
153931,Khách lâu chưa quay lại,0.0385,model,"Kéo lại bằng phim mới, voucher quay lại, thông báo cá nhân hóa",1111,1,2.47,1.0
181105,Khách lâu chưa quay lại,0.0385,model,"Kéo lại bằng phim mới, voucher quay lại, thông báo cá nhân hóa",91,1,6.93,0.0
221898,Khách mua một lần (mới),0.0385,model,Tặng coupon cho lần mua thứ hai trong vòng 7–14 ngày,24,1,7.01,0.0
170327,Khách thường xuyên,0.0385,model,"Duy trì, không cần giảm giá sâu",73,1,6.91,0.0
154018,Khách mua một lần (mới),0.0385,model,Tặng coupon cho lần mua thứ hai trong vòng 7–14 ngày,18,1,7.01,0.0
166870,Khách thường xuyên,0.0385,model,"Duy trì, không cần giảm giá sâu",89,1,6.93,0.0
148688,Khách lâu chưa quay lại,0.0385,model,"Kéo lại bằng phim mới, voucher quay lại, thông báo cá nhân hóa",343,4,49.97,0.25
145703,Khách lâu chưa quay lại,0.0385,model,"Kéo lại bằng phim mới, voucher quay lại, thông báo cá nhân hóa",367,2,14.84,0.0
180188,Khách lâu chưa quay lại,0.0385,model,"Kéo lại bằng phim mới, voucher quay lại, thông báo cá nhân hóa",360,1,8.25,0.0
135220,Khách lâu chưa quay lại,0.0385,model,"Kéo lại bằng phim mới, voucher quay lại, thông báo cá nhân hóa",360,1,8.25,0.0
148035,Khách lâu chưa quay lại,0.0385,model,"Kéo lại bằng phim mới, voucher quay lại, thông báo cá nhân hóa",360,1,8.25,0.0
195095,Khách lâu chưa quay lại,0.0385,model,"Kéo lại bằng phim mới, voucher quay lại, thông báo cá nhân hóa",356,1,8.25,0.0
104869,Khách lâu chưa quay lại,0.0385,model,"Kéo lại bằng phim mới, voucher quay lại, thông báo cá nhân hóa",356,1,8.25,0.0
131516,Khách lâu chưa quay lại,0.0385,model,"Kéo lại bằng phim mới, voucher quay lại, thông báo cá nhân hóa",357,1,8.29,0.0
178891,Khách lâu chưa quay lại,0.0385,model,"Kéo lại bằng phim mới, voucher quay lại, thông báo cá nhân hóa",356,1,8.25,0.0
136217,Khách lâu chưa quay lại,0.0385,model,"Kéo lại bằng phim mới, voucher quay lại, thông báo cá nhân hóa",357,1,8.25,0.0
149744,Khách lâu chưa quay lại,0.0385,model,"Kéo lại bằng phim mới, voucher quay lại, thông báo cá nhân hóa",359,1,8.25,0.0
203671,Khách lâu chưa quay lại,0.0385,model,"Kéo lại bằng phim mới, voucher quay lại, thông báo cá nhân hóa",360,1,8.25,0.0
207562,Khách lâu chưa quay lại,0.0385,model,"Kéo lại bằng phim mới, voucher quay lại, thông báo cá nhân hóa",360,1,8.25,0.0
120378,Khách lâu chưa quay lại,0.0385,model,"Kéo lại bằng phim mới, voucher quay lại, thông báo cá nhân hóa",449,3,21.81,0.0
126208,Khách lâu chưa quay lại,0.0384,model,"Kéo lại bằng phim mới, voucher quay lại, thông báo cá nhân hóa",884,2,7.5,0.5
162330,Khách lâu chưa quay lại,0.0384,model,"Kéo lại bằng phim mới, voucher quay lại, thông báo cá nhân hóa",805,4,37.83,0.75
192018,Khách giá trị cao,0.0384,model,"Membership, ưu đãi đặc quyền, đặt vé sớm phim hot",24,4,47.97,0.0
172713,Khách mua một lần (mới),0.0384,model,Tặng coupon cho lần mua thứ hai trong vòng 7–14 ngày,12,1,3.09,0.0
161632,Khách lâu chưa quay lại,0.0384,model,"Kéo lại bằng phim mới, voucher quay lại, thông báo cá nhân hóa",884,2,13.03,1.0
101182,Khách lâu chưa quay lại,0.0384,model,"Kéo lại bằng phim mới, voucher quay lại, thông báo cá nhân hóa",1120,2,19.38,0.5
115137,Khách lâu chưa quay lại,0.0384,model,"Kéo lại bằng phim mới, voucher quay lại, thông báo cá nhân hóa",1093,2,11.13,0.0
124953,Khách lâu chưa quay lại,0.0384,model,"Kéo lại bằng phim mới, voucher quay lại, thông báo cá nhân hóa",883,2,18.97,1.0
169499,Khách lâu chưa quay lại,0.0384,model,"Kéo lại bằng phim mới, voucher quay lại, thông báo cá nhân hóa",360,5,41.62,1.0
127744,Khách giá trị cao,0.0384,model,"Membership, ưu đãi đặc quyền, đặt vé sớm phim hot",2,3,23.43,1.0
151210,Khách lâu chưa quay lại,0.0384,model,"Kéo lại bằng phim mới, voucher quay lại, thông báo cá nhân hóa",1083,2,11.26,0.0
101954,Khách lâu chưa quay lại,0.0384,model,"Kéo lại bằng phim mới, voucher quay lại, thông báo cá nhân hóa",1122,1,39.59,0.0
152139,Khách lâu chưa quay lại,0.0384,model,"Kéo lại bằng phim mới, voucher quay lại, thông báo cá nhân hóa",827,2,13.02,1.0
138409,Khách lâu chưa quay lại,0.0384,model,"Kéo lại bằng phim mới, voucher quay lại, thông báo cá nhân hóa",1112,1,14.85,0.0
125603,Khách lâu chưa quay lại,0.0384,model,"Kéo lại bằng phim mới, voucher quay lại, thông báo cá nhân hóa",1118,1,14.85,0.0
125506,Khách lâu chưa quay lại,0.0384,model,"Kéo lại bằng phim mới, voucher quay lại, thông báo cá nhân hóa",1121,1,14.81,0.0
145508,Khách lâu chưa quay lại,0.0384,model,"Kéo lại bằng phim mới, voucher quay lại, thông báo cá nhân hóa",1114,1,14.85,0.0
137073,Khách lâu chưa quay lại,0.0384,model,"Kéo lại bằng phim mới, voucher quay lại, thông báo cá nhân hóa",1109,1,14.85,0.0
100865,Khách lâu chưa quay lại,0.0384,model,"Kéo lại bằng phim mới, voucher quay lại, thông báo cá nhân hóa",1111,1,14.85,0.0
147902,Khách lâu chưa quay lại,0.0384,model,"Kéo lại bằng phim mới, voucher quay lại, thông báo cá nhân hóa",1110,1,15.26,0.0
106371,Khách lâu chưa quay lại,0.0384,model,"Kéo lại bằng phim mới, voucher quay lại, thông báo cá nhân hóa",1118,1,14.85,0.0
110372,Khách lâu chưa quay lại,0.0384,model,"Kéo lại bằng phim mới, voucher quay lại, thông báo cá nhân hóa",1096,1,14.85,0.0
103771,Khách lâu chưa quay lại,0.0384,model,"Kéo lại bằng phim mới, voucher quay lại, thông báo cá nhân hóa",1092,1,15.26,0.0
139876,Khách lâu chưa quay lại,0.0384,model,"Kéo lại bằng phim mới, voucher quay lại, thông báo cá nhân hóa",1072,1,15.26,0.0
152487,Khách lâu chưa quay lại,0.0384,model,"Kéo lại bằng phim mới, voucher quay lại, thông báo cá nhân hóa",1123,1,15.34,0.0
141998,Khách lâu chưa quay lại,0.0384,model,"Kéo lại bằng phim mới, voucher quay lại, thông báo cá nhân hóa",1118,1,14.85,0.0
103175,Khách lâu chưa quay lại,0.0384,model,"Kéo lại bằng phim mới, voucher quay lại, thông báo cá nhân hóa",1085,1,15.26,0.0
136835,Khách lâu chưa quay lại,0.0384,model,"Kéo lại bằng phim mới, voucher quay lại, thông báo cá nhân hóa",1125,1,15.26,0.0
135547,Khách lâu chưa quay lại,0.0384,model,"Kéo lại bằng phim mới, voucher quay lại, thông báo cá nhân hóa",1116,1,15.26,0.0
100056,Khách lâu chưa quay lại,0.0384,model,"Kéo lại bằng phim mới, voucher quay lại, thông báo cá nhân hóa",1119,1,14.85,0.0
141161,Khách lâu chưa quay lại,0.0383,model,"Kéo lại bằng phim mới, voucher quay lại, thông báo cá nhân hóa",329,2,9.77,1.0
142119,Khách lâu chưa quay lại,0.0383,model,"Kéo lại bằng phim mới, voucher quay lại, thông báo cá nhân hóa",362,3,26.8,0.0
181975,Khách lâu chưa quay lại,0.0383,model,"Kéo lại bằng phim mới, voucher quay lại, thông báo cá nhân hóa",324,2,32.78,0.0
104146,Khách lâu chưa quay lại,0.0383,model,"Kéo lại bằng phim mới, voucher quay lại, thông báo cá nhân hóa",492,2,13.04,1.0
217783,Khách lâu chưa quay lại,0.0383,model,"Kéo lại bằng phim mới, voucher quay lại, thông báo cá nhân hóa",346,1,19.83,1.0
144363,Khách lâu chưa quay lại,0.0383,model,"Kéo lại bằng phim mới, voucher quay lại, thông báo cá nhân hóa",904,2,20.13,0.5
160722,Khách lâu chưa quay lại,0.0383,model,"Kéo lại bằng phim mới, voucher quay lại, thông báo cá nhân hóa",875,2,13.04,1.0
120920,Khách lâu chưa quay lại,0.0382,model,"Kéo lại bằng phim mới, voucher quay lại, thông báo cá nhân hóa",953,2,18.89,0.0
106790,Khách lâu chưa quay lại,0.0382,model,"Kéo lại bằng phim mới, voucher quay lại, thông báo cá nhân hóa",363,2,14.02,0.0
100481,Khách lâu chưa quay lại,0.0382,model,"Kéo lại bằng phim mới, voucher quay lại, thông báo cá nhân hóa",528,4,30.43,0.25
214775,Khách nhạy khuyến mãi,0.0382,model,"Chuyển từ giảm giá trực tiếp sang tích điểm, voucher cá nhân hóa",59,1,6.76,1.0
121529,Khách lâu chưa quay lại,0.0382,model,"Kéo lại bằng phim mới, voucher quay lại, thông báo cá nhân hóa",324,2,19.56,1.0
126104,Khách lâu chưa quay lại,0.0382,model,"Kéo lại bằng phim mới, voucher quay lại, thông báo cá nhân hóa",741,2,6.77,0.5
122286,Khách lâu chưa quay lại,0.0382,model,"Kéo lại bằng phim mới, voucher quay lại, thông báo cá nhân hóa",911,4,42.32,0.75
196163,Khách lâu chưa quay lại,0.0381,model,"Kéo lại bằng phim mới, voucher quay lại, thông báo cá nhân hóa",361,2,5.32,1.0
119894,Khách lâu chưa quay lại,0.0381,model,"Kéo lại bằng phim mới, voucher quay lại, thông báo cá nhân hóa",358,3,20.45,0.6667
147261,Khách lâu chưa quay lại,0.0381,model,"Kéo lại bằng phim mới, voucher quay lại, thông báo cá nhân hóa",1155,1,6.6,1.0
221622,Khách mua một lần (mới),0.0381,model,Tặng coupon cho lần mua thứ hai trong vòng 7–14 ngày,22,1,6.16,0.0
166584,Khách lâu chưa quay lại,0.0381,model,"Kéo lại bằng phim mới, voucher quay lại, thông báo cá nhân hóa",428,2,9.77,1.0
117947,Khách lâu chưa quay lại,0.0381,model,"Kéo lại bằng phim mới, voucher quay lại, thông báo cá nhân hóa",1118,2,22.68,0.0
154792,Khách lâu chưa quay lại,0.0381,model,"Kéo lại bằng phim mới, voucher quay lại, thông báo cá nhân hóa",774,3,23.43,0.3333
133169,Khách lâu chưa quay lại,0.0381,model,"Kéo lại bằng phim mới, voucher quay lại, thông báo cá nhân hóa",414,2,12.71,0.5
180770,Khách lâu chưa quay lại,0.0381,model,"Kéo lại bằng phim mới, voucher quay lại, thông báo cá nhân hóa",346,2,11.51,0.5
184159,Khách lâu chưa quay lại,0.0381,model,"Kéo lại bằng phim mới, voucher quay lại, thông báo cá nhân hóa",353,1,11.01,1.0
204637,Khách lâu chưa quay lại,0.0381,model,"Kéo lại bằng phim mới, voucher quay lại, thông báo cá nhân hóa",448,2,13.28,0.5
110163,Khách lâu chưa quay lại,0.038,model,"Kéo lại bằng phim mới, voucher quay lại, thông báo cá nhân hóa",827,1,9.77,1.0
124344,Khách lâu chưa quay lại,0.038,model,"Kéo lại bằng phim mới, voucher quay lại, thông báo cá nhân hóa",827,1,9.77,1.0
171490,Khách lâu chưa quay lại,0.038,model,"Kéo lại bằng phim mới, voucher quay lại, thông báo cá nhân hóa",829,1,9.77,1.0
117294,Khách lâu chưa quay lại,0.038,model,"Kéo lại bằng phim mới, voucher quay lại, thông báo cá nhân hóa",827,1,9.77,1.0
118533,Khách lâu chưa quay lại,0.038,model,"Kéo lại bằng phim mới, voucher quay lại, thông báo cá nhân hóa",827,1,9.77,1.0
126026,Khách lâu chưa quay lại,0.038,model,"Kéo lại bằng phim mới, voucher quay lại, thông báo cá nhân hóa",854,2,15.93,1.0
116430,Khách lâu chưa quay lại,0.038,model,"Kéo lại bằng phim mới, voucher quay lại, thông báo cá nhân hóa",343,3,16.3,1.0
135207,Khách lâu chưa quay lại,0.038,model,"Kéo lại bằng phim mới, voucher quay lại, thông báo cá nhân hóa",819,4,53.6,0.0
122962,Khách giá trị cao,0.038,model,"Membership, ưu đãi đặc quyền, đặt vé sớm phim hot",21,4,27.13,0.25
108472,Khách lâu chưa quay lại,0.0379,model,"Kéo lại bằng phim mới, voucher quay lại, thông báo cá nhân hóa",911,3,13.93,0.3333
154434,Khách lâu chưa quay lại,0.0379,model,"Kéo lại bằng phim mới, voucher quay lại, thông báo cá nhân hóa",348,1,3.92,0.0
144376,Khách nhạy khuyến mãi,0.0379,model,"Chuyển từ giảm giá trực tiếp sang tích điểm, voucher cá nhân hóa",75,1,7.34,1.0
136625,Khách mua một lần (mới),0.0379,model,Tặng coupon cho lần mua thứ hai trong vòng 7–14 ngày,22,1,7.05,1.0
180407,Khách nhạy khuyến mãi,0.0379,model,"Chuyển từ giảm giá trực tiếp sang tích điểm, voucher cá nhân hóa",71,1,7.34,1.0
225016,Khách mua một lần (mới),0.0379,model,Tặng coupon cho lần mua thứ hai trong vòng 7–14 ngày,13,1,7.09,1.0
138864,Khách giá trị cao,0.0379,model,"Membership, ưu đãi đặc quyền, đặt vé sớm phim hot",23,3,14.72,0.6667
104084,Khách lâu chưa quay lại,0.0379,model,"Kéo lại bằng phim mới, voucher quay lại, thông báo cá nhân hóa",847,2,16.01,0.5
137095,Khách lâu chưa quay lại,0.0378,model,"Kéo lại bằng phim mới, voucher quay lại, thông báo cá nhân hóa",764,2,14.36,0.5
171643,Khách lâu chưa quay lại,0.0378,model,"Kéo lại bằng phim mới, voucher quay lại, thông báo cá nhân hóa",536,3,26.39,0.0
106909,Khách giá trị cao,0.0378,model,"Membership, ưu đãi đặc quyền, đặt vé sớm phim hot",82,3,16.29,1.0
101729,Khách lâu chưa quay lại,0.0378,model,"Kéo lại bằng phim mới, voucher quay lại, thông báo cá nhân hóa",955,3,23.33,0.6667
101165,Khách lâu chưa quay lại,0.0378,model,"Kéo lại bằng phim mới, voucher quay lại, thông báo cá nhân hóa",917,1,6.51,1.0
124085,Khách lâu chưa quay lại,0.0378,model,"Kéo lại bằng phim mới, voucher quay lại, thông báo cá nhân hóa",900,3,17.19,0.6667
147240,Khách lâu chưa quay lại,0.0378,model,"Kéo lại bằng phim mới, voucher quay lại, thông báo cá nhân hóa",416,2,13.93,0.5
152866,Khách lâu chưa quay lại,0.0378,model,"Kéo lại bằng phim mới, voucher quay lại, thông báo cá nhân hóa",357,2,14.77,0.5
108019,Khách lâu chưa quay lại,0.0377,model,"Kéo lại bằng phim mới, voucher quay lại, thông báo cá nhân hóa",985,3,20.94,0.0
225025,Khách mua một lần (mới),0.0377,model,Tặng coupon cho lần mua thứ hai trong vòng 7–14 ngày,14,1,6.58,0.0
180447,Khách mua một lần (mới),0.0377,model,Tặng coupon cho lần mua thứ hai trong vòng 7–14 ngày,17,1,6.58,0.0
223214,Khách thường xuyên,0.0377,model,"Duy trì, không cần giảm giá sâu",54,1,6.6,0.0
144333,Khách mua một lần (mới),0.0377,model,Tặng coupon cho lần mua thứ hai trong vòng 7–14 ngày,3,1,6.6,0.0
154338,Khách mua một lần (mới),0.0377,model,Tặng coupon cho lần mua thứ hai trong vòng 7–14 ngày,20,1,6.58,0.0
208449,Khách mua một lần (mới),0.0377,model,Tặng coupon cho lần mua thứ hai trong vòng 7–14 ngày,21,1,6.6,0.0
186278,Khách mua một lần (mới),0.0377,model,Tặng coupon cho lần mua thứ hai trong vòng 7–14 ngày,17,1,6.56,0.0
159766,Khách lâu chưa quay lại,0.0377,model,"Kéo lại bằng phim mới, voucher quay lại, thông báo cá nhân hóa",329,5,35.72,0.2
118920,Khách lâu chưa quay lại,0.0377,model,"Kéo lại bằng phim mới, voucher quay lại, thông báo cá nhân hóa",827,4,18.27,0.25
125935,Khách lâu chưa quay lại,0.0377,model,"Kéo lại bằng phim mới, voucher quay lại, thông báo cá nhân hóa",878,3,19.23,0.6667
101733,Khách lâu chưa quay lại,0.0377,model,"Kéo lại bằng phim mới, voucher quay lại, thông báo cá nhân hóa",785,2,13.02,1.0
109352,Khách lâu chưa quay lại,0.0377,model,"Kéo lại bằng phim mới, voucher quay lại, thông báo cá nhân hóa",764,2,13.02,1.0
151273,Khách lâu chưa quay lại,0.0377,model,"Kéo lại bằng phim mới, voucher quay lại, thông báo cá nhân hóa",536,2,5.53,0.5
165206,Khách thường xuyên,0.0377,model,"Duy trì, không cần giảm giá sâu",70,1,4.07,0.0
204155,Khách lâu chưa quay lại,0.0377,model,"Kéo lại bằng phim mới, voucher quay lại, thông báo cá nhân hóa",98,1,4.07,0.0
117335,Khách lâu chưa quay lại,0.0377,model,"Kéo lại bằng phim mới, voucher quay lại, thông báo cá nhân hóa",365,3,23.7,0.6667
119647,Khách lâu chưa quay lại,0.0377,model,"Kéo lại bằng phim mới, voucher quay lại, thông báo cá nhân hóa",973,2,6.52,1.0
137934,Khách lâu chưa quay lại,0.0377,model,"Kéo lại bằng phim mới, voucher quay lại, thông báo cá nhân hóa",310,1,24.74,0.0
103913,Khách lâu chưa quay lại,0.0377,model,"Kéo lại bằng phim mới, voucher quay lại, thông báo cá nhân hóa",779,2,13.03,1.0
118181,Khách lâu chưa quay lại,0.0376,model,"Kéo lại bằng phim mới, voucher quay lại, thông báo cá nhân hóa",809,3,23.43,0.0
129023,Khách lâu chưa quay lại,0.0376,model,"Kéo lại bằng phim mới, voucher quay lại, thông báo cá nhân hóa",1095,1,33.4,0.0
128965,Khách lâu chưa quay lại,0.0376,model,"Kéo lại bằng phim mới, voucher quay lại, thông báo cá nhân hóa",1097,1,3.71,0.0
123724,Khách lâu chưa quay lại,0.0376,model,"Kéo lại bằng phim mới, voucher quay lại, thông báo cá nhân hóa",1116,1,3.71,0.0
120281,Khách lâu chưa quay lại,0.0376,model,"Kéo lại bằng phim mới, voucher quay lại, thông báo cá nhân hóa",1160,1,3.71,0.0
118258,Khách lâu chưa quay lại,0.0376,model,"Kéo lại bằng phim mới, voucher quay lại, thông báo cá nhân hóa",448,6,48.17,0.1667
111716,Khách lâu chưa quay lại,0.0376,model,"Kéo lại bằng phim mới, voucher quay lại, thông báo cá nhân hóa",882,2,13.03,1.0
139322,Khách lâu chưa quay lại,0.0376,model,"Kéo lại bằng phim mới, voucher quay lại, thông báo cá nhân hóa",764,2,15.67,0.0
124862,Khách nhạy khuyến mãi,0.0376,model,"Chuyển từ giảm giá trực tiếp sang tích điểm, voucher cá nhân hóa",74,1,6.51,1.0
165482,Khách nhạy khuyến mãi,0.0376,model,"Chuyển từ giảm giá trực tiếp sang tích điểm, voucher cá nhân hóa",71,1,6.51,1.0
103451,Khách nhạy khuyến mãi,0.0376,model,"Chuyển từ giảm giá trực tiếp sang tích điểm, voucher cá nhân hóa",79,1,6.51,1.0
179033,Khách nhạy khuyến mãi,0.0376,model,"Chuyển từ giảm giá trực tiếp sang tích điểm, voucher cá nhân hóa",77,1,6.51,1.0
201278,Khách lâu chưa quay lại,0.0376,model,"Kéo lại bằng phim mới, voucher quay lại, thông báo cá nhân hóa",94,1,6.51,1.0
120529,Khách nhạy khuyến mãi,0.0376,model,"Chuyển từ giảm giá trực tiếp sang tích điểm, voucher cá nhân hóa",82,1,6.51,1.0
122138,Khách nhạy khuyến mãi,0.0376,model,"Chuyển từ giảm giá trực tiếp sang tích điểm, voucher cá nhân hóa",77,1,6.51,1.0
102923,Khách lâu chưa quay lại,0.0376,model,"Kéo lại bằng phim mới, voucher quay lại, thông báo cá nhân hóa",356,1,11.51,0.0
159774,Khách lâu chưa quay lại,0.0376,model,"Kéo lại bằng phim mới, voucher quay lại, thông báo cá nhân hóa",884,2,16.75,1.0
102860,Khách thường xuyên,0.0375,model,"Duy trì, không cần giảm giá sâu",26,2,10.73,0.0
155984,Khách lâu chưa quay lại,0.0375,model,"Kéo lại bằng phim mới, voucher quay lại, thông báo cá nhân hóa",365,1,13.36,0.0
162661,Khách lâu chưa quay lại,0.0375,model,"Kéo lại bằng phim mới, voucher quay lại, thông báo cá nhân hóa",524,3,10.64,0.6667
120296,Khách lâu chưa quay lại,0.0375,model,"Kéo lại bằng phim mới, voucher quay lại, thông báo cá nhân hóa",959,4,53.85,0.5
133460,Khách lâu chưa quay lại,0.0375,model,"Kéo lại bằng phim mới, voucher quay lại, thông báo cá nhân hóa",899,3,26.19,0.0
104303,Khách nhạy khuyến mãi,0.0375,model,"Chuyển từ giảm giá trực tiếp sang tích điểm, voucher cá nhân hóa",19,2,12.21,1.0
191195,Khách lâu chưa quay lại,0.0375,model,"Kéo lại bằng phim mới, voucher quay lại, thông báo cá nhân hóa",344,2,21.45,1.0
122733,Khách lâu chưa quay lại,0.0374,model,"Kéo lại bằng phim mới, voucher quay lại, thông báo cá nhân hóa",443,2,20.08,0.5
140412,Khách lâu chưa quay lại,0.0374,model,"Kéo lại bằng phim mới, voucher quay lại, thông báo cá nhân hóa",989,2,12.78,0.0
114695,Khách lâu chưa quay lại,0.0374,model,"Kéo lại bằng phim mới, voucher quay lại, thông báo cá nhân hóa",860,5,90.02,0.0
105170,Khách lâu chưa quay lại,0.0374,model,"Kéo lại bằng phim mới, voucher quay lại, thông báo cá nhân hóa",322,2,31.26,0.5
123564,Khách lâu chưa quay lại,0.0374,model,"Kéo lại bằng phim mới, voucher quay lại, thông báo cá nhân hóa",417,3,17.65,0.3333
121744,Khách lâu chưa quay lại,0.0374,model,"Kéo lại bằng phim mới, voucher quay lại, thông báo cá nhân hóa",1094,1,13.94,0.0
128440,Khách lâu chưa quay lại,0.0374,model,"Kéo lại bằng phim mới, voucher quay lại, thông báo cá nhân hóa",551,3,25.08,0.3333
149046,Khách lâu chưa quay lại,0.0374,model,"Kéo lại bằng phim mới, voucher quay lại, thông báo cá nhân hóa",549,2,14.02,0.0
202620,Khách lâu chưa quay lại,0.0374,model,"Kéo lại bằng phim mới, voucher quay lại, thông báo cá nhân hóa",331,2,9.44,0.5
174819,Khách lâu chưa quay lại,0.0373,model,"Kéo lại bằng phim mới, voucher quay lại, thông báo cá nhân hóa",342,2,13.89,0.5
204711,Khách lâu chưa quay lại,0.0373,model,"Kéo lại bằng phim mới, voucher quay lại, thông báo cá nhân hóa",330,1,13.03,1.0
154985,Khách lâu chưa quay lại,0.0373,model,"Kéo lại bằng phim mới, voucher quay lại, thông báo cá nhân hóa",912,3,16.5,0.0
103616,Khách lâu chưa quay lại,0.0373,model,"Kéo lại bằng phim mới, voucher quay lại, thông báo cá nhân hóa",351,6,57.74,0.6667
125567,Khách lâu chưa quay lại,0.0373,model,"Kéo lại bằng phim mới, voucher quay lại, thông báo cá nhân hóa",442,3,16.28,1.0
119152,Khách lâu chưa quay lại,0.0373,model,"Kéo lại bằng phim mới, voucher quay lại, thông báo cá nhân hóa",332,1,3.92,0.0
120417,Khách lâu chưa quay lại,0.0373,model,"Kéo lại bằng phim mới, voucher quay lại, thông báo cá nhân hóa",758,2,12.66,1.0
140306,Khách lâu chưa quay lại,0.0372,model,"Kéo lại bằng phim mới, voucher quay lại, thông báo cá nhân hóa",353,3,20.45,0.3333
206631,Khách thường xuyên,0.0372,model,"Duy trì, không cần giảm giá sâu",69,1,2.03,0.0
101174,Khách thường xuyên,0.0372,model,"Duy trì, không cần giảm giá sâu",69,1,2.03,0.0
132144,Khách thường xuyên,0.0372,model,"Duy trì, không cần giảm giá sâu",70,1,2.03,0.0
159693,Khách mua một lần (mới),0.0372,model,Tặng coupon cho lần mua thứ hai trong vòng 7–14 ngày,22,1,2.02,0.0
115370,Khách lâu chưa quay lại,0.0372,model,"Kéo lại bằng phim mới, voucher quay lại, thông báo cá nhân hóa",313,2,13.12,0.5
112375,Khách lâu chưa quay lại,0.0372,model,"Kéo lại bằng phim mới, voucher quay lại, thông báo cá nhân hóa",767,3,19.1,0.0
212946,Khách mua một lần (mới),0.0372,model,Tặng coupon cho lần mua thứ hai trong vòng 7–14 ngày,19,1,1.15,0.0
183911,Khách mua một lần (mới),0.0372,model,Tặng coupon cho lần mua thứ hai trong vòng 7–14 ngày,12,1,1.06,0.0
174982,Khách thường xuyên,0.0372,model,"Duy trì, không cần giảm giá sâu",58,1,1.4,0.0
115285,Khách mua một lần (mới),0.0372,model,Tặng coupon cho lần mua thứ hai trong vòng 7–14 ngày,30,1,1.24,0.0
196271,Khách thường xuyên,0.0372,model,"Duy trì, không cần giảm giá sâu",47,1,1.07,0.0
127577,Khách lâu chưa quay lại,0.0372,model,"Kéo lại bằng phim mới, voucher quay lại, thông báo cá nhân hóa",901,4,34.28,0.0
128586,Khách lâu chưa quay lại,0.0371,model,"Kéo lại bằng phim mới, voucher quay lại, thông báo cá nhân hóa",768,1,13.61,0.0
161103,Khách lâu chưa quay lại,0.0371,model,"Kéo lại bằng phim mới, voucher quay lại, thông báo cá nhân hóa",352,5,42.49,0.8
154672,Khách lâu chưa quay lại,0.0371,model,"Kéo lại bằng phim mới, voucher quay lại, thông báo cá nhân hóa",842,3,19.72,0.6667
138381,Khách lâu chưa quay lại,0.0371,model,"Kéo lại bằng phim mới, voucher quay lại, thông báo cá nhân hóa",358,2,6.93,0.5
188988,Khách lâu chưa quay lại,0.0371,model,"Kéo lại bằng phim mới, voucher quay lại, thông báo cá nhân hóa",441,1,9.77,1.0
148599,Khách lâu chưa quay lại,0.0371,model,"Kéo lại bằng phim mới, voucher quay lại, thông báo cá nhân hóa",511,1,9.77,1.0
175438,Khách lâu chưa quay lại,0.0371,model,"Kéo lại bằng phim mới, voucher quay lại, thông báo cá nhân hóa",490,1,9.77,1.0
122132,Khách lâu chưa quay lại,0.0371,model,"Kéo lại bằng phim mới, voucher quay lại, thông báo cá nhân hóa",512,1,9.77,1.0
113909,Khách lâu chưa quay lại,0.0371,model,"Kéo lại bằng phim mới, voucher quay lại, thông báo cá nhân hóa",452,1,9.77,1.0
129663,Khách lâu chưa quay lại,0.0371,model,"Kéo lại bằng phim mới, voucher quay lại, thông báo cá nhân hóa",456,1,9.77,1.0
149365,Khách lâu chưa quay lại,0.0371,model,"Kéo lại bằng phim mới, voucher quay lại, thông báo cá nhân hóa",442,1,9.77,1.0
102390,Khách lâu chưa quay lại,0.0371,model,"Kéo lại bằng phim mới, voucher quay lại, thông báo cá nhân hóa",827,3,32.16,0.0
199322,Khách lâu chưa quay lại,0.0371,model,"Kéo lại bằng phim mới, voucher quay lại, thông báo cá nhân hóa",352,1,11.01,1.0
163209,Khách lâu chưa quay lại,0.0371,model,"Kéo lại bằng phim mới, voucher quay lại, thông báo cá nhân hóa",1027,1,3.71,1.0
158444,Khách lâu chưa quay lại,0.0371,model,"Kéo lại bằng phim mới, voucher quay lại, thông báo cá nhân hóa",1026,1,3.71,1.0
175837,Khách lâu chưa quay lại,0.0371,model,"Kéo lại bằng phim mới, voucher quay lại, thông báo cá nhân hóa",441,3,19.56,1.0
137916,Khách lâu chưa quay lại,0.0371,model,"Kéo lại bằng phim mới, voucher quay lại, thông báo cá nhân hóa",513,2,17.12,1.0
104980,Khách lâu chưa quay lại,0.0371,model,"Kéo lại bằng phim mới, voucher quay lại, thông báo cá nhân hóa",855,2,13.04,1.0
124620,Khách lâu chưa quay lại,0.037,model,"Kéo lại bằng phim mới, voucher quay lại, thông báo cá nhân hóa",499,3,14.27,0.3333
111117,Khách lâu chưa quay lại,0.037,model,"Kéo lại bằng phim mới, voucher quay lại, thông báo cá nhân hóa",365,3,22.11,0.3333
122728,Khách lâu chưa quay lại,0.037,model,"Kéo lại bằng phim mới, voucher quay lại, thông báo cá nhân hóa",1095,2,21.4,0.0
125342,Khách nhạy khuyến mãi,0.037,model,"Chuyển từ giảm giá trực tiếp sang tích điểm, voucher cá nhân hóa",8,2,15.46,1.0
103139,Khách mua một lần (mới),0.037,model,Tặng coupon cho lần mua thứ hai trong vòng 7–14 ngày,2,1,6.39,0.0
209739,Khách thường xuyên,0.037,model,"Duy trì, không cần giảm giá sâu",79,1,6.5,0.0
218542,Khách thường xuyên,0.037,model,"Duy trì, không cần giảm giá sâu",87,1,6.5,0.0
137069,Khách mua một lần (mới),0.037,model,Tặng coupon cho lần mua thứ hai trong vòng 7–14 ngày,12,1,6.35,0.0
132847,Khách lâu chưa quay lại,0.037,model,"Kéo lại bằng phim mới, voucher quay lại, thông báo cá nhân hóa",836,3,20.45,0.6667
130095,Khách lâu chưa quay lại,0.0369,model,"Kéo lại bằng phim mới, voucher quay lại, thông báo cá nhân hóa",329,3,22.11,0.6667
164125,Khách lâu chưa quay lại,0.0369,model,"Kéo lại bằng phim mới, voucher quay lại, thông báo cá nhân hóa",961,2,36.08,0.5
152228,Khách lâu chưa quay lại,0.0369,model,"Kéo lại bằng phim mới, voucher quay lại, thông báo cá nhân hóa",912,2,15.64,0.5
115057,Khách giá trị cao,0.0369,model,"Membership, ưu đãi đặc quyền, đặt vé sớm phim hot",22,3,28.63,0.0
203899,Khách mua một lần (mới),0.0369,model,Tặng coupon cho lần mua thứ hai trong vòng 7–14 ngày,19,1,2.85,1.0
136637,Khách mua một lần (mới),0.0369,model,Tặng coupon cho lần mua thứ hai trong vòng 7–14 ngày,15,1,2.85,1.0
214607,Khách mua một lần (mới),0.0369,model,Tặng coupon cho lần mua thứ hai trong vòng 7–14 ngày,9,1,2.85,1.0
177189,Khách mua một lần (mới),0.0369,model,Tặng coupon cho lần mua thứ hai trong vòng 7–14 ngày,30,1,2.85,1.0
179329,Khách mua một lần (mới),0.0369,model,Tặng coupon cho lần mua thứ hai trong vòng 7–14 ngày,23,1,2.85,1.0
111126,Khách mua một lần (mới),0.0369,model,Tặng coupon cho lần mua thứ hai trong vòng 7–14 ngày,4,1,2.85,1.0
138493,Khách lâu chưa quay lại,0.0369,model,"Kéo lại bằng phim mới, voucher quay lại, thông báo cá nhân hóa",948,2,13.03,1.0
102001,Khách lâu chưa quay lại,0.0369,model,"Kéo lại bằng phim mới, voucher quay lại, thông báo cá nhân hóa",428,2,14.35,0.0
176793,Khách lâu chưa quay lại,0.0369,model,"Kéo lại bằng phim mới, voucher quay lại, thông báo cá nhân hóa",449,3,28.04,0.0
130097,Khách lâu chưa quay lại,0.0369,model,"Kéo lại bằng phim mới, voucher quay lại, thông báo cá nhân hóa",407,1,13.28,1.0
154127,Khách lâu chưa quay lại,0.0369,model,"Kéo lại bằng phim mới, voucher quay lại, thông báo cá nhân hóa",444,4,47.59,0.5
146240,Khách lâu chưa quay lại,0.0369,model,"Kéo lại bằng phim mới, voucher quay lại, thông báo cá nhân hóa",945,3,30.23,0.3333
124700,Khách lâu chưa quay lại,0.0368,model,"Kéo lại bằng phim mới, voucher quay lại, thông báo cá nhân hóa",904,5,45.37,0.4
169794,Khách nhạy khuyến mãi,0.0368,model,"Chuyển từ giảm giá trực tiếp sang tích điểm, voucher cá nhân hóa",22,2,11.04,0.5
131599,Khách lâu chưa quay lại,0.0368,model,"Kéo lại bằng phim mới, voucher quay lại, thông báo cá nhân hóa",927,2,13.93,0.5
106597,Khách lâu chưa quay lại,0.0368,model,"Kéo lại bằng phim mới, voucher quay lại, thông báo cá nhân hóa",765,3,17.2,0.3333
155896,Khách lâu chưa quay lại,0.0368,model,"Kéo lại bằng phim mới, voucher quay lại, thông báo cá nhân hóa",344,3,21.11,0.3333
106099,Khách lâu chưa quay lại,0.0368,model,"Kéo lại bằng phim mới, voucher quay lại, thông báo cá nhân hóa",357,2,13.02,1.0
139207,Khách lâu chưa quay lại,0.0368,model,"Kéo lại bằng phim mới, voucher quay lại, thông báo cá nhân hóa",855,2,13.04,1.0
131790,Khách lâu chưa quay lại,0.0368,model,"Kéo lại bằng phim mới, voucher quay lại, thông báo cá nhân hóa",324,2,15.59,0.0
101710,Khách lâu chưa quay lại,0.0368,model,"Kéo lại bằng phim mới, voucher quay lại, thông báo cá nhân hóa",987,3,18.81,0.6667
142203,Khách lâu chưa quay lại,0.0368,model,"Kéo lại bằng phim mới, voucher quay lại, thông báo cá nhân hóa",435,3,30.23,1.0
124402,Khách nhạy khuyến mãi,0.0367,model,"Chuyển từ giảm giá trực tiếp sang tích điểm, voucher cá nhân hóa",26,2,23.29,1.0
137922,Khách lâu chưa quay lại,0.0367,model,"Kéo lại bằng phim mới, voucher quay lại, thông báo cá nhân hóa",1089,1,14.85,0.0
155646,Khách lâu chưa quay lại,0.0367,model,"Kéo lại bằng phim mới, voucher quay lại, thông báo cá nhân hóa",1072,1,14.85,0.0
141905,Khách lâu chưa quay lại,0.0367,model,"Kéo lại bằng phim mới, voucher quay lại, thông báo cá nhân hóa",1114,1,14.85,0.0
150085,Khách lâu chưa quay lại,0.0367,model,"Kéo lại bằng phim mới, voucher quay lại, thông báo cá nhân hóa",1092,1,14.85,0.0
152325,Khách lâu chưa quay lại,0.0367,model,"Kéo lại bằng phim mới, voucher quay lại, thông báo cá nhân hóa",1118,1,14.85,0.0
120515,Khách lâu chưa quay lại,0.0367,model,"Kéo lại bằng phim mới, voucher quay lại, thông báo cá nhân hóa",1124,1,14.85,0.0
119716,Khách lâu chưa quay lại,0.0367,model,"Kéo lại bằng phim mới, voucher quay lại, thông báo cá nhân hóa",1110,1,14.85,0.0
116236,Khách lâu chưa quay lại,0.0367,model,"Kéo lại bằng phim mới, voucher quay lại, thông báo cá nhân hóa",1123,1,14.85,0.0
146474,Khách lâu chưa quay lại,0.0367,model,"Kéo lại bằng phim mới, voucher quay lại, thông báo cá nhân hóa",1143,1,14.85,0.0
104795,Khách lâu chưa quay lại,0.0367,model,"Kéo lại bằng phim mới, voucher quay lại, thông báo cá nhân hóa",1118,1,14.85,0.0
152520,Khách lâu chưa quay lại,0.0367,model,"Kéo lại bằng phim mới, voucher quay lại, thông báo cá nhân hóa",1118,1,14.85,0.0
102018,Khách lâu chưa quay lại,0.0367,model,"Kéo lại bằng phim mới, voucher quay lại, thông báo cá nhân hóa",1072,1,14.85,0.0
104462,Khách lâu chưa quay lại,0.0367,model,"Kéo lại bằng phim mới, voucher quay lại, thông báo cá nhân hóa",766,2,13.19,0.0
106114,Khách lâu chưa quay lại,0.0367,model,"Kéo lại bằng phim mới, voucher quay lại, thông báo cá nhân hóa",357,3,31.3,0.0
113763,Khách lâu chưa quay lại,0.0367,model,"Kéo lại bằng phim mới, voucher quay lại, thông báo cá nhân hóa",448,2,12.71,0.5
173284,Khách lâu chưa quay lại,0.0367,model,"Kéo lại bằng phim mới, voucher quay lại, thông báo cá nhân hóa",886,1,10.23,1.0
100407,Khách lâu chưa quay lại,0.0367,model,"Kéo lại bằng phim mới, voucher quay lại, thông báo cá nhân hóa",421,2,11.05,0.5
148319,Khách lâu chưa quay lại,0.0367,model,"Kéo lại bằng phim mới, voucher quay lại, thông báo cá nhân hóa",543,2,13.32,0.5
116322,Khách lâu chưa quay lại,0.0367,model,"Kéo lại bằng phim mới, voucher quay lại, thông báo cá nhân hóa",948,2,29.7,0.0
101782,Khách lâu chưa quay lại,0.0367,model,"Kéo lại bằng phim mới, voucher quay lại, thông báo cá nhân hóa",429,2,22.27,0.0
139168,Khách lâu chưa quay lại,0.0367,model,"Kéo lại bằng phim mới, voucher quay lại, thông báo cá nhân hóa",876,2,13.02,1.0
106308,Khách lâu chưa quay lại,0.0367,model,"Kéo lại bằng phim mới, voucher quay lại, thông báo cá nhân hóa",357,2,17.11,1.0
188700,Khách lâu chưa quay lại,0.0367,model,"Kéo lại bằng phim mới, voucher quay lại, thông báo cá nhân hóa",348,2,13.49,1.0
179687,Khách mua một lần (mới),0.0366,model,Tặng coupon cho lần mua thứ hai trong vòng 7–14 ngày,19,1,5.77,0.0
202191,Khách mua một lần (mới),0.0366,model,Tặng coupon cho lần mua thứ hai trong vòng 7–14 ngày,21,1,5.77,0.0
160122,Khách nhạy khuyến mãi,0.0366,model,"Chuyển từ giảm giá trực tiếp sang tích điểm, voucher cá nhân hóa",24,2,2.88,1.0
102263,Khách lâu chưa quay lại,0.0366,model,"Kéo lại bằng phim mới, voucher quay lại, thông báo cá nhân hóa",1116,1,42.07,0.0
136154,Khách lâu chưa quay lại,0.0366,model,"Kéo lại bằng phim mới, voucher quay lại, thông báo cá nhân hóa",363,2,13.94,0.5
114758,Khách lâu chưa quay lại,0.0366,model,"Kéo lại bằng phim mới, voucher quay lại, thông báo cá nhân hóa",867,2,6.52,0.0
129534,Khách lâu chưa quay lại,0.0366,model,"Kéo lại bằng phim mới, voucher quay lại, thông báo cá nhân hóa",500,3,16.29,1.0
101465,Khách lâu chưa quay lại,0.0366,model,"Kéo lại bằng phim mới, voucher quay lại, thông báo cá nhân hóa",328,2,10.56,0.5
129033,Khách lâu chưa quay lại,0.0366,model,"Kéo lại bằng phim mới, voucher quay lại, thông báo cá nhân hóa",847,2,23.25,1.0
122280,Khách lâu chưa quay lại,0.0366,model,"Kéo lại bằng phim mới, voucher quay lại, thông báo cá nhân hóa",330,1,17.11,1.0
167967,Khách lâu chưa quay lại,0.0365,model,"Kéo lại bằng phim mới, voucher quay lại, thông báo cá nhân hóa",758,2,19.5,1.0
131057,Khách lâu chưa quay lại,0.0365,model,"Kéo lại bằng phim mới, voucher quay lại, thông báo cá nhân hóa",352,2,29.41,1.0
101161,Khách lâu chưa quay lại,0.0365,model,"Kéo lại bằng phim mới, voucher quay lại, thông báo cá nhân hóa",444,2,13.82,0.0
139652,Khách lâu chưa quay lại,0.0365,model,"Kéo lại bằng phim mới, voucher quay lại, thông báo cá nhân hóa",331,3,30.17,1.0
109299,Khách lâu chưa quay lại,0.0365,model,"Kéo lại bằng phim mới, voucher quay lại, thông báo cá nhân hóa",505,3,25.84,1.0
166248,Khách lâu chưa quay lại,0.0365,model,"Kéo lại bằng phim mới, voucher quay lại, thông báo cá nhân hóa",847,2,13.02,1.0
105607,Khách lâu chưa quay lại,0.0365,model,"Kéo lại bằng phim mới, voucher quay lại, thông báo cá nhân hóa",351,1,13.28,1.0
160040,Khách lâu chưa quay lại,0.0365,model,"Kéo lại bằng phim mới, voucher quay lại, thông báo cá nhân hóa",358,1,29.94,1.0
102957,Khách lâu chưa quay lại,0.0365,model,"Kéo lại bằng phim mới, voucher quay lại, thông báo cá nhân hóa",901,2,30.76,0.5
113868,Khách lâu chưa quay lại,0.0365,model,"Kéo lại bằng phim mới, voucher quay lại, thông báo cá nhân hóa",343,2,13.48,1.0
130482,Khách lâu chưa quay lại,0.0365,model,"Kéo lại bằng phim mới, voucher quay lại, thông báo cá nhân hóa",770,5,66.4,0.0
147832,Khách lâu chưa quay lại,0.0365,model,"Kéo lại bằng phim mới, voucher quay lại, thông báo cá nhân hóa",351,1,65.41,0.0
192949,Khách lâu chưa quay lại,0.0365,model,"Kéo lại bằng phim mới, voucher quay lại, thông báo cá nhân hóa",339,2,17.73,0.0
169679,Khách lâu chưa quay lại,0.0364,model,"Kéo lại bằng phim mới, voucher quay lại, thông báo cá nhân hóa",358,2,17.16,1.0
112861,Khách lâu chưa quay lại,0.0364,model,"Kéo lại bằng phim mới, voucher quay lại, thông báo cá nhân hóa",437,1,13.4,0.0
122200,Khách lâu chưa quay lại,0.0364,model,"Kéo lại bằng phim mới, voucher quay lại, thông báo cá nhân hóa",402,1,13.4,0.0
132759,Khách lâu chưa quay lại,0.0364,model,"Kéo lại bằng phim mới, voucher quay lại, thông báo cá nhân hóa",526,3,13.03,1.0
154002,Khách lâu chưa quay lại,0.0364,model,"Kéo lại bằng phim mới, voucher quay lại, thông báo cá nhân hóa",551,3,24.74,0.0
124314,Khách lâu chưa quay lại,0.0364,model,"Kéo lại bằng phim mới, voucher quay lại, thông báo cá nhân hóa",345,3,31.96,0.6667
154528,Khách nhạy khuyến mãi,0.0364,model,"Chuyển từ giảm giá trực tiếp sang tích điểm, voucher cá nhân hóa",42,1,3.26,1.0
189257,Khách mua một lần (mới),0.0364,model,Tặng coupon cho lần mua thứ hai trong vòng 7–14 ngày,21,1,6.27,1.0
102477,Khách lâu chưa quay lại,0.0364,model,"Kéo lại bằng phim mới, voucher quay lại, thông báo cá nhân hóa",868,2,13.02,1.0
135104,Khách lâu chưa quay lại,0.0364,model,"Kéo lại bằng phim mới, voucher quay lại, thông báo cá nhân hóa",897,2,13.02,1.0
117411,Khách lâu chưa quay lại,0.0364,model,"Kéo lại bằng phim mới, voucher quay lại, thông báo cá nhân hóa",974,2,14.76,0.5
159688,Khách lâu chưa quay lại,0.0364,model,"Kéo lại bằng phim mới, voucher quay lại, thông báo cá nhân hóa",455,2,12.71,0.5
125006,Khách lâu chưa quay lại,0.0364,model,"Kéo lại bằng phim mới, voucher quay lại, thông báo cá nhân hóa",351,5,29.4,0.8
130234,Khách lâu chưa quay lại,0.0364,model,"Kéo lại bằng phim mới, voucher quay lại, thông báo cá nhân hóa",439,3,26.34,0.3333
102326,Khách lâu chưa quay lại,0.0364,model,"Kéo lại bằng phim mới, voucher quay lại, thông báo cá nhân hóa",734,11,39.14,0.0
157512,Khách lâu chưa quay lại,0.0363,model,"Kéo lại bằng phim mới, voucher quay lại, thông báo cá nhân hóa",356,3,23.51,0.0
145318,Khách lâu chưa quay lại,0.0363,model,"Kéo lại bằng phim mới, voucher quay lại, thông báo cá nhân hóa",959,1,32.08,1.0
138162,Khách lâu chưa quay lại,0.0363,model,"Kéo lại bằng phim mới, voucher quay lại, thông báo cá nhân hóa",493,10,36.7,0.0
165479,Khách lâu chưa quay lại,0.0363,model,"Kéo lại bằng phim mới, voucher quay lại, thông báo cá nhân hóa",351,3,15.08,0.6667
164616,Khách lâu chưa quay lại,0.0363,model,"Kéo lại bằng phim mới, voucher quay lại, thông báo cá nhân hóa",334,6,48.34,0.1667
141121,Khách lâu chưa quay lại,0.0363,model,"Kéo lại bằng phim mới, voucher quay lại, thông báo cá nhân hóa",354,1,8.62,0.0
141569,Khách lâu chưa quay lại,0.0363,model,"Kéo lại bằng phim mới, voucher quay lại, thông báo cá nhân hóa",360,1,3.71,0.0
211848,Khách lâu chưa quay lại,0.0363,model,"Kéo lại bằng phim mới, voucher quay lại, thông báo cá nhân hóa",356,1,3.67,0.0
137551,Khách lâu chưa quay lại,0.0363,model,"Kéo lại bằng phim mới, voucher quay lại, thông báo cá nhân hóa",360,1,3.51,0.0
174154,Khách lâu chưa quay lại,0.0363,model,"Kéo lại bằng phim mới, voucher quay lại, thông báo cá nhân hóa",360,1,3.71,0.0
125939,Khách lâu chưa quay lại,0.0363,model,"Kéo lại bằng phim mới, voucher quay lại, thông báo cá nhân hóa",358,1,3.67,0.0
208950,Khách lâu chưa quay lại,0.0363,model,"Kéo lại bằng phim mới, voucher quay lại, thông báo cá nhân hóa",360,1,3.51,0.0
203567,Khách lâu chưa quay lại,0.0363,model,"Kéo lại bằng phim mới, voucher quay lại, thông báo cá nhân hóa",360,1,3.71,0.0
135716,Khách lâu chưa quay lại,0.0363,model,"Kéo lại bằng phim mới, voucher quay lại, thông báo cá nhân hóa",356,1,3.71,0.0
159933,Khách nhạy khuyến mãi,0.0363,model,"Chuyển từ giảm giá trực tiếp sang tích điểm, voucher cá nhân hóa",33,2,22.34,0.5
124307,Khách giá trị cao,0.0363,model,"Membership, ưu đãi đặc quyền, đặt vé sớm phim hot",21,3,16.04,0.3333
158878,Khách lâu chưa quay lại,0.0363,model,"Kéo lại bằng phim mới, voucher quay lại, thông báo cá nhân hóa",326,2,29.37,0.5
101934,Khách lâu chưa quay lại,0.0362,model,"Kéo lại bằng phim mới, voucher quay lại, thông báo cá nhân hóa",736,4,26.04,1.0
104449,Khách lâu chưa quay lại,0.0362,model,"Kéo lại bằng phim mới, voucher quay lại, thông báo cá nhân hóa",889,2,6.52,1.0
161346,Khách lâu chưa quay lại,0.0362,model,"Kéo lại bằng phim mới, voucher quay lại, thông báo cá nhân hóa",343,3,20.57,0.3333
125355,Khách lâu chưa quay lại,0.0362,model,"Kéo lại bằng phim mới, voucher quay lại, thông báo cá nhân hóa",466,4,34.54,0.75
107981,Khách lâu chưa quay lại,0.0362,model,"Kéo lại bằng phim mới, voucher quay lại, thông báo cá nhân hóa",362,2,18.84,0.5
164310,Khách lâu chưa quay lại,0.0362,model,"Kéo lại bằng phim mới, voucher quay lại, thông báo cá nhân hóa",791,2,34.06,1.0
126506,Khách lâu chưa quay lại,0.0362,model,"Kéo lại bằng phim mới, voucher quay lại, thông báo cá nhân hóa",1018,2,32.17,0.0
101218,Khách lâu chưa quay lại,0.0362,model,"Kéo lại bằng phim mới, voucher quay lại, thông báo cá nhân hóa",444,1,2.89,0.0
209862,Khách lâu chưa quay lại,0.0362,model,"Kéo lại bằng phim mới, voucher quay lại, thông báo cá nhân hóa",445,1,2.89,0.0
134992,Khách lâu chưa quay lại,0.0362,model,"Kéo lại bằng phim mới, voucher quay lại, thông báo cá nhân hóa",497,1,2.97,0.0
141851,Khách lâu chưa quay lại,0.0362,model,"Kéo lại bằng phim mới, voucher quay lại, thông báo cá nhân hóa",359,2,13.04,1.0
153718,Khách lâu chưa quay lại,0.0362,model,"Kéo lại bằng phim mới, voucher quay lại, thông báo cá nhân hóa",1031,3,97.83,0.6667
115329,Khách thường xuyên,0.0361,model,"Duy trì, không cần giảm giá sâu",57,2,25.73,0.0
140915,Khách lâu chưa quay lại,0.0361,model,"Kéo lại bằng phim mới, voucher quay lại, thông báo cá nhân hóa",346,1,13.03,1.0
191639,Khách lâu chưa quay lại,0.0361,model,"Kéo lại bằng phim mới, voucher quay lại, thông báo cá nhân hóa",345,1,13.03,1.0
223591,Khách mua một lần (mới),0.0361,model,Tặng coupon cho lần mua thứ hai trong vòng 7–14 ngày,2,1,6.26,1.0
138050,Khách mua một lần (mới),0.0361,model,Tặng coupon cho lần mua thứ hai trong vòng 7–14 ngày,2,1,6.26,1.0
107344,Khách lâu chưa quay lại,0.0361,model,"Kéo lại bằng phim mới, voucher quay lại, thông báo cá nhân hóa",893,3,30.93,0.0
130220,Khách lâu chưa quay lại,0.0361,model,"Kéo lại bằng phim mới, voucher quay lại, thông báo cá nhân hóa",437,3,20.2,0.0
116653,Khách lâu chưa quay lại,0.0361,model,"Kéo lại bằng phim mới, voucher quay lại, thông báo cá nhân hóa",322,6,29.81,0.8333
153661,Khách lâu chưa quay lại,0.0361,model,"Kéo lại bằng phim mới, voucher quay lại, thông báo cá nhân hóa",465,2,14.84,0.0
129791,Khách lâu chưa quay lại,0.0361,model,"Kéo lại bằng phim mới, voucher quay lại, thông báo cá nhân hóa",1042,1,3.09,0.0
160987,Khách lâu chưa quay lại,0.0361,model,"Kéo lại bằng phim mới, voucher quay lại, thông báo cá nhân hóa",1043,1,3.09,0.0
155527,Khách lâu chưa quay lại,0.0361,model,"Kéo lại bằng phim mới, voucher quay lại, thông báo cá nhân hóa",1049,1,3.09,0.0
134045,Khách lâu chưa quay lại,0.0361,model,"Kéo lại bằng phim mới, voucher quay lại, thông báo cá nhân hóa",1044,1,3.09,0.0
159449,Khách lâu chưa quay lại,0.0361,model,"Kéo lại bằng phim mới, voucher quay lại, thông báo cá nhân hóa",1052,1,3.09,0.0
159256,Khách lâu chưa quay lại,0.0361,model,"Kéo lại bằng phim mới, voucher quay lại, thông báo cá nhân hóa",1049,1,3.09,0.0
107794,Khách lâu chưa quay lại,0.0361,model,"Kéo lại bằng phim mới, voucher quay lại, thông báo cá nhân hóa",358,3,14.14,0.6667
108097,Khách lâu chưa quay lại,0.0361,model,"Kéo lại bằng phim mới, voucher quay lại, thông báo cá nhân hóa",312,3,7.55,0.3333
140428,Khách lâu chưa quay lại,0.0361,model,"Kéo lại bằng phim mới, voucher quay lại, thông báo cá nhân hóa",345,2,17.23,0.5
132048,Khách lâu chưa quay lại,0.0361,model,"Kéo lại bằng phim mới, voucher quay lại, thông báo cá nhân hóa",912,3,22.09,0.6667
120313,Khách mua một lần (mới),0.0361,model,Tặng coupon cho lần mua thứ hai trong vòng 7–14 ngày,18,1,6.27,1.0
116740,Khách lâu chưa quay lại,0.0361,model,"Kéo lại bằng phim mới, voucher quay lại, thông báo cá nhân hóa",1110,2,25.98,0.0
205042,Khách lâu chưa quay lại,0.0361,model,"Kéo lại bằng phim mới, voucher quay lại, thông báo cá nhân hóa",352,1,17.28,1.0
115464,Khách nhạy khuyến mãi,0.0361,model,"Chuyển từ giảm giá trực tiếp sang tích điểm, voucher cá nhân hóa",80,1,13.86,1.0
105326,Khách nhạy khuyến mãi,0.0361,model,"Chuyển từ giảm giá trực tiếp sang tích điểm, voucher cá nhân hóa",21,2,14.31,0.5
135759,Khách nhạy khuyến mãi,0.0361,model,"Chuyển từ giảm giá trực tiếp sang tích điểm, voucher cá nhân hóa",34,1,6.42,1.0
187965,Khách nhạy khuyến mãi,0.0361,model,"Chuyển từ giảm giá trực tiếp sang tích điểm, voucher cá nhân hóa",31,1,6.42,1.0
206165,Khách nhạy khuyến mãi,0.0361,model,"Chuyển từ giảm giá trực tiếp sang tích điểm, voucher cá nhân hóa",33,1,6.42,1.0
135503,Khách lâu chưa quay lại,0.036,model,"Kéo lại bằng phim mới, voucher quay lại, thông báo cá nhân hóa",310,3,27.63,0.0
178962,Khách lâu chưa quay lại,0.036,model,"Kéo lại bằng phim mới, voucher quay lại, thông báo cá nhân hóa",330,2,13.53,0.5
123383,Khách lâu chưa quay lại,0.036,model,"Kéo lại bằng phim mới, voucher quay lại, thông báo cá nhân hóa",340,2,13.08,0.5
215619,Khách thường xuyên,0.036,model,"Duy trì, không cần giảm giá sâu",76,1,7.32,0.0
203792,Khách mua một lần (mới),0.036,model,Tặng coupon cho lần mua thứ hai trong vòng 7–14 ngày,21,1,7.09,0.0
141729,Khách thường xuyên,0.036,model,"Duy trì, không cần giảm giá sâu",77,1,7.24,0.0
218502,Khách thường xuyên,0.036,model,"Duy trì, không cần giảm giá sâu",77,1,7.32,0.0
101150,Khách lâu chưa quay lại,0.036,model,"Kéo lại bằng phim mới, voucher quay lại, thông báo cá nhân hóa",91,1,7.32,0.0
146400,Khách thường xuyên,0.036,model,"Duy trì, không cần giảm giá sâu",88,1,7.32,0.0
193647,Khách thường xuyên,0.036,model,"Duy trì, không cần giảm giá sâu",73,1,7.32,0.0
150139,Khách lâu chưa quay lại,0.036,model,"Kéo lại bằng phim mới, voucher quay lại, thông báo cá nhân hóa",446,2,22.64,0.0
113689,Khách lâu chưa quay lại,0.036,model,"Kéo lại bằng phim mới, voucher quay lại, thông báo cá nhân hóa",443,2,22.23,0.0
206634,Khách lâu chưa quay lại,0.036,model,"Kéo lại bằng phim mới, voucher quay lại, thông báo cá nhân hóa",435,1,2.06,0.0
122971,Khách lâu chưa quay lại,0.036,model,"Kéo lại bằng phim mới, voucher quay lại, thông báo cá nhân hóa",411,1,2.06,0.0
172440,Khách lâu chưa quay lại,0.036,model,"Kéo lại bằng phim mới, voucher quay lại, thông báo cá nhân hóa",433,1,2.06,0.0
165094,Khách lâu chưa quay lại,0.036,model,"Kéo lại bằng phim mới, voucher quay lại, thông báo cá nhân hóa",847,1,10.22,1.0
176069,Khách lâu chưa quay lại,0.0359,model,"Kéo lại bằng phim mới, voucher quay lại, thông báo cá nhân hóa",418,3,26.81,0.0
156316,Khách lâu chưa quay lại,0.0359,model,"Kéo lại bằng phim mới, voucher quay lại, thông báo cá nhân hóa",358,1,9.77,1.0
120073,Khách lâu chưa quay lại,0.0359,model,"Kéo lại bằng phim mới, voucher quay lại, thông báo cá nhân hóa",358,1,9.77,1.0
144099,Khách lâu chưa quay lại,0.0359,model,"Kéo lại bằng phim mới, voucher quay lại, thông báo cá nhân hóa",497,3,24.83,0.3333
187654,Khách lâu chưa quay lại,0.0359,model,"Kéo lại bằng phim mới, voucher quay lại, thông báo cá nhân hóa",355,1,9.9,0.0
143429,Khách lâu chưa quay lại,0.0359,model,"Kéo lại bằng phim mới, voucher quay lại, thông báo cá nhân hóa",355,1,9.9,0.0
181364,Khách lâu chưa quay lại,0.0359,model,"Kéo lại bằng phim mới, voucher quay lại, thông báo cá nhân hóa",360,1,9.9,0.0
125105,Khách lâu chưa quay lại,0.0359,model,"Kéo lại bằng phim mới, voucher quay lại, thông báo cá nhân hóa",356,1,9.9,0.0
183153,Khách lâu chưa quay lại,0.0359,model,"Kéo lại bằng phim mới, voucher quay lại, thông báo cá nhân hóa",355,1,9.9,0.0
157858,Khách lâu chưa quay lại,0.0359,model,"Kéo lại bằng phim mới, voucher quay lại, thông báo cá nhân hóa",960,1,3.26,1.0
125742,Khách lâu chưa quay lại,0.0359,model,"Kéo lại bằng phim mới, voucher quay lại, thông báo cá nhân hóa",552,2,5.32,0.5
189912,Khách lâu chưa quay lại,0.0359,model,"Kéo lại bằng phim mới, voucher quay lại, thông báo cá nhân hóa",337,1,13.28,1.0
105251,Khách thường xuyên,0.0359,model,"Duy trì, không cần giảm giá sâu",22,2,25.49,0.0
100264,Khách lâu chưa quay lại,0.0359,model,"Kéo lại bằng phim mới, voucher quay lại, thông báo cá nhân hóa",976,1,3.71,0.0
167419,Khách lâu chưa quay lại,0.0359,model,"Kéo lại bằng phim mới, voucher quay lại, thông báo cá nhân hóa",979,1,3.71,0.0
154442,Khách lâu chưa quay lại,0.0359,model,"Kéo lại bằng phim mới, voucher quay lại, thông báo cá nhân hóa",984,1,3.71,0.0
166878,Khách lâu chưa quay lại,0.0359,model,"Kéo lại bằng phim mới, voucher quay lại, thông báo cá nhân hóa",985,1,3.71,0.0
158441,Khách lâu chưa quay lại,0.0359,model,"Kéo lại bằng phim mới, voucher quay lại, thông báo cá nhân hóa",992,1,3.71,0.0
119390,Khách lâu chưa quay lại,0.0359,model,"Kéo lại bằng phim mới, voucher quay lại, thông báo cá nhân hóa",984,1,3.71,0.0
167590,Khách lâu chưa quay lại,0.0359,model,"Kéo lại bằng phim mới, voucher quay lại, thông báo cá nhân hóa",977,1,3.71,0.0
150594,Khách lâu chưa quay lại,0.0359,model,"Kéo lại bằng phim mới, voucher quay lại, thông báo cá nhân hóa",986,1,3.71,0.0
117756,Khách lâu chưa quay lại,0.0359,model,"Kéo lại bằng phim mới, voucher quay lại, thông báo cá nhân hóa",977,1,3.71,0.0
128162,Khách lâu chưa quay lại,0.0359,model,"Kéo lại bằng phim mới, voucher quay lại, thông báo cá nhân hóa",989,1,3.71,0.0
159172,Khách lâu chưa quay lại,0.0359,model,"Kéo lại bằng phim mới, voucher quay lại, thông báo cá nhân hóa",992,1,3.71,0.0
167311,Khách lâu chưa quay lại,0.0359,model,"Kéo lại bằng phim mới, voucher quay lại, thông báo cá nhân hóa",980,1,3.71,0.0
139499,Khách lâu chưa quay lại,0.0359,model,"Kéo lại bằng phim mới, voucher quay lại, thông báo cá nhân hóa",986,1,3.71,0.0
206483,Khách lâu chưa quay lại,0.0358,model,"Kéo lại bằng phim mới, voucher quay lại, thông báo cá nhân hóa",307,2,27.18,0.5
100358,Khách lâu chưa quay lại,0.0358,model,"Kéo lại bằng phim mới, voucher quay lại, thông báo cá nhân hóa",802,3,19.21,0.6667
129606,Khách lâu chưa quay lại,0.0358,model,"Kéo lại bằng phim mới, voucher quay lại, thông báo cá nhân hóa",314,2,37.44,0.5
154663,Khách nhạy khuyến mãi,0.0358,model,"Chuyển từ giảm giá trực tiếp sang tích điểm, voucher cá nhân hóa",43,2,25.66,0.5
106975,Khách nhạy khuyến mãi,0.0357,model,"Chuyển từ giảm giá trực tiếp sang tích điểm, voucher cá nhân hóa",78,1,6.51,1.0
204042,Khách nhạy khuyến mãi,0.0357,model,"Chuyển từ giảm giá trực tiếp sang tích điểm, voucher cá nhân hóa",66,1,6.51,1.0
123066,Khách lâu chưa quay lại,0.0357,model,"Kéo lại bằng phim mới, voucher quay lại, thông báo cá nhân hóa",940,4,41.9,0.0
102258,Khách lâu chưa quay lại,0.0357,model,"Kéo lại bằng phim mới, voucher quay lại, thông báo cá nhân hóa",471,2,14.85,0.0
106752,Khách nhạy khuyến mãi,0.0357,model,"Chuyển từ giảm giá trực tiếp sang tích điểm, voucher cá nhân hóa",42,2,14.07,0.5
134367,Khách lâu chưa quay lại,0.0357,model,"Kéo lại bằng phim mới, voucher quay lại, thông báo cá nhân hóa",330,3,30.77,0.3333
133499,Khách lâu chưa quay lại,0.0357,model,"Kéo lại bằng phim mới, voucher quay lại, thông báo cá nhân hóa",339,3,18.48,0.3333
118225,Khách giá trị cao,0.0357,model,"Membership, ưu đãi đặc quyền, đặt vé sớm phim hot",24,3,25.93,0.6667
112147,Khách lâu chưa quay lại,0.0356,model,"Kéo lại bằng phim mới, voucher quay lại, thông báo cá nhân hóa",373,1,13.28,1.0
203360,Khách mua một lần (mới),0.0356,model,Tặng coupon cho lần mua thứ hai trong vòng 7–14 ngày,23,1,5.69,1.0
158478,Khách lâu chưa quay lại,0.0356,model,"Kéo lại bằng phim mới, voucher quay lại, thông báo cá nhân hóa",359,1,3.26,1.0
122750,Khách lâu chưa quay lại,0.0356,model,"Kéo lại bằng phim mới, voucher quay lại, thông báo cá nhân hóa",360,1,3.26,1.0
137838,Khách lâu chưa quay lại,0.0356,model,"Kéo lại bằng phim mới, voucher quay lại, thông báo cá nhân hóa",358,1,3.26,1.0
195677,Khách lâu chưa quay lại,0.0356,model,"Kéo lại bằng phim mới, voucher quay lại, thông báo cá nhân hóa",358,1,3.26,1.0
176366,Khách lâu chưa quay lại,0.0356,model,"Kéo lại bằng phim mới, voucher quay lại, thông báo cá nhân hóa",357,1,3.26,1.0
212075,Khách lâu chưa quay lại,0.0356,model,"Kéo lại bằng phim mới, voucher quay lại, thông báo cá nhân hóa",359,1,3.26,1.0
217360,Khách lâu chưa quay lại,0.0356,model,"Kéo lại bằng phim mới, voucher quay lại, thông báo cá nhân hóa",357,1,3.26,1.0
192198,Khách lâu chưa quay lại,0.0356,model,"Kéo lại bằng phim mới, voucher quay lại, thông báo cá nhân hóa",545,1,24.74,0.0
114525,Khách lâu chưa quay lại,0.0356,model,"Kéo lại bằng phim mới, voucher quay lại, thông báo cá nhân hóa",319,2,21.53,0.5
125247,Khách thường xuyên,0.0356,model,"Duy trì, không cần giảm giá sâu",31,2,31.64,0.0
146372,Khách lâu chưa quay lại,0.0356,model,"Kéo lại bằng phim mới, voucher quay lại, thông báo cá nhân hóa",439,2,22.59,0.5
160979,Khách giá trị cao,0.0355,model,"Membership, ưu đãi đặc quyền, đặt vé sớm phim hot",3,5,29.97,0.8
118308,Khách lâu chưa quay lại,0.0355,model,"Kéo lại bằng phim mới, voucher quay lại, thông báo cá nhân hóa",336,1,13.03,1.0
110363,Khách lâu chưa quay lại,0.0355,model,"Kéo lại bằng phim mới, voucher quay lại, thông báo cá nhân hóa",552,6,25.04,0.5
157449,Khách nhạy khuyến mãi,0.0355,model,"Chuyển từ giảm giá trực tiếp sang tích điểm, voucher cá nhân hóa",14,2,4.7,1.0
127513,Khách lâu chưa quay lại,0.0355,model,"Kéo lại bằng phim mới, voucher quay lại, thông báo cá nhân hóa",428,1,9.77,1.0
222144,Khách nhạy khuyến mãi,0.0355,model,"Chuyển từ giảm giá trực tiếp sang tích điểm, voucher cá nhân hóa",47,2,13.03,1.0
125278,Khách lâu chưa quay lại,0.0355,model,"Kéo lại bằng phim mới, voucher quay lại, thông báo cá nhân hóa",347,3,20.99,0.0
225383,Khách mua một lần (mới),0.0355,model,Tặng coupon cho lần mua thứ hai trong vòng 7–14 ngày,8,1,3.71,1.0
121385,Khách lâu chưa quay lại,0.0355,model,"Kéo lại bằng phim mới, voucher quay lại, thông báo cá nhân hóa",342,2,23.3,0.0
127400,Khách lâu chưa quay lại,0.0355,model,"Kéo lại bằng phim mới, voucher quay lại, thông báo cá nhân hóa",455,2,4.29,0.0
131313,Khách lâu chưa quay lại,0.0355,model,"Kéo lại bằng phim mới, voucher quay lại, thông báo cá nhân hóa",336,1,13.36,0.0
131596,Khách lâu chưa quay lại,0.0354,model,"Kéo lại bằng phim mới, voucher quay lại, thông báo cá nhân hóa",495,3,24.99,0.6667
108830,Khách lâu chưa quay lại,0.0354,model,"Kéo lại bằng phim mới, voucher quay lại, thông báo cá nhân hóa",318,3,24.99,0.6667
117438,Khách lâu chưa quay lại,0.0354,model,"Kéo lại bằng phim mới, voucher quay lại, thông báo cá nhân hóa",1023,1,3.26,1.0
105685,Khách lâu chưa quay lại,0.0354,model,"Kéo lại bằng phim mới, voucher quay lại, thông báo cá nhân hóa",1071,2,19.8,0.0
105542,Khách lâu chưa quay lại,0.0354,model,"Kéo lại bằng phim mới, voucher quay lại, thông báo cá nhân hóa",861,2,16.82,0.5
111963,Khách lâu chưa quay lại,0.0354,model,"Kéo lại bằng phim mới, voucher quay lại, thông báo cá nhân hóa",463,3,22.19,0.0
126891,Khách nhạy khuyến mãi,0.0354,model,"Chuyển từ giảm giá trực tiếp sang tích điểm, voucher cá nhân hóa",58,2,20.57,1.0
146956,Khách lâu chưa quay lại,0.0354,model,"Kéo lại bằng phim mới, voucher quay lại, thông báo cá nhân hóa",359,2,25.23,0.5
112189,Khách lâu chưa quay lại,0.0354,model,"Kéo lại bằng phim mới, voucher quay lại, thông báo cá nhân hóa",1097,2,9.9,0.0
125019,Khách lâu chưa quay lại,0.0354,model,"Kéo lại bằng phim mới, voucher quay lại, thông báo cá nhân hóa",311,2,30.8,0.0
101620,Khách lâu chưa quay lại,0.0353,model,"Kéo lại bằng phim mới, voucher quay lại, thông báo cá nhân hóa",462,3,26.06,1.0
146108,Khách lâu chưa quay lại,0.0353,model,"Kéo lại bằng phim mới, voucher quay lại, thông báo cá nhân hóa",795,3,29.74,0.3333
130483,Khách lâu chưa quay lại,0.0353,model,"Kéo lại bằng phim mới, voucher quay lại, thông báo cá nhân hóa",999,4,70.85,0.0
101406,Khách lâu chưa quay lại,0.0353,model,"Kéo lại bằng phim mới, voucher quay lại, thông báo cá nhân hóa",493,3,17.49,0.3333
131305,Khách lâu chưa quay lại,0.0353,model,"Kéo lại bằng phim mới, voucher quay lại, thông báo cá nhân hóa",342,2,9.89,0.0
109303,Khách lâu chưa quay lại,0.0353,model,"Kéo lại bằng phim mới, voucher quay lại, thông báo cá nhân hóa",509,2,16.91,0.0
147207,Khách lâu chưa quay lại,0.0353,model,"Kéo lại bằng phim mới, voucher quay lại, thông báo cá nhân hóa",442,1,6.51,1.0
118125,Khách lâu chưa quay lại,0.0353,model,"Kéo lại bằng phim mới, voucher quay lại, thông báo cá nhân hóa",444,1,6.51,1.0
161307,Khách lâu chưa quay lại,0.0353,model,"Kéo lại bằng phim mới, voucher quay lại, thông báo cá nhân hóa",491,1,6.51,1.0
136838,Khách lâu chưa quay lại,0.0353,model,"Kéo lại bằng phim mới, voucher quay lại, thông báo cá nhân hóa",527,1,6.51,1.0
141512,Khách lâu chưa quay lại,0.0353,model,"Kéo lại bằng phim mới, voucher quay lại, thông báo cá nhân hóa",456,1,6.51,1.0
147501,Khách lâu chưa quay lại,0.0353,model,"Kéo lại bằng phim mới, voucher quay lại, thông báo cá nhân hóa",498,1,6.51,1.0
141535,Khách lâu chưa quay lại,0.0353,model,"Kéo lại bằng phim mới, voucher quay lại, thông báo cá nhân hóa",497,1,6.51,1.0
106040,Khách lâu chưa quay lại,0.0353,model,"Kéo lại bằng phim mới, voucher quay lại, thông báo cá nhân hóa",497,1,6.51,1.0
172780,Khách lâu chưa quay lại,0.0353,model,"Kéo lại bằng phim mới, voucher quay lại, thông báo cá nhân hóa",498,1,6.51,1.0
121838,Khách lâu chưa quay lại,0.0353,model,"Kéo lại bằng phim mới, voucher quay lại, thông báo cá nhân hóa",457,1,6.51,1.0
143723,Khách lâu chưa quay lại,0.0353,model,"Kéo lại bằng phim mới, voucher quay lại, thông báo cá nhân hóa",520,1,6.51,1.0
151720,Khách lâu chưa quay lại,0.0353,model,"Kéo lại bằng phim mới, voucher quay lại, thông báo cá nhân hóa",442,1,6.51,1.0
156456,Khách lâu chưa quay lại,0.0353,model,"Kéo lại bằng phim mới, voucher quay lại, thông báo cá nhân hóa",497,1,6.51,1.0
129886,Khách lâu chưa quay lại,0.0353,model,"Kéo lại bằng phim mới, voucher quay lại, thông báo cá nhân hóa",449,1,6.51,1.0
150880,Khách lâu chưa quay lại,0.0353,model,"Kéo lại bằng phim mới, voucher quay lại, thông báo cá nhân hóa",490,1,6.51,1.0
150728,Khách lâu chưa quay lại,0.0353,model,"Kéo lại bằng phim mới, voucher quay lại, thông báo cá nhân hóa",443,1,6.51,1.0
134925,Khách lâu chưa quay lại,0.0353,model,"Kéo lại bằng phim mới, voucher quay lại, thông báo cá nhân hóa",485,1,6.51,1.0
141837,Khách lâu chưa quay lại,0.0353,model,"Kéo lại bằng phim mới, voucher quay lại, thông báo cá nhân hóa",448,1,6.51,1.0
149815,Khách lâu chưa quay lại,0.0353,model,"Kéo lại bằng phim mới, voucher quay lại, thông báo cá nhân hóa",520,1,6.51,1.0
194646,Khách lâu chưa quay lại,0.0353,model,"Kéo lại bằng phim mới, voucher quay lại, thông báo cá nhân hóa",441,1,6.51,1.0
164780,Khách lâu chưa quay lại,0.0353,model,"Kéo lại bằng phim mới, voucher quay lại, thông báo cá nhân hóa",520,1,6.51,1.0
128957,Khách lâu chưa quay lại,0.0353,model,"Kéo lại bằng phim mới, voucher quay lại, thông báo cá nhân hóa",491,1,6.51,1.0
169369,Khách lâu chưa quay lại,0.0353,model,"Kéo lại bằng phim mới, voucher quay lại, thông báo cá nhân hóa",485,1,6.51,1.0
106027,Khách lâu chưa quay lại,0.0353,model,"Kéo lại bằng phim mới, voucher quay lại, thông báo cá nhân hóa",478,1,6.51,1.0
105079,Khách lâu chưa quay lại,0.0353,model,"Kéo lại bằng phim mới, voucher quay lại, thông báo cá nhân hóa",457,1,6.51,1.0
149374,Khách lâu chưa quay lại,0.0353,model,"Kéo lại bằng phim mới, voucher quay lại, thông báo cá nhân hóa",441,1,6.51,1.0
164695,Khách lâu chưa quay lại,0.0353,model,"Kéo lại bằng phim mới, voucher quay lại, thông báo cá nhân hóa",497,1,6.51,1.0
202090,Khách lâu chưa quay lại,0.0353,model,"Kéo lại bằng phim mới, voucher quay lại, thông báo cá nhân hóa",513,1,6.51,1.0
120453,Khách lâu chưa quay lại,0.0353,model,"Kéo lại bằng phim mới, voucher quay lại, thông báo cá nhân hóa",442,1,6.51,1.0
132037,Khách lâu chưa quay lại,0.0353,model,"Kéo lại bằng phim mới, voucher quay lại, thông báo cá nhân hóa",498,1,6.51,1.0
122501,Khách lâu chưa quay lại,0.0353,model,"Kéo lại bằng phim mới, voucher quay lại, thông báo cá nhân hóa",442,1,6.51,1.0
175970,Khách lâu chưa quay lại,0.0353,model,"Kéo lại bằng phim mới, voucher quay lại, thông báo cá nhân hóa",448,1,6.51,1.0
186461,Khách lâu chưa quay lại,0.0353,model,"Kéo lại bằng phim mới, voucher quay lại, thông báo cá nhân hóa",469,1,6.51,1.0
141985,Khách lâu chưa quay lại,0.0353,model,"Kéo lại bằng phim mới, voucher quay lại, thông báo cá nhân hóa",504,1,6.51,1.0
133894,Khách lâu chưa quay lại,0.0353,model,"Kéo lại bằng phim mới, voucher quay lại, thông báo cá nhân hóa",485,1,6.51,1.0
184469,Khách lâu chưa quay lại,0.0353,model,"Kéo lại bằng phim mới, voucher quay lại, thông báo cá nhân hóa",477,1,6.51,1.0
182883,Khách lâu chưa quay lại,0.0353,model,"Kéo lại bằng phim mới, voucher quay lại, thông báo cá nhân hóa",484,1,6.51,1.0
137386,Khách lâu chưa quay lại,0.0353,model,"Kéo lại bằng phim mới, voucher quay lại, thông báo cá nhân hóa",325,2,12.75,0.0
178524,Khách lâu chưa quay lại,0.0353,model,"Kéo lại bằng phim mới, voucher quay lại, thông báo cá nhân hóa",357,2,18.43,0.5
112478,Khách lâu chưa quay lại,0.0353,model,"Kéo lại bằng phim mới, voucher quay lại, thông báo cá nhân hóa",338,2,16.28,1.0
183939,Khách lâu chưa quay lại,0.0353,model,"Kéo lại bằng phim mới, voucher quay lại, thông báo cá nhân hóa",354,2,22.23,0.0
121976,Khách lâu chưa quay lại,0.0353,model,"Kéo lại bằng phim mới, voucher quay lại, thông báo cá nhân hóa",409,2,17.94,0.5
152143,Khách nhạy khuyến mãi,0.0353,model,"Chuyển từ giảm giá trực tiếp sang tích điểm, voucher cá nhân hóa",20,2,13.53,0.5
101638,Khách lâu chưa quay lại,0.0353,model,"Kéo lại bằng phim mới, voucher quay lại, thông báo cá nhân hóa",914,3,20.96,0.3333
191280,Khách lâu chưa quay lại,0.0353,model,"Kéo lại bằng phim mới, voucher quay lại, thông báo cá nhân hóa",344,1,11.5,1.0
147364,Khách lâu chưa quay lại,0.0353,model,"Kéo lại bằng phim mới, voucher quay lại, thông báo cá nhân hóa",1108,1,2.47,1.0
130795,Khách lâu chưa quay lại,0.0353,model,"Kéo lại bằng phim mới, voucher quay lại, thông báo cá nhân hóa",491,1,9.77,1.0
109328,Khách lâu chưa quay lại,0.0352,model,"Kéo lại bằng phim mới, voucher quay lại, thông báo cá nhân hóa",1053,2,32.17,0.0
196879,Khách lâu chưa quay lại,0.0352,model,"Kéo lại bằng phim mới, voucher quay lại, thông báo cá nhân hóa",356,1,11.01,0.0
197915,Khách lâu chưa quay lại,0.0352,model,"Kéo lại bằng phim mới, voucher quay lại, thông báo cá nhân hóa",358,1,11.09,0.0
107485,Khách lâu chưa quay lại,0.0352,model,"Kéo lại bằng phim mới, voucher quay lại, thông báo cá nhân hóa",308,3,25.99,1.0
109707,Khách lâu chưa quay lại,0.0352,model,"Kéo lại bằng phim mới, voucher quay lại, thông báo cá nhân hóa",943,2,7.05,0.5
184675,Khách mua một lần (mới),0.0352,model,Tặng coupon cho lần mua thứ hai trong vòng 7–14 ngày,27,1,3.92,1.0
183294,Khách nhạy khuyến mãi,0.0352,model,"Chuyển từ giảm giá trực tiếp sang tích điểm, voucher cá nhân hóa",70,2,21.74,0.5
161740,Khách lâu chưa quay lại,0.0352,model,"Kéo lại bằng phim mới, voucher quay lại, thông báo cá nhân hóa",1026,1,32.13,0.0
171182,Khách lâu chưa quay lại,0.0352,model,"Kéo lại bằng phim mới, voucher quay lại, thông báo cá nhân hóa",461,2,4.29,0.5
169240,Khách lâu chưa quay lại,0.0352,model,"Kéo lại bằng phim mới, voucher quay lại, thông báo cá nhân hóa",498,2,14.81,0.5
116485,Khách lâu chưa quay lại,0.0352,model,"Kéo lại bằng phim mới, voucher quay lại, thông báo cá nhân hóa",897,2,11.47,0.5
144648,Khách lâu chưa quay lại,0.0351,model,"Kéo lại bằng phim mới, voucher quay lại, thông báo cá nhân hóa",447,3,21.65,0.0
156828,Khách lâu chưa quay lại,0.0351,model,"Kéo lại bằng phim mới, voucher quay lại, thông báo cá nhân hóa",416,5,58.76,0.4
130277,Khách lâu chưa quay lại,0.0351,model,"Kéo lại bằng phim mới, voucher quay lại, thông báo cá nhân hóa",889,2,13.12,0.5
161649,Khách lâu chưa quay lại,0.0351,model,"Kéo lại bằng phim mới, voucher quay lại, thông báo cá nhân hóa",436,3,19.56,1.0
124646,Khách lâu chưa quay lại,0.0351,model,"Kéo lại bằng phim mới, voucher quay lại, thông báo cá nhân hóa",763,2,9.78,1.0
144353,Khách lâu chưa quay lại,0.0351,model,"Kéo lại bằng phim mới, voucher quay lại, thông báo cá nhân hóa",496,2,10.63,0.5
101820,Khách lâu chưa quay lại,0.0351,model,"Kéo lại bằng phim mới, voucher quay lại, thông báo cá nhân hóa",496,2,10.63,0.5
154678,Khách lâu chưa quay lại,0.0351,model,"Kéo lại bằng phim mới, voucher quay lại, thông báo cá nhân hóa",358,2,21.29,0.5
111635,Khách lâu chưa quay lại,0.0351,model,"Kéo lại bằng phim mới, voucher quay lại, thông báo cá nhân hóa",883,1,9.4,1.0
152951,Khách lâu chưa quay lại,0.0351,model,"Kéo lại bằng phim mới, voucher quay lại, thông báo cá nhân hóa",883,1,9.4,1.0
101489,Khách lâu chưa quay lại,0.0351,model,"Kéo lại bằng phim mới, voucher quay lại, thông báo cá nhân hóa",883,3,23.33,0.6667
149298,Khách lâu chưa quay lại,0.0351,model,"Kéo lại bằng phim mới, voucher quay lại, thông báo cá nhân hóa",360,2,13.04,1.0
155806,Khách lâu chưa quay lại,0.0351,model,"Kéo lại bằng phim mới, voucher quay lại, thông báo cá nhân hóa",488,4,51.14,0.0
108727,Khách lâu chưa quay lại,0.035,model,"Kéo lại bằng phim mới, voucher quay lại, thông báo cá nhân hóa",1095,2,24.34,0.0
211483,Khách nhạy khuyến mãi,0.035,model,"Chuyển từ giảm giá trực tiếp sang tích điểm, voucher cá nhân hóa",78,1,6.52,1.0
167992,Khách lâu chưa quay lại,0.035,model,"Kéo lại bằng phim mới, voucher quay lại, thông báo cá nhân hóa",93,1,6.52,1.0
223476,Khách nhạy khuyến mãi,0.035,model,"Chuyển từ giảm giá trực tiếp sang tích điểm, voucher cá nhân hóa",68,1,6.52,1.0
168141,Khách lâu chưa quay lại,0.035,model,"Kéo lại bằng phim mới, voucher quay lại, thông báo cá nhân hóa",854,2,13.02,1.0
125568,Khách lâu chưa quay lại,0.035,model,"Kéo lại bằng phim mới, voucher quay lại, thông báo cá nhân hóa",456,3,22.81,1.0
110447,Khách lâu chưa quay lại,0.035,model,"Kéo lại bằng phim mới, voucher quay lại, thông báo cá nhân hóa",356,4,29.46,0.75
112007,Khách lâu chưa quay lại,0.035,model,"Kéo lại bằng phim mới, voucher quay lại, thông báo cá nhân hóa",343,1,9.77,1.0
189185,Khách lâu chưa quay lại,0.035,model,"Kéo lại bằng phim mới, voucher quay lại, thông báo cá nhân hóa",359,1,17.61,1.0
194216,Khách thường xuyên,0.035,model,"Duy trì, không cần giảm giá sâu",62,1,6.8,0.0
184375,Khách mua một lần (mới),0.035,model,Tặng coupon cho lần mua thứ hai trong vòng 7–14 ngày,18,1,6.8,0.0
164537,Khách thường xuyên,0.035,model,"Duy trì, không cần giảm giá sâu",32,1,6.85,0.0
158533,Khách thường xuyên,0.035,model,"Duy trì, không cần giảm giá sâu",34,1,6.85,0.0
190079,Khách mua một lần (mới),0.035,model,Tặng coupon cho lần mua thứ hai trong vòng 7–14 ngày,23,1,6.8,0.0
210455,Khách thường xuyên,0.035,model,"Duy trì, không cần giảm giá sâu",39,1,6.8,0.0
166000,Khách lâu chưa quay lại,0.035,model,"Kéo lại bằng phim mới, voucher quay lại, thông báo cá nhân hóa",841,2,13.04,1.0
141606,Khách lâu chưa quay lại,0.035,model,"Kéo lại bằng phim mới, voucher quay lại, thông báo cá nhân hóa",350,3,16.3,1.0
143416,Khách lâu chưa quay lại,0.035,model,"Kéo lại bằng phim mới, voucher quay lại, thông báo cá nhân hóa",947,4,16.38,0.75
147382,Khách lâu chưa quay lại,0.035,model,"Kéo lại bằng phim mới, voucher quay lại, thông báo cá nhân hóa",864,3,19.54,1.0
128270,Khách lâu chưa quay lại,0.035,model,"Kéo lại bằng phim mới, voucher quay lại, thông báo cá nhân hóa",495,2,11.96,0.0
128047,Khách lâu chưa quay lại,0.0349,model,"Kéo lại bằng phim mới, voucher quay lại, thông báo cá nhân hóa",946,2,13.03,1.0
124463,Khách lâu chưa quay lại,0.0349,model,"Kéo lại bằng phim mới, voucher quay lại, thông báo cá nhân hóa",946,2,13.03,1.0
217197,Khách lâu chưa quay lại,0.0349,model,"Kéo lại bằng phim mới, voucher quay lại, thông báo cá nhân hóa",360,2,21.03,0.5
148467,Khách lâu chưa quay lại,0.0349,model,"Kéo lại bằng phim mới, voucher quay lại, thông báo cá nhân hóa",766,3,15.43,0.3333
141291,Khách lâu chưa quay lại,0.0349,model,"Kéo lại bằng phim mới, voucher quay lại, thông báo cá nhân hóa",923,3,31.34,0.0
113641,Khách lâu chưa quay lại,0.0349,model,"Kéo lại bằng phim mới, voucher quay lại, thông báo cá nhân hóa",850,2,13.02,1.0
145534,Khách lâu chưa quay lại,0.0349,model,"Kéo lại bằng phim mới, voucher quay lại, thông báo cá nhân hóa",459,3,23.42,0.6667
140809,Khách lâu chưa quay lại,0.0349,model,"Kéo lại bằng phim mới, voucher quay lại, thông báo cá nhân hóa",321,2,9.37,0.5
152391,Khách lâu chưa quay lại,0.0349,model,"Kéo lại bằng phim mới, voucher quay lại, thông báo cá nhân hóa",919,4,28.24,0.5
107570,Khách lâu chưa quay lại,0.0349,model,"Kéo lại bằng phim mới, voucher quay lại, thông báo cá nhân hóa",1001,2,28.87,0.0
179301,Khách mua một lần (mới),0.0349,model,Tặng coupon cho lần mua thứ hai trong vòng 7–14 ngày,9,1,12.78,0.0
164169,Khách lâu chưa quay lại,0.0349,model,"Kéo lại bằng phim mới, voucher quay lại, thông báo cá nhân hóa",358,2,21.77,0.5
152853,Khách lâu chưa quay lại,0.0349,model,"Kéo lại bằng phim mới, voucher quay lại, thông báo cá nhân hóa",870,2,39.59,0.0
120568,Khách lâu chưa quay lại,0.0349,model,"Kéo lại bằng phim mới, voucher quay lại, thông báo cá nhân hóa",960,2,9.41,0.5
138977,Khách thường xuyên,0.0349,model,"Duy trì, không cần giảm giá sâu",56,1,4.37,0.0
100116,Khách lâu chưa quay lại,0.0348,model,"Kéo lại bằng phim mới, voucher quay lại, thông báo cá nhân hóa",820,5,43.79,0.8
120436,Khách lâu chưa quay lại,0.0348,model,"Kéo lại bằng phim mới, voucher quay lại, thông báo cá nhân hóa",1103,1,13.61,0.0
109733,Khách lâu chưa quay lại,0.0348,model,"Kéo lại bằng phim mới, voucher quay lại, thông báo cá nhân hóa",1095,1,13.61,0.0
107384,Khách lâu chưa quay lại,0.0348,model,"Kéo lại bằng phim mới, voucher quay lại, thông báo cá nhân hóa",1074,1,13.61,0.0
119268,Khách lâu chưa quay lại,0.0348,model,"Kéo lại bằng phim mới, voucher quay lại, thông báo cá nhân hóa",1119,1,13.61,0.0
173762,Khách lâu chưa quay lại,0.0348,model,"Kéo lại bằng phim mới, voucher quay lại, thông báo cá nhân hóa",360,1,2.68,0.0
150553,Khách lâu chưa quay lại,0.0348,model,"Kéo lại bằng phim mới, voucher quay lại, thông báo cá nhân hóa",355,1,2.47,0.0
120354,Khách lâu chưa quay lại,0.0348,model,"Kéo lại bằng phim mới, voucher quay lại, thông báo cá nhân hóa",324,2,6.92,0.5
114086,Khách lâu chưa quay lại,0.0348,model,"Kéo lại bằng phim mới, voucher quay lại, thông báo cá nhân hóa",890,2,13.03,1.0
196037,Khách nhạy khuyến mãi,0.0348,model,"Chuyển từ giảm giá trực tiếp sang tích điểm, voucher cá nhân hóa",18,2,8.78,0.5
100354,Khách lâu chưa quay lại,0.0348,model,"Kéo lại bằng phim mới, voucher quay lại, thông báo cá nhân hóa",358,2,8.62,0.5
162854,Khách lâu chưa quay lại,0.0348,model,"Kéo lại bằng phim mới, voucher quay lại, thông báo cá nhân hóa",757,2,15.59,0.0
124632,Khách lâu chưa quay lại,0.0348,model,"Kéo lại bằng phim mới, voucher quay lại, thông báo cá nhân hóa",308,2,13.04,1.0
125080,Khách lâu chưa quay lại,0.0348,model,"Kéo lại bằng phim mới, voucher quay lại, thông báo cá nhân hóa",951,2,21.85,0.0
126356,Khách lâu chưa quay lại,0.0348,model,"Kéo lại bằng phim mới, voucher quay lại, thông báo cá nhân hóa",886,1,10.23,1.0
161548,Khách lâu chưa quay lại,0.0348,model,"Kéo lại bằng phim mới, voucher quay lại, thông báo cá nhân hóa",887,1,10.23,1.0
110680,Khách lâu chưa quay lại,0.0348,model,"Kéo lại bằng phim mới, voucher quay lại, thông báo cá nhân hóa",357,1,0.82,0.0
222845,Khách lâu chưa quay lại,0.0348,model,"Kéo lại bằng phim mới, voucher quay lại, thông báo cá nhân hóa",126,1,13.16,0.0
134101,Khách lâu chưa quay lại,0.0348,model,"Kéo lại bằng phim mới, voucher quay lại, thông báo cá nhân hóa",309,3,26.48,0.3333
110161,Khách lâu chưa quay lại,0.0347,model,"Kéo lại bằng phim mới, voucher quay lại, thông báo cá nhân hóa",1124,1,19.8,0.0
113746,Khách giá trị cao,0.0347,model,"Membership, ưu đãi đặc quyền, đặt vé sớm phim hot",31,3,20.65,0.0
178830,Khách lâu chưa quay lại,0.0347,model,"Kéo lại bằng phim mới, voucher quay lại, thông báo cá nhân hóa",323,2,12.7,0.5
145288,Khách lâu chưa quay lại,0.0347,model,"Kéo lại bằng phim mới, voucher quay lại, thông báo cá nhân hóa",461,2,11.09,0.0
142665,Khách lâu chưa quay lại,0.0347,model,"Kéo lại bằng phim mới, voucher quay lại, thông báo cá nhân hóa",932,2,13.03,1.0
122492,Khách lâu chưa quay lại,0.0347,model,"Kéo lại bằng phim mới, voucher quay lại, thông báo cá nhân hóa",369,4,34.15,0.25
155494,Khách lâu chưa quay lại,0.0347,model,"Kéo lại bằng phim mới, voucher quay lại, thông báo cá nhân hóa",437,1,7.42,0.0
110091,Khách lâu chưa quay lại,0.0347,model,"Kéo lại bằng phim mới, voucher quay lại, thông báo cá nhân hóa",354,1,17.32,0.0
134334,Khách lâu chưa quay lại,0.0346,model,"Kéo lại bằng phim mới, voucher quay lại, thông báo cá nhân hóa",1019,2,6.48,0.0
185519,Khách lâu chưa quay lại,0.0346,model,"Kéo lại bằng phim mới, voucher quay lại, thông báo cá nhân hóa",319,1,28.46,0.0
213521,Khách nhạy khuyến mãi,0.0346,model,"Chuyển từ giảm giá trực tiếp sang tích điểm, voucher cá nhân hóa",2,2,14.97,0.5
130538,Khách lâu chưa quay lại,0.0346,model,"Kéo lại bằng phim mới, voucher quay lại, thông báo cá nhân hóa",757,2,13.03,1.0
104378,Khách lâu chưa quay lại,0.0346,model,"Kéo lại bằng phim mới, voucher quay lại, thông báo cá nhân hóa",849,2,14.76,0.5
170510,Khách lâu chưa quay lại,0.0346,model,"Kéo lại bằng phim mới, voucher quay lại, thông báo cá nhân hóa",538,1,28.0,0.0
144991,Khách mua một lần (mới),0.0346,model,Tặng coupon cho lần mua thứ hai trong vòng 7–14 ngày,19,1,8.54,1.0
134740,Khách lâu chưa quay lại,0.0346,model,"Kéo lại bằng phim mới, voucher quay lại, thông báo cá nhân hóa",587,3,22.14,0.3333
117132,Khách lâu chưa quay lại,0.0346,model,"Kéo lại bằng phim mới, voucher quay lại, thông báo cá nhân hóa",357,2,13.69,0.5
128721,Khách giá trị cao,0.0346,model,"Membership, ưu đãi đặc quyền, đặt vé sớm phim hot",0,5,33.6,1.0
134062,Khách lâu chưa quay lại,0.0346,model,"Kéo lại bằng phim mới, voucher quay lại, thông báo cá nhân hóa",323,2,15.55,0.5
139980,Khách lâu chưa quay lại,0.0346,model,"Kéo lại bằng phim mới, voucher quay lại, thông báo cá nhân hóa",351,2,15.97,0.5
115970,Khách lâu chưa quay lại,0.0346,model,"Kéo lại bằng phim mới, voucher quay lại, thông báo cá nhân hóa",362,2,17.33,0.0
149277,Khách lâu chưa quay lại,0.0345,model,"Kéo lại bằng phim mới, voucher quay lại, thông báo cá nhân hóa",1156,1,0.82,1.0
149293,Khách lâu chưa quay lại,0.0345,model,"Kéo lại bằng phim mới, voucher quay lại, thông báo cá nhân hóa",1156,1,0.82,1.0
148157,Khách lâu chưa quay lại,0.0345,model,"Kéo lại bằng phim mới, voucher quay lại, thông báo cá nhân hóa",1159,1,0.82,1.0
147942,Khách lâu chưa quay lại,0.0345,model,"Kéo lại bằng phim mới, voucher quay lại, thông báo cá nhân hóa",1158,1,0.82,1.0
149351,Khách lâu chưa quay lại,0.0345,model,"Kéo lại bằng phim mới, voucher quay lại, thông báo cá nhân hóa",1156,1,0.82,1.0
149338,Khách lâu chưa quay lại,0.0345,model,"Kéo lại bằng phim mới, voucher quay lại, thông báo cá nhân hóa",1156,1,0.82,1.0
147235,Khách lâu chưa quay lại,0.0345,model,"Kéo lại bằng phim mới, voucher quay lại, thông báo cá nhân hóa",1157,1,0.82,1.0
149350,Khách lâu chưa quay lại,0.0345,model,"Kéo lại bằng phim mới, voucher quay lại, thông báo cá nhân hóa",1156,1,0.82,1.0
143704,Khách lâu chưa quay lại,0.0345,model,"Kéo lại bằng phim mới, voucher quay lại, thông báo cá nhân hóa",1157,1,0.82,1.0
148713,Khách lâu chưa quay lại,0.0345,model,"Kéo lại bằng phim mới, voucher quay lại, thông báo cá nhân hóa",1157,1,0.82,1.0
124065,Khách lâu chưa quay lại,0.0345,model,"Kéo lại bằng phim mới, voucher quay lại, thông báo cá nhân hóa",1156,1,0.82,1.0
148574,Khách lâu chưa quay lại,0.0345,model,"Kéo lại bằng phim mới, voucher quay lại, thông báo cá nhân hóa",1157,1,0.82,1.0
149237,Khách lâu chưa quay lại,0.0345,model,"Kéo lại bằng phim mới, voucher quay lại, thông báo cá nhân hóa",1156,1,0.82,1.0
149363,Khách lâu chưa quay lại,0.0345,model,"Kéo lại bằng phim mới, voucher quay lại, thông báo cá nhân hóa",1156,1,0.82,1.0
148984,Khách lâu chưa quay lại,0.0345,model,"Kéo lại bằng phim mới, voucher quay lại, thông báo cá nhân hóa",1156,1,0.82,1.0
149368,Khách lâu chưa quay lại,0.0345,model,"Kéo lại bằng phim mới, voucher quay lại, thông báo cá nhân hóa",1156,1,0.82,1.0
158642,Khách lâu chưa quay lại,0.0345,model,"Kéo lại bằng phim mới, voucher quay lại, thông báo cá nhân hóa",310,4,35.35,0.25
158618,Khách lâu chưa quay lại,0.0345,model,"Kéo lại bằng phim mới, voucher quay lại, thông báo cá nhân hóa",339,2,13.85,1.0
163367,Khách lâu chưa quay lại,0.0345,model,"Kéo lại bằng phim mới, voucher quay lại, thông báo cá nhân hóa",848,1,9.77,1.0
150317,Khách lâu chưa quay lại,0.0344,model,"Kéo lại bằng phim mới, voucher quay lại, thông báo cá nhân hóa",449,1,3.26,1.0
124890,Khách lâu chưa quay lại,0.0344,model,"Kéo lại bằng phim mới, voucher quay lại, thông báo cá nhân hóa",365,2,18.84,0.5
132841,Khách lâu chưa quay lại,0.0344,model,"Kéo lại bằng phim mới, voucher quay lại, thông báo cá nhân hóa",363,2,32.79,0.5
162072,Khách lâu chưa quay lại,0.0344,model,"Kéo lại bằng phim mới, voucher quay lại, thông báo cá nhân hóa",910,1,6.51,1.0
133284,Khách lâu chưa quay lại,0.0344,model,"Kéo lại bằng phim mới, voucher quay lại, thông báo cá nhân hóa",863,2,13.03,1.0
109658,Khách lâu chưa quay lại,0.0344,model,"Kéo lại bằng phim mới, voucher quay lại, thông báo cá nhân hóa",871,4,60.96,0.25
157209,Khách giá trị cao,0.0344,model,"Membership, ưu đãi đặc quyền, đặt vé sớm phim hot",22,3,13.44,0.6667
120899,Khách lâu chưa quay lại,0.0344,model,"Kéo lại bằng phim mới, voucher quay lại, thông báo cá nhân hóa",497,2,13.98,0.5
135280,Khách lâu chưa quay lại,0.0344,model,"Kéo lại bằng phim mới, voucher quay lại, thông báo cá nhân hóa",359,3,22.02,1.0
190688,Khách lâu chưa quay lại,0.0344,model,"Kéo lại bằng phim mới, voucher quay lại, thông báo cá nhân hóa",309,2,27.47,0.0
125773,Khách lâu chưa quay lại,0.0344,model,"Kéo lại bằng phim mới, voucher quay lại, thông báo cá nhân hóa",319,2,12.5,0.0
145018,Khách lâu chưa quay lại,0.0344,model,"Kéo lại bằng phim mới, voucher quay lại, thông báo cá nhân hóa",320,5,84.37,0.0
137473,Khách lâu chưa quay lại,0.0343,model,"Kéo lại bằng phim mới, voucher quay lại, thông báo cá nhân hóa",740,7,53.79,0.1429
160444,Khách lâu chưa quay lại,0.0343,model,"Kéo lại bằng phim mới, voucher quay lại, thông báo cá nhân hóa",884,3,19.55,1.0
156063,Khách lâu chưa quay lại,0.0343,model,"Kéo lại bằng phim mới, voucher quay lại, thông báo cá nhân hóa",849,2,20.13,0.5
138284,Khách lâu chưa quay lại,0.0343,model,"Kéo lại bằng phim mới, voucher quay lại, thông báo cá nhân hóa",1126,1,13.69,0.0
147502,Khách thường xuyên,0.0343,model,"Duy trì, không cần giảm giá sâu",21,2,16.08,0.0
114928,Khách lâu chưa quay lại,0.0343,model,"Kéo lại bằng phim mới, voucher quay lại, thông báo cá nhân hóa",314,3,30.94,0.0
181868,Khách lâu chưa quay lại,0.0343,model,"Kéo lại bằng phim mới, voucher quay lại, thông báo cá nhân hóa",346,1,9.77,1.0
172991,Khách lâu chưa quay lại,0.0343,model,"Kéo lại bằng phim mới, voucher quay lại, thông báo cá nhân hóa",345,1,9.77,1.0
164210,Khách lâu chưa quay lại,0.0343,model,"Kéo lại bằng phim mới, voucher quay lại, thông báo cá nhân hóa",850,2,9.28,0.5
150962,Khách lâu chưa quay lại,0.0343,model,"Kéo lại bằng phim mới, voucher quay lại, thông báo cá nhân hóa",331,2,32.54,0.0
126888,Khách lâu chưa quay lại,0.0343,model,"Kéo lại bằng phim mới, voucher quay lại, thông báo cá nhân hóa",833,2,13.02,1.0
169417,Khách lâu chưa quay lại,0.0343,model,"Kéo lại bằng phim mới, voucher quay lại, thông báo cá nhân hóa",355,1,4.08,0.0
133482,Khách lâu chưa quay lại,0.0343,model,"Kéo lại bằng phim mới, voucher quay lại, thông báo cá nhân hóa",354,1,4.08,0.0
133961,Khách lâu chưa quay lại,0.0343,model,"Kéo lại bằng phim mới, voucher quay lại, thông báo cá nhân hóa",501,2,12.37,0.0
120537,Khách lâu chưa quay lại,0.0343,model,"Kéo lại bằng phim mới, voucher quay lại, thông báo cá nhân hóa",883,2,13.04,1.0
103886,Khách lâu chưa quay lại,0.0342,model,"Kéo lại bằng phim mới, voucher quay lại, thông báo cá nhân hóa",387,1,13.4,0.0
166667,Khách giá trị cao,0.0342,model,"Membership, ưu đãi đặc quyền, đặt vé sớm phim hot",80,3,16.28,1.0
117664,Khách lâu chưa quay lại,0.0342,model,"Kéo lại bằng phim mới, voucher quay lại, thông báo cá nhân hóa",1010,2,12.71,1.0
130857,Khách lâu chưa quay lại,0.0342,model,"Kéo lại bằng phim mới, voucher quay lại, thông báo cá nhân hóa",876,2,13.04,1.0
113701,Khách lâu chưa quay lại,0.0342,model,"Kéo lại bằng phim mới, voucher quay lại, thông báo cá nhân hóa",331,2,13.04,1.0
168524,Khách thường xuyên,0.0342,model,"Duy trì, không cần giảm giá sâu",69,1,4.07,0.0
101914,Khách mua một lần (mới),0.0342,model,Tặng coupon cho lần mua thứ hai trong vòng 7–14 ngày,19,1,4.03,0.0
189414,Khách thường xuyên,0.0342,model,"Duy trì, không cần giảm giá sâu",73,1,4.07,0.0
166409,Khách mua một lần (mới),0.0342,model,Tặng coupon cho lần mua thứ hai trong vòng 7–14 ngày,19,1,4.06,0.0
138298,Khách thường xuyên,0.0342,model,"Duy trì, không cần giảm giá sâu",69,1,4.07,0.0
162115,Khách thường xuyên,0.0342,model,"Duy trì, không cần giảm giá sâu",79,1,4.08,0.0
152261,Khách thường xuyên,0.0342,model,"Duy trì, không cần giảm giá sâu",69,1,4.07,0.0
192754,Khách thường xuyên,0.0342,model,"Duy trì, không cần giảm giá sâu",69,1,4.07,0.0
207036,Khách thường xuyên,0.0342,model,"Duy trì, không cần giảm giá sâu",69,1,4.07,0.0
193811,Khách thường xuyên,0.0342,model,"Duy trì, không cần giảm giá sâu",72,1,4.02,0.0
100856,Khách thường xuyên,0.0342,model,"Duy trì, không cần giảm giá sâu",66,1,4.08,0.0
161841,Khách thường xuyên,0.0342,model,"Duy trì, không cần giảm giá sâu",71,1,4.02,0.0
201547,Khách thường xuyên,0.0342,model,"Duy trì, không cần giảm giá sâu",69,1,4.07,0.0
154136,Khách thường xuyên,0.0342,model,"Duy trì, không cần giảm giá sâu",69,1,4.07,0.0
101606,Khách thường xuyên,0.0342,model,"Duy trì, không cần giảm giá sâu",69,1,4.07,0.0
119560,Khách lâu chưa quay lại,0.0342,model,"Kéo lại bằng phim mới, voucher quay lại, thông báo cá nhân hóa",343,3,17.14,0.6667
155630,Khách lâu chưa quay lại,0.0342,model,"Kéo lại bằng phim mới, voucher quay lại, thông báo cá nhân hóa",872,3,20.75,0.3333
166431,Khách lâu chưa quay lại,0.0342,model,"Kéo lại bằng phim mới, voucher quay lại, thông báo cá nhân hóa",315,2,6.97,0.5
204844,Khách lâu chưa quay lại,0.0342,model,"Kéo lại bằng phim mới, voucher quay lại, thông báo cá nhân hóa",365,2,19.68,0.5
154826,Khách lâu chưa quay lại,0.0342,model,"Kéo lại bằng phim mới, voucher quay lại, thông báo cá nhân hóa",1095,1,13.61,0.0
139223,Khách lâu chưa quay lại,0.0342,model,"Kéo lại bằng phim mới, voucher quay lại, thông báo cá nhân hóa",1142,1,13.61,0.0
150449,Khách lâu chưa quay lại,0.0342,model,"Kéo lại bằng phim mới, voucher quay lại, thông báo cá nhân hóa",1124,1,13.61,0.0
113826,Khách lâu chưa quay lại,0.0342,model,"Kéo lại bằng phim mới, voucher quay lại, thông báo cá nhân hóa",1093,1,13.61,0.0
121785,Khách lâu chưa quay lại,0.0342,model,"Kéo lại bằng phim mới, voucher quay lại, thông báo cá nhân hóa",1093,1,13.61,0.0
144698,Khách lâu chưa quay lại,0.0342,model,"Kéo lại bằng phim mới, voucher quay lại, thông báo cá nhân hóa",346,2,13.61,0.0
114693,Khách lâu chưa quay lại,0.0342,model,"Kéo lại bằng phim mới, voucher quay lại, thông báo cá nhân hóa",358,2,32.7,1.0
179084,Khách lâu chưa quay lại,0.0342,model,"Kéo lại bằng phim mới, voucher quay lại, thông báo cá nhân hóa",343,1,2.8,0.0
216835,Khách mua một lần (mới),0.0342,model,Tặng coupon cho lần mua thứ hai trong vòng 7–14 ngày,25,1,7.4,0.0
166425,Khách nhạy khuyến mãi,0.0342,model,"Chuyển từ giảm giá trực tiếp sang tích điểm, voucher cá nhân hóa",23,2,9.77,0.5
142503,Khách lâu chưa quay lại,0.0341,model,"Kéo lại bằng phim mới, voucher quay lại, thông báo cá nhân hóa",990,2,18.07,0.5
179197,Khách lâu chưa quay lại,0.0341,model,"Kéo lại bằng phim mới, voucher quay lại, thông báo cá nhân hóa",317,2,17.12,1.0
164510,Khách lâu chưa quay lại,0.0341,model,"Kéo lại bằng phim mới, voucher quay lại, thông báo cá nhân hóa",406,3,22.31,0.6667
206795,Khách lâu chưa quay lại,0.0341,model,"Kéo lại bằng phim mới, voucher quay lại, thông báo cá nhân hóa",362,1,17.53,0.0
126813,Khách lâu chưa quay lại,0.0341,model,"Kéo lại bằng phim mới, voucher quay lại, thông báo cá nhân hóa",497,2,35.67,0.5
116315,Khách lâu chưa quay lại,0.0341,model,"Kéo lại bằng phim mới, voucher quay lại, thông báo cá nhân hóa",948,6,47.67,0.3333
206903,Khách mua một lần (mới),0.0341,model,Tặng coupon cho lần mua thứ hai trong vòng 7–14 ngày,18,1,6.77,1.0
110985,Khách lâu chưa quay lại,0.0341,model,"Kéo lại bằng phim mới, voucher quay lại, thông báo cá nhân hóa",443,1,9.77,1.0
140111,Khách lâu chưa quay lại,0.0341,model,"Kéo lại bằng phim mới, voucher quay lại, thông báo cá nhân hóa",478,1,9.77,1.0
143931,Khách lâu chưa quay lại,0.0341,model,"Kéo lại bằng phim mới, voucher quay lại, thông báo cá nhân hóa",492,1,9.77,1.0
103019,Khách lâu chưa quay lại,0.0341,model,"Kéo lại bằng phim mới, voucher quay lại, thông báo cá nhân hóa",485,1,9.77,1.0
185978,Khách lâu chưa quay lại,0.0341,model,"Kéo lại bằng phim mới, voucher quay lại, thông báo cá nhân hóa",498,1,9.77,1.0
156902,Khách lâu chưa quay lại,0.0341,model,"Kéo lại bằng phim mới, voucher quay lại, thông báo cá nhân hóa",463,1,9.77,1.0
143545,Khách lâu chưa quay lại,0.0341,model,"Kéo lại bằng phim mới, voucher quay lại, thông báo cá nhân hóa",492,1,9.77,1.0
125344,Khách lâu chưa quay lại,0.0341,model,"Kéo lại bằng phim mới, voucher quay lại, thông báo cá nhân hóa",498,1,9.77,1.0
189949,Khách lâu chưa quay lại,0.0341,model,"Kéo lại bằng phim mới, voucher quay lại, thông báo cá nhân hóa",499,1,9.77,1.0
152498,Khách lâu chưa quay lại,0.0341,model,"Kéo lại bằng phim mới, voucher quay lại, thông báo cá nhân hóa",490,1,9.77,1.0
118485,Khách lâu chưa quay lại,0.0341,model,"Kéo lại bằng phim mới, voucher quay lại, thông báo cá nhân hóa",359,1,10.27,0.0
182524,Khách lâu chưa quay lại,0.0341,model,"Kéo lại bằng phim mới, voucher quay lại, thông báo cá nhân hóa",358,1,27.47,0.0
166988,Khách lâu chưa quay lại,0.0341,model,"Kéo lại bằng phim mới, voucher quay lại, thông báo cá nhân hóa",355,1,27.18,0.0
155138,Khách lâu chưa quay lại,0.0341,model,"Kéo lại bằng phim mới, voucher quay lại, thông báo cá nhân hóa",936,3,11.34,0.0
128347,Khách lâu chưa quay lại,0.0341,model,"Kéo lại bằng phim mới, voucher quay lại, thông báo cá nhân hóa",920,2,13.03,1.0
113317,Khách lâu chưa quay lại,0.034,model,"Kéo lại bằng phim mới, voucher quay lại, thông báo cá nhân hóa",323,2,14.36,0.5
153069,Khách lâu chưa quay lại,0.034,model,"Kéo lại bằng phim mới, voucher quay lại, thông báo cá nhân hóa",358,3,30.47,0.3333
170317,Khách lâu chưa quay lại,0.034,model,"Kéo lại bằng phim mới, voucher quay lại, thông báo cá nhân hóa",317,1,13.07,1.0
129346,Khách lâu chưa quay lại,0.034,model,"Kéo lại bằng phim mới, voucher quay lại, thông báo cá nhân hóa",346,2,16.49,0.0
201753,Khách lâu chưa quay lại,0.034,model,"Kéo lại bằng phim mới, voucher quay lại, thông báo cá nhân hóa",366,2,16.33,0.5
215830,Khách lâu chưa quay lại,0.034,model,"Kéo lại bằng phim mới, voucher quay lại, thông báo cá nhân hóa",330,2,13.32,0.5
196744,Khách nhạy khuyến mãi,0.034,model,"Chuyển từ giảm giá trực tiếp sang tích điểm, voucher cá nhân hóa",15,2,9.2,0.5
207569,Khách mua một lần (mới),0.034,model,Tặng coupon cho lần mua thứ hai trong vòng 7–14 ngày,19,1,8.66,0.0
133757,Khách lâu chưa quay lại,0.034,model,"Kéo lại bằng phim mới, voucher quay lại, thông báo cá nhân hóa",841,3,15.96,0.6667
152925,Khách lâu chưa quay lại,0.034,model,"Kéo lại bằng phim mới, voucher quay lại, thông báo cá nhân hóa",875,2,13.04,1.0
174057,Khách nhạy khuyến mãi,0.034,model,"Chuyển từ giảm giá trực tiếp sang tích điểm, voucher cá nhân hóa",79,2,19.54,1.0
103873,Khách lâu chưa quay lại,0.0339,model,"Kéo lại bằng phim mới, voucher quay lại, thông báo cá nhân hóa",1034,2,13.16,0.0
121285,Khách lâu chưa quay lại,0.0339,model,"Kéo lại bằng phim mới, voucher quay lại, thông báo cá nhân hóa",443,2,13.98,0.0
103195,Khách lâu chưa quay lại,0.0339,model,"Kéo lại bằng phim mới, voucher quay lại, thông báo cá nhân hóa",357,1,9.07,0.0
159803,Khách lâu chưa quay lại,0.0339,model,"Kéo lại bằng phim mới, voucher quay lại, thông báo cá nhân hóa",320,2,8.24,0.0
120929,Khách lâu chưa quay lại,0.0339,model,"Kéo lại bằng phim mới, voucher quay lại, thông báo cá nhân hóa",305,2,8.25,0.0
141735,Khách lâu chưa quay lại,0.0339,model,"Kéo lại bằng phim mới, voucher quay lại, thông báo cá nhân hóa",355,1,7.22,1.0
195873,Khách mua một lần (mới),0.0339,model,Tặng coupon cho lần mua thứ hai trong vòng 7–14 ngày,23,1,5.77,0.0
122084,Khách lâu chưa quay lại,0.0339,model,"Kéo lại bằng phim mới, voucher quay lại, thông báo cá nhân hóa",320,2,17.24,0.5
155404,Khách lâu chưa quay lại,0.0339,model,"Kéo lại bằng phim mới, voucher quay lại, thông báo cá nhân hóa",876,5,55.27,0.0
108597,Khách lâu chưa quay lại,0.0339,model,"Kéo lại bằng phim mới, voucher quay lại, thông báo cá nhân hóa",874,3,19.3,0.3333
225172,Khách mua một lần (mới),0.0339,model,Tặng coupon cho lần mua thứ hai trong vòng 7–14 ngày,14,1,3.5,1.0
192203,Khách mua một lần (mới),0.0339,model,Tặng coupon cho lần mua thứ hai trong vòng 7–14 ngày,30,1,3.62,1.0
193082,Khách mua một lần (mới),0.0339,model,Tặng coupon cho lần mua thứ hai trong vòng 7–14 ngày,15,1,3.5,1.0
167069,Khách thường xuyên,0.0339,model,"Duy trì, không cần giảm giá sâu",9,2,11.14,0.0
171085,Khách lâu chưa quay lại,0.0338,model,"Kéo lại bằng phim mới, voucher quay lại, thông báo cá nhân hóa",359,2,16.54,1.0
166030,Khách lâu chưa quay lại,0.0338,model,"Kéo lại bằng phim mới, voucher quay lại, thông báo cá nhân hóa",363,2,27.17,0.0
101891,Khách giá trị cao,0.0338,model,"Membership, ưu đãi đặc quyền, đặt vé sớm phim hot",1,3,15.51,0.6667
137359,Khách giá trị cao,0.0338,model,"Membership, ưu đãi đặc quyền, đặt vé sớm phim hot",0,3,24.57,1.0
113429,Khách lâu chưa quay lại,0.0338,model,"Kéo lại bằng phim mới, voucher quay lại, thông báo cá nhân hóa",1046,1,3.26,1.0
132515,Khách lâu chưa quay lại,0.0338,model,"Kéo lại bằng phim mới, voucher quay lại, thông báo cá nhân hóa",356,1,11.55,0.0
169376,Khách lâu chưa quay lại,0.0338,model,"Kéo lại bằng phim mới, voucher quay lại, thông báo cá nhân hóa",360,1,11.55,0.0
158412,Khách lâu chưa quay lại,0.0337,model,"Kéo lại bằng phim mới, voucher quay lại, thông báo cá nhân hóa",337,1,9.77,1.0
105752,Khách giá trị cao,0.0337,model,"Membership, ưu đãi đặc quyền, đặt vé sớm phim hot",85,3,47.1,0.3333
115447,Khách lâu chưa quay lại,0.0337,model,"Kéo lại bằng phim mới, voucher quay lại, thông báo cá nhân hóa",327,3,17.15,0.6667
187177,Khách lâu chưa quay lại,0.0337,model,"Kéo lại bằng phim mới, voucher quay lại, thông báo cá nhân hóa",344,1,13.4,1.0
129064,Khách lâu chưa quay lại,0.0337,model,"Kéo lại bằng phim mới, voucher quay lại, thông báo cá nhân hóa",807,3,26.31,0.3333
199794,Khách lâu chưa quay lại,0.0337,model,"Kéo lại bằng phim mới, voucher quay lại, thông báo cá nhân hóa",354,1,10.76,1.0
165597,Khách lâu chưa quay lại,0.0337,model,"Kéo lại bằng phim mới, voucher quay lại, thông báo cá nhân hóa",882,2,13.02,1.0
103229,Khách lâu chưa quay lại,0.0337,model,"Kéo lại bằng phim mới, voucher quay lại, thông báo cá nhân hóa",499,2,10.22,0.5
129193,Khách giá trị cao,0.0337,model,"Membership, ưu đãi đặc quyền, đặt vé sớm phim hot",14,3,17.54,0.0
137072,Khách lâu chưa quay lại,0.0337,model,"Kéo lại bằng phim mới, voucher quay lại, thông báo cá nhân hóa",355,2,13.9,0.0
103285,Khách lâu chưa quay lại,0.0336,model,"Kéo lại bằng phim mới, voucher quay lại, thông báo cá nhân hóa",788,6,50.3,0.0
167607,Khách lâu chưa quay lại,0.0336,model,"Kéo lại bằng phim mới, voucher quay lại, thông báo cá nhân hóa",883,2,15.59,0.5
173342,Khách lâu chưa quay lại,0.0336,model,"Kéo lại bằng phim mới, voucher quay lại, thông báo cá nhân hóa",519,3,15.47,1.0
210264,Khách lâu chưa quay lại,0.0336,model,"Kéo lại bằng phim mới, voucher quay lại, thông báo cá nhân hóa",360,1,8.25,0.0
183050,Khách lâu chưa quay lại,0.0336,model,"Kéo lại bằng phim mới, voucher quay lại, thông báo cá nhân hóa",360,1,8.25,0.0
107359,Khách lâu chưa quay lại,0.0336,model,"Kéo lại bằng phim mới, voucher quay lại, thông báo cá nhân hóa",359,2,17.36,0.0
131420,Khách lâu chưa quay lại,0.0336,model,"Kéo lại bằng phim mới, voucher quay lại, thông báo cá nhân hóa",984,4,43.3,0.0
123637,Khách lâu chưa quay lại,0.0336,model,"Kéo lại bằng phim mới, voucher quay lại, thông báo cá nhân hóa",896,2,13.03,1.0
142773,Khách thường xuyên,0.0336,model,"Duy trì, không cần giảm giá sâu",11,2,21.9,0.0
120611,Khách nhạy khuyến mãi,0.0336,model,"Chuyển từ giảm giá trực tiếp sang tích điểm, voucher cá nhân hóa",24,2,16.05,0.5
123563,Khách lâu chưa quay lại,0.0336,model,"Kéo lại bằng phim mới, voucher quay lại, thông báo cá nhân hóa",325,1,10.6,1.0
138697,Khách lâu chưa quay lại,0.0336,model,"Kéo lại bằng phim mới, voucher quay lại, thông báo cá nhân hóa",331,1,10.6,1.0
102353,Khách lâu chưa quay lại,0.0336,model,"Kéo lại bằng phim mới, voucher quay lại, thông báo cá nhân hóa",347,2,18.89,0.0
137432,Khách lâu chưa quay lại,0.0336,model,"Kéo lại bằng phim mới, voucher quay lại, thông báo cá nhân hóa",362,2,21.12,0.0
163255,Khách lâu chưa quay lại,0.0336,model,"Kéo lại bằng phim mới, voucher quay lại, thông báo cá nhân hóa",435,2,9.78,1.0
116205,Khách lâu chưa quay lại,0.0336,model,"Kéo lại bằng phim mới, voucher quay lại, thông báo cá nhân hóa",924,2,13.03,1.0
136260,Khách lâu chưa quay lại,0.0336,model,"Kéo lại bằng phim mới, voucher quay lại, thông báo cá nhân hóa",757,4,26.06,1.0
169302,Khách nhạy khuyến mãi,0.0336,model,"Chuyển từ giảm giá trực tiếp sang tích điểm, voucher cá nhân hóa",21,2,8.21,0.5
201159,Khách lâu chưa quay lại,0.0335,model,"Kéo lại bằng phim mới, voucher quay lại, thông báo cá nhân hóa",354,1,11.51,0.0
131621,Khách lâu chưa quay lại,0.0335,model,"Kéo lại bằng phim mới, voucher quay lại, thông báo cá nhân hóa",360,1,11.51,0.0
128157,Khách lâu chưa quay lại,0.0335,model,"Kéo lại bằng phim mới, voucher quay lại, thông báo cá nhân hóa",356,1,11.51,0.0
140967,Khách lâu chưa quay lại,0.0335,model,"Kéo lại bằng phim mới, voucher quay lại, thông báo cá nhân hóa",357,1,11.51,0.0
116297,Khách lâu chưa quay lại,0.0335,model,"Kéo lại bằng phim mới, voucher quay lại, thông báo cá nhân hóa",532,4,17.98,0.75
139906,Khách nhạy khuyến mãi,0.0335,model,"Chuyển từ giảm giá trực tiếp sang tích điểm, voucher cá nhân hóa",57,1,3.26,1.0
219356,Khách nhạy khuyến mãi,0.0335,model,"Chuyển từ giảm giá trực tiếp sang tích điểm, voucher cá nhân hóa",62,1,3.26,1.0
211574,Khách nhạy khuyến mãi,0.0335,model,"Chuyển từ giảm giá trực tiếp sang tích điểm, voucher cá nhân hóa",46,1,3.26,1.0
121436,Khách lâu chưa quay lại,0.0335,model,"Kéo lại bằng phim mới, voucher quay lại, thông báo cá nhân hóa",435,2,13.52,0.5
129667,Khách lâu chưa quay lại,0.0335,model,"Kéo lại bằng phim mới, voucher quay lại, thông báo cá nhân hóa",528,2,26.8,0.0
108200,Khách lâu chưa quay lại,0.0335,model,"Kéo lại bằng phim mới, voucher quay lại, thông báo cá nhân hóa",429,2,16.38,0.5
151858,Khách mua một lần (mới),0.0335,model,Tặng coupon cho lần mua thứ hai trong vòng 7–14 ngày,20,1,4.54,0.0
102020,Khách mua một lần (mới),0.0335,model,Tặng coupon cho lần mua thứ hai trong vòng 7–14 ngày,6,1,4.54,0.0
184332,Khách thường xuyên,0.0335,model,"Duy trì, không cần giảm giá sâu",60,1,4.54,0.0
125319,Khách mua một lần (mới),0.0335,model,Tặng coupon cho lần mua thứ hai trong vòng 7–14 ngày,19,1,4.54,0.0
180835,Khách mua một lần (mới),0.0335,model,Tặng coupon cho lần mua thứ hai trong vòng 7–14 ngày,24,1,4.54,0.0
118454,Khách mua một lần (mới),0.0335,model,Tặng coupon cho lần mua thứ hai trong vòng 7–14 ngày,18,1,4.54,0.0
191661,Khách mua một lần (mới),0.0335,model,Tặng coupon cho lần mua thứ hai trong vòng 7–14 ngày,21,1,4.54,0.0
186198,Khách mua một lần (mới),0.0335,model,Tặng coupon cho lần mua thứ hai trong vòng 7–14 ngày,18,1,4.54,0.0
149857,Khách thường xuyên,0.0335,model,"Duy trì, không cần giảm giá sâu",41,1,4.54,0.0
130430,Khách mua một lần (mới),0.0335,model,Tặng coupon cho lần mua thứ hai trong vòng 7–14 ngày,19,1,4.54,0.0
220491,Khách mua một lần (mới),0.0335,model,Tặng coupon cho lần mua thứ hai trong vòng 7–14 ngày,23,1,4.54,0.0
199476,Khách mua một lần (mới),0.0335,model,Tặng coupon cho lần mua thứ hai trong vòng 7–14 ngày,24,1,4.54,0.0
128672,Khách lâu chưa quay lại,0.0335,model,"Kéo lại bằng phim mới, voucher quay lại, thông báo cá nhân hóa",361,3,56.67,0.6667
120580,Khách lâu chưa quay lại,0.0335,model,"Kéo lại bằng phim mới, voucher quay lại, thông báo cá nhân hóa",912,1,6.51,1.0
155751,Khách giá trị cao,0.0335,model,"Membership, ưu đãi đặc quyền, đặt vé sớm phim hot",21,17,199.01,0.0
132867,Khách lâu chưa quay lại,0.0335,model,"Kéo lại bằng phim mới, voucher quay lại, thông báo cá nhân hóa",806,2,18.97,0.0
120758,Khách lâu chưa quay lại,0.0335,model,"Kéo lại bằng phim mới, voucher quay lại, thông báo cá nhân hóa",541,4,38.76,0.0
126230,Khách lâu chưa quay lại,0.0334,model,"Kéo lại bằng phim mới, voucher quay lại, thông báo cá nhân hóa",1023,2,7.42,0.0
222400,Khách thường xuyên,0.0334,model,"Duy trì, không cần giảm giá sâu",74,1,6.1,0.0
222228,Khách thường xuyên,0.0334,model,"Duy trì, không cần giảm giá sâu",78,1,6.1,0.0
194518,Khách thường xuyên,0.0334,model,"Duy trì, không cần giảm giá sâu",74,1,6.1,0.0
153634,Khách thường xuyên,0.0334,model,"Duy trì, không cần giảm giá sâu",67,1,6.1,0.0
207442,Khách thường xuyên,0.0334,model,"Duy trì, không cần giảm giá sâu",67,1,6.1,0.0
112495,Khách thường xuyên,0.0334,model,"Duy trì, không cần giảm giá sâu",76,1,6.1,0.0
144417,Khách thường xuyên,0.0334,model,"Duy trì, không cần giảm giá sâu",71,1,6.1,0.0
126952,Khách lâu chưa quay lại,0.0334,model,"Kéo lại bằng phim mới, voucher quay lại, thông báo cá nhân hóa",358,2,12.7,0.5
138265,Khách lâu chưa quay lại,0.0334,model,"Kéo lại bằng phim mới, voucher quay lại, thông báo cá nhân hóa",338,1,11.09,0.0
128170,Khách lâu chưa quay lại,0.0334,model,"Kéo lại bằng phim mới, voucher quay lại, thông báo cá nhân hóa",855,2,16.73,1.0
177889,Khách lâu chưa quay lại,0.0334,model,"Kéo lại bằng phim mới, voucher quay lại, thông báo cá nhân hóa",848,1,9.4,1.0
156883,Khách lâu chưa quay lại,0.0334,model,"Kéo lại bằng phim mới, voucher quay lại, thông báo cá nhân hóa",356,1,6.6,0.0
132261,Khách lâu chưa quay lại,0.0334,model,"Kéo lại bằng phim mới, voucher quay lại, thông báo cá nhân hóa",360,1,7.42,0.0
152914,Khách lâu chưa quay lại,0.0334,model,"Kéo lại bằng phim mới, voucher quay lại, thông báo cá nhân hóa",358,1,7.42,0.0
115270,Khách lâu chưa quay lại,0.0334,model,"Kéo lại bằng phim mới, voucher quay lại, thông báo cá nhân hóa",355,1,7.42,0.0
103922,Khách lâu chưa quay lại,0.0334,model,"Kéo lại bằng phim mới, voucher quay lại, thông báo cá nhân hóa",356,1,7.42,0.0
112192,Khách lâu chưa quay lại,0.0334,model,"Kéo lại bằng phim mới, voucher quay lại, thông báo cá nhân hóa",359,1,7.01,0.0
133649,Khách lâu chưa quay lại,0.0334,model,"Kéo lại bằng phim mới, voucher quay lại, thông báo cá nhân hóa",360,1,7.42,0.0
177239,Khách lâu chưa quay lại,0.0334,model,"Kéo lại bằng phim mới, voucher quay lại, thông báo cá nhân hóa",355,1,7.01,0.0
206068,Khách lâu chưa quay lại,0.0334,model,"Kéo lại bằng phim mới, voucher quay lại, thông báo cá nhân hóa",356,1,7.42,0.0
196833,Khách lâu chưa quay lại,0.0334,model,"Kéo lại bằng phim mới, voucher quay lại, thông báo cá nhân hóa",359,1,7.18,0.0
192032,Khách lâu chưa quay lại,0.0334,model,"Kéo lại bằng phim mới, voucher quay lại, thông báo cá nhân hóa",355,1,6.97,0.0
165870,Khách lâu chưa quay lại,0.0334,model,"Kéo lại bằng phim mới, voucher quay lại, thông báo cá nhân hóa",358,1,6.68,0.0
203417,Khách lâu chưa quay lại,0.0334,model,"Kéo lại bằng phim mới, voucher quay lại, thông báo cá nhân hóa",355,1,7.42,0.0
139330,Khách lâu chưa quay lại,0.0334,model,"Kéo lại bằng phim mới, voucher quay lại, thông báo cá nhân hóa",358,1,7.01,0.0
209047,Khách lâu chưa quay lại,0.0334,model,"Kéo lại bằng phim mới, voucher quay lại, thông báo cá nhân hóa",356,1,7.42,0.0
145366,Khách lâu chưa quay lại,0.0334,model,"Kéo lại bằng phim mới, voucher quay lại, thông báo cá nhân hóa",355,1,7.01,0.0
172740,Khách lâu chưa quay lại,0.0334,model,"Kéo lại bằng phim mới, voucher quay lại, thông báo cá nhân hóa",357,1,6.6,0.0
123580,Khách lâu chưa quay lại,0.0334,model,"Kéo lại bằng phim mới, voucher quay lại, thông báo cá nhân hóa",356,1,7.42,0.0
134837,Khách lâu chưa quay lại,0.0334,model,"Kéo lại bằng phim mới, voucher quay lại, thông báo cá nhân hóa",360,1,7.42,0.0
179761,Khách lâu chưa quay lại,0.0334,model,"Kéo lại bằng phim mới, voucher quay lại, thông báo cá nhân hóa",360,1,7.42,0.0
109126,Khách lâu chưa quay lại,0.0334,model,"Kéo lại bằng phim mới, voucher quay lại, thông báo cá nhân hóa",354,1,7.42,0.0
155177,Khách lâu chưa quay lại,0.0334,model,"Kéo lại bằng phim mới, voucher quay lại, thông báo cá nhân hóa",354,1,6.8,0.0
192858,Khách lâu chưa quay lại,0.0334,model,"Kéo lại bằng phim mới, voucher quay lại, thông báo cá nhân hóa",360,1,6.8,0.0
163953,Khách lâu chưa quay lại,0.0334,model,"Kéo lại bằng phim mới, voucher quay lại, thông báo cá nhân hóa",356,1,7.42,0.0
159411,Khách lâu chưa quay lại,0.0334,model,"Kéo lại bằng phim mới, voucher quay lại, thông báo cá nhân hóa",360,1,7.42,0.0
214653,Khách lâu chưa quay lại,0.0334,model,"Kéo lại bằng phim mới, voucher quay lại, thông báo cá nhân hóa",358,1,7.18,0.0
172249,Khách lâu chưa quay lại,0.0334,model,"Kéo lại bằng phim mới, voucher quay lại, thông báo cá nhân hóa",354,1,6.6,0.0
201444,Khách lâu chưa quay lại,0.0334,model,"Kéo lại bằng phim mới, voucher quay lại, thông báo cá nhân hóa",358,1,7.01,0.0
167367,Khách lâu chưa quay lại,0.0334,model,"Kéo lại bằng phim mới, voucher quay lại, thông báo cá nhân hóa",356,1,7.42,0.0
203697,Khách lâu chưa quay lại,0.0334,model,"Kéo lại bằng phim mới, voucher quay lại, thông báo cá nhân hóa",355,1,6.6,0.0
211421,Khách lâu chưa quay lại,0.0334,model,"Kéo lại bằng phim mới, voucher quay lại, thông báo cá nhân hóa",356,1,7.42,0.0
122042,Khách lâu chưa quay lại,0.0334,model,"Kéo lại bằng phim mới, voucher quay lại, thông báo cá nhân hóa",840,2,15.91,1.0
159234,Khách giá trị cao,0.0334,model,"Membership, ưu đãi đặc quyền, đặt vé sớm phim hot",22,5,52.98,1.0
164974,Khách lâu chưa quay lại,0.0334,model,"Kéo lại bằng phim mới, voucher quay lại, thông báo cá nhân hóa",431,2,11.46,0.0
136289,Khách lâu chưa quay lại,0.0334,model,"Kéo lại bằng phim mới, voucher quay lại, thông báo cá nhân hóa",833,1,9.77,1.0
189625,Khách mua một lần (mới),0.0334,model,Tặng coupon cho lần mua thứ hai trong vòng 7–14 ngày,30,1,0.82,0.0
173431,Khách lâu chưa quay lại,0.0334,model,"Kéo lại bằng phim mới, voucher quay lại, thông báo cá nhân hóa",443,3,17.32,0.0
163136,Khách lâu chưa quay lại,0.0334,model,"Kéo lại bằng phim mới, voucher quay lại, thông báo cá nhân hóa",816,2,9.61,0.5
118882,Khách lâu chưa quay lại,0.0334,model,"Kéo lại bằng phim mới, voucher quay lại, thông báo cá nhân hóa",778,2,6.15,0.5
103614,Khách lâu chưa quay lại,0.0334,model,"Kéo lại bằng phim mới, voucher quay lại, thông báo cá nhân hóa",840,2,16.73,1.0
120383,Khách lâu chưa quay lại,0.0334,model,"Kéo lại bằng phim mới, voucher quay lại, thông báo cá nhân hóa",853,5,24.53,0.0
168000,Khách mua một lần (mới),0.0334,model,Tặng coupon cho lần mua thứ hai trong vòng 7–14 ngày,13,1,2.89,0.0
104203,Khách mua một lần (mới),0.0334,model,Tặng coupon cho lần mua thứ hai trong vòng 7–14 ngày,4,1,2.89,0.0
154050,Khách mua một lần (mới),0.0334,model,Tặng coupon cho lần mua thứ hai trong vòng 7–14 ngày,19,1,2.89,0.0
137640,Khách lâu chưa quay lại,0.0333,model,"Kéo lại bằng phim mới, voucher quay lại, thông báo cá nhân hóa",415,3,18.8,0.6667
171009,Khách nhạy khuyến mãi,0.0333,model,"Chuyển từ giảm giá trực tiếp sang tích điểm, voucher cá nhân hóa",23,2,15.63,1.0
133085,Khách nhạy khuyến mãi,0.0333,model,"Chuyển từ giảm giá trực tiếp sang tích điểm, voucher cá nhân hóa",78,2,13.86,1.0
130517,Khách mua một lần (mới),0.0333,model,Tặng coupon cho lần mua thứ hai trong vòng 7–14 ngày,6,1,2.47,0.0
217216,Khách thường xuyên,0.0333,model,"Duy trì, không cần giảm giá sâu",58,1,2.68,0.0
170547,Khách mua một lần (mới),0.0333,model,Tặng coupon cho lần mua thứ hai trong vòng 7–14 ngày,3,1,2.35,0.0
132141,Khách thường xuyên,0.0333,model,"Duy trì, không cần giảm giá sâu",74,1,2.64,0.0
134242,Khách lâu chưa quay lại,0.0333,model,"Kéo lại bằng phim mới, voucher quay lại, thông báo cá nhân hóa",357,3,17.15,0.3333
152322,Khách lâu chưa quay lại,0.0333,model,"Kéo lại bằng phim mới, voucher quay lại, thông báo cá nhân hóa",319,2,23.51,0.0
150884,Khách lâu chưa quay lại,0.0333,model,"Kéo lại bằng phim mới, voucher quay lại, thông báo cá nhân hóa",356,2,6.8,1.0
174742,Khách nhạy khuyến mãi,0.0333,model,"Chuyển từ giảm giá trực tiếp sang tích điểm, voucher cá nhân hóa",3,2,14.94,0.5
127374,Khách lâu chưa quay lại,0.0333,model,"Kéo lại bằng phim mới, voucher quay lại, thông báo cá nhân hóa",981,2,11.1,0.5
144284,Khách lâu chưa quay lại,0.0333,model,"Kéo lại bằng phim mới, voucher quay lại, thông báo cá nhân hóa",987,2,7.38,0.5
161394,Khách giá trị cao,0.0333,model,"Membership, ưu đãi đặc quyền, đặt vé sớm phim hot",2,3,17.57,0.6667
155082,Khách lâu chưa quay lại,0.0333,model,"Kéo lại bằng phim mới, voucher quay lại, thông báo cá nhân hóa",981,2,13.94,0.5
100242,Khách lâu chưa quay lại,0.0333,model,"Kéo lại bằng phim mới, voucher quay lại, thông báo cá nhân hóa",422,2,11.79,0.5
206535,Khách lâu chưa quay lại,0.0333,model,"Kéo lại bằng phim mới, voucher quay lại, thông báo cá nhân hóa",310,2,14.89,0.5
141756,Khách lâu chưa quay lại,0.0333,model,"Kéo lại bằng phim mới, voucher quay lại, thông báo cá nhân hóa",855,2,9.77,1.0
205639,Khách lâu chưa quay lại,0.0333,model,"Kéo lại bằng phim mới, voucher quay lại, thông báo cá nhân hóa",358,1,9.77,1.0
117074,Khách lâu chưa quay lại,0.0333,model,"Kéo lại bằng phim mới, voucher quay lại, thông báo cá nhân hóa",924,3,20.86,0.6667
168742,Khách thường xuyên,0.0333,model,"Duy trì, không cần giảm giá sâu",71,2,16.11,0.0
111375,Khách lâu chưa quay lại,0.0333,model,"Kéo lại bằng phim mới, voucher quay lại, thông báo cá nhân hóa",771,3,18.93,0.3333
114247,Khách lâu chưa quay lại,0.0332,model,"Kéo lại bằng phim mới, voucher quay lại, thông báo cá nhân hóa",351,3,31.35,0.0
171204,Khách lâu chưa quay lại,0.0332,model,"Kéo lại bằng phim mới, voucher quay lại, thông báo cá nhân hóa",499,1,3.26,1.0
137068,Khách lâu chưa quay lại,0.0332,model,"Kéo lại bằng phim mới, voucher quay lại, thông báo cá nhân hóa",823,3,19.7,0.3333
102653,Khách lâu chưa quay lại,0.0332,model,"Kéo lại bằng phim mới, voucher quay lại, thông báo cá nhân hóa",911,4,30.92,0.0
170075,Khách lâu chưa quay lại,0.0332,model,"Kéo lại bằng phim mới, voucher quay lại, thông báo cá nhân hóa",324,2,13.04,1.0
108084,Khách lâu chưa quay lại,0.0331,model,"Kéo lại bằng phim mới, voucher quay lại, thông báo cá nhân hóa",834,1,9.77,1.0
127049,Khách lâu chưa quay lại,0.0331,model,"Kéo lại bằng phim mới, voucher quay lại, thông báo cá nhân hóa",758,2,13.03,1.0
164448,Khách lâu chưa quay lại,0.0331,model,"Kéo lại bằng phim mới, voucher quay lại, thông báo cá nhân hóa",344,1,3.26,1.0
145780,Khách lâu chưa quay lại,0.0331,model,"Kéo lại bằng phim mới, voucher quay lại, thông báo cá nhân hóa",350,1,3.26,1.0
177922,Khách lâu chưa quay lại,0.0331,model,"Kéo lại bằng phim mới, voucher quay lại, thông báo cá nhân hóa",344,1,3.26,1.0
100327,Khách lâu chưa quay lại,0.0331,model,"Kéo lại bằng phim mới, voucher quay lại, thông báo cá nhân hóa",353,1,3.26,1.0
178527,Khách lâu chưa quay lại,0.0331,model,"Kéo lại bằng phim mới, voucher quay lại, thông báo cá nhân hóa",344,1,3.26,1.0
194255,Khách lâu chưa quay lại,0.0331,model,"Kéo lại bằng phim mới, voucher quay lại, thông báo cá nhân hóa",345,1,3.26,1.0
108322,Khách lâu chưa quay lại,0.0331,model,"Kéo lại bằng phim mới, voucher quay lại, thông báo cá nhân hóa",345,1,3.26,1.0
171952,Khách lâu chưa quay lại,0.0331,model,"Kéo lại bằng phim mới, voucher quay lại, thông báo cá nhân hóa",347,1,3.26,1.0
217229,Khách lâu chưa quay lại,0.0331,model,"Kéo lại bằng phim mới, voucher quay lại, thông báo cá nhân hóa",344,1,3.26,1.0
109143,Khách giá trị cao,0.0331,model,"Membership, ưu đãi đặc quyền, đặt vé sớm phim hot",21,8,64.23,0.375
103429,Khách lâu chưa quay lại,0.0331,model,"Kéo lại bằng phim mới, voucher quay lại, thông báo cá nhân hóa",591,3,23.91,0.0
116575,Khách lâu chưa quay lại,0.0331,model,"Kéo lại bằng phim mới, voucher quay lại, thông báo cá nhân hóa",904,2,13.11,0.5
199243,Khách thường xuyên,0.0331,model,"Duy trì, không cần giảm giá sâu",33,2,14.25,0.0
149793,Khách nhạy khuyến mãi,0.0331,model,"Chuyển từ giảm giá trực tiếp sang tích điểm, voucher cá nhân hóa",80,1,9.78,1.0
158223,Khách lâu chưa quay lại,0.0331,model,"Kéo lại bằng phim mới, voucher quay lại, thông báo cá nhân hóa",752,4,34.22,0.5
130833,Khách lâu chưa quay lại,0.033,model,"Kéo lại bằng phim mới, voucher quay lại, thông báo cá nhân hóa",350,2,14.77,0.5
121909,Khách lâu chưa quay lại,0.033,model,"Kéo lại bằng phim mới, voucher quay lại, thông báo cá nhân hóa",519,2,11.54,0.5
187208,Khách nhạy khuyến mãi,0.033,model,"Chuyển từ giảm giá trực tiếp sang tích điểm, voucher cá nhân hóa",79,1,3.26,1.0
155555,Khách lâu chưa quay lại,0.033,model,"Kéo lại bằng phim mới, voucher quay lại, thông báo cá nhân hóa",1047,3,5.82,0.3333
102146,Khách lâu chưa quay lại,0.033,model,"Kéo lại bằng phim mới, voucher quay lại, thông báo cá nhân hóa",723,2,13.53,0.5
101049,Khách lâu chưa quay lại,0.033,model,"Kéo lại bằng phim mới, voucher quay lại, thông báo cá nhân hóa",429,5,122.39,0.0
174034,Khách nhạy khuyến mãi,0.033,model,"Chuyển từ giảm giá trực tiếp sang tích điểm, voucher cá nhân hóa",22,2,17.07,0.5
121610,Khách lâu chưa quay lại,0.033,model,"Kéo lại bằng phim mới, voucher quay lại, thông báo cá nhân hóa",842,2,13.48,1.0
210610,Khách lâu chưa quay lại,0.033,model,"Kéo lại bằng phim mới, voucher quay lại, thông báo cá nhân hóa",320,1,16.91,1.0
144819,Khách lâu chưa quay lại,0.033,model,"Kéo lại bằng phim mới, voucher quay lại, thông báo cá nhân hóa",459,3,13.49,0.6667
112180,Khách lâu chưa quay lại,0.033,model,"Kéo lại bằng phim mới, voucher quay lại, thông báo cá nhân hóa",311,2,9.78,1.0
106319,Khách giá trị cao,0.033,model,"Membership, ưu đãi đặc quyền, đặt vé sớm phim hot",19,3,29.48,1.0
129559,Khách lâu chưa quay lại,0.033,model,"Kéo lại bằng phim mới, voucher quay lại, thông báo cá nhân hóa",311,2,7.38,0.5
129174,Khách lâu chưa quay lại,0.033,model,"Kéo lại bằng phim mới, voucher quay lại, thông báo cá nhân hóa",595,4,42.45,0.0
194163,Khách lâu chưa quay lại,0.033,model,"Kéo lại bằng phim mới, voucher quay lại, thông báo cá nhân hóa",356,1,9.44,0.0
173107,Khách lâu chưa quay lại,0.033,model,"Kéo lại bằng phim mới, voucher quay lại, thông báo cá nhân hóa",360,1,9.49,0.0
109719,Khách lâu chưa quay lại,0.033,model,"Kéo lại bằng phim mới, voucher quay lại, thông báo cá nhân hóa",358,1,9.49,0.0
170919,Khách lâu chưa quay lại,0.033,model,"Kéo lại bằng phim mới, voucher quay lại, thông báo cá nhân hóa",358,1,9.44,0.0
153989,Khách lâu chưa quay lại,0.033,model,"Kéo lại bằng phim mới, voucher quay lại, thông báo cá nhân hóa",357,1,9.44,0.0
181106,Khách lâu chưa quay lại,0.033,model,"Kéo lại bằng phim mới, voucher quay lại, thông báo cá nhân hóa",354,1,9.44,0.0
188328,Khách lâu chưa quay lại,0.033,model,"Kéo lại bằng phim mới, voucher quay lại, thông báo cá nhân hóa",357,1,9.49,0.0
113277,Khách lâu chưa quay lại,0.033,model,"Kéo lại bằng phim mới, voucher quay lại, thông báo cá nhân hóa",358,1,9.49,0.0
191678,Khách lâu chưa quay lại,0.033,model,"Kéo lại bằng phim mới, voucher quay lại, thông báo cá nhân hóa",355,1,9.44,0.0
158694,Khách lâu chưa quay lại,0.033,model,"Kéo lại bằng phim mới, voucher quay lại, thông báo cá nhân hóa",358,1,9.4,0.0
205750,Khách lâu chưa quay lại,0.033,model,"Kéo lại bằng phim mới, voucher quay lại, thông báo cá nhân hóa",354,1,9.44,0.0
151052,Khách lâu chưa quay lại,0.033,model,"Kéo lại bằng phim mới, voucher quay lại, thông báo cá nhân hóa",354,1,9.44,0.0
160579,Khách lâu chưa quay lại,0.033,model,"Kéo lại bằng phim mới, voucher quay lại, thông báo cá nhân hóa",358,1,9.44,0.0
163598,Khách lâu chưa quay lại,0.033,model,"Kéo lại bằng phim mới, voucher quay lại, thông báo cá nhân hóa",357,1,9.49,0.0
102281,Khách lâu chưa quay lại,0.033,model,"Kéo lại bằng phim mới, voucher quay lại, thông báo cá nhân hóa",428,4,35.01,0.0
126580,Khách lâu chưa quay lại,0.0329,model,"Kéo lại bằng phim mới, voucher quay lại, thông báo cá nhân hóa",1097,1,20.62,0.0
123369,Khách lâu chưa quay lại,0.0329,model,"Kéo lại bằng phim mới, voucher quay lại, thông báo cá nhân hóa",1121,1,21.03,0.0
115254,Khách lâu chưa quay lại,0.0329,model,"Kéo lại bằng phim mới, voucher quay lại, thông báo cá nhân hóa",792,2,13.03,1.0
114461,Khách lâu chưa quay lại,0.0329,model,"Kéo lại bằng phim mới, voucher quay lại, thông báo cá nhân hóa",354,1,11.75,0.0
111356,Khách lâu chưa quay lại,0.0329,model,"Kéo lại bằng phim mới, voucher quay lại, thông báo cá nhân hóa",357,1,11.79,0.0
124305,Khách lâu chưa quay lại,0.0329,model,"Kéo lại bằng phim mới, voucher quay lại, thông báo cá nhân hóa",854,2,19.55,1.0
128465,Khách lâu chưa quay lại,0.0329,model,"Kéo lại bằng phim mới, voucher quay lại, thông báo cá nhân hóa",1003,2,18.52,0.0
219667,Khách giá trị cao,0.0329,model,"Membership, ưu đãi đặc quyền, đặt vé sớm phim hot",18,3,18.06,0.6667
196132,Khách mua một lần (mới),0.0329,model,Tặng coupon cho lần mua thứ hai trong vòng 7–14 ngày,19,1,2.84,1.0
113462,Khách nhạy khuyến mãi,0.0329,model,"Chuyển từ giảm giá trực tiếp sang tích điểm, voucher cá nhân hóa",47,1,2.84,1.0
151836,Khách mua một lần (mới),0.0329,model,Tặng coupon cho lần mua thứ hai trong vòng 7–14 ngày,19,1,2.84,1.0
211298,Khách mua một lần (mới),0.0329,model,Tặng coupon cho lần mua thứ hai trong vòng 7–14 ngày,22,1,2.84,1.0
115723,Khách lâu chưa quay lại,0.0329,model,"Kéo lại bằng phim mới, voucher quay lại, thông báo cá nhân hóa",962,2,18.14,0.0
160815,Khách lâu chưa quay lại,0.0329,model,"Kéo lại bằng phim mới, voucher quay lại, thông báo cá nhân hóa",1002,2,28.92,0.5
116454,Khách lâu chưa quay lại,0.0329,model,"Kéo lại bằng phim mới, voucher quay lại, thông báo cá nhân hóa",443,1,3.26,1.0
110007,Khách lâu chưa quay lại,0.0329,model,"Kéo lại bằng phim mới, voucher quay lại, thông báo cá nhân hóa",484,1,3.26,1.0
131886,Khách lâu chưa quay lại,0.0329,model,"Kéo lại bằng phim mới, voucher quay lại, thông báo cá nhân hóa",491,1,3.26,1.0
202215,Khách lâu chưa quay lại,0.0329,model,"Kéo lại bằng phim mới, voucher quay lại, thông báo cá nhân hóa",497,1,3.26,1.0
101377,Khách lâu chưa quay lại,0.0329,model,"Kéo lại bằng phim mới, voucher quay lại, thông báo cá nhân hóa",485,1,3.26,1.0
143096,Khách lâu chưa quay lại,0.0329,model,"Kéo lại bằng phim mới, voucher quay lại, thông báo cá nhân hóa",491,1,3.26,1.0
151495,Khách lâu chưa quay lại,0.0329,model,"Kéo lại bằng phim mới, voucher quay lại, thông báo cá nhân hóa",498,1,3.26,1.0
160842,Khách lâu chưa quay lại,0.0329,model,"Kéo lại bằng phim mới, voucher quay lại, thông báo cá nhân hóa",490,1,3.26,1.0
192975,Khách lâu chưa quay lại,0.0329,model,"Kéo lại bằng phim mới, voucher quay lại, thông báo cá nhân hóa",500,1,3.26,1.0
106569,Khách lâu chưa quay lại,0.0329,model,"Kéo lại bằng phim mới, voucher quay lại, thông báo cá nhân hóa",499,1,3.26,1.0
129308,Khách lâu chưa quay lại,0.0329,model,"Kéo lại bằng phim mới, voucher quay lại, thông báo cá nhân hóa",506,1,3.26,1.0
172676,Khách lâu chưa quay lại,0.0329,model,"Kéo lại bằng phim mới, voucher quay lại, thông báo cá nhân hóa",450,1,3.26,1.0
189631,Khách lâu chưa quay lại,0.0329,model,"Kéo lại bằng phim mới, voucher quay lại, thông báo cá nhân hóa",491,1,3.26,1.0
150136,Khách lâu chưa quay lại,0.0329,model,"Kéo lại bằng phim mới, voucher quay lại, thông báo cá nhân hóa",498,1,3.26,1.0
141313,Khách lâu chưa quay lại,0.0329,model,"Kéo lại bằng phim mới, voucher quay lại, thông báo cá nhân hóa",494,1,3.26,1.0
125771,Khách lâu chưa quay lại,0.0329,model,"Kéo lại bằng phim mới, voucher quay lại, thông báo cá nhân hóa",499,1,3.26,1.0
155449,Khách lâu chưa quay lại,0.0329,model,"Kéo lại bằng phim mới, voucher quay lại, thông báo cá nhân hóa",483,3,22.94,0.6667
112569,Khách giá trị cao,0.0329,model,"Membership, ưu đãi đặc quyền, đặt vé sớm phim hot",16,3,24.53,0.6667
217748,Khách nhạy khuyến mãi,0.0329,model,"Chuyển từ giảm giá trực tiếp sang tích điểm, voucher cá nhân hóa",78,1,7.34,1.0
105168,Khách lâu chưa quay lại,0.0329,model,"Kéo lại bằng phim mới, voucher quay lại, thông báo cá nhân hóa",849,2,16.79,0.5
139076,Khách lâu chưa quay lại,0.0329,model,"Kéo lại bằng phim mới, voucher quay lại, thông báo cá nhân hóa",1006,1,3.71,0.0
135596,Khách lâu chưa quay lại,0.0329,model,"Kéo lại bằng phim mới, voucher quay lại, thông báo cá nhân hóa",1015,1,3.71,0.0
130853,Khách lâu chưa quay lại,0.0329,model,"Kéo lại bằng phim mới, voucher quay lại, thông báo cá nhân hóa",1008,1,3.71,0.0
160131,Khách lâu chưa quay lại,0.0329,model,"Kéo lại bằng phim mới, voucher quay lại, thông báo cá nhân hóa",1006,1,3.71,0.0
114959,Khách lâu chưa quay lại,0.0329,model,"Kéo lại bằng phim mới, voucher quay lại, thông báo cá nhân hóa",1007,1,3.71,0.0
188646,Khách nhạy khuyến mãi,0.0329,model,"Chuyển từ giảm giá trực tiếp sang tích điểm, voucher cá nhân hóa",77,1,7.32,1.0
151543,Khách lâu chưa quay lại,0.0329,model,"Kéo lại bằng phim mới, voucher quay lại, thông báo cá nhân hóa",356,1,4.08,0.0
108280,Khách lâu chưa quay lại,0.0329,model,"Kéo lại bằng phim mới, voucher quay lại, thông báo cá nhân hóa",359,1,4.08,0.0
141203,Khách lâu chưa quay lại,0.0329,model,"Kéo lại bằng phim mới, voucher quay lại, thông báo cá nhân hóa",356,1,4.08,0.0
131234,Khách lâu chưa quay lại,0.0329,model,"Kéo lại bằng phim mới, voucher quay lại, thông báo cá nhân hóa",359,1,9.77,1.0
115550,Khách lâu chưa quay lại,0.0329,model,"Kéo lại bằng phim mới, voucher quay lại, thông báo cá nhân hóa",358,1,9.77,1.0
189416,Khách lâu chưa quay lại,0.0329,model,"Kéo lại bằng phim mới, voucher quay lại, thông báo cá nhân hóa",359,1,9.77,1.0
158355,Khách lâu chưa quay lại,0.0329,model,"Kéo lại bằng phim mới, voucher quay lại, thông báo cá nhân hóa",359,1,9.77,1.0
132934,Khách lâu chưa quay lại,0.0329,model,"Kéo lại bằng phim mới, voucher quay lại, thông báo cá nhân hóa",358,1,9.77,1.0
141106,Khách lâu chưa quay lại,0.0329,model,"Kéo lại bằng phim mới, voucher quay lại, thông báo cá nhân hóa",359,1,9.77,1.0
151934,Khách lâu chưa quay lại,0.0329,model,"Kéo lại bằng phim mới, voucher quay lại, thông báo cá nhân hóa",354,1,9.77,1.0
178798,Khách lâu chưa quay lại,0.0329,model,"Kéo lại bằng phim mới, voucher quay lại, thông báo cá nhân hóa",360,1,9.77,1.0
148994,Khách lâu chưa quay lại,0.0328,model,"Kéo lại bằng phim mới, voucher quay lại, thông báo cá nhân hóa",882,2,20.94,1.0
130576,Khách lâu chưa quay lại,0.0328,model,"Kéo lại bằng phim mới, voucher quay lại, thông báo cá nhân hóa",410,3,23.51,0.0
124368,Khách lâu chưa quay lại,0.0328,model,"Kéo lại bằng phim mới, voucher quay lại, thông báo cá nhân hóa",329,3,13.89,0.3333
101028,Khách giá trị cao,0.0328,model,"Membership, ưu đãi đặc quyền, đặt vé sớm phim hot",23,8,126.89,0.125
159697,Khách lâu chưa quay lại,0.0328,model,"Kéo lại bằng phim mới, voucher quay lại, thông báo cá nhân hóa",1050,1,30.93,1.0
101839,Khách lâu chưa quay lại,0.0328,model,"Kéo lại bằng phim mới, voucher quay lại, thông báo cá nhân hóa",814,4,47.01,0.0
130702,Khách lâu chưa quay lại,0.0328,model,"Kéo lại bằng phim mới, voucher quay lại, thông báo cá nhân hóa",449,4,39.19,1.0
149322,Khách lâu chưa quay lại,0.0328,model,"Kéo lại bằng phim mới, voucher quay lại, thông báo cá nhân hóa",1135,1,7.92,0.0
192134,Khách mua một lần (mới),0.0328,model,Tặng coupon cho lần mua thứ hai trong vòng 7–14 ngày,27,1,5.69,1.0
165693,Khách nhạy khuyến mãi,0.0327,model,"Chuyển từ giảm giá trực tiếp sang tích điểm, voucher cá nhân hóa",15,2,23.02,0.5
169045,Khách lâu chưa quay lại,0.0327,model,"Kéo lại bằng phim mới, voucher quay lại, thông báo cá nhân hóa",352,2,12.66,0.5
130917,Khách nhạy khuyến mãi,0.0327,model,"Chuyển từ giảm giá trực tiếp sang tích điểm, voucher cá nhân hóa",22,2,15.59,0.5
135311,Khách lâu chưa quay lại,0.0327,model,"Kéo lại bằng phim mới, voucher quay lại, thông báo cá nhân hóa",768,4,47.01,0.0
149850,Khách lâu chưa quay lại,0.0327,model,"Kéo lại bằng phim mới, voucher quay lại, thông báo cá nhân hóa",345,2,13.9,0.5
128305,Khách lâu chưa quay lại,0.0327,model,"Kéo lại bằng phim mới, voucher quay lại, thông báo cá nhân hóa",833,2,20.45,1.0
172495,Khách lâu chưa quay lại,0.0327,model,"Kéo lại bằng phim mới, voucher quay lại, thông báo cá nhân hóa",342,2,13.12,0.5
107063,Khách lâu chưa quay lại,0.0327,model,"Kéo lại bằng phim mới, voucher quay lại, thông báo cá nhân hóa",889,2,13.04,1.0
119020,Khách lâu chưa quay lại,0.0327,model,"Kéo lại bằng phim mới, voucher quay lại, thông báo cá nhân hóa",344,3,16.92,0.3333
100152,Khách lâu chưa quay lại,0.0327,model,"Kéo lại bằng phim mới, voucher quay lại, thông báo cá nhân hóa",352,4,55.91,0.25
105167,Khách lâu chưa quay lại,0.0327,model,"Kéo lại bằng phim mới, voucher quay lại, thông báo cá nhân hóa",527,3,21.74,0.3333
145251,Khách lâu chưa quay lại,0.0326,model,"Kéo lại bằng phim mới, voucher quay lại, thông báo cá nhân hóa",1041,1,16.91,0.0
101228,Khách lâu chưa quay lại,0.0326,model,"Kéo lại bằng phim mới, voucher quay lại, thông báo cá nhân hóa",1040,1,17.07,0.0
125672,Khách lâu chưa quay lại,0.0326,model,"Kéo lại bằng phim mới, voucher quay lại, thông báo cá nhân hóa",357,1,13.85,1.0
149430,Khách lâu chưa quay lại,0.0326,model,"Kéo lại bằng phim mới, voucher quay lại, thông báo cá nhân hóa",933,2,15.58,0.5
111161,Khách lâu chưa quay lại,0.0326,model,"Kéo lại bằng phim mới, voucher quay lại, thông báo cá nhân hóa",937,4,29.61,0.25
101326,Khách lâu chưa quay lại,0.0326,model,"Kéo lại bằng phim mới, voucher quay lại, thông báo cá nhân hóa",868,2,15.54,0.5
189962,Khách mua một lần (mới),0.0326,model,Tặng coupon cho lần mua thứ hai trong vòng 7–14 ngày,18,1,7.05,1.0
208276,Khách mua một lần (mới),0.0326,model,Tặng coupon cho lần mua thứ hai trong vòng 7–14 ngày,25,1,7.34,1.0
216298,Khách mua một lần (mới),0.0326,model,Tặng coupon cho lần mua thứ hai trong vòng 7–14 ngày,24,1,7.18,1.0
184758,Khách lâu chưa quay lại,0.0326,model,"Kéo lại bằng phim mới, voucher quay lại, thông báo cá nhân hóa",343,1,3.26,1.0
185437,Khách lâu chưa quay lại,0.0326,model,"Kéo lại bằng phim mới, voucher quay lại, thông báo cá nhân hóa",324,1,3.26,1.0
187112,Khách lâu chưa quay lại,0.0326,model,"Kéo lại bằng phim mới, voucher quay lại, thông báo cá nhân hóa",330,1,3.26,1.0
116614,Khách lâu chưa quay lại,0.0326,model,"Kéo lại bằng phim mới, voucher quay lại, thông báo cá nhân hóa",331,1,3.26,1.0
122904,Khách lâu chưa quay lại,0.0326,model,"Kéo lại bằng phim mới, voucher quay lại, thông báo cá nhân hóa",332,1,3.26,1.0
209039,Khách lâu chưa quay lại,0.0326,model,"Kéo lại bằng phim mới, voucher quay lại, thông báo cá nhân hóa",330,1,3.26,1.0
150915,Khách lâu chưa quay lại,0.0326,model,"Kéo lại bằng phim mới, voucher quay lại, thông báo cá nhân hóa",332,1,3.26,1.0
106883,Khách lâu chưa quay lại,0.0326,model,"Kéo lại bằng phim mới, voucher quay lại, thông báo cá nhân hóa",329,1,3.26,1.0
183449,Khách lâu chưa quay lại,0.0326,model,"Kéo lại bằng phim mới, voucher quay lại, thông báo cá nhân hóa",322,1,3.26,1.0
218493,Khách lâu chưa quay lại,0.0326,model,"Kéo lại bằng phim mới, voucher quay lại, thông báo cá nhân hóa",324,1,3.26,1.0
178443,Khách lâu chưa quay lại,0.0326,model,"Kéo lại bằng phim mới, voucher quay lại, thông báo cá nhân hóa",327,1,3.26,1.0
168581,Khách lâu chưa quay lại,0.0326,model,"Kéo lại bằng phim mới, voucher quay lại, thông báo cá nhân hóa",323,1,3.26,1.0
212814,Khách lâu chưa quay lại,0.0326,model,"Kéo lại bằng phim mới, voucher quay lại, thông báo cá nhân hóa",324,1,3.26,1.0
190206,Khách lâu chưa quay lại,0.0326,model,"Kéo lại bằng phim mới, voucher quay lại, thông báo cá nhân hóa",316,1,3.26,1.0
147937,Khách lâu chưa quay lại,0.0326,model,"Kéo lại bằng phim mới, voucher quay lại, thông báo cá nhân hóa",322,1,3.26,1.0
190332,Khách lâu chưa quay lại,0.0326,model,"Kéo lại bằng phim mới, voucher quay lại, thông báo cá nhân hóa",315,1,3.26,1.0
124618,Khách lâu chưa quay lại,0.0326,model,"Kéo lại bằng phim mới, voucher quay lại, thông báo cá nhân hóa",754,2,15.22,0.0
164545,Khách lâu chưa quay lại,0.0326,model,"Kéo lại bằng phim mới, voucher quay lại, thông báo cá nhân hóa",996,1,10.22,1.0
108327,Khách lâu chưa quay lại,0.0326,model,"Kéo lại bằng phim mới, voucher quay lại, thông báo cá nhân hóa",315,2,9.15,0.5
153137,Khách lâu chưa quay lại,0.0326,model,"Kéo lại bằng phim mới, voucher quay lại, thông báo cá nhân hóa",855,1,9.4,1.0
177574,Khách lâu chưa quay lại,0.0325,model,"Kéo lại bằng phim mới, voucher quay lại, thông báo cá nhân hóa",492,1,0.04,1.0
196852,Khách lâu chưa quay lại,0.0325,model,"Kéo lại bằng phim mới, voucher quay lại, thông báo cá nhân hóa",514,1,0.04,1.0
194117,Khách lâu chưa quay lại,0.0325,model,"Kéo lại bằng phim mới, voucher quay lại, thông báo cá nhân hóa",504,1,0.04,1.0
203606,Khách lâu chưa quay lại,0.0325,model,"Kéo lại bằng phim mới, voucher quay lại, thông báo cá nhân hóa",527,1,0.04,1.0
143963,Khách lâu chưa quay lại,0.0325,model,"Kéo lại bằng phim mới, voucher quay lại, thông báo cá nhân hóa",505,1,13.03,1.0
155099,Khách lâu chưa quay lại,0.0325,model,"Kéo lại bằng phim mới, voucher quay lại, thông báo cá nhân hóa",316,2,12.24,1.0
141182,Khách lâu chưa quay lại,0.0325,model,"Kéo lại bằng phim mới, voucher quay lại, thông báo cá nhân hóa",359,2,18.89,0.5
114687,Khách lâu chưa quay lại,0.0325,model,"Kéo lại bằng phim mới, voucher quay lại, thông báo cá nhân hóa",1031,3,32.59,0.0
118055,Khách lâu chưa quay lại,0.0325,model,"Kéo lại bằng phim mới, voucher quay lại, thông báo cá nhân hóa",869,2,13.02,1.0
163736,Khách lâu chưa quay lại,0.0325,model,"Kéo lại bằng phim mới, voucher quay lại, thông báo cá nhân hóa",862,2,13.02,1.0
147688,Khách lâu chưa quay lại,0.0325,model,"Kéo lại bằng phim mới, voucher quay lại, thông báo cá nhân hóa",869,2,13.02,1.0
135969,Khách lâu chưa quay lại,0.0325,model,"Kéo lại bằng phim mới, voucher quay lại, thông báo cá nhân hóa",749,1,6.51,1.0
125651,Khách lâu chưa quay lại,0.0325,model,"Kéo lại bằng phim mới, voucher quay lại, thông báo cá nhân hóa",919,2,13.04,0.0
101809,Khách lâu chưa quay lại,0.0325,model,"Kéo lại bằng phim mới, voucher quay lại, thông báo cá nhân hóa",357,2,13.45,1.0
157653,Khách lâu chưa quay lại,0.0325,model,"Kéo lại bằng phim mới, voucher quay lại, thông báo cá nhân hóa",855,2,20.17,0.5
103482,Khách lâu chưa quay lại,0.0325,model,"Kéo lại bằng phim mới, voucher quay lại, thông báo cá nhân hóa",325,2,9.08,0.0
137037,Khách lâu chưa quay lại,0.0325,model,"Kéo lại bằng phim mới, voucher quay lại, thông báo cá nhân hóa",406,1,3.26,1.0
138728,Khách lâu chưa quay lại,0.0325,model,"Kéo lại bằng phim mới, voucher quay lại, thông báo cá nhân hóa",1123,1,16.08,0.0
155363,Khách lâu chưa quay lại,0.0325,model,"Kéo lại bằng phim mới, voucher quay lại, thông báo cá nhân hóa",1093,1,16.08,0.0
118628,Khách lâu chưa quay lại,0.0325,model,"Kéo lại bằng phim mới, voucher quay lại, thông báo cá nhân hóa",1081,1,15.67,0.0
143341,Khách lâu chưa quay lại,0.0325,model,"Kéo lại bằng phim mới, voucher quay lại, thông báo cá nhân hóa",1123,1,16.08,0.0
126867,Khách lâu chưa quay lại,0.0325,model,"Kéo lại bằng phim mới, voucher quay lại, thông báo cá nhân hóa",1134,1,16.08,0.0
124080,Khách lâu chưa quay lại,0.0325,model,"Kéo lại bằng phim mới, voucher quay lại, thông báo cá nhân hóa",1149,1,16.08,0.0
104130,Khách lâu chưa quay lại,0.0325,model,"Kéo lại bằng phim mới, voucher quay lại, thông báo cá nhân hóa",1123,1,16.08,0.0
109006,Khách lâu chưa quay lại,0.0325,model,"Kéo lại bằng phim mới, voucher quay lại, thông báo cá nhân hóa",1157,1,15.67,0.0
155626,Khách lâu chưa quay lại,0.0325,model,"Kéo lại bằng phim mới, voucher quay lại, thông báo cá nhân hóa",1089,1,15.67,0.0
103324,Khách lâu chưa quay lại,0.0325,model,"Kéo lại bằng phim mới, voucher quay lại, thông báo cá nhân hóa",1124,1,16.08,0.0
116476,Khách lâu chưa quay lại,0.0325,model,"Kéo lại bằng phim mới, voucher quay lại, thông báo cá nhân hóa",1124,1,16.08,0.0
116536,Khách lâu chưa quay lại,0.0325,model,"Kéo lại bằng phim mới, voucher quay lại, thông báo cá nhân hóa",1075,1,16.08,0.0
118036,Khách lâu chưa quay lại,0.0325,model,"Kéo lại bằng phim mới, voucher quay lại, thông báo cá nhân hóa",1082,1,15.88,0.0
180752,Khách lâu chưa quay lại,0.0325,model,"Kéo lại bằng phim mới, voucher quay lại, thông báo cá nhân hóa",356,1,11.13,0.0
132670,Khách lâu chưa quay lại,0.0325,model,"Kéo lại bằng phim mới, voucher quay lại, thông báo cá nhân hóa",883,2,13.02,1.0
158733,Khách lâu chưa quay lại,0.0325,model,"Kéo lại bằng phim mới, voucher quay lại, thông báo cá nhân hóa",353,2,13.04,1.0
157813,Khách lâu chưa quay lại,0.0325,model,"Kéo lại bằng phim mới, voucher quay lại, thông báo cá nhân hóa",911,2,17.99,1.0
131163,Khách nhạy khuyến mãi,0.0325,model,"Chuyển từ giảm giá trực tiếp sang tích điểm, voucher cá nhân hóa",80,1,3.26,1.0
212599,Khách nhạy khuyến mãi,0.0325,model,"Chuyển từ giảm giá trực tiếp sang tích điểm, voucher cá nhân hóa",85,1,3.26,1.0
160823,Khách nhạy khuyến mãi,0.0325,model,"Chuyển từ giảm giá trực tiếp sang tích điểm, voucher cá nhân hóa",65,1,3.26,1.0
105109,Khách nhạy khuyến mãi,0.0325,model,"Chuyển từ giảm giá trực tiếp sang tích điểm, voucher cá nhân hóa",78,1,3.26,1.0
124791,Khách nhạy khuyến mãi,0.0325,model,"Chuyển từ giảm giá trực tiếp sang tích điểm, voucher cá nhân hóa",72,1,3.26,1.0
138296,Khách nhạy khuyến mãi,0.0325,model,"Chuyển từ giảm giá trực tiếp sang tích điểm, voucher cá nhân hóa",76,1,3.26,1.0
192235,Khách mua một lần (mới),0.0325,model,Tặng coupon cho lần mua thứ hai trong vòng 7–14 ngày,23,1,3.3,1.0
155644,Khách lâu chưa quay lại,0.0325,model,"Kéo lại bằng phim mới, voucher quay lại, thông báo cá nhân hóa",365,2,27.01,0.0
147623,Khách lâu chưa quay lại,0.0324,model,"Kéo lại bằng phim mới, voucher quay lại, thông báo cá nhân hóa",490,2,10.6,1.0
123390,Khách lâu chưa quay lại,0.0324,model,"Kéo lại bằng phim mới, voucher quay lại, thông báo cá nhân hóa",428,2,16.28,1.0
149282,Khách lâu chưa quay lại,0.0324,model,"Kéo lại bằng phim mới, voucher quay lại, thông báo cá nhân hóa",997,2,13.03,1.0
137765,Khách lâu chưa quay lại,0.0324,model,"Kéo lại bằng phim mới, voucher quay lại, thông báo cá nhân hóa",366,2,19.35,0.0
123108,Khách lâu chưa quay lại,0.0324,model,"Kéo lại bằng phim mới, voucher quay lại, thông báo cá nhân hóa",100,2,10.6,0.5
137675,Khách nhạy khuyến mãi,0.0324,model,"Chuyển từ giảm giá trực tiếp sang tích điểm, voucher cá nhân hóa",29,2,5.7,1.0
213868,Khách nhạy khuyến mãi,0.0324,model,"Chuyển từ giảm giá trực tiếp sang tích điểm, voucher cá nhân hóa",32,1,6.42,1.0
143637,Khách lâu chưa quay lại,0.0323,model,"Kéo lại bằng phim mới, voucher quay lại, thông báo cá nhân hóa",596,2,11.47,0.5
116354,Khách lâu chưa quay lại,0.0323,model,"Kéo lại bằng phim mới, voucher quay lại, thông báo cá nhân hóa",357,1,30.85,0.0
170731,Khách lâu chưa quay lại,0.0323,model,"Kéo lại bằng phim mới, voucher quay lại, thông báo cá nhân hóa",324,3,19.7,0.3333
155909,Khách lâu chưa quay lại,0.0323,model,"Kéo lại bằng phim mới, voucher quay lại, thông báo cá nhân hóa",329,3,17.33,0.0
111715,Khách nhạy khuyến mãi,0.0323,model,"Chuyển từ giảm giá trực tiếp sang tích điểm, voucher cá nhân hóa",0,2,5.28,1.0
148565,Khách lâu chưa quay lại,0.0323,model,"Kéo lại bằng phim mới, voucher quay lại, thông báo cá nhân hóa",884,2,19.17,1.0
137403,Khách lâu chưa quay lại,0.0323,model,"Kéo lại bằng phim mới, voucher quay lại, thông báo cá nhân hóa",443,2,16.25,0.0
147332,Khách lâu chưa quay lại,0.0323,model,"Kéo lại bằng phim mới, voucher quay lại, thông báo cá nhân hóa",857,2,13.02,1.0
153502,Khách lâu chưa quay lại,0.0323,model,"Kéo lại bằng phim mới, voucher quay lại, thông báo cá nhân hóa",849,2,20.01,1.0
106527,Khách lâu chưa quay lại,0.0323,model,"Kéo lại bằng phim mới, voucher quay lại, thông báo cá nhân hóa",405,2,11.54,0.0
201285,Khách nhạy khuyến mãi,0.0323,model,"Chuyển từ giảm giá trực tiếp sang tích điểm, voucher cá nhân hóa",68,1,6.51,1.0
220554,Khách nhạy khuyến mãi,0.0323,model,"Chuyển từ giảm giá trực tiếp sang tích điểm, voucher cá nhân hóa",74,1,6.51,1.0
171755,Khách nhạy khuyến mãi,0.0323,model,"Chuyển từ giảm giá trực tiếp sang tích điểm, voucher cá nhân hóa",79,1,6.51,1.0
223870,Khách mua một lần (mới),0.0323,model,Tặng coupon cho lần mua thứ hai trong vòng 7–14 ngày,23,1,6.47,1.0
149037,Khách lâu chưa quay lại,0.0323,model,"Kéo lại bằng phim mới, voucher quay lại, thông báo cá nhân hóa",797,3,19.29,0.3333
142817,Khách lâu chưa quay lại,0.0323,model,"Kéo lại bằng phim mới, voucher quay lại, thông báo cá nhân hóa",310,3,21.95,0.6667
100443,Khách lâu chưa quay lại,0.0322,model,"Kéo lại bằng phim mới, voucher quay lại, thông báo cá nhân hóa",882,2,13.02,1.0
112208,Khách mua một lần (mới),0.0322,model,Tặng coupon cho lần mua thứ hai trong vòng 7–14 ngày,1,1,2.85,1.0
141991,Khách mua một lần (mới),0.0322,model,Tặng coupon cho lần mua thứ hai trong vòng 7–14 ngày,13,1,2.85,1.0
184032,Khách mua một lần (mới),0.0322,model,Tặng coupon cho lần mua thứ hai trong vòng 7–14 ngày,14,1,2.85,1.0
193128,Khách mua một lần (mới),0.0322,model,Tặng coupon cho lần mua thứ hai trong vòng 7–14 ngày,24,1,2.85,1.0
191963,Khách mua một lần (mới),0.0322,model,Tặng coupon cho lần mua thứ hai trong vòng 7–14 ngày,16,1,2.85,1.0
199610,Khách mua một lần (mới),0.0322,model,Tặng coupon cho lần mua thứ hai trong vòng 7–14 ngày,2,1,2.85,1.0
123586,Khách mua một lần (mới),0.0322,model,Tặng coupon cho lần mua thứ hai trong vòng 7–14 ngày,0,1,2.85,1.0
149768,Khách mua một lần (mới),0.0322,model,Tặng coupon cho lần mua thứ hai trong vòng 7–14 ngày,17,1,2.85,1.0
139943,Khách lâu chưa quay lại,0.0322,model,"Kéo lại bằng phim mới, voucher quay lại, thông báo cá nhân hóa",357,3,29.98,0.3333
112271,Khách lâu chưa quay lại,0.0322,model,"Kéo lại bằng phim mới, voucher quay lại, thông báo cá nhân hóa",428,1,9.77,1.0
184411,Khách lâu chưa quay lại,0.0322,model,"Kéo lại bằng phim mới, voucher quay lại, thông báo cá nhân hóa",407,1,9.77,1.0
118965,Khách lâu chưa quay lại,0.0322,model,"Kéo lại bằng phim mới, voucher quay lại, thông báo cá nhân hóa",427,1,9.77,1.0
195007,Khách lâu chưa quay lại,0.0322,model,"Kéo lại bằng phim mới, voucher quay lại, thông báo cá nhân hóa",434,1,9.77,1.0
136660,Khách lâu chưa quay lại,0.0322,model,"Kéo lại bằng phim mới, voucher quay lại, thông báo cá nhân hóa",451,2,8.24,0.0
108980,Khách lâu chưa quay lại,0.0322,model,"Kéo lại bằng phim mới, voucher quay lại, thông báo cá nhân hóa",342,2,12.7,0.5
115007,Khách lâu chưa quay lại,0.0322,model,"Kéo lại bằng phim mới, voucher quay lại, thông báo cá nhân hóa",330,3,20.87,0.6667
136916,Khách lâu chưa quay lại,0.0322,model,"Kéo lại bằng phim mới, voucher quay lại, thông báo cá nhân hóa",359,2,17.12,1.0
217458,Khách nhạy khuyến mãi,0.0322,model,"Chuyển từ giảm giá trực tiếp sang tích điểm, voucher cá nhân hóa",76,2,19.55,1.0
183098,Khách mua một lần (mới),0.0321,model,Tặng coupon cho lần mua thứ hai trong vòng 7–14 ngày,24,1,5.69,1.0
116121,Khách mua một lần (mới),0.0321,model,Tặng coupon cho lần mua thứ hai trong vòng 7–14 ngày,21,1,5.69,1.0
146505,Khách mua một lần (mới),0.0321,model,Tặng coupon cho lần mua thứ hai trong vòng 7–14 ngày,9,1,5.69,1.0
144057,Khách nhạy khuyến mãi,0.0321,model,"Chuyển từ giảm giá trực tiếp sang tích điểm, voucher cá nhân hóa",54,1,5.69,1.0
130199,Khách mua một lần (mới),0.0321,model,Tặng coupon cho lần mua thứ hai trong vòng 7–14 ngày,19,1,5.69,1.0
121695,Khách mua một lần (mới),0.0321,model,Tặng coupon cho lần mua thứ hai trong vòng 7–14 ngày,22,1,5.69,1.0
135328,Khách nhạy khuyến mãi,0.0321,model,"Chuyển từ giảm giá trực tiếp sang tích điểm, voucher cá nhân hóa",44,1,5.69,1.0
218949,Khách nhạy khuyến mãi,0.0321,model,"Chuyển từ giảm giá trực tiếp sang tích điểm, voucher cá nhân hóa",43,1,5.69,1.0
222451,Khách mua một lần (mới),0.0321,model,Tặng coupon cho lần mua thứ hai trong vòng 7–14 ngày,20,1,5.7,1.0
102226,Khách mua một lần (mới),0.0321,model,Tặng coupon cho lần mua thứ hai trong vòng 7–14 ngày,27,1,5.7,1.0
150695,Khách mua một lần (mới),0.0321,model,Tặng coupon cho lần mua thứ hai trong vòng 7–14 ngày,19,1,5.7,1.0
165872,Khách mua một lần (mới),0.0321,model,Tặng coupon cho lần mua thứ hai trong vòng 7–14 ngày,17,1,5.69,1.0
144776,Khách mua một lần (mới),0.0321,model,Tặng coupon cho lần mua thứ hai trong vòng 7–14 ngày,24,1,5.69,1.0
164606,Khách mua một lần (mới),0.0321,model,Tặng coupon cho lần mua thứ hai trong vòng 7–14 ngày,17,1,5.69,1.0
115885,Khách mua một lần (mới),0.0321,model,Tặng coupon cho lần mua thứ hai trong vòng 7–14 ngày,24,1,5.69,1.0
100892,Khách lâu chưa quay lại,0.0321,model,"Kéo lại bằng phim mới, voucher quay lại, thông báo cá nhân hóa",903,3,19.55,1.0
118320,Khách lâu chưa quay lại,0.0321,model,"Kéo lại bằng phim mới, voucher quay lại, thông báo cá nhân hóa",807,3,44.54,0.0
141215,Khách lâu chưa quay lại,0.0321,model,"Kéo lại bằng phim mới, voucher quay lại, thông báo cá nhân hóa",882,2,15.17,0.5
107946,Khách lâu chưa quay lại,0.0321,model,"Kéo lại bằng phim mới, voucher quay lại, thông báo cá nhân hóa",431,3,23.5,0.0
199012,Khách lâu chưa quay lại,0.0321,model,"Kéo lại bằng phim mới, voucher quay lại, thông báo cá nhân hóa",421,2,16.42,0.5
106517,Khách lâu chưa quay lại,0.0321,model,"Kéo lại bằng phim mới, voucher quay lại, thông báo cá nhân hóa",889,2,16.42,0.5
124485,Khách lâu chưa quay lại,0.0321,model,"Kéo lại bằng phim mới, voucher quay lại, thông báo cá nhân hóa",908,2,18.06,0.0
120990,Khách lâu chưa quay lại,0.0321,model,"Kéo lại bằng phim mới, voucher quay lại, thông báo cá nhân hóa",910,1,6.51,1.0
127655,Khách lâu chưa quay lại,0.0321,model,"Kéo lại bằng phim mới, voucher quay lại, thông báo cá nhân hóa",1084,3,20.2,0.0
114044,Khách lâu chưa quay lại,0.032,model,"Kéo lại bằng phim mới, voucher quay lại, thông báo cá nhân hóa",854,2,15.54,0.5
131814,Khách lâu chưa quay lại,0.032,model,"Kéo lại bằng phim mới, voucher quay lại, thông báo cá nhân hóa",937,3,19.7,0.3333
100140,Khách lâu chưa quay lại,0.032,model,"Kéo lại bằng phim mới, voucher quay lại, thông báo cá nhân hóa",325,2,14.76,0.5
168176,Khách lâu chưa quay lại,0.032,model,"Kéo lại bằng phim mới, voucher quay lại, thông báo cá nhân hóa",744,2,13.02,1.0
126267,Khách lâu chưa quay lại,0.032,model,"Kéo lại bằng phim mới, voucher quay lại, thông báo cá nhân hóa",438,2,20.37,1.0
200819,Khách lâu chưa quay lại,0.032,model,"Kéo lại bằng phim mới, voucher quay lại, thông báo cá nhân hóa",356,1,12.37,0.0
170416,Khách lâu chưa quay lại,0.032,model,"Kéo lại bằng phim mới, voucher quay lại, thông báo cá nhân hóa",357,1,12.37,0.0
181197,Khách lâu chưa quay lại,0.032,model,"Kéo lại bằng phim mới, voucher quay lại, thông báo cá nhân hóa",356,1,12.37,0.0
107562,Khách lâu chưa quay lại,0.032,model,"Kéo lại bằng phim mới, voucher quay lại, thông báo cá nhân hóa",354,1,12.37,0.0
125138,Khách lâu chưa quay lại,0.032,model,"Kéo lại bằng phim mới, voucher quay lại, thông báo cá nhân hóa",358,1,12.37,0.0
190262,Khách lâu chưa quay lại,0.032,model,"Kéo lại bằng phim mới, voucher quay lại, thông báo cá nhân hóa",356,1,12.37,0.0
109963,Khách lâu chưa quay lại,0.032,model,"Kéo lại bằng phim mới, voucher quay lại, thông báo cá nhân hóa",1122,1,21.45,0.0
116503,Khách lâu chưa quay lại,0.032,model,"Kéo lại bằng phim mới, voucher quay lại, thông báo cá nhân hóa",324,3,22.81,1.0
111555,Khách lâu chưa quay lại,0.032,model,"Kéo lại bằng phim mới, voucher quay lại, thông báo cá nhân hóa",595,4,39.58,0.0
119142,Khách lâu chưa quay lại,0.032,model,"Kéo lại bằng phim mới, voucher quay lại, thông báo cá nhân hóa",796,3,32.87,0.0
119481,Khách lâu chưa quay lại,0.032,model,"Kéo lại bằng phim mới, voucher quay lại, thông báo cá nhân hóa",827,1,9.77,1.0
148156,Khách lâu chưa quay lại,0.032,model,"Kéo lại bằng phim mới, voucher quay lại, thông báo cá nhân hóa",828,1,9.77,1.0
122755,Khách lâu chưa quay lại,0.032,model,"Kéo lại bằng phim mới, voucher quay lại, thông báo cá nhân hóa",827,1,9.77,1.0
150290,Khách lâu chưa quay lại,0.032,model,"Kéo lại bằng phim mới, voucher quay lại, thông báo cá nhân hóa",828,1,9.77,1.0
118247,Khách lâu chưa quay lại,0.032,model,"Kéo lại bằng phim mới, voucher quay lại, thông báo cá nhân hóa",827,1,9.77,1.0
175062,Khách lâu chưa quay lại,0.032,model,"Kéo lại bằng phim mới, voucher quay lại, thông báo cá nhân hóa",828,1,9.77,1.0
222121,Khách nhạy khuyến mãi,0.032,model,"Chuyển từ giảm giá trực tiếp sang tích điểm, voucher cá nhân hóa",63,1,6.52,1.0
208082,Khách nhạy khuyến mãi,0.032,model,"Chuyển từ giảm giá trực tiếp sang tích điểm, voucher cá nhân hóa",82,1,6.52,1.0
192919,Khách nhạy khuyến mãi,0.032,model,"Chuyển từ giảm giá trực tiếp sang tích điểm, voucher cá nhân hóa",75,1,6.52,1.0
158409,Khách lâu chưa quay lại,0.032,model,"Kéo lại bằng phim mới, voucher quay lại, thông báo cá nhân hóa",360,2,10.27,1.0
142004,Khách nhạy khuyến mãi,0.032,model,"Chuyển từ giảm giá trực tiếp sang tích điểm, voucher cá nhân hóa",12,2,11.96,1.0
124897,Khách lâu chưa quay lại,0.032,model,"Kéo lại bằng phim mới, voucher quay lại, thông báo cá nhân hóa",1002,2,10.64,0.5
140050,Khách lâu chưa quay lại,0.0319,model,"Kéo lại bằng phim mới, voucher quay lại, thông báo cá nhân hóa",435,7,60.26,0.4286
149086,Khách lâu chưa quay lại,0.0319,model,"Kéo lại bằng phim mới, voucher quay lại, thông báo cá nhân hóa",438,2,16.42,0.5
113568,Khách lâu chưa quay lại,0.0319,model,"Kéo lại bằng phim mới, voucher quay lại, thông báo cá nhân hóa",316,2,25.07,0.5
110261,Khách lâu chưa quay lại,0.0319,model,"Kéo lại bằng phim mới, voucher quay lại, thông báo cá nhân hóa",920,1,9.4,1.0
147556,Khách lâu chưa quay lại,0.0319,model,"Kéo lại bằng phim mới, voucher quay lại, thông báo cá nhân hóa",354,2,23.46,0.0
116832,Khách lâu chưa quay lại,0.0319,model,"Kéo lại bằng phim mới, voucher quay lại, thông báo cá nhân hóa",961,2,26.4,0.0
100053,Khách lâu chưa quay lại,0.0319,model,"Kéo lại bằng phim mới, voucher quay lại, thông báo cá nhân hóa",807,2,9.03,0.5
203506,Khách lâu chưa quay lại,0.0319,model,"Kéo lại bằng phim mới, voucher quay lại, thông báo cá nhân hóa",354,1,11.34,0.0
113308,Khách lâu chưa quay lại,0.0319,model,"Kéo lại bằng phim mới, voucher quay lại, thông báo cá nhân hóa",359,2,34.93,0.5
163985,Khách giá trị cao,0.0319,model,"Membership, ưu đãi đặc quyền, đặt vé sớm phim hot",78,4,32.44,0.5
170141,Khách lâu chưa quay lại,0.0319,model,"Kéo lại bằng phim mới, voucher quay lại, thông báo cá nhân hóa",323,1,13.03,0.0
179693,Khách thường xuyên,0.0319,model,"Duy trì, không cần giảm giá sâu",64,1,11.55,0.0
165716,Khách mua một lần (mới),0.0319,model,Tặng coupon cho lần mua thứ hai trong vòng 7–14 ngày,18,1,11.55,0.0
219368,Khách thường xuyên,0.0319,model,"Duy trì, không cần giảm giá sâu",49,1,11.55,0.0
207512,Khách mua một lần (mới),0.0319,model,Tặng coupon cho lần mua thứ hai trong vòng 7–14 ngày,11,1,11.55,0.0
193121,Khách mua một lần (mới),0.0319,model,Tặng coupon cho lần mua thứ hai trong vòng 7–14 ngày,20,1,11.55,0.0
125623,Khách thường xuyên,0.0319,model,"Duy trì, không cần giảm giá sâu",54,1,11.55,0.0
136723,Khách thường xuyên,0.0319,model,"Duy trì, không cần giảm giá sâu",64,1,11.55,0.0
153134,Khách lâu chưa quay lại,0.0319,model,"Kéo lại bằng phim mới, voucher quay lại, thông báo cá nhân hóa",803,2,15.26,0.0
129870,Khách lâu chưa quay lại,0.0318,model,"Kéo lại bằng phim mới, voucher quay lại, thông báo cá nhân hóa",465,2,13.04,1.0
123951,Khách lâu chưa quay lại,0.0318,model,"Kéo lại bằng phim mới, voucher quay lại, thông báo cá nhân hóa",780,2,13.03,1.0
168881,Khách lâu chưa quay lại,0.0318,model,"Kéo lại bằng phim mới, voucher quay lại, thông báo cá nhân hóa",343,2,10.64,1.0
142540,Khách lâu chưa quay lại,0.0318,model,"Kéo lại bằng phim mới, voucher quay lại, thông báo cá nhân hóa",993,1,9.49,0.0
119886,Khách lâu chưa quay lại,0.0318,model,"Kéo lại bằng phim mới, voucher quay lại, thông báo cá nhân hóa",827,2,6.23,0.0
147922,Khách giá trị cao,0.0318,model,"Membership, ưu đãi đặc quyền, đặt vé sớm phim hot",4,5,35.1,0.2
118842,Khách mua một lần (mới),0.0318,model,Tặng coupon cho lần mua thứ hai trong vòng 7–14 ngày,26,1,5.36,0.0
132614,Khách lâu chưa quay lại,0.0318,model,"Kéo lại bằng phim mới, voucher quay lại, thông báo cá nhân hóa",324,5,17.57,0.6
100722,Khách lâu chưa quay lại,0.0318,model,"Kéo lại bằng phim mới, voucher quay lại, thông báo cá nhân hóa",314,3,19.71,0.0
156411,Khách lâu chưa quay lại,0.0318,model,"Kéo lại bằng phim mới, voucher quay lại, thông báo cá nhân hóa",1001,1,10.23,1.0
143923,Khách lâu chưa quay lại,0.0318,model,"Kéo lại bằng phim mới, voucher quay lại, thông báo cá nhân hóa",1044,2,14.43,0.0
103608,Khách lâu chưa quay lại,0.0318,model,"Kéo lại bằng phim mới, voucher quay lại, thông báo cá nhân hóa",873,2,12.79,0.0
212032,Khách lâu chưa quay lại,0.0317,model,"Kéo lại bằng phim mới, voucher quay lại, thông báo cá nhân hóa",324,1,6.52,1.0
171888,Khách lâu chưa quay lại,0.0317,model,"Kéo lại bằng phim mới, voucher quay lại, thông báo cá nhân hóa",330,1,6.52,1.0
141026,Khách lâu chưa quay lại,0.0317,model,"Kéo lại bằng phim mới, voucher quay lại, thông báo cá nhân hóa",358,3,18.56,0.0
111559,Khách giá trị cao,0.0317,model,"Membership, ưu đãi đặc quyền, đặt vé sớm phim hot",16,3,22.55,0.3333
115050,Khách giá trị cao,0.0317,model,"Membership, ưu đãi đặc quyền, đặt vé sớm phim hot",43,3,19.53,1.0
101404,Khách lâu chưa quay lại,0.0317,model,"Kéo lại bằng phim mới, voucher quay lại, thông báo cá nhân hóa",476,5,36.77,0.2
200587,Khách lâu chưa quay lại,0.0317,model,"Kéo lại bằng phim mới, voucher quay lại, thông báo cá nhân hóa",435,1,6.51,1.0
188731,Khách lâu chưa quay lại,0.0317,model,"Kéo lại bằng phim mới, voucher quay lại, thông báo cá nhân hóa",358,1,10.72,0.0
132248,Khách lâu chưa quay lại,0.0317,model,"Kéo lại bằng phim mới, voucher quay lại, thông báo cá nhân hóa",356,1,10.72,0.0
134331,Khách lâu chưa quay lại,0.0317,model,"Kéo lại bằng phim mới, voucher quay lại, thông báo cá nhân hóa",357,1,10.72,0.0
177974,Khách lâu chưa quay lại,0.0317,model,"Kéo lại bằng phim mới, voucher quay lại, thông báo cá nhân hóa",355,1,10.72,0.0
202812,Khách lâu chưa quay lại,0.0317,model,"Kéo lại bằng phim mới, voucher quay lại, thông báo cá nhân hóa",356,1,10.72,0.0
166778,Khách lâu chưa quay lại,0.0317,model,"Kéo lại bằng phim mới, voucher quay lại, thông báo cá nhân hóa",359,1,10.72,0.0
199823,Khách lâu chưa quay lại,0.0317,model,"Kéo lại bằng phim mới, voucher quay lại, thông báo cá nhân hóa",359,1,10.72,0.0
164884,Khách lâu chưa quay lại,0.0317,model,"Kéo lại bằng phim mới, voucher quay lại, thông báo cá nhân hóa",360,1,10.72,0.0
136681,Khách lâu chưa quay lại,0.0317,model,"Kéo lại bằng phim mới, voucher quay lại, thông báo cá nhân hóa",357,1,10.72,0.0
212271,Khách lâu chưa quay lại,0.0317,model,"Kéo lại bằng phim mới, voucher quay lại, thông báo cá nhân hóa",354,1,10.68,0.0
215293,Khách lâu chưa quay lại,0.0317,model,"Kéo lại bằng phim mới, voucher quay lại, thông báo cá nhân hóa",355,1,10.72,0.0
124777,Khách lâu chưa quay lại,0.0317,model,"Kéo lại bằng phim mới, voucher quay lại, thông báo cá nhân hóa",355,1,10.72,0.0
144402,Khách lâu chưa quay lại,0.0317,model,"Kéo lại bằng phim mới, voucher quay lại, thông báo cá nhân hóa",360,1,10.68,0.0
182248,Khách lâu chưa quay lại,0.0317,model,"Kéo lại bằng phim mới, voucher quay lại, thông báo cá nhân hóa",358,1,10.72,0.0
125312,Khách lâu chưa quay lại,0.0317,model,"Kéo lại bằng phim mới, voucher quay lại, thông báo cá nhân hóa",359,1,10.72,0.0
158759,Khách lâu chưa quay lại,0.0317,model,"Kéo lại bằng phim mới, voucher quay lại, thông báo cá nhân hóa",360,1,10.68,0.0
163231,Khách lâu chưa quay lại,0.0317,model,"Kéo lại bằng phim mới, voucher quay lại, thông báo cá nhân hóa",354,1,10.68,0.0
135996,Khách lâu chưa quay lại,0.0317,model,"Kéo lại bằng phim mới, voucher quay lại, thông báo cá nhân hóa",357,1,10.72,0.0
151276,Khách lâu chưa quay lại,0.0317,model,"Kéo lại bằng phim mới, voucher quay lại, thông báo cá nhân hóa",807,3,10.68,0.3333
104073,Khách lâu chưa quay lại,0.0317,model,"Kéo lại bằng phim mới, voucher quay lại, thông báo cá nhân hóa",362,3,9.07,1.0
111603,Khách lâu chưa quay lại,0.0317,model,"Kéo lại bằng phim mới, voucher quay lại, thông báo cá nhân hóa",358,1,8.66,0.0
184866,Khách lâu chưa quay lại,0.0317,model,"Kéo lại bằng phim mới, voucher quay lại, thông báo cá nhân hóa",355,1,8.66,0.0
107762,Khách lâu chưa quay lại,0.0317,model,"Kéo lại bằng phim mới, voucher quay lại, thông báo cá nhân hóa",477,1,3.26,1.0
103754,Khách mua một lần (mới),0.0317,model,Tặng coupon cho lần mua thứ hai trong vòng 7–14 ngày,30,1,12.45,1.0
206652,Khách mua một lần (mới),0.0317,model,Tặng coupon cho lần mua thứ hai trong vòng 7–14 ngày,18,1,12.45,1.0
203464,Khách mua một lần (mới),0.0317,model,Tặng coupon cho lần mua thứ hai trong vòng 7–14 ngày,29,1,12.45,1.0
218196,Khách mua một lần (mới),0.0317,model,Tặng coupon cho lần mua thứ hai trong vòng 7–14 ngày,24,1,12.45,1.0
167231,Khách lâu chưa quay lại,0.0317,model,"Kéo lại bằng phim mới, voucher quay lại, thông báo cá nhân hóa",358,1,6.1,0.0
135697,Khách lâu chưa quay lại,0.0316,model,"Kéo lại bằng phim mới, voucher quay lại, thông báo cá nhân hóa",1015,2,23.43,1.0
118159,Khách lâu chưa quay lại,0.0316,model,"Kéo lại bằng phim mới, voucher quay lại, thông báo cá nhân hóa",428,4,42.14,0.25
103637,Khách nhạy khuyến mãi,0.0316,model,"Chuyển từ giảm giá trực tiếp sang tích điểm, voucher cá nhân hóa",65,1,4.53,1.0
139389,Khách giá trị cao,0.0316,model,"Membership, ưu đãi đặc quyền, đặt vé sớm phim hot",18,3,20.19,0.0
127971,Khách lâu chưa quay lại,0.0316,model,"Kéo lại bằng phim mới, voucher quay lại, thông báo cá nhân hóa",360,1,9.07,0.0
113488,Khách lâu chưa quay lại,0.0316,model,"Kéo lại bằng phim mới, voucher quay lại, thông báo cá nhân hóa",360,1,9.07,0.0
179383,Khách lâu chưa quay lại,0.0316,model,"Kéo lại bằng phim mới, voucher quay lại, thông báo cá nhân hóa",360,1,9.07,0.0
211988,Khách lâu chưa quay lại,0.0316,model,"Kéo lại bằng phim mới, voucher quay lại, thông báo cá nhân hóa",357,1,9.24,0.0
178289,Khách lâu chưa quay lại,0.0316,model,"Kéo lại bằng phim mới, voucher quay lại, thông báo cá nhân hóa",357,1,9.07,0.0
112014,Khách lâu chưa quay lại,0.0316,model,"Kéo lại bằng phim mới, voucher quay lại, thông báo cá nhân hóa",354,1,9.28,0.0
122692,Khách lâu chưa quay lại,0.0316,model,"Kéo lại bằng phim mới, voucher quay lại, thông báo cá nhân hóa",357,1,9.07,0.0
118073,Khách lâu chưa quay lại,0.0316,model,"Kéo lại bằng phim mới, voucher quay lại, thông báo cá nhân hóa",355,1,9.07,0.0
102058,Khách lâu chưa quay lại,0.0316,model,"Kéo lại bằng phim mới, voucher quay lại, thông báo cá nhân hóa",360,1,9.07,0.0
112568,Khách lâu chưa quay lại,0.0316,model,"Kéo lại bằng phim mới, voucher quay lại, thông báo cá nhân hóa",360,1,9.07,0.0
194207,Khách lâu chưa quay lại,0.0316,model,"Kéo lại bằng phim mới, voucher quay lại, thông báo cá nhân hóa",356,1,9.28,0.0
180169,Khách lâu chưa quay lại,0.0316,model,"Kéo lại bằng phim mới, voucher quay lại, thông báo cá nhân hóa",356,1,9.03,0.0
112209,Khách lâu chưa quay lại,0.0316,model,"Kéo lại bằng phim mới, voucher quay lại, thông báo cá nhân hóa",355,1,9.28,0.0
159459,Khách lâu chưa quay lại,0.0316,model,"Kéo lại bằng phim mới, voucher quay lại, thông báo cá nhân hóa",360,1,9.07,0.0
152681,Khách lâu chưa quay lại,0.0316,model,"Kéo lại bằng phim mới, voucher quay lại, thông báo cá nhân hóa",358,1,9.28,0.0
151401,Khách lâu chưa quay lại,0.0316,model,"Kéo lại bằng phim mới, voucher quay lại, thông báo cá nhân hóa",351,2,13.94,0.5
110491,Khách lâu chưa quay lại,0.0316,model,"Kéo lại bằng phim mới, voucher quay lại, thông báo cá nhân hóa",1115,2,27.18,0.0
127344,Khách lâu chưa quay lại,0.0316,model,"Kéo lại bằng phim mới, voucher quay lại, thông báo cá nhân hóa",835,1,9.77,1.0
164659,Khách lâu chưa quay lại,0.0316,model,"Kéo lại bằng phim mới, voucher quay lại, thông báo cá nhân hóa",834,1,9.77,1.0
100084,Khách lâu chưa quay lại,0.0316,model,"Kéo lại bằng phim mới, voucher quay lại, thông báo cá nhân hóa",833,1,9.77,1.0
165664,Khách lâu chưa quay lại,0.0316,model,"Kéo lại bằng phim mới, voucher quay lại, thông báo cá nhân hóa",834,1,9.77,1.0
171572,Khách lâu chưa quay lại,0.0316,model,"Kéo lại bằng phim mới, voucher quay lại, thông báo cá nhân hóa",834,1,9.77,1.0
144253,Khách lâu chưa quay lại,0.0316,model,"Kéo lại bằng phim mới, voucher quay lại, thông báo cá nhân hóa",835,1,9.77,1.0
147478,Khách lâu chưa quay lại,0.0316,model,"Kéo lại bằng phim mới, voucher quay lại, thông báo cá nhân hóa",840,1,9.77,1.0
162216,Khách lâu chưa quay lại,0.0316,model,"Kéo lại bằng phim mới, voucher quay lại, thông báo cá nhân hóa",362,2,23.92,0.0
147292,Khách lâu chưa quay lại,0.0316,model,"Kéo lại bằng phim mới, voucher quay lại, thông báo cá nhân hóa",356,1,6.93,0.0
135065,Khách lâu chưa quay lại,0.0316,model,"Kéo lại bằng phim mới, voucher quay lại, thông báo cá nhân hóa",1092,2,15.67,0.0
105839,Khách lâu chưa quay lại,0.0316,model,"Kéo lại bằng phim mới, voucher quay lại, thông báo cá nhân hóa",832,2,10.72,0.0
103427,Khách lâu chưa quay lại,0.0316,model,"Kéo lại bằng phim mới, voucher quay lại, thông báo cá nhân hóa",352,1,12.37,0.0
138366,Khách lâu chưa quay lại,0.0315,model,"Kéo lại bằng phim mới, voucher quay lại, thông báo cá nhân hóa",966,3,42.4,0.3333
112519,Khách lâu chưa quay lại,0.0315,model,"Kéo lại bằng phim mới, voucher quay lại, thông báo cá nhân hóa",358,2,21.44,0.0
127585,Khách lâu chưa quay lại,0.0315,model,"Kéo lại bằng phim mới, voucher quay lại, thông báo cá nhân hóa",962,2,11.14,0.5
127848,Khách lâu chưa quay lại,0.0315,model,"Kéo lại bằng phim mới, voucher quay lại, thông báo cá nhân hóa",359,2,16.78,0.5
165436,Khách lâu chưa quay lại,0.0315,model,"Kéo lại bằng phim mới, voucher quay lại, thông báo cá nhân hóa",802,2,8.12,0.5
161042,Khách lâu chưa quay lại,0.0315,model,"Kéo lại bằng phim mới, voucher quay lại, thông báo cá nhân hóa",340,2,20.74,0.0
141089,Khách lâu chưa quay lại,0.0315,model,"Kéo lại bằng phim mới, voucher quay lại, thông báo cá nhân hóa",1030,1,9.9,0.0
136958,Khách lâu chưa quay lại,0.0315,model,"Kéo lại bằng phim mới, voucher quay lại, thông báo cá nhân hóa",490,1,6.51,1.0
203123,Khách lâu chưa quay lại,0.0315,model,"Kéo lại bằng phim mới, voucher quay lại, thông báo cá nhân hóa",448,1,6.51,1.0
156468,Khách lâu chưa quay lại,0.0315,model,"Kéo lại bằng phim mới, voucher quay lại, thông báo cá nhân hóa",806,2,6.56,0.5
190860,Khách lâu chưa quay lại,0.0314,model,"Kéo lại bằng phim mới, voucher quay lại, thông báo cá nhân hóa",346,1,28.0,0.0
169329,Khách giá trị cao,0.0314,model,"Membership, ưu đãi đặc quyền, đặt vé sớm phim hot",1,3,15.91,0.6667
100690,Khách lâu chưa quay lại,0.0314,model,"Kéo lại bằng phim mới, voucher quay lại, thông báo cá nhân hóa",834,3,13.03,1.0
163235,Khách lâu chưa quay lại,0.0314,model,"Kéo lại bằng phim mới, voucher quay lại, thông báo cá nhân hóa",1026,1,3.71,0.0
117282,Khách nhạy khuyến mãi,0.0314,model,"Chuyển từ giảm giá trực tiếp sang tích điểm, voucher cá nhân hóa",84,1,6.51,1.0
117000,Khách nhạy khuyến mãi,0.0314,model,"Chuyển từ giảm giá trực tiếp sang tích điểm, voucher cá nhân hóa",80,1,6.51,1.0
149217,Khách lâu chưa quay lại,0.0314,model,"Kéo lại bằng phim mới, voucher quay lại, thông báo cá nhân hóa",984,2,7.35,1.0
104127,Khách lâu chưa quay lại,0.0314,model,"Kéo lại bằng phim mới, voucher quay lại, thông báo cá nhân hóa",324,5,37.53,0.0
167153,Khách lâu chưa quay lại,0.0314,model,"Kéo lại bằng phim mới, voucher quay lại, thông báo cá nhân hóa",351,4,20.15,0.75
203103,Khách nhạy khuyến mãi,0.0314,model,"Chuyển từ giảm giá trực tiếp sang tích điểm, voucher cá nhân hóa",32,1,3.0,1.0
100674,Khách lâu chưa quay lại,0.0314,model,"Kéo lại bằng phim mới, voucher quay lại, thông báo cá nhân hóa",842,2,22.11,0.5
176222,Khách mua một lần (mới),0.0314,model,Tặng coupon cho lần mua thứ hai trong vòng 7–14 ngày,19,1,7.38,1.0
164592,Khách lâu chưa quay lại,0.0314,model,"Kéo lại bằng phim mới, voucher quay lại, thông báo cá nhân hóa",359,1,4.12,0.0
138231,Khách lâu chưa quay lại,0.0314,model,"Kéo lại bằng phim mới, voucher quay lại, thông báo cá nhân hóa",356,1,4.12,0.0
124631,Khách lâu chưa quay lại,0.0314,model,"Kéo lại bằng phim mới, voucher quay lại, thông báo cá nhân hóa",360,1,4.12,0.0
104828,Khách lâu chưa quay lại,0.0313,model,"Kéo lại bằng phim mới, voucher quay lại, thông báo cá nhân hóa",913,2,11.47,0.5
162914,Khách lâu chưa quay lại,0.0313,model,"Kéo lại bằng phim mới, voucher quay lại, thông báo cá nhân hóa",340,2,16.87,0.0
133132,Khách lâu chưa quay lại,0.0313,model,"Kéo lại bằng phim mới, voucher quay lại, thông báo cá nhân hóa",728,6,33.4,0.1667
131521,Khách lâu chưa quay lại,0.0313,model,"Kéo lại bằng phim mới, voucher quay lại, thông báo cá nhân hóa",933,2,15.91,1.0
125449,Khách lâu chưa quay lại,0.0313,model,"Kéo lại bằng phim mới, voucher quay lại, thông báo cá nhân hóa",322,3,13.04,1.0
166385,Khách lâu chưa quay lại,0.0313,model,"Kéo lại bằng phim mới, voucher quay lại, thông báo cá nhân hóa",888,2,10.92,0.5
119643,Khách lâu chưa quay lại,0.0313,model,"Kéo lại bằng phim mới, voucher quay lại, thông báo cá nhân hóa",353,1,3.26,1.0
116822,Khách lâu chưa quay lại,0.0313,model,"Kéo lại bằng phim mới, voucher quay lại, thông báo cá nhân hóa",980,2,20.12,0.5
102859,Khách lâu chưa quay lại,0.0313,model,"Kéo lại bằng phim mới, voucher quay lại, thông báo cá nhân hóa",736,3,19.56,1.0
134867,Khách lâu chưa quay lại,0.0313,model,"Kéo lại bằng phim mới, voucher quay lại, thông báo cá nhân hóa",356,1,9.36,1.0
114686,Khách lâu chưa quay lại,0.0313,model,"Kéo lại bằng phim mới, voucher quay lại, thông báo cá nhân hóa",802,2,9.6,0.5
143773,Khách lâu chưa quay lại,0.0313,model,"Kéo lại bằng phim mới, voucher quay lại, thông báo cá nhân hóa",889,4,26.04,1.0
136684,Khách lâu chưa quay lại,0.0313,model,"Kéo lại bằng phim mới, voucher quay lại, thông báo cá nhân hóa",324,2,10.88,0.0
150583,Khách lâu chưa quay lại,0.0313,model,"Kéo lại bằng phim mới, voucher quay lại, thông báo cá nhân hóa",1121,1,15.67,0.0
138425,Khách lâu chưa quay lại,0.0313,model,"Kéo lại bằng phim mới, voucher quay lại, thông báo cá nhân hóa",1098,1,15.67,0.0
145671,Khách lâu chưa quay lại,0.0313,model,"Kéo lại bằng phim mới, voucher quay lại, thông báo cá nhân hóa",857,2,13.02,1.0
154566,Khách lâu chưa quay lại,0.0313,model,"Kéo lại bằng phim mới, voucher quay lại, thông báo cá nhân hóa",796,5,64.75,0.0
144688,Khách lâu chưa quay lại,0.0312,model,"Kéo lại bằng phim mới, voucher quay lại, thông báo cá nhân hóa",948,1,6.51,1.0
133865,Khách lâu chưa quay lại,0.0312,model,"Kéo lại bằng phim mới, voucher quay lại, thông báo cá nhân hóa",1157,2,17.74,0.5
160053,Khách lâu chưa quay lại,0.0312,model,"Kéo lại bằng phim mới, voucher quay lại, thông báo cá nhân hóa",498,2,4.5,0.0
164702,Khách lâu chưa quay lại,0.0312,model,"Kéo lại bằng phim mới, voucher quay lại, thông báo cá nhân hóa",359,1,4.54,0.0
139172,Khách lâu chưa quay lại,0.0312,model,"Kéo lại bằng phim mới, voucher quay lại, thông báo cá nhân hóa",361,2,13.74,0.5
102974,Khách lâu chưa quay lại,0.0312,model,"Kéo lại bằng phim mới, voucher quay lại, thông báo cá nhân hóa",316,3,22.48,0.6667
148522,Khách lâu chưa quay lại,0.0312,model,"Kéo lại bằng phim mới, voucher quay lại, thông báo cá nhân hóa",1035,1,29.69,0.0
205508,Khách nhạy khuyến mãi,0.0312,model,"Chuyển từ giảm giá trực tiếp sang tích điểm, voucher cá nhân hóa",20,2,16.4,1.0
153337,Khách lâu chưa quay lại,0.0312,model,"Kéo lại bằng phim mới, voucher quay lại, thông báo cá nhân hóa",775,2,10.72,0.0
140263,Khách giá trị cao,0.0312,model,"Membership, ưu đãi đặc quyền, đặt vé sớm phim hot",54,3,29.37,0.3333
218193,Khách nhạy khuyến mãi,0.0312,model,"Chuyển từ giảm giá trực tiếp sang tích điểm, voucher cá nhân hóa",74,1,8.62,1.0
212981,Khách lâu chưa quay lại,0.0312,model,"Kéo lại bằng phim mới, voucher quay lại, thông báo cá nhân hóa",352,2,9.11,0.5
106030,Khách lâu chưa quay lại,0.0312,model,"Kéo lại bằng phim mới, voucher quay lại, thông báo cá nhân hóa",1044,1,3.25,1.0
127770,Khách lâu chưa quay lại,0.0312,model,"Kéo lại bằng phim mới, voucher quay lại, thông báo cá nhân hóa",324,4,35.22,0.75
175620,Khách lâu chưa quay lại,0.0312,model,"Kéo lại bằng phim mới, voucher quay lại, thông báo cá nhân hóa",440,1,3.09,0.0
175628,Khách lâu chưa quay lại,0.0312,model,"Kéo lại bằng phim mới, voucher quay lại, thông báo cá nhân hóa",470,1,3.09,0.0
150457,Khách lâu chưa quay lại,0.0312,model,"Kéo lại bằng phim mới, voucher quay lại, thông báo cá nhân hóa",444,1,3.09,0.0
111421,Khách lâu chưa quay lại,0.0312,model,"Kéo lại bằng phim mới, voucher quay lại, thông báo cá nhân hóa",442,1,3.09,0.0
155836,Khách lâu chưa quay lại,0.0312,model,"Kéo lại bằng phim mới, voucher quay lại, thông báo cá nhân hóa",857,2,11.88,0.5
122274,Khách lâu chưa quay lại,0.0311,model,"Kéo lại bằng phim mới, voucher quay lại, thông báo cá nhân hóa",861,2,13.04,1.0
129485,Khách lâu chưa quay lại,0.0311,model,"Kéo lại bằng phim mới, voucher quay lại, thông báo cá nhân hóa",929,3,28.87,0.0
153039,Khách lâu chưa quay lại,0.0311,model,"Kéo lại bằng phim mới, voucher quay lại, thông báo cá nhân hóa",890,1,9.73,1.0
136257,Khách lâu chưa quay lại,0.0311,model,"Kéo lại bằng phim mới, voucher quay lại, thông báo cá nhân hóa",435,3,35.59,0.3333
150713,Khách lâu chưa quay lại,0.0311,model,"Kéo lại bằng phim mới, voucher quay lại, thông báo cá nhân hóa",841,2,13.48,1.0
107021,Khách lâu chưa quay lại,0.0311,model,"Kéo lại bằng phim mới, voucher quay lại, thông báo cá nhân hóa",330,2,5.61,0.5
164684,Khách lâu chưa quay lại,0.0311,model,"Kéo lại bằng phim mới, voucher quay lại, thông báo cá nhân hóa",456,1,3.26,1.0
104291,Khách lâu chưa quay lại,0.0311,model,"Kéo lại bằng phim mới, voucher quay lại, thông báo cá nhân hóa",769,7,82.8,0.1429
155990,Khách lâu chưa quay lại,0.0311,model,"Kéo lại bằng phim mới, voucher quay lại, thông báo cá nhân hóa",364,7,61.94,0.1429
100195,Khách lâu chưa quay lại,0.0311,model,"Kéo lại bằng phim mới, voucher quay lại, thông báo cá nhân hóa",437,2,15.92,1.0
100376,Khách lâu chưa quay lại,0.0311,model,"Kéo lại bằng phim mới, voucher quay lại, thông báo cá nhân hóa",912,1,9.4,1.0
128153,Khách lâu chưa quay lại,0.0311,model,"Kéo lại bằng phim mới, voucher quay lại, thông báo cá nhân hóa",948,2,12.75,0.5
165229,Khách lâu chưa quay lại,0.0311,model,"Kéo lại bằng phim mới, voucher quay lại, thông báo cá nhân hóa",362,3,26.48,0.0
191936,Khách lâu chưa quay lại,0.031,model,"Kéo lại bằng phim mới, voucher quay lại, thông báo cá nhân hóa",331,1,7.22,1.0
100379,Khách lâu chưa quay lại,0.031,model,"Kéo lại bằng phim mới, voucher quay lại, thông báo cá nhân hóa",792,3,27.13,0.3333
100448,Khách lâu chưa quay lại,0.031,model,"Kéo lại bằng phim mới, voucher quay lại, thông báo cá nhân hóa",314,1,2.68,0.0
110686,Khách mua một lần (mới),0.031,model,Tặng coupon cho lần mua thứ hai trong vòng 7–14 ngày,7,1,4.95,0.0
147219,Khách mua một lần (mới),0.031,model,Tặng coupon cho lần mua thứ hai trong vòng 7–14 ngày,20,1,4.95,0.0
126839,Khách mua một lần (mới),0.031,model,Tặng coupon cho lần mua thứ hai trong vòng 7–14 ngày,2,1,4.95,0.0
165039,Khách mua một lần (mới),0.031,model,Tặng coupon cho lần mua thứ hai trong vòng 7–14 ngày,6,1,4.95,0.0
130989,Khách mua một lần (mới),0.031,model,Tặng coupon cho lần mua thứ hai trong vòng 7–14 ngày,6,1,4.95,0.0
123529,Khách mua một lần (mới),0.031,model,Tặng coupon cho lần mua thứ hai trong vòng 7–14 ngày,17,1,4.91,0.0
187742,Khách mua một lần (mới),0.031,model,Tặng coupon cho lần mua thứ hai trong vòng 7–14 ngày,6,1,4.95,0.0
148959,Khách thường xuyên,0.031,model,"Duy trì, không cần giảm giá sâu",88,1,4.88,0.0
120402,Khách mua một lần (mới),0.031,model,Tặng coupon cho lần mua thứ hai trong vòng 7–14 ngày,21,1,4.95,0.0
112431,Khách mua một lần (mới),0.031,model,Tặng coupon cho lần mua thứ hai trong vòng 7–14 ngày,20,1,4.95,0.0
108899,Khách mua một lần (mới),0.031,model,Tặng coupon cho lần mua thứ hai trong vòng 7–14 ngày,6,1,4.95,0.0
103235,Khách thường xuyên,0.031,model,"Duy trì, không cần giảm giá sâu",71,1,4.88,0.0
213638,Khách mua một lần (mới),0.031,model,Tặng coupon cho lần mua thứ hai trong vòng 7–14 ngày,8,1,4.95,0.0
163532,Khách lâu chưa quay lại,0.031,model,"Kéo lại bằng phim mới, voucher quay lại, thông báo cá nhân hóa",365,2,16.42,0.5
211392,Khách lâu chưa quay lại,0.031,model,"Kéo lại bằng phim mới, voucher quay lại, thông báo cá nhân hóa",358,1,11.14,1.0
127040,Khách lâu chưa quay lại,0.031,model,"Kéo lại bằng phim mới, voucher quay lại, thông báo cá nhân hóa",915,4,30.44,0.25
207311,Khách nhạy khuyến mãi,0.031,model,"Chuyển từ giảm giá trực tiếp sang tích điểm, voucher cá nhân hóa",48,1,13.12,1.0
160770,Khách lâu chưa quay lại,0.031,model,"Kéo lại bằng phim mới, voucher quay lại, thông báo cá nhân hóa",850,1,9.77,1.0
124171,Khách lâu chưa quay lại,0.031,model,"Kéo lại bằng phim mới, voucher quay lại, thông báo cá nhân hóa",315,2,26.36,0.0
102126,Khách lâu chưa quay lại,0.031,model,"Kéo lại bằng phim mới, voucher quay lại, thông báo cá nhân hóa",512,1,3.26,1.0
131935,Khách lâu chưa quay lại,0.031,model,"Kéo lại bằng phim mới, voucher quay lại, thông báo cá nhân hóa",471,1,3.26,1.0
126236,Khách lâu chưa quay lại,0.031,model,"Kéo lại bằng phim mới, voucher quay lại, thông báo cá nhân hóa",493,1,3.26,1.0
181555,Khách lâu chưa quay lại,0.031,model,"Kéo lại bằng phim mới, voucher quay lại, thông báo cá nhân hóa",457,1,3.26,1.0
120111,Khách lâu chưa quay lại,0.031,model,"Kéo lại bằng phim mới, voucher quay lại, thông báo cá nhân hóa",526,1,3.26,1.0
196915,Khách lâu chưa quay lại,0.031,model,"Kéo lại bằng phim mới, voucher quay lại, thông báo cá nhân hóa",455,1,3.26,1.0
113738,Khách lâu chưa quay lại,0.031,model,"Kéo lại bằng phim mới, voucher quay lại, thông báo cá nhân hóa",310,3,19.47,0.0
127404,Khách lâu chưa quay lại,0.0309,model,"Kéo lại bằng phim mới, voucher quay lại, thông báo cá nhân hóa",355,2,21.03,0.0
106159,Khách lâu chưa quay lại,0.0309,model,"Kéo lại bằng phim mới, voucher quay lại, thông báo cá nhân hóa",525,2,12.67,1.0
152273,Khách lâu chưa quay lại,0.0309,model,"Kéo lại bằng phim mới, voucher quay lại, thông báo cá nhân hóa",1060,2,15.67,0.0
108966,Khách lâu chưa quay lại,0.0309,model,"Kéo lại bằng phim mới, voucher quay lại, thông báo cá nhân hóa",513,3,34.73,1.0
102457,Khách lâu chưa quay lại,0.0309,model,"Kéo lại bằng phim mới, voucher quay lại, thông báo cá nhân hóa",929,2,13.93,0.5
139805,Khách lâu chưa quay lại,0.0309,model,"Kéo lại bằng phim mới, voucher quay lại, thông báo cá nhân hóa",364,2,21.57,0.5
105747,Khách lâu chưa quay lại,0.0309,model,"Kéo lại bằng phim mới, voucher quay lại, thông báo cá nhân hóa",891,2,13.93,0.5
152831,Khách lâu chưa quay lại,0.0309,model,"Kéo lại bằng phim mới, voucher quay lại, thông báo cá nhân hóa",519,2,21.98,0.5
151527,Khách lâu chưa quay lại,0.0308,model,"Kéo lại bằng phim mới, voucher quay lại, thông báo cá nhân hóa",840,2,13.02,1.0
126980,Khách lâu chưa quay lại,0.0308,model,"Kéo lại bằng phim mới, voucher quay lại, thông báo cá nhân hóa",359,2,34.85,0.5
109440,Khách lâu chưa quay lại,0.0308,model,"Kéo lại bằng phim mới, voucher quay lại, thông báo cá nhân hóa",593,3,17.41,0.3333
216874,Khách lâu chưa quay lại,0.0308,model,"Kéo lại bằng phim mới, voucher quay lại, thông báo cá nhân hóa",322,1,3.26,1.0
172210,Khách lâu chưa quay lại,0.0308,model,"Kéo lại bằng phim mới, voucher quay lại, thông báo cá nhân hóa",338,1,3.26,1.0
200081,Khách lâu chưa quay lại,0.0308,model,"Kéo lại bằng phim mới, voucher quay lại, thông báo cá nhân hóa",319,1,3.26,1.0
130719,Khách lâu chưa quay lại,0.0308,model,"Kéo lại bằng phim mới, voucher quay lại, thông báo cá nhân hóa",364,4,42.35,0.0
125836,Khách lâu chưa quay lại,0.0308,model,"Kéo lại bằng phim mới, voucher quay lại, thông báo cá nhân hóa",846,2,9.81,0.5
129681,Khách lâu chưa quay lại,0.0308,model,"Kéo lại bằng phim mới, voucher quay lại, thông báo cá nhân hóa",1039,2,11.88,0.0
102378,Khách lâu chưa quay lại,0.0308,model,"Kéo lại bằng phim mới, voucher quay lại, thông báo cá nhân hóa",861,2,23.09,0.0
225449,Khách mua một lần (mới),0.0308,model,Tặng coupon cho lần mua thứ hai trong vòng 7–14 ngày,3,1,3.91,1.0
105863,Khách lâu chưa quay lại,0.0307,model,"Kéo lại bằng phim mới, voucher quay lại, thông báo cá nhân hóa",358,1,19.67,1.0
131115,Khách lâu chưa quay lại,0.0307,model,"Kéo lại bằng phim mới, voucher quay lại, thông báo cá nhân hóa",848,2,20.21,0.0
111173,Khách lâu chưa quay lại,0.0307,model,"Kéo lại bằng phim mới, voucher quay lại, thông báo cá nhân hóa",434,5,90.23,0.2
222893,Khách mua một lần (mới),0.0307,model,Tặng coupon cho lần mua thứ hai trong vòng 7–14 ngày,4,1,8.7,1.0
164504,Khách lâu chưa quay lại,0.0307,model,"Kéo lại bằng phim mới, voucher quay lại, thông báo cá nhân hóa",891,4,27.54,0.25
135740,Khách lâu chưa quay lại,0.0307,model,"Kéo lại bằng phim mới, voucher quay lại, thông báo cá nhân hóa",1000,2,20.2,0.0
127565,Khách lâu chưa quay lại,0.0307,model,"Kéo lại bằng phim mới, voucher quay lại, thông báo cá nhân hóa",422,4,23.66,0.75
128581,Khách lâu chưa quay lại,0.0307,model,"Kéo lại bằng phim mới, voucher quay lại, thông báo cá nhân hóa",945,1,3.26,1.0
111392,Khách lâu chưa quay lại,0.0307,model,"Kéo lại bằng phim mới, voucher quay lại, thông báo cá nhân hóa",354,1,5.16,0.0
110054,Khách lâu chưa quay lại,0.0307,model,"Kéo lại bằng phim mới, voucher quay lại, thông báo cá nhân hóa",430,3,22.89,0.3333
105626,Khách lâu chưa quay lại,0.0307,model,"Kéo lại bằng phim mới, voucher quay lại, thông báo cá nhân hóa",343,3,10.02,0.3333
159579,Khách lâu chưa quay lại,0.0307,model,"Kéo lại bằng phim mới, voucher quay lại, thông báo cá nhân hóa",968,2,13.03,1.0
124147,Khách lâu chưa quay lại,0.0307,model,"Kéo lại bằng phim mới, voucher quay lại, thông báo cá nhân hóa",851,4,53.6,0.0
117404,Khách giá trị cao,0.0307,model,"Membership, ưu đãi đặc quyền, đặt vé sớm phim hot",14,3,20.0,0.6667
216323,Khách lâu chưa quay lại,0.0307,model,"Kéo lại bằng phim mới, voucher quay lại, thông báo cá nhân hóa",306,2,10.72,0.0
139423,Khách lâu chưa quay lại,0.0307,model,"Kéo lại bằng phim mới, voucher quay lại, thông báo cá nhân hóa",350,3,34.51,0.3333
159744,Khách lâu chưa quay lại,0.0306,model,"Kéo lại bằng phim mới, voucher quay lại, thông báo cá nhân hóa",435,1,6.51,1.0
149162,Khách lâu chưa quay lại,0.0306,model,"Kéo lại bằng phim mới, voucher quay lại, thông báo cá nhân hóa",436,1,6.51,1.0
175073,Khách lâu chưa quay lại,0.0306,model,"Kéo lại bằng phim mới, voucher quay lại, thông báo cá nhân hóa",435,1,6.51,1.0
113219,Khách lâu chưa quay lại,0.0306,model,"Kéo lại bằng phim mới, voucher quay lại, thông báo cá nhân hóa",435,1,6.51,1.0
167438,Khách lâu chưa quay lại,0.0306,model,"Kéo lại bằng phim mới, voucher quay lại, thông báo cá nhân hóa",434,1,6.51,1.0
203061,Khách thường xuyên,0.0306,model,"Duy trì, không cần giảm giá sâu",68,1,5.9,0.0
180235,Khách mua một lần (mới),0.0306,model,Tặng coupon cho lần mua thứ hai trong vòng 7–14 ngày,28,1,5.94,0.0
133767,Khách lâu chưa quay lại,0.0306,model,"Kéo lại bằng phim mới, voucher quay lại, thông báo cá nhân hóa",491,6,53.76,0.5
188996,Khách nhạy khuyến mãi,0.0306,model,"Chuyển từ giảm giá trực tiếp sang tích điểm, voucher cá nhân hóa",20,2,5.68,1.0
195981,Khách lâu chưa quay lại,0.0306,model,"Kéo lại bằng phim mới, voucher quay lại, thông báo cá nhân hóa",524,2,4.12,0.0
102496,Khách lâu chưa quay lại,0.0306,model,"Kéo lại bằng phim mới, voucher quay lại, thông báo cá nhân hóa",1052,2,41.58,0.0
158854,Khách lâu chưa quay lại,0.0306,model,"Kéo lại bằng phim mới, voucher quay lại, thông báo cá nhân hóa",310,2,12.12,0.5
203005,Khách lâu chưa quay lại,0.0306,model,"Kéo lại bằng phim mới, voucher quay lại, thông báo cá nhân hóa",349,2,10.36,0.5
133681,Khách lâu chưa quay lại,0.0306,model,"Kéo lại bằng phim mới, voucher quay lại, thông báo cá nhân hóa",356,2,13.69,0.0
190437,Khách lâu chưa quay lại,0.0306,model,"Kéo lại bằng phim mới, voucher quay lại, thông báo cá nhân hóa",352,1,9.77,1.0
198597,Khách lâu chưa quay lại,0.0306,model,"Kéo lại bằng phim mới, voucher quay lại, thông báo cá nhân hóa",353,1,9.77,1.0
107104,Khách lâu chưa quay lại,0.0306,model,"Kéo lại bằng phim mới, voucher quay lại, thông báo cá nhân hóa",344,1,9.77,1.0
152017,Khách lâu chưa quay lại,0.0306,model,"Kéo lại bằng phim mới, voucher quay lại, thông báo cá nhân hóa",351,1,9.77,1.0
109675,Khách lâu chưa quay lại,0.0306,model,"Kéo lại bằng phim mới, voucher quay lại, thông báo cá nhân hóa",344,1,9.77,1.0
200190,Khách lâu chưa quay lại,0.0306,model,"Kéo lại bằng phim mới, voucher quay lại, thông báo cá nhân hóa",351,1,9.77,1.0
119609,Khách lâu chưa quay lại,0.0306,model,"Kéo lại bằng phim mới, voucher quay lại, thông báo cá nhân hóa",345,1,9.77,1.0
137948,Khách lâu chưa quay lại,0.0306,model,"Kéo lại bằng phim mới, voucher quay lại, thông báo cá nhân hóa",344,1,9.77,1.0
117458,Khách lâu chưa quay lại,0.0306,model,"Kéo lại bằng phim mới, voucher quay lại, thông báo cá nhân hóa",345,1,9.77,1.0
105343,Khách lâu chưa quay lại,0.0305,model,"Kéo lại bằng phim mới, voucher quay lại, thông báo cá nhân hóa",339,2,10.63,0.5
105568,Khách lâu chưa quay lại,0.0305,model,"Kéo lại bằng phim mới, voucher quay lại, thông báo cá nhân hóa",342,2,10.63,0.5
112950,Khách lâu chưa quay lại,0.0305,model,"Kéo lại bằng phim mới, voucher quay lại, thông báo cá nhân hóa",358,1,13.85,1.0
148693,Khách lâu chưa quay lại,0.0305,model,"Kéo lại bằng phim mới, voucher quay lại, thông báo cá nhân hóa",359,1,13.44,1.0
128952,Khách lâu chưa quay lại,0.0305,model,"Kéo lại bằng phim mới, voucher quay lại, thông báo cá nhân hóa",490,2,22.19,0.5
115490,Khách lâu chưa quay lại,0.0305,model,"Kéo lại bằng phim mới, voucher quay lại, thông báo cá nhân hóa",1115,1,16.09,1.0
137985,Khách lâu chưa quay lại,0.0305,model,"Kéo lại bằng phim mới, voucher quay lại, thông báo cá nhân hóa",490,1,9.77,1.0
147069,Khách lâu chưa quay lại,0.0305,model,"Kéo lại bằng phim mới, voucher quay lại, thông báo cá nhân hóa",886,2,19.26,0.5
185842,Khách giá trị cao,0.0305,model,"Membership, ưu đãi đặc quyền, đặt vé sớm phim hot",15,3,20.75,1.0
147194,Khách lâu chưa quay lại,0.0305,model,"Kéo lại bằng phim mới, voucher quay lại, thông báo cá nhân hóa",555,2,15.18,0.5
150280,Khách lâu chưa quay lại,0.0305,model,"Kéo lại bằng phim mới, voucher quay lại, thông báo cá nhân hóa",338,4,32.21,1.0
151619,Khách lâu chưa quay lại,0.0305,model,"Kéo lại bằng phim mới, voucher quay lại, thông báo cá nhân hóa",871,2,18.48,0.5
107963,Khách lâu chưa quay lại,0.0305,model,"Kéo lại bằng phim mới, voucher quay lại, thông báo cá nhân hóa",349,2,12.33,0.0
101490,Khách lâu chưa quay lại,0.0304,model,"Kéo lại bằng phim mới, voucher quay lại, thông báo cá nhân hóa",351,7,76.22,0.1429
104400,Khách lâu chưa quay lại,0.0304,model,"Kéo lại bằng phim mới, voucher quay lại, thông báo cá nhân hóa",834,1,6.51,1.0
185427,Khách lâu chưa quay lại,0.0304,model,"Kéo lại bằng phim mới, voucher quay lại, thông báo cá nhân hóa",330,2,19.67,0.0
143833,Khách lâu chưa quay lại,0.0304,model,"Kéo lại bằng phim mới, voucher quay lại, thông báo cá nhân hóa",379,2,16.29,1.0
132075,Khách giá trị cao,0.0304,model,"Membership, ưu đãi đặc quyền, đặt vé sớm phim hot",2,3,17.56,0.6667
160988,Khách lâu chưa quay lại,0.0304,model,"Kéo lại bằng phim mới, voucher quay lại, thông báo cá nhân hóa",336,3,47.71,0.3333
151762,Khách lâu chưa quay lại,0.0304,model,"Kéo lại bằng phim mới, voucher quay lại, thông báo cá nhân hóa",765,2,10.64,0.5
123393,Khách lâu chưa quay lại,0.0304,model,"Kéo lại bằng phim mới, voucher quay lại, thông báo cá nhân hóa",778,2,13.03,1.0
207610,Khách lâu chưa quay lại,0.0304,model,"Kéo lại bằng phim mới, voucher quay lại, thông báo cá nhân hóa",360,1,10.27,0.0
117133,Khách lâu chưa quay lại,0.0304,model,"Kéo lại bằng phim mới, voucher quay lại, thông báo cá nhân hóa",357,1,10.23,0.0
114854,Khách lâu chưa quay lại,0.0304,model,"Kéo lại bằng phim mới, voucher quay lại, thông báo cá nhân hóa",358,1,10.31,0.0
182344,Khách lâu chưa quay lại,0.0304,model,"Kéo lại bằng phim mới, voucher quay lại, thông báo cá nhân hóa",360,1,10.27,0.0
106943,Khách lâu chưa quay lại,0.0304,model,"Kéo lại bằng phim mới, voucher quay lại, thông báo cá nhân hóa",360,1,10.39,0.0
176488,Khách lâu chưa quay lại,0.0304,model,"Kéo lại bằng phim mới, voucher quay lại, thông báo cá nhân hóa",358,1,10.39,0.0
158589,Khách lâu chưa quay lại,0.0304,model,"Kéo lại bằng phim mới, voucher quay lại, thông báo cá nhân hóa",356,1,10.52,0.0
169338,Khách lâu chưa quay lại,0.0304,model,"Kéo lại bằng phim mới, voucher quay lại, thông báo cá nhân hóa",356,1,10.27,0.0
191103,Khách lâu chưa quay lại,0.0304,model,"Kéo lại bằng phim mới, voucher quay lại, thông báo cá nhân hóa",360,1,10.52,0.0
197625,Khách lâu chưa quay lại,0.0304,model,"Kéo lại bằng phim mới, voucher quay lại, thông báo cá nhân hóa",343,1,13.03,1.0
138039,Khách lâu chưa quay lại,0.0304,model,"Kéo lại bằng phim mới, voucher quay lại, thông báo cá nhân hóa",1006,1,16.87,0.0
178151,Khách nhạy khuyến mãi,0.0304,model,"Chuyển từ giảm giá trực tiếp sang tích điểm, voucher cá nhân hóa",68,1,6.52,1.0
182906,Khách lâu chưa quay lại,0.0304,model,"Kéo lại bằng phim mới, voucher quay lại, thông báo cá nhân hóa",357,1,5.77,0.0
196884,Khách lâu chưa quay lại,0.0304,model,"Kéo lại bằng phim mới, voucher quay lại, thông báo cá nhân hóa",355,1,5.77,0.0
182052,Khách lâu chưa quay lại,0.0304,model,"Kéo lại bằng phim mới, voucher quay lại, thông báo cá nhân hóa",360,1,5.77,0.0
123582,Khách lâu chưa quay lại,0.0304,model,"Kéo lại bằng phim mới, voucher quay lại, thông báo cá nhân hóa",357,1,5.86,0.0
113233,Khách lâu chưa quay lại,0.0304,model,"Kéo lại bằng phim mới, voucher quay lại, thông báo cá nhân hóa",358,1,5.77,0.0
105314,Khách lâu chưa quay lại,0.0304,model,"Kéo lại bằng phim mới, voucher quay lại, thông báo cá nhân hóa",360,1,5.77,0.0
177820,Khách lâu chưa quay lại,0.0304,model,"Kéo lại bằng phim mới, voucher quay lại, thông báo cá nhân hóa",359,1,5.77,0.0
105147,Khách lâu chưa quay lại,0.0304,model,"Kéo lại bằng phim mới, voucher quay lại, thông báo cá nhân hóa",1083,2,11.13,0.0
100470,Khách lâu chưa quay lại,0.0304,model,"Kéo lại bằng phim mới, voucher quay lại, thông báo cá nhân hóa",340,2,14.23,0.0
148618,Khách lâu chưa quay lại,0.0304,model,"Kéo lại bằng phim mới, voucher quay lại, thông báo cá nhân hóa",1108,2,21.86,0.0
109538,Khách lâu chưa quay lại,0.0304,model,"Kéo lại bằng phim mới, voucher quay lại, thông báo cá nhân hóa",897,3,18.79,0.6667
105342,Khách lâu chưa quay lại,0.0304,model,"Kéo lại bằng phim mới, voucher quay lại, thông báo cá nhân hóa",730,2,13.49,0.5
205815,Khách thường xuyên,0.0304,model,"Duy trì, không cần giảm giá sâu",70,1,1.82,0.0
201846,Khách lâu chưa quay lại,0.0303,model,"Kéo lại bằng phim mới, voucher quay lại, thông báo cá nhân hóa",443,1,6.52,1.0
111734,Khách lâu chưa quay lại,0.0303,model,"Kéo lại bằng phim mới, voucher quay lại, thông báo cá nhân hóa",891,3,26.22,0.6667
105741,Khách lâu chưa quay lại,0.0303,model,"Kéo lại bằng phim mới, voucher quay lại, thông báo cá nhân hóa",337,2,24.08,1.0
108021,Khách lâu chưa quay lại,0.0303,model,"Kéo lại bằng phim mới, voucher quay lại, thông báo cá nhân hóa",315,2,22.47,1.0
106625,Khách lâu chưa quay lại,0.0303,model,"Kéo lại bằng phim mới, voucher quay lại, thông báo cá nhân hóa",343,1,3.26,0.0
111084,Khách lâu chưa quay lại,0.0303,model,"Kéo lại bằng phim mới, voucher quay lại, thông báo cá nhân hóa",332,1,3.26,0.0
148541,Khách lâu chưa quay lại,0.0303,model,"Kéo lại bằng phim mới, voucher quay lại, thông báo cá nhân hóa",323,1,3.26,0.0
158790,Khách lâu chưa quay lại,0.0303,model,"Kéo lại bằng phim mới, voucher quay lại, thông báo cá nhân hóa",906,3,20.44,0.6667
181971,Khách nhạy khuyến mãi,0.0303,model,"Chuyển từ giảm giá trực tiếp sang tích điểm, voucher cá nhân hóa",32,1,7.41,1.0
139589,Khách lâu chưa quay lại,0.0303,model,"Kéo lại bằng phim mới, voucher quay lại, thông báo cá nhân hóa",843,2,16.75,0.0
106589,Khách lâu chưa quay lại,0.0303,model,"Kéo lại bằng phim mới, voucher quay lại, thông báo cá nhân hóa",834,2,13.03,1.0
166348,Khách thường xuyên,0.0303,model,"Duy trì, không cần giảm giá sâu",89,1,6.1,0.0
215583,Khách thường xuyên,0.0303,model,"Duy trì, không cần giảm giá sâu",68,1,6.09,0.0
152572,Khách thường xuyên,0.0303,model,"Duy trì, không cần giảm giá sâu",81,1,6.1,0.0
202236,Khách thường xuyên,0.0303,model,"Duy trì, không cần giảm giá sâu",74,1,6.1,0.0
155726,Khách thường xuyên,0.0303,model,"Duy trì, không cần giảm giá sâu",74,1,6.1,0.0
133970,Khách thường xuyên,0.0303,model,"Duy trì, không cần giảm giá sâu",74,1,6.1,0.0
131595,Khách thường xuyên,0.0303,model,"Duy trì, không cần giảm giá sâu",74,1,6.1,0.0
208687,Khách thường xuyên,0.0303,model,"Duy trì, không cần giảm giá sâu",78,1,6.1,0.0
147718,Khách thường xuyên,0.0303,model,"Duy trì, không cần giảm giá sâu",67,1,6.1,0.0
130309,Khách thường xuyên,0.0303,model,"Duy trì, không cần giảm giá sâu",67,1,6.1,0.0
100988,Khách lâu chưa quay lại,0.0303,model,"Kéo lại bằng phim mới, voucher quay lại, thông báo cá nhân hóa",95,1,6.1,0.0
161906,Khách mua một lần (mới),0.0303,model,Tặng coupon cho lần mua thứ hai trong vòng 7–14 ngày,11,1,6.1,0.0
117951,Khách thường xuyên,0.0303,model,"Duy trì, không cần giảm giá sâu",83,1,6.1,0.0
222076,Khách thường xuyên,0.0303,model,"Duy trì, không cần giảm giá sâu",71,1,6.1,0.0
195093,Khách thường xuyên,0.0303,model,"Duy trì, không cần giảm giá sâu",78,1,6.1,0.0
125701,Khách nhạy khuyến mãi,0.0303,model,"Chuyển từ giảm giá trực tiếp sang tích điểm, voucher cá nhân hóa",21,2,15.18,0.5
119720,Khách lâu chưa quay lại,0.0303,model,"Kéo lại bằng phim mới, voucher quay lại, thông báo cá nhân hóa",359,1,10.6,1.0
202221,Khách lâu chưa quay lại,0.0303,model,"Kéo lại bằng phim mới, voucher quay lại, thông báo cá nhân hóa",359,1,10.6,1.0
105308,Khách lâu chưa quay lại,0.0303,model,"Kéo lại bằng phim mới, voucher quay lại, thông báo cá nhân hóa",360,1,10.6,1.0
150628,Khách lâu chưa quay lại,0.0303,model,"Kéo lại bằng phim mới, voucher quay lại, thông báo cá nhân hóa",358,1,10.6,1.0
138587,Khách lâu chưa quay lại,0.0303,model,"Kéo lại bằng phim mới, voucher quay lại, thông báo cá nhân hóa",358,2,11.47,0.5
100149,Khách nhạy khuyến mãi,0.0303,model,"Chuyển từ giảm giá trực tiếp sang tích điểm, voucher cá nhân hóa",71,1,3.26,1.0
207242,Khách lâu chưa quay lại,0.0303,model,"Kéo lại bằng phim mới, voucher quay lại, thông báo cá nhân hóa",93,1,3.26,1.0
154068,Khách thường xuyên,0.0303,model,"Duy trì, không cần giảm giá sâu",31,2,26.16,0.0
141928,Khách lâu chưa quay lại,0.0302,model,"Kéo lại bằng phim mới, voucher quay lại, thông báo cá nhân hóa",554,2,13.16,0.5
101725,Khách lâu chưa quay lại,0.0302,model,"Kéo lại bằng phim mới, voucher quay lại, thông báo cá nhân hóa",427,6,33.4,0.3333
119139,Khách lâu chưa quay lại,0.0302,model,"Kéo lại bằng phim mới, voucher quay lại, thông báo cá nhân hóa",358,1,9.86,0.0
146460,Khách lâu chưa quay lại,0.0302,model,"Kéo lại bằng phim mới, voucher quay lại, thông báo cá nhân hóa",354,1,9.86,0.0
116602,Khách lâu chưa quay lại,0.0302,model,"Kéo lại bằng phim mới, voucher quay lại, thông báo cá nhân hóa",355,1,9.86,0.0
124578,Khách lâu chưa quay lại,0.0302,model,"Kéo lại bằng phim mới, voucher quay lại, thông báo cá nhân hóa",434,7,31.83,0.8571
161479,Khách lâu chưa quay lại,0.0302,model,"Kéo lại bằng phim mới, voucher quay lại, thông báo cá nhân hóa",339,1,11.01,1.0
210541,Khách mua một lần (mới),0.0302,model,Tặng coupon cho lần mua thứ hai trong vòng 7–14 ngày,20,1,2.88,1.0
224990,Khách mua một lần (mới),0.0302,model,Tặng coupon cho lần mua thứ hai trong vòng 7–14 ngày,21,1,2.88,1.0
191290,Khách mua một lần (mới),0.0302,model,Tặng coupon cho lần mua thứ hai trong vòng 7–14 ngày,26,1,2.88,1.0
225135,Khách mua một lần (mới),0.0302,model,Tặng coupon cho lần mua thứ hai trong vòng 7–14 ngày,20,1,2.88,1.0
225358,Khách mua một lần (mới),0.0302,model,Tặng coupon cho lần mua thứ hai trong vòng 7–14 ngày,10,1,2.88,1.0
225157,Khách mua một lần (mới),0.0302,model,Tặng coupon cho lần mua thứ hai trong vòng 7–14 ngày,19,1,2.88,1.0
204520,Khách mua một lần (mới),0.0302,model,Tặng coupon cho lần mua thứ hai trong vòng 7–14 ngày,12,1,2.88,1.0
225312,Khách mua một lần (mới),0.0302,model,Tặng coupon cho lần mua thứ hai trong vòng 7–14 ngày,12,1,2.88,1.0
123072,Khách lâu chưa quay lại,0.0302,model,"Kéo lại bằng phim mới, voucher quay lại, thông báo cá nhân hóa",594,2,18.56,0.0
166343,Khách lâu chưa quay lại,0.0302,model,"Kéo lại bằng phim mới, voucher quay lại, thông báo cá nhân hóa",342,2,10.64,0.5
143647,Khách lâu chưa quay lại,0.0302,model,"Kéo lại bằng phim mới, voucher quay lại, thông báo cá nhân hóa",869,2,13.94,0.5
104778,Khách lâu chưa quay lại,0.0302,model,"Kéo lại bằng phim mới, voucher quay lại, thông báo cá nhân hóa",430,2,25.77,0.0
115181,Khách lâu chưa quay lại,0.0302,model,"Kéo lại bằng phim mới, voucher quay lại, thông báo cá nhân hóa",360,1,13.16,0.0
133687,Khách mua một lần (mới),0.0302,model,Tặng coupon cho lần mua thứ hai trong vòng 7–14 ngày,13,1,5.7,1.0
140570,Khách lâu chưa quay lại,0.0302,model,"Kéo lại bằng phim mới, voucher quay lại, thông báo cá nhân hóa",554,2,13.94,0.5
101679,Khách lâu chưa quay lại,0.0302,model,"Kéo lại bằng phim mới, voucher quay lại, thông báo cá nhân hóa",739,2,12.7,0.5
183804,Khách lâu chưa quay lại,0.0302,model,"Kéo lại bằng phim mới, voucher quay lại, thông báo cá nhân hóa",354,2,6.6,1.0
118411,Khách lâu chưa quay lại,0.0302,model,"Kéo lại bằng phim mới, voucher quay lại, thông báo cá nhân hóa",847,2,40.25,0.5
209398,Khách lâu chưa quay lại,0.0302,model,"Kéo lại bằng phim mới, voucher quay lại, thông báo cá nhân hóa",450,1,3.26,1.0
122342,Khách lâu chưa quay lại,0.0301,model,"Kéo lại bằng phim mới, voucher quay lại, thông báo cá nhân hóa",723,2,13.52,0.5
180092,Khách lâu chưa quay lại,0.0301,model,"Kéo lại bằng phim mới, voucher quay lại, thông báo cá nhân hóa",350,2,21.03,0.0
101858,Khách thường xuyên,0.0301,model,"Duy trì, không cần giảm giá sâu",78,2,122.07,0.0
126194,Khách lâu chưa quay lại,0.0301,model,"Kéo lại bằng phim mới, voucher quay lại, thông báo cá nhân hóa",126,1,6.06,0.0
164670,Khách thường xuyên,0.0301,model,"Duy trì, không cần giảm giá sâu",77,1,6.03,0.0
106316,Khách lâu chưa quay lại,0.0301,model,"Kéo lại bằng phim mới, voucher quay lại, thông báo cá nhân hóa",1072,2,19.59,0.0
102632,Khách lâu chưa quay lại,0.0301,model,"Kéo lại bằng phim mới, voucher quay lại, thông báo cá nhân hóa",480,2,4.95,0.0
211471,Khách lâu chưa quay lại,0.0301,model,"Kéo lại bằng phim mới, voucher quay lại, thông báo cá nhân hóa",324,1,9.77,1.0
145985,Khách lâu chưa quay lại,0.0301,model,"Kéo lại bằng phim mới, voucher quay lại, thông báo cá nhân hóa",327,1,9.77,1.0
205222,Khách lâu chưa quay lại,0.0301,model,"Kéo lại bằng phim mới, voucher quay lại, thông báo cá nhân hóa",337,1,9.77,1.0
134958,Khách lâu chưa quay lại,0.0301,model,"Kéo lại bằng phim mới, voucher quay lại, thông báo cá nhân hóa",343,1,9.77,1.0
178132,Khách lâu chưa quay lại,0.0301,model,"Kéo lại bằng phim mới, voucher quay lại, thông báo cá nhân hóa",336,1,9.77,1.0
207009,Khách lâu chưa quay lại,0.0301,model,"Kéo lại bằng phim mới, voucher quay lại, thông báo cá nhân hóa",330,1,9.77,1.0
155508,Khách lâu chưa quay lại,0.0301,model,"Kéo lại bằng phim mới, voucher quay lại, thông báo cá nhân hóa",343,1,9.77,1.0
195272,Khách lâu chưa quay lại,0.0301,model,"Kéo lại bằng phim mới, voucher quay lại, thông báo cá nhân hóa",322,1,9.77,1.0
101456,Khách lâu chưa quay lại,0.0301,model,"Kéo lại bằng phim mới, voucher quay lại, thông báo cá nhân hóa",343,1,9.77,1.0
111754,Khách lâu chưa quay lại,0.0301,model,"Kéo lại bằng phim mới, voucher quay lại, thông báo cá nhân hóa",316,1,9.77,1.0
178663,Khách lâu chưa quay lại,0.0301,model,"Kéo lại bằng phim mới, voucher quay lại, thông báo cá nhân hóa",315,1,9.77,1.0
156158,Khách lâu chưa quay lại,0.0301,model,"Kéo lại bằng phim mới, voucher quay lại, thông báo cá nhân hóa",308,1,9.77,1.0
132241,Khách lâu chưa quay lại,0.0301,model,"Kéo lại bằng phim mới, voucher quay lại, thông báo cá nhân hóa",337,1,9.77,1.0
183254,Khách lâu chưa quay lại,0.0301,model,"Kéo lại bằng phim mới, voucher quay lại, thông báo cá nhân hóa",323,1,9.77,1.0
133737,Khách lâu chưa quay lại,0.0301,model,"Kéo lại bằng phim mới, voucher quay lại, thông báo cá nhân hóa",316,1,9.77,1.0
102827,Khách lâu chưa quay lại,0.0301,model,"Kéo lại bằng phim mới, voucher quay lại, thông báo cá nhân hóa",323,1,9.77,1.0
134763,Khách lâu chưa quay lại,0.0301,model,"Kéo lại bằng phim mới, voucher quay lại, thông báo cá nhân hóa",308,1,9.77,1.0
125539,Khách lâu chưa quay lại,0.0301,model,"Kéo lại bằng phim mới, voucher quay lại, thông báo cá nhân hóa",316,1,9.77,1.0
162493,Khách lâu chưa quay lại,0.0301,model,"Kéo lại bằng phim mới, voucher quay lại, thông báo cá nhân hóa",315,2,21.37,0.5
108371,Khách lâu chưa quay lại,0.0301,model,"Kéo lại bằng phim mới, voucher quay lại, thông báo cá nhân hóa",331,3,22.8,1.0
161064,Khách lâu chưa quay lại,0.03,model,"Kéo lại bằng phim mới, voucher quay lại, thông báo cá nhân hóa",331,2,9.78,1.0
124764,Khách lâu chưa quay lại,0.03,model,"Kéo lại bằng phim mới, voucher quay lại, thông báo cá nhân hóa",312,3,13.2,0.0
110893,Khách thường xuyên,0.03,model,"Duy trì, không cần giảm giá sâu",11,2,23.94,0.0
101421,Khách nhạy khuyến mãi,0.03,model,"Chuyển từ giảm giá trực tiếp sang tích điểm, voucher cá nhân hóa",53,2,15.47,1.0
186777,Khách lâu chưa quay lại,0.03,model,"Kéo lại bằng phim mới, voucher quay lại, thông báo cá nhân hóa",359,1,3.26,1.0
203657,Khách lâu chưa quay lại,0.03,model,"Kéo lại bằng phim mới, voucher quay lại, thông báo cá nhân hóa",359,1,3.26,1.0
189788,Khách lâu chưa quay lại,0.03,model,"Kéo lại bằng phim mới, voucher quay lại, thông báo cá nhân hóa",323,1,10.6,1.0
208503,Khách lâu chưa quay lại,0.03,model,"Kéo lại bằng phim mới, voucher quay lại, thông báo cá nhân hóa",331,1,10.6,1.0
113677,Khách lâu chưa quay lại,0.03,model,"Kéo lại bằng phim mới, voucher quay lại, thông báo cá nhân hóa",332,1,10.6,1.0
202550,Khách lâu chưa quay lại,0.03,model,"Kéo lại bằng phim mới, voucher quay lại, thông báo cá nhân hóa",318,1,10.6,1.0
194004,Khách lâu chưa quay lại,0.03,model,"Kéo lại bằng phim mới, voucher quay lại, thông báo cá nhân hóa",332,1,10.6,1.0
173350,Khách lâu chưa quay lại,0.03,model,"Kéo lại bằng phim mới, voucher quay lại, thông báo cá nhân hóa",329,1,10.6,1.0
116204,Khách lâu chưa quay lại,0.03,model,"Kéo lại bằng phim mới, voucher quay lại, thông báo cá nhân hóa",323,1,10.6,1.0
182077,Khách lâu chưa quay lại,0.03,model,"Kéo lại bằng phim mới, voucher quay lại, thông báo cá nhân hóa",315,1,10.6,1.0
133214,Khách lâu chưa quay lại,0.03,model,"Kéo lại bằng phim mới, voucher quay lại, thông báo cá nhân hóa",344,3,15.93,1.0
179625,Khách lâu chưa quay lại,0.03,model,"Kéo lại bằng phim mới, voucher quay lại, thông báo cá nhân hóa",353,1,11.01,1.0
151007,Khách lâu chưa quay lại,0.03,model,"Kéo lại bằng phim mới, voucher quay lại, thông báo cá nhân hóa",1092,1,10.31,1.0
155087,Khách lâu chưa quay lại,0.03,model,"Kéo lại bằng phim mới, voucher quay lại, thông báo cá nhân hóa",1097,1,10.31,1.0
127610,Khách lâu chưa quay lại,0.03,model,"Kéo lại bằng phim mới, voucher quay lại, thông báo cá nhân hóa",414,2,13.04,1.0
150271,Khách lâu chưa quay lại,0.03,model,"Kéo lại bằng phim mới, voucher quay lại, thông báo cá nhân hóa",526,3,20.58,0.0
103140,Khách lâu chưa quay lại,0.03,model,"Kéo lại bằng phim mới, voucher quay lại, thông báo cá nhân hóa",805,2,16.01,0.5
195058,Khách lâu chưa quay lại,0.03,model,"Kéo lại bằng phim mới, voucher quay lại, thông báo cá nhân hóa",318,2,25.49,0.0
118142,Khách lâu chưa quay lại,0.03,model,"Kéo lại bằng phim mới, voucher quay lại, thông báo cá nhân hóa",435,2,9.77,1.0
185557,Khách lâu chưa quay lại,0.0299,model,"Kéo lại bằng phim mới, voucher quay lại, thông báo cá nhân hóa",358,1,4.54,0.0
115787,Khách lâu chưa quay lại,0.0299,model,"Kéo lại bằng phim mới, voucher quay lại, thông báo cá nhân hóa",360,1,4.54,0.0
201671,Khách lâu chưa quay lại,0.0299,model,"Kéo lại bằng phim mới, voucher quay lại, thông báo cá nhân hóa",359,1,4.33,0.0
205265,Khách lâu chưa quay lại,0.0299,model,"Kéo lại bằng phim mới, voucher quay lại, thông báo cá nhân hóa",359,1,4.54,0.0
187302,Khách lâu chưa quay lại,0.0299,model,"Kéo lại bằng phim mới, voucher quay lại, thông báo cá nhân hóa",356,1,4.54,0.0
203869,Khách lâu chưa quay lại,0.0299,model,"Kéo lại bằng phim mới, voucher quay lại, thông báo cá nhân hóa",360,1,4.54,0.0
157839,Khách lâu chưa quay lại,0.0299,model,"Kéo lại bằng phim mới, voucher quay lại, thông báo cá nhân hóa",360,1,4.54,0.0
128832,Khách lâu chưa quay lại,0.0299,model,"Kéo lại bằng phim mới, voucher quay lại, thông báo cá nhân hóa",904,2,6.52,1.0
123530,Khách lâu chưa quay lại,0.0299,model,"Kéo lại bằng phim mới, voucher quay lại, thông báo cá nhân hóa",1117,1,5.16,0.0
144999,Khách lâu chưa quay lại,0.0299,model,"Kéo lại bằng phim mới, voucher quay lại, thông báo cá nhân hóa",315,3,20.22,0.0
116690,Khách mua một lần (mới),0.0299,model,Tặng coupon cho lần mua thứ hai trong vòng 7–14 ngày,22,1,4.92,1.0
222018,Khách mua một lần (mới),0.0299,model,Tặng coupon cho lần mua thứ hai trong vòng 7–14 ngày,22,1,4.95,1.0
202937,Khách mua một lần (mới),0.0299,model,Tặng coupon cho lần mua thứ hai trong vòng 7–14 ngày,22,1,4.95,1.0
119729,Khách lâu chưa quay lại,0.0299,model,"Kéo lại bằng phim mới, voucher quay lại, thông báo cá nhân hóa",318,2,9.65,0.0
139519,Khách lâu chưa quay lại,0.0299,model,"Kéo lại bằng phim mới, voucher quay lại, thông báo cá nhân hóa",790,3,19.79,0.0
100952,Khách lâu chưa quay lại,0.0299,model,"Kéo lại bằng phim mới, voucher quay lại, thông báo cá nhân hóa",736,2,37.41,0.5
109099,Khách lâu chưa quay lại,0.0299,model,"Kéo lại bằng phim mới, voucher quay lại, thông báo cá nhân hóa",988,2,13.02,1.0
137700,Khách lâu chưa quay lại,0.0299,model,"Kéo lại bằng phim mới, voucher quay lại, thông báo cá nhân hóa",345,1,17.32,0.0
212333,Khách lâu chưa quay lại,0.0299,model,"Kéo lại bằng phim mới, voucher quay lại, thông báo cá nhân hóa",346,1,17.28,0.0
212457,Khách lâu chưa quay lại,0.0299,model,"Kéo lại bằng phim mới, voucher quay lại, thông báo cá nhân hóa",359,1,13.85,1.0
123191,Khách lâu chưa quay lại,0.0299,model,"Kéo lại bằng phim mới, voucher quay lại, thông báo cá nhân hóa",354,1,13.85,1.0
165290,Khách lâu chưa quay lại,0.0299,model,"Kéo lại bằng phim mới, voucher quay lại, thông báo cá nhân hóa",344,2,13.02,1.0
141769,Khách lâu chưa quay lại,0.0299,model,"Kéo lại bằng phim mới, voucher quay lại, thông báo cá nhân hóa",912,2,21.4,0.0
165919,Khách lâu chưa quay lại,0.0299,model,"Kéo lại bằng phim mới, voucher quay lại, thông báo cá nhân hóa",471,2,16.54,0.5
147121,Khách lâu chưa quay lại,0.0299,model,"Kéo lại bằng phim mới, voucher quay lại, thông báo cá nhân hóa",345,2,12.2,0.5
120879,Khách lâu chưa quay lại,0.0299,model,"Kéo lại bằng phim mới, voucher quay lại, thông báo cá nhân hóa",352,3,20.01,1.0
128976,Khách lâu chưa quay lại,0.0299,model,"Kéo lại bằng phim mới, voucher quay lại, thông báo cá nhân hóa",311,1,11.09,0.0
209886,Khách lâu chưa quay lại,0.0299,model,"Kéo lại bằng phim mới, voucher quay lại, thông báo cá nhân hóa",325,1,11.09,0.0
140232,Khách lâu chưa quay lại,0.0299,model,"Kéo lại bằng phim mới, voucher quay lại, thông báo cá nhân hóa",308,1,11.09,0.0
178825,Khách lâu chưa quay lại,0.0299,model,"Kéo lại bằng phim mới, voucher quay lại, thông báo cá nhân hóa",339,1,11.09,0.0
109100,Khách lâu chưa quay lại,0.0299,model,"Kéo lại bằng phim mới, voucher quay lại, thông báo cá nhân hóa",936,2,19.38,0.0
159396,Khách lâu chưa quay lại,0.0298,model,"Kéo lại bằng phim mới, voucher quay lại, thông báo cá nhân hóa",353,2,20.83,1.0
194912,Khách nhạy khuyến mãi,0.0298,model,"Chuyển từ giảm giá trực tiếp sang tích điểm, voucher cá nhân hóa",1,2,24.74,1.0
121859,Khách giá trị cao,0.0298,model,"Membership, ưu đãi đặc quyền, đặt vé sớm phim hot",21,3,14.98,0.6667
188022,Khách lâu chưa quay lại,0.0298,model,"Kéo lại bằng phim mới, voucher quay lại, thông báo cá nhân hóa",336,1,9.77,1.0
109029,Khách lâu chưa quay lại,0.0298,model,"Kéo lại bằng phim mới, voucher quay lại, thông báo cá nhân hóa",352,1,6.52,1.0
103098,Khách lâu chưa quay lại,0.0298,model,"Kéo lại bằng phim mới, voucher quay lại, thông báo cá nhân hóa",260,2,13.82,0.5
130047,Khách lâu chưa quay lại,0.0298,model,"Kéo lại bằng phim mới, voucher quay lại, thông báo cá nhân hóa",364,2,6.14,1.0
185064,Khách lâu chưa quay lại,0.0298,model,"Kéo lại bằng phim mới, voucher quay lại, thông báo cá nhân hóa",308,1,13.85,1.0
140542,Khách lâu chưa quay lại,0.0298,model,"Kéo lại bằng phim mới, voucher quay lại, thông báo cá nhân hóa",446,2,16.61,0.5
134814,Khách lâu chưa quay lại,0.0298,model,"Kéo lại bằng phim mới, voucher quay lại, thông báo cá nhân hóa",889,3,20.45,0.6667
131513,Khách lâu chưa quay lại,0.0298,model,"Kéo lại bằng phim mới, voucher quay lại, thông báo cá nhân hóa",883,2,19.3,0.5
113136,Khách lâu chưa quay lại,0.0297,model,"Kéo lại bằng phim mới, voucher quay lại, thông báo cá nhân hóa",451,3,31.22,0.3333
126334,Khách lâu chưa quay lại,0.0297,model,"Kéo lại bằng phim mới, voucher quay lại, thông báo cá nhân hóa",348,3,33.31,0.3333
127430,Khách lâu chưa quay lại,0.0297,model,"Kéo lại bằng phim mới, voucher quay lại, thông báo cá nhân hóa",903,2,15.59,0.5
101666,Khách nhạy khuyến mãi,0.0297,model,"Chuyển từ giảm giá trực tiếp sang tích điểm, voucher cá nhân hóa",78,1,3.26,1.0
118646,Khách nhạy khuyến mãi,0.0297,model,"Chuyển từ giảm giá trực tiếp sang tích điểm, voucher cá nhân hóa",42,1,7.14,1.0
154104,Khách giá trị cao,0.0297,model,"Membership, ưu đãi đặc quyền, đặt vé sớm phim hot",69,3,27.72,1.0
104282,Khách lâu chưa quay lại,0.0297,model,"Kéo lại bằng phim mới, voucher quay lại, thông báo cá nhân hóa",776,3,27.22,0.0
101232,Khách lâu chưa quay lại,0.0297,model,"Kéo lại bằng phim mới, voucher quay lại, thông báo cá nhân hóa",1009,2,13.04,1.0
107454,Khách lâu chưa quay lại,0.0297,model,"Kéo lại bằng phim mới, voucher quay lại, thông báo cá nhân hóa",876,2,17.36,1.0
156262,Khách lâu chưa quay lại,0.0297,model,"Kéo lại bằng phim mới, voucher quay lại, thông báo cá nhân hóa",309,1,12.25,1.0
104639,Khách lâu chưa quay lại,0.0297,model,"Kéo lại bằng phim mới, voucher quay lại, thông báo cá nhân hóa",857,3,24.15,0.6667
145741,Khách lâu chưa quay lại,0.0297,model,"Kéo lại bằng phim mới, voucher quay lại, thông báo cá nhân hóa",868,2,9.77,1.0
118839,Khách lâu chưa quay lại,0.0297,model,"Kéo lại bằng phim mới, voucher quay lại, thông báo cá nhân hóa",1127,2,45.37,0.5
139147,Khách lâu chưa quay lại,0.0297,model,"Kéo lại bằng phim mới, voucher quay lại, thông báo cá nhân hóa",732,5,40.03,0.4
139017,Khách lâu chưa quay lại,0.0297,model,"Kéo lại bằng phim mới, voucher quay lại, thông báo cá nhân hóa",726,4,33.74,0.0
189852,Khách lâu chưa quay lại,0.0297,model,"Kéo lại bằng phim mới, voucher quay lại, thông báo cá nhân hóa",372,1,25.86,1.0
108393,Khách lâu chưa quay lại,0.0297,model,"Kéo lại bằng phim mới, voucher quay lại, thông báo cá nhân hóa",436,3,25.37,0.6667
165323,Khách lâu chưa quay lại,0.0297,model,"Kéo lại bằng phim mới, voucher quay lại, thông báo cá nhân hóa",337,2,12.91,1.0
117765,Khách lâu chưa quay lại,0.0296,model,"Kéo lại bằng phim mới, voucher quay lại, thông báo cá nhân hóa",362,3,25.56,0.0
203035,Khách lâu chưa quay lại,0.0296,model,"Kéo lại bằng phim mới, voucher quay lại, thông báo cá nhân hóa",434,2,11.51,1.0
132584,Khách lâu chưa quay lại,0.0296,model,"Kéo lại bằng phim mới, voucher quay lại, thông báo cá nhân hóa",847,2,16.75,1.0
107049,Khách lâu chưa quay lại,0.0296,model,"Kéo lại bằng phim mới, voucher quay lại, thông báo cá nhân hóa",323,2,19.26,0.5
108127,Khách lâu chưa quay lại,0.0296,model,"Kéo lại bằng phim mới, voucher quay lại, thông báo cá nhân hóa",1148,1,5.36,1.0
117472,Khách lâu chưa quay lại,0.0296,model,"Kéo lại bằng phim mới, voucher quay lại, thông báo cá nhân hóa",336,1,28.04,0.0
163567,Khách lâu chưa quay lại,0.0296,model,"Kéo lại bằng phim mới, voucher quay lại, thông báo cá nhân hóa",420,2,13.04,1.0
166054,Khách lâu chưa quay lại,0.0296,model,"Kéo lại bằng phim mới, voucher quay lại, thông báo cá nhân hóa",359,2,13.73,1.0
112671,Khách lâu chưa quay lại,0.0296,model,"Kéo lại bằng phim mới, voucher quay lại, thông báo cá nhân hóa",350,2,22.56,0.5
156677,Khách lâu chưa quay lại,0.0296,model,"Kéo lại bằng phim mới, voucher quay lại, thông báo cá nhân hóa",360,2,16.0,0.5
124161,Khách lâu chưa quay lại,0.0296,model,"Kéo lại bằng phim mới, voucher quay lại, thông báo cá nhân hóa",358,2,16.16,0.5
157802,Khách lâu chưa quay lại,0.0296,model,"Kéo lại bằng phim mới, voucher quay lại, thông báo cá nhân hóa",1058,1,3.09,1.0
158731,Khách lâu chưa quay lại,0.0296,model,"Kéo lại bằng phim mới, voucher quay lại, thông báo cá nhân hóa",1057,1,3.09,1.0
133779,Khách lâu chưa quay lại,0.0296,model,"Kéo lại bằng phim mới, voucher quay lại, thông báo cá nhân hóa",743,4,58.77,0.5
135139,Khách lâu chưa quay lại,0.0296,model,"Kéo lại bằng phim mới, voucher quay lại, thông báo cá nhân hóa",345,3,15.22,0.0
114248,Khách lâu chưa quay lại,0.0296,model,"Kéo lại bằng phim mới, voucher quay lại, thông báo cá nhân hóa",942,2,27.63,0.0
110573,Khách lâu chưa quay lại,0.0296,model,"Kéo lại bằng phim mới, voucher quay lại, thông báo cá nhân hóa",329,2,6.52,0.0
173474,Khách lâu chưa quay lại,0.0295,model,"Kéo lại bằng phim mới, voucher quay lại, thông báo cá nhân hóa",438,3,18.48,0.0
135068,Khách lâu chưa quay lại,0.0295,model,"Kéo lại bằng phim mới, voucher quay lại, thông báo cá nhân hóa",595,4,29.43,0.75
136384,Khách giá trị cao,0.0295,model,"Membership, ưu đãi đặc quyền, đặt vé sớm phim hot",6,3,29.01,0.6667
170520,Khách lâu chưa quay lại,0.0295,model,"Kéo lại bằng phim mới, voucher quay lại, thông báo cá nhân hóa",453,3,24.04,1.0
148094,Khách lâu chưa quay lại,0.0295,model,"Kéo lại bằng phim mới, voucher quay lại, thông báo cá nhân hóa",556,4,33.39,0.0
167861,Khách lâu chưa quay lại,0.0295,model,"Kéo lại bằng phim mới, voucher quay lại, thông báo cá nhân hóa",330,3,23.58,0.3333
137686,Khách nhạy khuyến mãi,0.0295,model,"Chuyển từ giảm giá trực tiếp sang tích điểm, voucher cá nhân hóa",50,2,12.21,1.0
125017,Khách lâu chưa quay lại,0.0295,model,"Kéo lại bằng phim mới, voucher quay lại, thông báo cá nhân hóa",321,2,14.77,0.0
110672,Khách lâu chưa quay lại,0.0295,model,"Kéo lại bằng phim mới, voucher quay lại, thông báo cá nhân hóa",980,2,13.02,1.0
107385,Khách lâu chưa quay lại,0.0295,model,"Kéo lại bằng phim mới, voucher quay lại, thông báo cá nhân hóa",1110,2,8.66,0.5
178142,Khách lâu chưa quay lại,0.0295,model,"Kéo lại bằng phim mới, voucher quay lại, thông báo cá nhân hóa",316,1,9.77,1.0
194014,Khách lâu chưa quay lại,0.0295,model,"Kéo lại bằng phim mới, voucher quay lại, thông báo cá nhân hóa",316,1,9.77,1.0
123024,Khách lâu chưa quay lại,0.0295,model,"Kéo lại bằng phim mới, voucher quay lại, thông báo cá nhân hóa",309,1,9.77,1.0
186825,Khách lâu chưa quay lại,0.0295,model,"Kéo lại bằng phim mới, voucher quay lại, thông báo cá nhân hóa",308,1,9.77,1.0
124985,Khách lâu chưa quay lại,0.0295,model,"Kéo lại bằng phim mới, voucher quay lại, thông báo cá nhân hóa",317,1,9.77,1.0
172250,Khách lâu chưa quay lại,0.0295,model,"Kéo lại bằng phim mới, voucher quay lại, thông báo cá nhân hóa",316,1,9.77,1.0
200307,Khách lâu chưa quay lại,0.0295,model,"Kéo lại bằng phim mới, voucher quay lại, thông báo cá nhân hóa",301,1,9.77,1.0
149019,Khách lâu chưa quay lại,0.0295,model,"Kéo lại bằng phim mới, voucher quay lại, thông báo cá nhân hóa",917,2,13.65,0.5
114958,Khách lâu chưa quay lại,0.0295,model,"Kéo lại bằng phim mới, voucher quay lại, thông báo cá nhân hóa",863,1,10.23,1.0
148538,Khách lâu chưa quay lại,0.0295,model,"Kéo lại bằng phim mới, voucher quay lại, thông báo cá nhân hóa",868,1,10.23,1.0
187846,Khách nhạy khuyến mãi,0.0295,model,"Chuyển từ giảm giá trực tiếp sang tích điểm, voucher cá nhân hóa",7,2,18.14,0.5
158814,Khách lâu chưa quay lại,0.0295,model,"Kéo lại bằng phim mới, voucher quay lại, thông báo cá nhân hóa",840,2,13.02,1.0
106251,Khách lâu chưa quay lại,0.0295,model,"Kéo lại bằng phim mới, voucher quay lại, thông báo cá nhân hóa",415,2,9.78,1.0
153324,Khách nhạy khuyến mãi,0.0295,model,"Chuyển từ giảm giá trực tiếp sang tích điểm, voucher cá nhân hóa",30,2,17.17,0.5
144674,Khách lâu chưa quay lại,0.0294,model,"Kéo lại bằng phim mới, voucher quay lại, thông báo cá nhân hóa",877,2,13.16,0.5
132551,Khách lâu chưa quay lại,0.0294,model,"Kéo lại bằng phim mới, voucher quay lại, thông báo cá nhân hóa",359,1,9.86,0.0
102255,Khách lâu chưa quay lại,0.0294,model,"Kéo lại bằng phim mới, voucher quay lại, thông báo cá nhân hóa",981,2,16.29,0.5
188830,Khách thường xuyên,0.0294,model,"Duy trì, không cần giảm giá sâu",75,1,5.69,0.0
174571,Khách lâu chưa quay lại,0.0294,model,"Kéo lại bằng phim mới, voucher quay lại, thông báo cá nhân hóa",438,2,25.9,0.5
132636,Khách lâu chưa quay lại,0.0294,model,"Kéo lại bằng phim mới, voucher quay lại, thông báo cá nhân hóa",421,3,17.58,0.6667
118822,Khách lâu chưa quay lại,0.0294,model,"Kéo lại bằng phim mới, voucher quay lại, thông báo cá nhân hóa",855,1,9.4,1.0
141366,Khách lâu chưa quay lại,0.0294,model,"Kéo lại bằng phim mới, voucher quay lại, thông báo cá nhân hóa",492,1,9.77,1.0
120508,Khách lâu chưa quay lại,0.0294,model,"Kéo lại bằng phim mới, voucher quay lại, thông báo cá nhân hóa",512,1,9.77,1.0
115637,Khách lâu chưa quay lại,0.0294,model,"Kéo lại bằng phim mới, voucher quay lại, thông báo cá nhân hóa",330,2,18.06,0.5
122504,Khách lâu chưa quay lại,0.0294,model,"Kéo lại bằng phim mới, voucher quay lại, thông báo cá nhân hóa",899,3,12.78,0.0
115192,Khách nhạy khuyến mãi,0.0294,model,"Chuyển từ giảm giá trực tiếp sang tích điểm, voucher cá nhân hóa",72,2,17.12,1.0
111728,Khách lâu chưa quay lại,0.0294,model,"Kéo lại bằng phim mới, voucher quay lại, thông báo cá nhân hóa",751,2,13.48,1.0
154267,Khách thường xuyên,0.0293,model,"Duy trì, không cần giảm giá sâu",74,2,26.01,0.0
151355,Khách lâu chưa quay lại,0.0293,model,"Kéo lại bằng phim mới, voucher quay lại, thông báo cá nhân hóa",834,2,13.03,1.0
119026,Khách lâu chưa quay lại,0.0293,model,"Kéo lại bằng phim mới, voucher quay lại, thông báo cá nhân hóa",352,2,7.22,0.0
154372,Khách lâu chưa quay lại,0.0293,model,"Kéo lại bằng phim mới, voucher quay lại, thông báo cá nhân hóa",884,2,9.77,1.0
137055,Khách thường xuyên,0.0293,model,"Duy trì, không cần giảm giá sâu",18,2,14.23,0.0
115600,Khách lâu chưa quay lại,0.0293,model,"Kéo lại bằng phim mới, voucher quay lại, thông báo cá nhân hóa",835,2,13.02,1.0
187194,Khách lâu chưa quay lại,0.0293,model,"Kéo lại bằng phim mới, voucher quay lại, thông báo cá nhân hóa",343,1,6.52,1.0
170817,Khách lâu chưa quay lại,0.0293,model,"Kéo lại bằng phim mới, voucher quay lại, thông báo cá nhân hóa",336,1,6.52,1.0
147918,Khách lâu chưa quay lại,0.0293,model,"Kéo lại bằng phim mới, voucher quay lại, thông báo cá nhân hóa",440,3,17.11,0.0
120741,Khách lâu chưa quay lại,0.0293,model,"Kéo lại bằng phim mới, voucher quay lại, thông báo cá nhân hóa",759,2,13.2,0.0
163823,Khách lâu chưa quay lại,0.0293,model,"Kéo lại bằng phim mới, voucher quay lại, thông báo cá nhân hóa",806,3,19.38,0.3333
131826,Khách lâu chưa quay lại,0.0293,model,"Kéo lại bằng phim mới, voucher quay lại, thông báo cá nhân hóa",483,8,75.86,1.0
164964,Khách lâu chưa quay lại,0.0293,model,"Kéo lại bằng phim mới, voucher quay lại, thông báo cá nhân hóa",438,3,13.85,0.6667
130286,Khách lâu chưa quay lại,0.0293,model,"Kéo lại bằng phim mới, voucher quay lại, thông báo cá nhân hóa",450,1,6.51,1.0
194347,Khách lâu chưa quay lại,0.0293,model,"Kéo lại bằng phim mới, voucher quay lại, thông báo cá nhân hóa",526,1,6.51,1.0
109653,Khách lâu chưa quay lại,0.0293,model,"Kéo lại bằng phim mới, voucher quay lại, thông báo cá nhân hóa",497,1,6.51,1.0
183880,Khách lâu chưa quay lại,0.0293,model,"Kéo lại bằng phim mới, voucher quay lại, thông báo cá nhân hóa",527,1,6.51,1.0
206389,Khách lâu chưa quay lại,0.0293,model,"Kéo lại bằng phim mới, voucher quay lại, thông báo cá nhân hóa",498,1,6.51,1.0
201491,Khách lâu chưa quay lại,0.0293,model,"Kéo lại bằng phim mới, voucher quay lại, thông báo cá nhân hóa",484,1,6.51,1.0
142555,Khách lâu chưa quay lại,0.0293,model,"Kéo lại bằng phim mới, voucher quay lại, thông báo cá nhân hóa",493,1,6.51,1.0
138962,Khách lâu chưa quay lại,0.0293,model,"Kéo lại bằng phim mới, voucher quay lại, thông báo cá nhân hóa",449,1,6.51,1.0
159920,Khách lâu chưa quay lại,0.0293,model,"Kéo lại bằng phim mới, voucher quay lại, thông báo cá nhân hóa",441,1,6.51,1.0
171054,Khách lâu chưa quay lại,0.0293,model,"Kéo lại bằng phim mới, voucher quay lại, thông báo cá nhân hóa",504,1,6.51,1.0
114663,Khách lâu chưa quay lại,0.0293,model,"Kéo lại bằng phim mới, voucher quay lại, thông báo cá nhân hóa",498,1,6.51,1.0
129142,Khách lâu chưa quay lại,0.0293,model,"Kéo lại bằng phim mới, voucher quay lại, thông báo cá nhân hóa",443,1,6.51,1.0
171616,Khách lâu chưa quay lại,0.0293,model,"Kéo lại bằng phim mới, voucher quay lại, thông báo cá nhân hóa",484,1,6.51,1.0
198206,Khách lâu chưa quay lại,0.0293,model,"Kéo lại bằng phim mới, voucher quay lại, thông báo cá nhân hóa",477,1,6.51,1.0
136950,Khách lâu chưa quay lại,0.0293,model,"Kéo lại bằng phim mới, voucher quay lại, thông báo cá nhân hóa",442,1,6.51,1.0
127759,Khách lâu chưa quay lại,0.0293,model,"Kéo lại bằng phim mới, voucher quay lại, thông báo cá nhân hóa",490,1,6.51,1.0
140665,Khách lâu chưa quay lại,0.0293,model,"Kéo lại bằng phim mới, voucher quay lại, thông báo cá nhân hóa",443,1,6.51,1.0
127123,Khách lâu chưa quay lại,0.0293,model,"Kéo lại bằng phim mới, voucher quay lại, thông báo cá nhân hóa",464,1,6.51,1.0
172427,Khách lâu chưa quay lại,0.0293,model,"Kéo lại bằng phim mới, voucher quay lại, thông báo cá nhân hóa",527,1,6.51,1.0
103205,Khách lâu chưa quay lại,0.0293,model,"Kéo lại bằng phim mới, voucher quay lại, thông báo cá nhân hóa",967,3,21.48,0.6667
110402,Khách lâu chưa quay lại,0.0293,model,"Kéo lại bằng phim mới, voucher quay lại, thông báo cá nhân hóa",322,2,12.0,0.5
132208,Khách lâu chưa quay lại,0.0292,model,"Kéo lại bằng phim mới, voucher quay lại, thông báo cá nhân hóa",330,3,23.02,0.3333
161774,Khách lâu chưa quay lại,0.0292,model,"Kéo lại bằng phim mới, voucher quay lại, thông báo cá nhân hóa",365,2,6.98,0.5
203264,Khách lâu chưa quay lại,0.0292,model,"Kéo lại bằng phim mới, voucher quay lại, thông báo cá nhân hóa",308,2,12.71,0.5
126369,Khách lâu chưa quay lại,0.0292,model,"Kéo lại bằng phim mới, voucher quay lại, thông báo cá nhân hóa",346,2,15.91,1.0
160602,Khách lâu chưa quay lại,0.0292,model,"Kéo lại bằng phim mới, voucher quay lại, thông báo cá nhân hóa",421,2,21.45,0.0
150226,Khách lâu chưa quay lại,0.0292,model,"Kéo lại bằng phim mới, voucher quay lại, thông báo cá nhân hóa",1149,1,9.49,1.0
155598,Khách lâu chưa quay lại,0.0292,model,"Kéo lại bằng phim mới, voucher quay lại, thông báo cá nhân hóa",864,3,32.57,0.0
117754,Khách nhạy khuyến mãi,0.0292,model,"Chuyển từ giảm giá trực tiếp sang tích điểm, voucher cá nhân hóa",75,1,2.27,1.0
108238,Khách mua một lần (mới),0.0292,model,Tặng coupon cho lần mua thứ hai trong vòng 7–14 ngày,29,1,2.06,1.0
118458,Khách lâu chưa quay lại,0.0292,model,"Kéo lại bằng phim mới, voucher quay lại, thông báo cá nhân hóa",532,4,50.44,0.0
125670,Khách lâu chưa quay lại,0.0292,model,"Kéo lại bằng phim mới, voucher quay lại, thông báo cá nhân hóa",318,2,18.35,0.0
139741,Khách lâu chưa quay lại,0.0292,model,"Kéo lại bằng phim mới, voucher quay lại, thông báo cá nhân hóa",312,1,1.86,0.0
116649,Khách lâu chưa quay lại,0.0292,model,"Kéo lại bằng phim mới, voucher quay lại, thông báo cá nhân hóa",368,3,17.65,0.0
197967,Khách lâu chưa quay lại,0.0292,model,"Kéo lại bằng phim mới, voucher quay lại, thông báo cá nhân hóa",325,1,6.51,1.0
135817,Khách lâu chưa quay lại,0.0292,model,"Kéo lại bằng phim mới, voucher quay lại, thông báo cá nhân hóa",350,1,6.51,1.0
203608,Khách nhạy khuyến mãi,0.0291,model,"Chuyển từ giảm giá trực tiếp sang tích điểm, voucher cá nhân hóa",7,2,15.59,0.5
153629,Khách lâu chưa quay lại,0.0291,model,"Kéo lại bằng phim mới, voucher quay lại, thông báo cá nhân hóa",344,3,14.68,0.6667
118255,Khách lâu chưa quay lại,0.0291,model,"Kéo lại bằng phim mới, voucher quay lại, thông báo cá nhân hóa",791,2,9.78,1.0
173357,Khách lâu chưa quay lại,0.0291,model,"Kéo lại bằng phim mới, voucher quay lại, thông báo cá nhân hóa",422,3,15.79,0.0
137960,Khách giá trị cao,0.0291,model,"Membership, ưu đãi đặc quyền, đặt vé sớm phim hot",58,3,22.44,0.6667
152125,Khách nhạy khuyến mãi,0.0291,model,"Chuyển từ giảm giá trực tiếp sang tích điểm, voucher cá nhân hóa",32,1,8.42,1.0
194489,Khách nhạy khuyến mãi,0.0291,model,"Chuyển từ giảm giá trực tiếp sang tích điểm, voucher cá nhân hóa",33,1,8.42,1.0
210837,Khách nhạy khuyến mãi,0.0291,model,"Chuyển từ giảm giá trực tiếp sang tích điểm, voucher cá nhân hóa",32,1,8.42,1.0
164503,Khách lâu chưa quay lại,0.0291,model,"Kéo lại bằng phim mới, voucher quay lại, thông báo cá nhân hóa",441,1,13.86,1.0
139888,Khách lâu chưa quay lại,0.0291,model,"Kéo lại bằng phim mới, voucher quay lại, thông báo cá nhân hóa",835,2,13.03,1.0
177979,Khách mua một lần (mới),0.0291,model,Tặng coupon cho lần mua thứ hai trong vòng 7–14 ngày,5,1,5.77,0.0
188927,Khách thường xuyên,0.0291,model,"Duy trì, không cần giảm giá sâu",46,1,5.77,0.0
192394,Khách mua một lần (mới),0.0291,model,Tặng coupon cho lần mua thứ hai trong vòng 7–14 ngày,3,1,5.77,0.0
219165,Khách mua một lần (mới),0.0291,model,Tặng coupon cho lần mua thứ hai trong vòng 7–14 ngày,16,1,5.77,0.0
170482,Khách mua một lần (mới),0.0291,model,Tặng coupon cho lần mua thứ hai trong vòng 7–14 ngày,20,1,5.77,0.0
118851,Khách lâu chưa quay lại,0.029,model,"Kéo lại bằng phim mới, voucher quay lại, thông báo cá nhân hóa",428,2,19.34,0.0
132943,Khách lâu chưa quay lại,0.029,model,"Kéo lại bằng phim mới, voucher quay lại, thông báo cá nhân hóa",1003,1,3.26,1.0
114475,Khách lâu chưa quay lại,0.029,model,"Kéo lại bằng phim mới, voucher quay lại, thông báo cá nhân hóa",448,1,6.52,1.0
127065,Khách lâu chưa quay lại,0.029,model,"Kéo lại bằng phim mới, voucher quay lại, thông báo cá nhân hóa",722,4,19.56,1.0
115431,Khách lâu chưa quay lại,0.029,model,"Kéo lại bằng phim mới, voucher quay lại, thông báo cá nhân hóa",988,2,27.34,0.5
